{"json_time": 1683455113, "ETH": {"VST": {"volume": 18715409.2335701, "llc": 1.1}}, "gOHM": {"VST": {"volume": 448749.6438026428, "llc": 1.15}}, "GMX": {"VST": {"volume": 9451426.187992096, "llc": 1.15}}, "DPX": {"VST": {"volume": 574634.527683258, "llc": 1.15}}, "sGLP": {"VST": {"volume": 12402091.572284698, "llc": 1.1}}}