{"USDC": {"WXDAI": {"volume": 3787560.0867271423, "llc": 1.05}, "LINK": {"volume": 1476.8366813659668, "llc": 1.05}, "GNO": {"volume": 63465.60525894165, "llc": 1.05}, "WBTC": {"volume": 25318.670749664307, "llc": 1.05}, "WETH": {"volume": 54021.989660155574, "llc": 1.05}, "FOX": {"volume": 3384.183406829834, "llc": 1.05}, "USDT": {"volume": 2915902.633190155, "llc": 1.05}, "EURe": {"volume": 1404330.3532600403, "llc": 1.05}, "wstETH": {"volume": 54021.989660155574, "llc": 1.05}}, "WXDAI": {"USDC": {"volume": 4156631.6781044006, "llc": 1.05}, "LINK": {"volume": 1476.8366813659668, "llc": 1.05}, "GNO": {"volume": 63465.60525894165, "llc": 1.05}, "WBTC": {"volume": 25318.670749664307, "llc": 1.05}, "WETH": {"volume": 47872, "llc": 1.05}, "FOX": {"volume": 3384.183406829834, "llc": 1.05}, "USDT": {"volume": 2917809.979915619, "llc": 1.05}, "EURe": {"volume": 1405284.0266227722, "llc": 1.05}, "wstETH": {"volume": 47872, "llc": 1.05}}, "LINK": {"USDC": {"volume": 4337.856769561768, "llc": 1.2}, "WXDAI": {"volume": 4337.856769561768, "llc": 1.2}, "GNO": {"volume": 4337.856769561768, "llc": 1.2}, "WBTC": {"volume": 4337.856769561768, "llc": 1.2}, "WETH": {"volume": 4337.856769561768, "llc": 1.2}, "FOX": {"volume": 3384.183406829834, "llc": 1.2}, "USDT": {"volume": 4337.856769561768, "llc": 1.2}, "EURe": {"volume": 4337.856769561768, "llc": 1.2}, "wstETH": {"volume": 4337.856769561768, "llc": 1.2}}, "GNO": {"USDC": {"volume": 125454.37383651733, "llc": 1.1}, "WXDAI": {"volume": 125454.37383651733, "llc": 1.1}, "LINK": {"volume": 2430.5100440979004, "llc": 1.1}, "WBTC": {"volume": 59650.911808013916, "llc": 1.1}, "WETH": {"volume": 393436.5887641907, "llc": 1.1}, "FOX": {"volume": 4337.856769561768, "llc": 1.1}, "USDT": {"volume": 124500.7004737854, "llc": 1.1}, "EURe": {"volume": 125454.37383651733, "llc": 1.1}, "wstETH": {"volume": 393436.5887641907, "llc": 1.1}}, "WBTC": {"USDC": {"volume": 47253.15809249878, "llc": 1.1}, "WXDAI": {"volume": 51067.851543426514, "llc": 1.1}, "LINK": {"volume": 2430.5100440979004, "llc": 1.1}, "GNO": {"volume": 72048.66552352905, "llc": 1.1}, "WETH": {"volume": 119732.33366012573, "llc": 1.1}, "FOX": {"volume": 4337.856769561768, "llc": 1.1}, "USDT": {"volume": 38670.09782791138, "llc": 1.1}, "EURe": {"volume": 38670.09782791138, "llc": 1.1}, "wstETH": {"volume": 119732.33366012573, "llc": 1.1}}, "WETH": {"USDC": {"volume": 56097.94081844583, "llc": 1.05}, "WXDAI": {"volume": 55170.70212723185, "llc": 1.05}, "LINK": {"volume": 1476.8366813659668, "llc": 1.05}, "GNO": {"volume": 184582.12232589722, "llc": 1.05}, "WBTC": {"volume": 53928.871631622314, "llc": 1.05}, "FOX": {"volume": 2430.5100440979004, "llc": 1.05}, "USDT": {"volume": 56097.94081844583, "llc": 1.05}, "EURe": {"volume": 27226.017475128174, "llc": 1.05}, "wstETH": {"volume": 2106222.687092557, "llc": 1.05}}, "FOX": {"USDC": {"volume": 5291.530132293701, "llc": 1.1}, "WXDAI": {"volume": 5291.530132293701, "llc": 1.1}, "LINK": {"volume": 2430.5100440979004, "llc": 1.1}, "GNO": {"volume": 4337.856769561768, "llc": 1.1}, "WBTC": {"volume": 4337.856769561768, "llc": 1.1}, "WETH": {"volume": 4337.856769561768, "llc": 1.1}, "USDT": {"volume": 5291.530132293701, "llc": 1.1}, "EURe": {"volume": 5291.530132293701, "llc": 1.1}, "wstETH": {"volume": 4337.856769561768, "llc": 1.1}}, "USDT": {"USDC": {"volume": 4067940.055370331, "llc": 1.05}, "WXDAI": {"volume": 3786606.4133644104, "llc": 1.05}, "LINK": {"volume": 1476.8366813659668, "llc": 1.05}, "GNO": {"volume": 63465.60525894165, "llc": 1.05}, "WBTC": {"volume": 25318.670749664307, "llc": 1.05}, "WETH": {"volume": 54029.576274890394, "llc": 1.05}, "FOX": {"volume": 3384.183406829834, "llc": 1.05}, "EURe": {"volume": 1405284.0266227722, "llc": 1.05}, "wstETH": {"volume": 54029.576274890394, "llc": 1.05}}, "EURe": {"USDC": {"volume": 1864000.9140968323, "llc": 1.15}, "WXDAI": {"volume": 1864000.9140968323, "llc": 1.15}, "LINK": {"volume": 3384.183406829834, "llc": 1.15}, "GNO": {"volume": 188396.81577682495, "llc": 1.15}, "WBTC": {"volume": 55836.21835708618, "llc": 1.15}, "WETH": {"volume": 112102.94675827026, "llc": 1.15}, "FOX": {"volume": 6245.203495025635, "llc": 1.15}, "USDT": {"volume": 1862093.5673713684, "llc": 1.15}, "wstETH": {"volume": 112102.94675827026, "llc": 1.15}}, "wstETH": {"USDC": {"volume": 56097.94081844583, "llc": 1.05}, "WXDAI": {"volume": 55170.70212723185, "llc": 1.05}, "LINK": {"volume": 1476.8366813659668, "llc": 1.05}, "GNO": {"volume": 184582.12232589722, "llc": 1.05}, "WBTC": {"volume": 53928.871631622314, "llc": 1.05}, "WETH": {"volume": 2631553.5488424213, "llc": 1.1}, "FOX": {"volume": 2430.5100440979004, "llc": 1.05}, "USDT": {"volume": 56097.94081844583, "llc": 1.05}, "EURe": {"volume": 27226.017475128174, "llc": 1.05}}, "json_time": 1688707945}