{"json_time": 1678303596, "ETH": {"VST": {"volume": 46499728.98340225, "llc": 1.1}}, "gOHM": {"VST": {"volume": 350521.28744125366, "llc": 1.15}}, "GMX": {"VST": {"volume": 10647332.58485794, "llc": 1.15}}, "DPX": {"VST": {"volume": 1086757.1234703064, "llc": 1.15}}, "sGLP": {"VST": {"volume": 31083599.074840546, "llc": 1.1}}}