{"json_time": 1690637188, "glp_data": {"liquidTreasury": 409268629.0120826, "treasuryUtilization": 0.18601466772579928, "liquidStableTreasury": 202105792.5577903, "stableTreasuryUtilization": 0.11813068209077789, "liquidSolidAssetTreasury": 186391664.64931846, "solidTreasuryUtilization": 0.249378059950604}}