{"json_time": 1690637188, "stabilityPoolVstBalance": {"ETH": 49901.69010740613, "gOHM": 69892.69266646703, "GMX": 69286.60704562312, "DPX": 724.4611231218669, "sGLP": 939.1091641621337}, "stabilityPoolGemBalance": {"ETH": 20316.59840463377, "gOHM": 11111.564227363377, "GMX": 32565.038014235408, "DPX": 11498.850401669815, "sGLP": 0.0}, "bprotocolBalance": {"ETH": 4843.84683832039, "gOHM": 41398.99217766538, "DPX": 6.492427883704065, "GMX": 42789.24616133094, "sGLP": 0.0}, "bprotocolGemBalance": {"ETH": 0.015567632995832883, "gOHM": 0.0, "DPX": 0.01969001542327342, "GMX": 15.6173822008897, "sGLP": 0.0}}