{"json_time": 1670599554, "auUSDC": {"oracle": 0.99992538, "cex_price": 1, "dex_price": 1}, "auETH": {"oracle": 1276.22619902, "cex_price": 1275.8249999999998, "dex_price": 1288.9672690999457}, "auWBTC": {"oracle": 17173.48, "cex_price": 17179.61, "dex_price": 17418.419525769594}, "auUSDT": {"oracle": 1.0, "cex_price": 1, "dex_price": 0.9993567939802583}, "auWNEAR": {"oracle": 1.70752735, "cex_price": 1.7055, "dex_price": 1.7124558028181947}, "auSTNEAR": {"oracle": 1.95671257, "cex_price": "NaN", "dex_price": 1.9773306505275932}}