{"json_time": 1672590100, "USDC": {"oracle": 1.0004555899217547, "cex_price": 1, "dex_price": 1}, "WXDAI": {"oracle": 1.0, "cex_price": 1, "dex_price": 1.0003259274712168}, "LINK": {"oracle": 5.569387980939317, "cex_price": 5.5975, "dex_price": 6.011399382133171}, "GNO": {"oracle": 83.43092058191641, "cex_price": 83.35, "dex_price": 84.13434688099443}, "WBTC": {"oracle": 16493.66237034128, "cex_price": 16564.745, "dex_price": 16646.7876277745}, "WETH": {"oracle": 1193.917305694618, "cex_price": 1197.5749999999998, "dex_price": 1202.5748895441907}, "FOX": {"oracle": 0.02418754222191074, "cex_price": 0.02385, "dex_price": 0.024279465796244015}, "USDT": {"oracle": 0.9995950756211976, "cex_price": 1, "dex_price": 1.0002445137723697}}