{"json_time": 1668278305, "USDC": {"oracle": 1.0002011634221224, "cex_price": 1, "dex_price": 1}, "WXDAI": {"oracle": 1.0, "cex_price": 1, "dex_price": 1.000445342253308}, "LINK": {"oracle": 6.366079921353681, "cex_price": 6.3085, "dex_price": 6.77530971685185}, "GNO": {"oracle": 93.02946315194166, "cex_price": 92.35, "dex_price": 93.43699408204056}, "WBTC": {"oracle": 16831.237433383114, "cex_price": 16850.84, "dex_price": 16959.296501246256}, "WETH": {"oracle": 1268.105495426122, "cex_price": 1263.2350000000001, "dex_price": 1265.6462121231455}, "FOX": {"oracle": 0.03687171140226334, "cex_price": 0.0373, "dex_price": 0.038375144079442654}}