{"USDC": {"WXDAI": {"volume": 4035515.161037445, "llc": 1.05}, "LINK": {"volume": 1476.8366813659668, "llc": 1.05}, "GNO": {"volume": 64419.278621673584, "llc": 1.05}, "WBTC": {"volume": 25318.670749664307, "llc": 1.05}, "WETH": {"volume": 44290.21451072554, "llc": 1.05}, "FOX": {"volume": 2430.5100440979004, "llc": 1.05}, "USDT": {"volume": 3436608.289241791, "llc": 1.05}, "EURe": {"volume": 1898333.155155182, "llc": 1.05}, "wstETH": {"volume": 44290.21451072554, "llc": 1.05}}, "WXDAI": {"USDC": {"volume": 3703636.830806732, "llc": 1.05}, "LINK": {"volume": 1476.8366813659668, "llc": 1.05}, "GNO": {"volume": 63465.60525894165, "llc": 1.05}, "WBTC": {"volume": 26272.34411239624, "llc": 1.05}, "WETH": {"volume": 49408, "llc": 1.05}, "FOX": {"volume": 2430.5100440979004, "llc": 1.05}, "USDT": {"volume": 3435654.615879059, "llc": 1.05}, "EURe": {"volume": 1898333.155155182, "llc": 1.05}, "wstETH": {"volume": 49408, "llc": 1.05}}, "LINK": {"USDC": {"volume": 4337.856769561768, "llc": 1.2}, "WXDAI": {"volume": 4337.856769561768, "llc": 1.2}, "GNO": {"volume": 4337.856769561768, "llc": 1.2}, "WBTC": {"volume": 4337.856769561768, "llc": 1.2}, "WETH": {"volume": 4337.856769561768, "llc": 1.2}, "FOX": {"volume": 3384.183406829834, "llc": 1.2}, "USDT": {"volume": 4337.856769561768, "llc": 1.2}, "EURe": {"volume": 4337.856769561768, "llc": 1.2}, "wstETH": {"volume": 4337.856769561768, "llc": 1.2}}, "GNO": {"USDC": {"volume": 124500.7004737854, "llc": 1.1}, "WXDAI": {"volume": 125454.37383651733, "llc": 1.1}, "LINK": {"volume": 2430.5100440979004, "llc": 1.1}, "WBTC": {"volume": 61558.25853347778, "llc": 1.1}, "WETH": {"volume": 387714.5485877991, "llc": 1.1}, "FOX": {"volume": 4337.856769561768, "llc": 1.1}, "USDT": {"volume": 124500.7004737854, "llc": 1.1}, "EURe": {"volume": 125454.37383651733, "llc": 1.1}, "wstETH": {"volume": 387714.5485877991, "llc": 1.1}}, "WBTC": {"USDC": {"volume": 47253.15809249878, "llc": 1.1}, "WXDAI": {"volume": 51067.851543426514, "llc": 1.1}, "LINK": {"volume": 2430.5100440979004, "llc": 1.1}, "GNO": {"volume": 68233.97207260132, "llc": 1.1}, "WETH": {"volume": 108288.25330734253, "llc": 1.1}, "FOX": {"volume": 4337.856769561768, "llc": 1.1}, "USDT": {"volume": 38670.09782791138, "llc": 1.1}, "EURe": {"volume": 38670.09782791138, "llc": 1.1}, "wstETH": {"volume": 108288.25330734253, "llc": 1.1}}, "WETH": {"USDC": {"volume": 61496.95484774239, "llc": 1.05}, "WXDAI": {"volume": 61496.95484774239, "llc": 1.05}, "LINK": {"volume": 1476.8366813659668, "llc": 1.05}, "GNO": {"volume": 192211.5092277527, "llc": 1.05}, "WBTC": {"volume": 54882.54499435425, "llc": 1.05}, "FOX": {"volume": 2430.5100440979004, "llc": 1.05}, "USDT": {"volume": 60572.18860943047, "llc": 1.05}, "EURe": {"volume": 27226.017475128174, "llc": 1.05}, "wstETH": {"volume": 2001656.5228261412, "llc": 1.05}}, "FOX": {"USDC": {"volume": 5291.530132293701, "llc": 1.1}, "WXDAI": {"volume": 5291.530132293701, "llc": 1.1}, "LINK": {"volume": 2430.5100440979004, "llc": 1.1}, "GNO": {"volume": 4337.856769561768, "llc": 1.1}, "WBTC": {"volume": 4337.856769561768, "llc": 1.1}, "WETH": {"volume": 4337.856769561768, "llc": 1.1}, "USDT": {"volume": 5291.530132293701, "llc": 1.1}, "EURe": {"volume": 4337.856769561768, "llc": 1.1}, "wstETH": {"volume": 4337.856769561768, "llc": 1.1}}, "USDT": {"USDC": {"volume": 3621620.921611786, "llc": 1.05}, "WXDAI": {"volume": 3945869.8649406433, "llc": 1.05}, "LINK": {"volume": 1476.8366813659668, "llc": 1.05}, "GNO": {"volume": 64419.278621673584, "llc": 1.05}, "WBTC": {"volume": 25318.670749664307, "llc": 1.05}, "WETH": {"volume": 43775.78110905545, "llc": 1.05}, "FOX": {"volume": 2430.5100440979004, "llc": 1.05}, "EURe": {"volume": 1898333.155155182, "llc": 1.05}, "wstETH": {"volume": 43775.78110905545, "llc": 1.05}}, "EURe": {"USDC": {"volume": 1959368.2503700256, "llc": 1.15}, "WXDAI": {"volume": 1959368.2503700256, "llc": 1.15}, "LINK": {"volume": 3384.183406829834, "llc": 1.15}, "GNO": {"volume": 190304.16250228882, "llc": 1.15}, "WBTC": {"volume": 58697.23844528198, "llc": 1.15}, "WETH": {"volume": 113056.6201210022, "llc": 1.15}, "FOX": {"volume": 6245.203495025635, "llc": 1.15}, "USDT": {"volume": 1958414.5770072937, "llc": 1.15}, "wstETH": {"volume": 113056.6201210022, "llc": 1.15}}, "wstETH": {"USDC": {"volume": 61496.95484774239, "llc": 1.05}, "WXDAI": {"volume": 61496.95484774239, "llc": 1.05}, "LINK": {"volume": 1476.8366813659668, "llc": 1.05}, "GNO": {"volume": 192211.5092277527, "llc": 1.05}, "WBTC": {"volume": 54882.54499435425, "llc": 1.05}, "WETH": {"volume": 2756178.5809931573, "llc": 1.1}, "FOX": {"volume": 2430.5100440979004, "llc": 1.05}, "USDT": {"volume": 60572.18860943047, "llc": 1.05}, "EURe": {"volume": 27226.017475128174, "llc": 1.05}}, "json_time": 1690196820}