{"json_time": 1672326485, "data": [{"account": "0x5ce561e048d2cd64523D6316228F97bd2537F92f", "user_collateral_wo_looping": 1.0419026244167138, "user_debt_wo_looping": 1.543741627345305}, {"account": "0x9A4B0dA9E8e5c7135cd7188Bd2e84DAc513C594b", "user_collateral_wo_looping": 0.0010480364158951389, "user_debt_wo_looping": 0.0013821034130896963}]}