{"json_time": 1690828937, "glp_data": {"liquidTreasury": 387992907.63614607, "treasuryUtilization": 0.214249615783737, "liquidStableTreasury": 190885861.45497262, "stableTreasuryUtilization": 0.1278165267587268, "liquidSolidAssetTreasury": 177120129.9368622, "solidTreasuryUtilization": 0.2942340016461225}}