{"json_time": 1690828937, "ETH": {"VST": {"volume": 59800611.37342453, "llc": 1.1}}, "gOHM": {"VST": {"volume": 219868.03674697876, "llc": 1.15}}, "GMX": {"VST": {"volume": 6089727.58436203, "llc": 1.15}}, "DPX": {"VST": {"volume": 369594.75469589233, "llc": 1.15}}, "sGLP": {"VST": {"volume": 68217732.47289658, "llc": 1.1}}}