{"json_time": 1670772880, "VST": {"oracle": 0.9917225072789408, "cex_price": 1, "dex_price": 1}, "ETH": {"oracle": 1273.33, "cex_price": 1273.3850000000002, "dex_price": 1273.2927979459917}, "gOHM": {"oracle": 2399.134763360063, "cex_price": "NaN", "dex_price": 2413.511326910304}, "GMX": {"oracle": 57.09668304985503, "cex_price": "NaN", "dex_price": 57.0849420325731}, "DPX": {"oracle": 265.92746584, "cex_price": "NaN", "dex_price": 265.8503525963752}, "sGLP": {"oracle": 0.8428438700091597, "cex_price": "NaN", "dex_price": "NaN"}}