{"json_time": 1667632269, "auETH-auUSDC": {"series_std_ratio": 1.0, "volume_for_slippage_10_percentss": [25.360902845859528], "trade_every": 1800, "collaterals": [1875, 3125, 2500, 4375, 5625, 5000, 6875, 8125, 7500, 9375, 10625, 10000, 625.0, 1250.0], "liquidation_incentives": [0.10000000000000009], "stability_pool_initial_balances": [0], "share_institutionals": [0], "recovery_halflife_retails": [0], "price_recovery_times": [0], "l_factors": [0.25, 0.5, 1, 1.5, 2], "json_time": 1667634775.8537805, "current_debt": 434.40057683397526}, "auETH-auWBTC": {"series_std_ratio": 0.4395117777819672, "volume_for_slippage_10_percentss": [31.91740721464157], "trade_every": 1800, "collaterals": [1875, 3125, 4375, 5625, 6875, 8125, 9375, 10625, 625.0, 1250.0], "liquidation_incentives": [0.10000000000000009], "stability_pool_initial_balances": [0], "share_institutionals": [0], "recovery_halflife_retails": [0], "price_recovery_times": [0], "l_factors": [0.25, 0.5, 1, 1.5, 2], "json_time": 1667634775.8537805, "current_debt": 434.40057683397526}, "auETH-auUSDT": {"series_std_ratio": 1.0, "volume_for_slippage_10_percentss": [23.572765290737152], "trade_every": 1800, "collaterals": [1875, 3125, 4375, 5625, 6875, 8125, 9375, 10625, 625.0, 1250.0], "liquidation_incentives": [0.10000000000000009], "stability_pool_initial_balances": [0], "share_institutionals": [0], "recovery_halflife_retails": [0], "price_recovery_times": [0], "l_factors": [0.25, 0.5, 1, 1.5, 2], "json_time": 1667634775.8537805, "current_debt": 434.40057683397526}, "auETH-auWNEAR": {"series_std_ratio": 1.184118683887115, "volume_for_slippage_10_percentss": [52.18296617269516], "trade_every": 1800, "collaterals": [1875, 625, 1250, 3125, 2500, 4375, 3750, 5625, 6875, 8125, 9375, 10625, 625.0, 1250.0], "liquidation_incentives": [0.10000000000000009], "stability_pool_initial_balances": [0], "share_institutionals": [0], "recovery_halflife_retails": [0], "price_recovery_times": [0], "l_factors": [0.25, 0.5, 1, 1.5, 2], "json_time": 1667634775.8537805, "current_debt": 434.40057683397526}, "auETH-auSTNEAR": {"series_std_ratio": 1.184118683887115, "volume_for_slippage_10_percentss": [52.18296617269516], "trade_every": 1800, "collaterals": [1875, 625, 3125, 4375, 5625, 6875, 8125, 9375, 10625, 625.0, 1250.0], "liquidation_incentives": [0.10000000000000009], "stability_pool_initial_balances": [0], "share_institutionals": [0], "recovery_halflife_retails": [0], "price_recovery_times": [0], "l_factors": [0.25, 0.5, 1, 1.5, 2], "json_time": 1667634775.8537805, "current_debt": 434.40057683397526}, "auWBTC-auUSDC": {"series_std_ratio": 0.760706293780634, "volume_for_slippage_10_percentss": [27.74508625268936], "trade_every": 1800, "collaterals": [3125, 2500, 5625, 5000, 8125, 7500, 10625, 10000, 13125, 12500, 15625, 15000, 18125, 17500, 20625, 20000, 625.0, 625.0], "liquidation_incentives": [0.10000000000000009], "stability_pool_initial_balances": [0], "share_institutionals": [0], "recovery_halflife_retails": [0], "price_recovery_times": [0], "l_factors": [0.25, 0.5, 1, 1.5, 2], "json_time": 1667634775.8537805, "current_debt": 52.42483766392629}, "auWBTC-auETH": {"series_std_ratio": 0.4396477338745114, "volume_for_slippage_10_percentss": [31.91740721464157], "trade_every": 1800, "collaterals": [3125, 625, 1250, 1875, 5625, 8125, 10625, 13125, 15625, 18125, 20625, 625.0, 625.0], "liquidation_incentives": [0.10000000000000009], "stability_pool_initial_balances": [0], "share_institutionals": [0], "recovery_halflife_retails": [0], "price_recovery_times": [0], "l_factors": [0.25, 0.5, 1, 1.5, 2], "json_time": 1667634775.8537805, "current_debt": 52.42483766392629}, "auWBTC-auUSDT": {"series_std_ratio": 0.760706293780634, "volume_for_slippage_10_percentss": [25.956948697566986], "trade_every": 1800, "collaterals": [3125, 5625, 8125, 10625, 13125, 15625, 18125, 20625, 625.0, 625.0], "liquidation_incentives": [0.10000000000000009], "stability_pool_initial_balances": [0], "share_institutionals": [0], "recovery_halflife_retails": [0], "price_recovery_times": [0], "l_factors": [0.25, 0.5, 1, 1.5, 2], "json_time": 1667634775.8537805, "current_debt": 52.42483766392629}, "auWBTC-auWNEAR": {"series_std_ratio": 1.2792098103887029, "volume_for_slippage_10_percentss": [67.08411246538162], "trade_every": 1800, "collaterals": [3125, 625, 1250, 1875, 2500, 5625, 3750, 4375, 8125, 10625, 13125, 15625, 18125, 20625, 625.0, 625.0], "liquidation_incentives": [0.10000000000000009], "stability_pool_initial_balances": [0], "share_institutionals": [0], "recovery_halflife_retails": [0], "price_recovery_times": [0], "l_factors": [0.25, 0.5, 1, 1.5, 2], "json_time": 1667634775.8537805, "current_debt": 52.42483766392629}, "auWBTC-auSTNEAR": {"series_std_ratio": 1.2792098103887029, "volume_for_slippage_10_percentss": [67.08411246538162], "trade_every": 1800, "collaterals": [3125, 625, 5625, 8125, 10625, 13125, 15625, 18125, 20625, 625.0, 625.0], "liquidation_incentives": [0.10000000000000009], "stability_pool_initial_balances": [0], "share_institutionals": [0], "recovery_halflife_retails": [0], "price_recovery_times": [0], "l_factors": [0.25, 0.5, 1, 1.5, 2], "json_time": 1667634775.8537805, "current_debt": 52.42483766392629}, "auWNEAR-auUSDC": {"series_std_ratio": 1.7465911126462959, "volume_for_slippage_10_percentss": [80.19712120294571], "trade_every": 1800, "collaterals": [1250, 2500, 3125, 4375, 5625, 5000, 6250, 7500, 8750, 625.0, 625.0], "liquidation_incentives": [0.10000000000000009], "stability_pool_initial_balances": [0], "share_institutionals": [0], "recovery_halflife_retails": [0], "price_recovery_times": [0], "l_factors": [0.25, 0.5, 1, 1.5, 2], "json_time": 1667634775.8537805, "current_debt": 142.0071133805241}, "auWNEAR-auETH": {"series_std_ratio": 1.1824518260272128, "volume_for_slippage_10_percentss": [51.5869203209877], "trade_every": 1800, "collaterals": [1250, 625, 2500, 1875, 3125, 4375, 5625, 6250, 7500, 8750, 625.0, 625.0], "liquidation_incentives": [0.10000000000000009], "stability_pool_initial_balances": [0], "share_institutionals": [0], "recovery_halflife_retails": [0], "price_recovery_times": [0], "l_factors": [0.25, 0.5, 1, 1.5, 2], "json_time": 1667634775.8537805, "current_debt": 142.0071133805241}, "auWNEAR-auWBTC": {"series_std_ratio": 1.27690118691834, "volume_for_slippage_10_percentss": [66.48806661367416], "trade_every": 1800, "collaterals": [1250, 2500, 1875, 3125, 4375, 5625, 6250, 7500, 6875, 8750, 8125, 625.0, 625.0], "liquidation_incentives": [0.10000000000000009], "stability_pool_initial_balances": [0], "share_institutionals": [0], "recovery_halflife_retails": [0], "price_recovery_times": [0], "l_factors": [0.25, 0.5, 1, 1.5, 2], "json_time": 1667634775.8537805, "current_debt": 142.0071133805241}, "auWNEAR-auUSDT": {"series_std_ratio": 1.7465911126462959, "volume_for_slippage_10_percentss": [79.60107535123825], "trade_every": 1800, "collaterals": [1250, 2500, 3125, 4375, 5625, 6250, 7500, 8750, 8125, 625.0, 625.0], "liquidation_incentives": [0.10000000000000009], "stability_pool_initial_balances": [0], "share_institutionals": [0], "recovery_halflife_retails": [0], "price_recovery_times": [0], "l_factors": [0.25, 0.5, 1, 1.5, 2], "json_time": 1667634775.8537805, "current_debt": 142.0071133805241}, "auSTNEAR-auUSDC": {"series_std_ratio": 1.7465911126462959, "volume_for_slippage_10_percentss": [73.64061683416367], "trade_every": 1800, "collaterals": [1250, 1875, 2500, 3125, 3750, 4375, 5000, 5625, 625.0, 625.0], "liquidation_incentives": [0.10000000000000009], "stability_pool_initial_balances": [0], "share_institutionals": [0], "recovery_halflife_retails": [0], "price_recovery_times": [0], "l_factors": [0.25, 0.5, 1, 1.5, 2], "json_time": 1667634775.8537805, "current_debt": 0.0}, "auSTNEAR-auETH": {"series_std_ratio": 1.1824518260272128, "volume_for_slippage_10_percentss": [60.52760809659958], "trade_every": 1800, "collaterals": [1250, 625, 1875, 2500, 3125, 3750, 4375, 5000, 5625, 625.0, 625.0],