{"auUSDC": {"auETH": {"volume": 40577.444553375244, "llc": 1.1}, "auWBTC": {"volume": 44392.13800430298, "llc": 1.1}, "auUSDT": {"volume": 3327889.5258903503, "llc": 1.1}, "auWNEAR": {"volume": 127361.7205619812, "llc": 1.1}, "auSTNEAR": {"volume": 127361.7205619812, "llc": 1.1}}, "auETH": {"auUSDC": {"volume": 40577.444553375244, "llc": 1.1}, "auWBTC": {"volume": 51067.851543426514, "llc": 1.1}, "auUSDT": {"volume": 37716.42446517944, "llc": 1.1}, "auWNEAR": {"volume": 83492.74587631226, "llc": 1.1}, "auSTNEAR": {"volume": 83492.74587631226, "llc": 1.1}}, "auWBTC": {"auUSDC": {"volume": 44392.13800430298, "llc": 1.1}, "auETH": {"volume": 51067.851543426514, "llc": 1.1}, "auUSDT": {"volume": 41531.11791610718, "llc": 1.1}, "auWNEAR": {"volume": 107334.5799446106, "llc": 1.1}, "auSTNEAR": {"volume": 107334.5799446106, "llc": 1.1}}, "auUSDT": {"auUSDC": {"volume": 3266854.4306755066, "llc": 1.1}, "auETH": {"volume": 37716.42446517944, "llc": 1.1}, "auWBTC": {"volume": 41531.11791610718, "llc": 1.1}, "auWNEAR": {"volume": 127361.7205619812, "llc": 1.1}, "auSTNEAR": {"volume": 127361.7205619812, "llc": 1.1}}, "auWNEAR": {"auUSDC": {"volume": 128315.39392471313, "llc": 1.1}, "auETH": {"volume": 82539.07251358032, "llc": 1.1}, "auWBTC": {"volume": 106380.90658187866, "llc": 1.1}, "auUSDT": {"volume": 127361.7205619812, "llc": 1.1}, "auSTNEAR": {"volume": 167365.31740446002, "llc": 1.1}}, "auSTNEAR": {"auUSDC": {"volume": 117824.98693466187, "llc": 1.1}, "auETH": {"volume": 96844.17295455933, "llc": 1.1}, "auWBTC": {"volume": 110195.6000328064, "llc": 1.1}, "auUSDT": {"volume": 117824.98693466187, "llc": 1.1}, "auWNEAR": {"volume": 159786.61489486694, "llc": 1.1}}, "json_time": 1667632269}