{"ETH": {"BNB|bsc": {"volume": 19596.630573272705, "llc": 1.1}, "WBTC|eth": {"volume": 9106.223583221436, "llc": 1.1}, "pCKB": {"volume": 29133.36420059204, "llc": 1.1}, "USDC": {"volume": 24364.997386932373, "llc": 1.1}, "USDT": {"volume": 24364.997386932373, "llc": 1.1}}, "BNB|bsc": {"ETH": {"volume": 19596.630573272705, "llc": 1.1}, "WBTC|eth": {"volume": 11013.570308685303, "llc": 1.1}, "pCKB": {"volume": 52975.19826889038, "llc": 1.1}, "USDC": {"volume": 38670.09782791138, "llc": 1.1}, "USDT": {"volume": 38670.09782791138, "llc": 1.1}}, "WBTC|eth": {"ETH": {"volume": 9106.223583221436, "llc": 1.1}, "BNB|bsc": {"volume": 11013.570308685303, "llc": 1.1}, "pCKB": {"volume": 12920.91703414917, "llc": 1.1}, "USDC": {"volume": 11967.243671417236, "llc": 1.1}, "USDT": {"volume": 11967.243671417236, "llc": 1.1}}, "pCKB": {"ETH": {"volume": 29133.36420059204, "llc": 1.1}, "BNB|bsc": {"volume": 52975.19826889038, "llc": 1.1}, "WBTC|eth": {"volume": 12920.91703414917, "llc": 1.1}, "USDC": {"volume": 139759.47427749634, "llc": 1.1}, "USDT": {"volume": 137852.12755203247, "llc": 1.1}}, "USDC": {"ETH": {"volume": 24364.997386932373, "llc": 1.1}, "BNB|bsc": {"volume": 38670.09782791138, "llc": 1.1}, "WBTC|eth": {"volume": 11967.243671417236, "llc": 1.1}, "pCKB": {"volume": 139759.47427749634, "llc": 1.1}, "USDT": {"volume": 611827.7888298035, "llc": 1.1}}, "USDT": {"ETH": {"volume": 24364.997386932373, "llc": 1.1}, "BNB|bsc": {"volume": 38670.09782791138, "llc": 1.1}, "WBTC|eth": {"volume": 11967.243671417236, "llc": 1.1}, "pCKB": {"volume": 138805.8009147644, "llc": 1.1}, "USDC": {"volume": 785396.3408470154, "llc": 1.1}}, "json_time": 1674912623}