{"json_time": 1683236871, "ETH": {"oracle": 1879.2563114, "cex_price": 1875.8049999999998, "dex_price": 1842.5433739309397}, "BNB|bsc": {"oracle": 324.42, "cex_price": 323.45, "dex_price": 315.22961298754115}, "WBTC|eth": {"oracle": 28900.622872, "cex_price": 28821.725, "dex_price": 29066.027528620016}, "pCKB": {"oracle": 0.003643549, "cex_price": 0.003635, "dex_price": 0.003628557555384468}, "USDC": {"oracle": 1.000019948, "cex_price": 1, "dex_price": 1}, "USDT": {"oracle": 1.000413273, "cex_price": 1, "dex_price": 1.0005793335438369}}