{"USDC": {"WXDAI": {"volume": 9572542.705059052, "llc": 1.05}, "LINK": {"volume": 1476.8366813659668, "llc": 1.05}, "GNO": {"volume": 56789.891719818115, "llc": 1.05}, "WBTC": {"volume": 12920.91703414917, "llc": 1.05}, "WETH": {"volume": 13874.590396881104, "llc": 1.05}, "FOX": {"volume": 3384.183406829834, "llc": 1.05}, "USDT": {"volume": 5406897.456645966, "llc": 1.05}, "EURe": {"volume": 422046.7896461487, "llc": 1.05}}, "WXDAI": {"USDC": {"volume": 8982218.893527985, "llc": 1.05}, "LINK": {"volume": 1476.8366813659668, "llc": 1.05}, "GNO": {"volume": 57743.56508255005, "llc": 1.05}, "WBTC": {"volume": 15781.93712234497, "llc": 1.05}, "WETH": {"volume": 32948.057651519775, "llc": 1.05}, "FOX": {"volume": 3384.183406829834, "llc": 1.05}, "USDT": {"volume": 5403082.763195038, "llc": 1.05}, "EURe": {"volume": 421093.11628341675, "llc": 1.05}}, "LINK": {"USDC": {"volume": 4337.856769561768, "llc": 1.2}, "WXDAI": {"volume": 4337.856769561768, "llc": 1.2}, "GNO": {"volume": 4337.856769561768, "llc": 1.2}, "WBTC": {"volume": 4337.856769561768, "llc": 1.2}, "WETH": {"volume": 4337.856769561768, "llc": 1.2}, "FOX": {"volume": 4337.856769561768, "llc": 1.2}, "USDT": {"volume": 4337.856769561768, "llc": 1.2}, "EURe": {"volume": 4337.856769561768, "llc": 1.2}}, "GNO": {"USDC": {"volume": 113056.6201210022, "llc": 1.1}, "WXDAI": {"volume": 114010.29348373413, "llc": 1.1}, "LINK": {"volume": 2430.5100440979004, "llc": 1.1}, "WBTC": {"volume": 60604.58517074585, "llc": 1.1}, "WETH": {"volume": 376270.46823501587, "llc": 1.1}, "FOX": {"volume": 5291.530132293701, "llc": 1.1}, "USDT": {"volume": 113056.6201210022, "llc": 1.1}, "EURe": {"volume": 113056.6201210022, "llc": 1.1}}, "WBTC": {"USDC": {"volume": 27226.017475128174, "llc": 1.1}, "WXDAI": {"volume": 27226.017475128174, "llc": 1.1}, "LINK": {"volume": 2430.5100440979004, "llc": 1.1}, "GNO": {"volume": 61558.25853347778, "llc": 1.1}, "WETH": {"volume": 95890.49959182739, "llc": 1.1}, "FOX": {"volume": 5291.530132293701, "llc": 1.1}, "USDT": {"volume": 23411.32402420044, "llc": 1.1}, "EURe": {"volume": 23411.32402420044, "llc": 1.1}}, "WETH": {"USDC": {"volume": 13874.590396881104, "llc": 1.05}, "WXDAI": {"volume": 13874.590396881104, "llc": 1.05}, "LINK": {"volume": 1476.8366813659668, "llc": 1.05}, "GNO": {"volume": 184582.12232589722, "llc": 1.05}, "WBTC": {"volume": 48206.83145523071, "llc": 1.05}, "FOX": {"volume": 3384.183406829834, "llc": 1.05}, "USDT": {"volume": 13874.590396881104, "llc": 1.05}, "EURe": {"volume": 13874.590396881104, "llc": 1.05}}, "FOX": {"USDC": {"volume": 5291.530132293701, "llc": 1.1}, "WXDAI": {"volume": 6245.203495025635, "llc": 1.1}, "LINK": {"volume": 2430.5100440979004, "llc": 1.1}, "GNO": {"volume": 5291.530132293701, "llc": 1.1}, "WBTC": {"volume": 5291.530132293701, "llc": 1.1}, "WETH": {"volume": 6245.203495025635, "llc": 1.1}, "USDT": {"volume": 5291.530132293701, "llc": 1.1}, "EURe": {"volume": 5291.530132293701, "llc": 1.1}}, "USDT": {"USDC": {"volume": 8842982.582569122, "llc": 1.05}, "WXDAI": {"volume": 9425677.007198334, "llc": 1.05}, "LINK": {"volume": 1476.8366813659668, "llc": 1.05}, "GNO": {"volume": 55836.21835708618, "llc": 1.05}, "WBTC": {"volume": 12920.91703414917, "llc": 1.05}, "WETH": {"volume": 13874.590396881104, "llc": 1.05}, "FOX": {"volume": 3384.183406829834, "llc": 1.05}, "EURe": {"volume": 421093.11628341675, "llc": 1.05}}, "EURe": {"USDC": {"volume": 686349.12109375, "llc": 1.15}, "WXDAI": {"volume": 686349.12109375, "llc": 1.15}, "LINK": {"volume": 3438.96484375, "llc": 1.15}, "GNO": {"volume": 162459.47265625, "llc": 1.15}, "WBTC": {"volume": 49291.50390625, "llc": 1.15}, "WETH": {"volume": 95144.04296875, "llc": 1.15}, "FOX": {"volume": 7341.30859375, "llc": 1.15}, "USDT": {"volume": 686349.12109375, "llc": 1.15}}, "json_time": 1682014255}