{"json_time": 1677078270, "data": [{"account": "0xaCCfAA3a39F3681E07F5D6ECC0A9cdd86c2eb775", "user_collateral_wo_looping": 0.0007569851849464024, "user_debt_wo_looping": 0.00793324224844969}, {"account": "0x7e1a061ca70838e1E79BCcBee306a56746f9e2F8", "user_collateral_wo_looping": 0.004157854861106052, "user_debt_wo_looping": 0.004746942442284383}, {"account": "0x9A4B0dA9E8e5c7135cd7188Bd2e84DAc513C594b", "user_collateral_wo_looping": 0.0013353561433616724, "user_debt_wo_looping": 0.0013838958107774695}, {"account": "0x5dA68351bD082aBDA73E42Ac981dB51d9364fe69", "user_collateral_wo_looping": 0.3337272060359934, "user_debt_wo_looping": 0.4019807889002039}]}