{"json_time": 1677078270, "USDC": {"oracle": 1.0002000400080016, "cex_price": 1, "dex_price": 1}, "WXDAI": {"oracle": 1.0, "cex_price": 1, "dex_price": 1.0004239444928646}, "LINK": {"oracle": 7.461226845369074, "cex_price": 7.4455, "dex_price": 7.934229523528751}, "GNO": {"oracle": 107.44986911382277, "cex_price": 106.35, "dex_price": 107.8791932344336}, "WBTC": {"oracle": 24040.12802560512, "cex_price": 23947.434999999998, "dex_price": 24140.868728473888}, "WETH": {"oracle": 1635.1019703940788, "cex_price": 1627.565, "dex_price": 1642.4714483763778}, "FOX": {"oracle": 0.04008836767353471, "cex_price": 0.04025, "dex_price": 0.041272319985615785}, "USDT": {"oracle": 1.0003217643528706, "cex_price": 1, "dex_price": 1.0009530825013306}}