{"json_time": 1680842221, "glp_data": {"liquidTreasury": 315493062.94414353, "treasuryUtilization": 0.4060269377128333, "liquidStableTreasury": 221782363.5717684, "stableTreasuryUtilization": 0.168278625236208, "liquidSolidAssetTreasury": 87523920.64243057, "solidTreasuryUtilization": 0.657868946224459}}