{"json_time": 1680842221, "VST": {"oracle": 1.01148133991581, "cex_price": 1, "dex_price": 1}, "ETH": {"oracle": 1879.15526631, "cex_price": 1878.455, "dex_price": 1879.1764986965125}, "gOHM": {"oracle": 2719.2624585614267, "cex_price": "NaN", "dex_price": 2723.3268287823535}, "GMX": {"oracle": 79.72917849569221, "cex_price": "NaN", "dex_price": 79.22751759396102}, "DPX": {"oracle": 233.84091544, "cex_price": "NaN", "dex_price": 235.5596833510898}, "sGLP": {"oracle": 0.9709869531524786, "cex_price": "NaN", "dex_price": "NaN"}}