{"json_time": 1680842221, "ETH": {"VST": {"volume": 4923385.061740875, "llc": 1.1}}, "gOHM": {"VST": {"volume": 378177.81496047974, "llc": 1.15}}, "GMX": {"VST": {"volume": 2939744.4672584534, "llc": 1.15}}, "DPX": {"VST": {"volume": 682399.6176719666, "llc": 1.15}}, "sGLP": {"VST": {"volume": 3826660.6945991516, "llc": 1.1}}}