{
  "json_time": 1669111952,
  "WBTC": {
    "USDC": {
      "volume": 17075085.716938,
      "llc": 1.0399953213222375
    }
  },
  "USDT": {
    "USDC": {
      "volume": 204124881.775444,
      "llc": 1.034414145151486
    }
  },
  "WETH": {
    "USDC": {
      "volume": 41814251.137466006,
      "llc": 1.039995913051406
    }
  },
  "sUSD": {
    "USDC": {
      "volume": 18896218.806168,
      "llc": 1.0399726258106994
    }
  },
  "GUSD": {
    "USDC": {
      "volume": 14733173.147273,
      "llc": 1.0305810011608425
    }
  },
  "LUSD": {
    "USDC": {
      "volume": 56911515.129604,
      "llc": 1.039948694381918
    }
  },
  "FRAX": {
    "USDC": {
      "volume": 285675799.549545,
      "llc": 1.0399117395120474
    }
  },
  "DAI": {
    "USDC": {
      "volume": 2709030287.777574,
      "llc": 1.0322842298357964
    }
  },
  "SNX": {
    "USDC": {
      "volume": 45374.682185,
      "llc": 1.0396892659259258
    }
  },
  "LDO": {
    "USDC": {
      "volume": 1032989.586484,
      "llc": 1.0397066809019038
    }
  },
  "FXS": {
    "USDC": {
      "volume": 926758.04939,
      "llc": 1.039982597716029
    }
  },
  "CVX": {
    "USDC": {
      "volume": 755208.825697,
      "llc": 1.0399867946375088
    }
  },
  "CRV": {
    "USDC": {
      "volume": 780929.39165,
      "llc": 1.0394541654960014
    }
  },
  "stETH": {
    "USDC": {
      "volume": 24340010.395597,
      "llc": 1.0399703902344453
    }
  },
  "3Crv": {
    "USDC": {
      "volume": 128781013.802841,
      "llc": 1.0398711077157268
    }
  },
  "wstETH": {
    "USDC": {
      "volume": 35152391.752304,
      "llc": 1.035448966478406
    }
  },
  "LQTY": {
    "USDC": {
      "volume": 18370.387785,
      "llc": 1.0394568478431374
    }
  },
  "yvUSDC": {
    "USDC": {
      "volume": 999999999999,
      "llc": 1
    }
  },
  "yvDAI": {
    "USDC": {
      "volume": 2709030287.777574,
      "llc": 1.0322842298357964
    }
  },
  "yvWETH": {
    "USDC": {
      "volume": 41814251.137466006,
      "llc": 1.039995913051406
    }
  },
  "yvWBTC": {
    "USDC": {
      "volume": 17075085.716938,
      "llc": 1.0399953213222375
    }
  },
  "stkcvx3Crv": {
    "USDC": {
      "volume": 128781013.802841,
      "llc": 1.0398711077157268
    }
  },
  "cvx3Crv": {
    "USDC": {
      "volume": 128781013.802841,
      "llc": 1.0398711077157268
    }
  },
  "steCRV": {
    "USDC": {
      "volume": 37293809.8995744,
      "llc": 1.0399703902344453
    }
  },
  "cvxsteCRV": {
    "USDC": {
      "volume": 37293809.8995744,
      "llc": 1.0399703902344453
    }
  },
  "stkcvxsteCRV": {
    "USDC": {
      "volume": 37293809.8995744,
      "llc": 1.0399703902344453
    }
  },
  "yvCurve-stETH": {
    "USDC": {
      "volume": 37293809.8995744,
      "llc": 1.0399703902344453
    }
  },
  "FRAX3CRV-f": {
    "USDC": {
      "volume": 294913047.2273873,
      "llc": 1.0398711077157268
    }
  },
  "cvxFRAX3CRV-f": {
    "USDC": {
      "volume": 294913047.2273873,
      "llc": 1.0398711077157268
    }
  },
  "stkcvxFRAX3CRV-f": {
    "USDC": {
      "volume": 294913047.2273873,
      "llc": 1.0398711077157268
    }
  },
  "yvCurve-FRAX": {
    "USDC": {
      "volume": 294913047.2273873,
      "llc": 1.0398711077157268
    }
  },
  "LUSD3CRV-f": {
    "USDC": {
      "volume": 140612891.5953776,
      "llc": 1.0398711077157268
    }
  },
  "cvxLUSD3CRV-f": {
    "USDC": {
      "volume": 140612891.5953776,
      "llc": 1.0398711077157268
    }
  },
  "stkcvxLUSD3CRV-f": {
    "USDC": {
      "volume": 140612891.5953776,
      "llc": 1.0398711077157268
    }
  },
  "crvPlain3andSUSD": {
    "USDC": {
      "volume": 99392449.32042494,
      "llc": 1.0399726258106994
    }
  },
  "cvxcrvPlain3andSUSD": {
    "USDC": {
      "volume": 99392449.32042494,
      "llc": 1.0399726258106994
    }
  },
  "stkcvxcrvPlain3andSUSD": {
    "USDC": {
      "volume": 99392449.32042494,
      "llc": 1.0399726258106994
    }
  },
  "gusd3CRV": {
    "USDC": {
      "volume": 34460898.164966844,
      "llc": 1.0305810011608425
    }
  },
  "cvxgusd3CRV": {
    "USDC": {
      "volume": 34460898.164966844,
      "llc": 1.0305810011608425
    }
  },
  "stkcvxgusd3CRV": {
    "USDC": {
      "volume": 34460898.164966844,
      "llc": 1.0305810011608425
    }
  },
  "crvFRAX": {
    "USDC": {
      "volume": 383346692.88795644,
      "llc": 1.0399117395120474
    }
  },
  "cvxcrvFRAX": {
    "USDC": {
      "volume": 383346692.88795644,
      "llc": 1.0399117395120474
    }
  },
  "stkcvxcrvFRAX": {
    "USDC": {
      "volume": 383346692.88795644,
      "llc": 1.0399117395120474
    }
  }
}