{"USDC": {"WXDAI": {"volume": 4542869.390010834, "llc": 1.05}, "LINK": {"volume": 1476.8366813659668, "llc": 1.05}, "GNO": {"volume": 73002.33888626099, "llc": 1.05}, "WBTC": {"volume": 27226.017475128174, "llc": 1.05}, "WETH": {"volume": 78724.37906265259, "llc": 1.05}, "FOX": {"volume": 3384.183406829834, "llc": 1.05}, "USDT": {"volume": 3993553.53307724, "llc": 1.05}}, "WXDAI": {"USDC": {"volume": 4910987.30802536, "llc": 1.05}, "LINK": {"volume": 2430.5100440979004, "llc": 1.05}, "GNO": {"volume": 95890.49959182739, "llc": 1.05}, "WBTC": {"volume": 27226.017475128174, "llc": 1.05}, "WETH": {"volume": 78724.37906265259, "llc": 1.05}, "FOX": {"volume": 3384.183406829834, "llc": 1.05}, "USDT": {"volume": 3998321.8998908997, "llc": 1.05}}, "LINK": {"USDC": {"volume": 4337.856769561768, "llc": 1.2}, "WXDAI": {"volume": 5291.530132293701, "llc": 1.2}, "GNO": {"volume": 5291.530132293701, "llc": 1.2}, "WBTC": {"volume": 5291.530132293701, "llc": 1.2}, "WETH": {"volume": 5291.530132293701, "llc": 1.2}, "FOX": {"volume": 4337.856769561768, "llc": 1.2}, "USDT": {"volume": 5291.530132293701, "llc": 1.2}}, "GNO": {"USDC": {"volume": 146435.18781661987, "llc": 1.1}, "WXDAI": {"volume": 199840.89612960815, "llc": 1.1}, "LINK": {"volume": 2430.5100440979004, "llc": 1.1}, "WBTC": {"volume": 61558.25853347778, "llc": 1.1}, "WETH": {"volume": 328586.8000984192, "llc": 1.1}, "FOX": {"volume": 6245.203495025635, "llc": 1.1}, "USDT": {"volume": 105427.23321914673, "llc": 1.1}}, "WBTC": {"USDC": {"volume": 52975.19826889038, "llc": 1.1}, "WXDAI": {"volume": 52975.19826889038, "llc": 1.1}, "LINK": {"volume": 2430.5100440979004, "llc": 1.1}, "GNO": {"volume": 62511.93189620972, "llc": 1.1}, "WETH": {"volume": 80631.72578811646, "llc": 1.1}, "FOX": {"volume": 6245.203495025635, "llc": 1.1}, "USDT": {"volume": 53928.871631622314, "llc": 1.1}}, "WETH": {"USDC": {"volume": 78724.37906265259, "llc": 1.05}, "WXDAI": {"volume": 75863.35897445679, "llc": 1.05}, "LINK": {"volume": 1476.8366813659668, "llc": 1.05}, "GNO": {"volume": 161693.9616203308, "llc": 1.05}, "WBTC": {"volume": 40577.444553375244, "llc": 1.05}, "FOX": {"volume": 3384.183406829834, "llc": 1.05}, "USDT": {"volume": 78724.37906265259, "llc": 1.05}}, "FOX": {"USDC": {"volume": 7198.876857757568, "llc": 1.1}, "WXDAI": {"volume": 7198.876857757568, "llc": 1.1}, "LINK": {"volume": 2430.5100440979004, "llc": 1.1}, "GNO": {"volume": 6245.203495025635, "llc": 1.1}, "WBTC": {"volume": 6245.203495025635, "llc": 1.1}, "WETH": {"volume": 9106.223583221436, "llc": 1.1}, "USDT": {"volume": 6245.203495025635, "llc": 1.1}}, "USDT": {"USDC": {"volume": 4680198.354244232, "llc": 1.05}, "WXDAI": {"volume": 4326385.536670685, "llc": 1.05}, "LINK": {"volume": 1476.8366813659668, "llc": 1.05}, "GNO": {"volume": 52021.52490615845, "llc": 1.05}, "WBTC": {"volume": 27226.017475128174, "llc": 1.05}, "WETH": {"volume": 77770.70569992065, "llc": 1.05}, "FOX": {"volume": 3384.183406829834, "llc": 1.05}}, "json_time": 1675363760}