{"USDC": {"WXDAI": {"volume": 9258784.168720245, "llc": 1.05}, "LINK": {"volume": 1476.8366813659668, "llc": 1.05}, "GNO": {"volume": 55836.21835708618, "llc": 1.05}, "WBTC": {"volume": 12920.91703414917, "llc": 1.05}, "WETH": {"volume": 12920.91703414917, "llc": 1.05}, "FOX": {"volume": 3384.183406829834, "llc": 1.05}, "USDT": {"volume": 5754988.234043121, "llc": 1.05}, "EURe": {"volume": 454471.6839790344, "llc": 1.05}}, "WXDAI": {"USDC": {"volume": 8739032.186031342, "llc": 1.05}, "LINK": {"volume": 1476.8366813659668, "llc": 1.05}, "GNO": {"volume": 56789.891719818115, "llc": 1.05}, "WBTC": {"volume": 16735.610485076904, "llc": 1.05}, "WETH": {"volume": 31994.38428878784, "llc": 1.05}, "FOX": {"volume": 3384.183406829834, "llc": 1.05}, "USDT": {"volume": 5753080.8873176575, "llc": 1.05}, "EURe": {"volume": 454471.6839790344, "llc": 1.05}}, "LINK": {"USDC": {"volume": 4337.856769561768, "llc": 1.2}, "WXDAI": {"volume": 4337.856769561768, "llc": 1.2}, "GNO": {"volume": 4337.856769561768, "llc": 1.2}, "WBTC": {"volume": 4337.856769561768, "llc": 1.2}, "WETH": {"volume": 4337.856769561768, "llc": 1.2}, "FOX": {"volume": 3384.183406829834, "llc": 1.2}, "USDT": {"volume": 4337.856769561768, "llc": 1.2}, "EURe": {"volume": 4337.856769561768, "llc": 1.2}}, "GNO": {"USDC": {"volume": 112102.94675827026, "llc": 1.1}, "WXDAI": {"volume": 112102.94675827026, "llc": 1.1}, "LINK": {"volume": 2430.5100440979004, "llc": 1.1}, "WBTC": {"volume": 61558.25853347778, "llc": 1.1}, "WETH": {"volume": 381992.50841140747, "llc": 1.1}, "FOX": {"volume": 5291.530132293701, "llc": 1.1}, "USDT": {"volume": 112102.94675827026, "llc": 1.1}, "EURe": {"volume": 112102.94675827026, "llc": 1.1}}, "WBTC": {"USDC": {"volume": 26272.34411239624, "llc": 1.1}, "WXDAI": {"volume": 27226.017475128174, "llc": 1.1}, "LINK": {"volume": 2430.5100440979004, "llc": 1.1}, "GNO": {"volume": 61558.25853347778, "llc": 1.1}, "WETH": {"volume": 93029.47950363159, "llc": 1.1}, "FOX": {"volume": 5291.530132293701, "llc": 1.1}, "USDT": {"volume": 23411.32402420044, "llc": 1.1}, "EURe": {"volume": 23411.32402420044, "llc": 1.1}}, "WETH": {"USDC": {"volume": 13874.590396881104, "llc": 1.05}, "WXDAI": {"volume": 13874.590396881104, "llc": 1.05}, "LINK": {"volume": 1476.8366813659668, "llc": 1.05}, "GNO": {"volume": 182674.77560043335, "llc": 1.05}, "WBTC": {"volume": 47253.15809249878, "llc": 1.05}, "FOX": {"volume": 3384.183406829834, "llc": 1.05}, "USDT": {"volume": 13874.590396881104, "llc": 1.05}, "EURe": {"volume": 13874.590396881104, "llc": 1.05}}, "FOX": {"USDC": {"volume": 6245.203495025635, "llc": 1.1}, "WXDAI": {"volume": 6245.203495025635, "llc": 1.1}, "LINK": {"volume": 2430.5100440979004, "llc": 1.1}, "GNO": {"volume": 5291.530132293701, "llc": 1.1}, "WBTC": {"volume": 5291.530132293701, "llc": 1.1}, "WETH": {"volume": 5291.530132293701, "llc": 1.1}, "USDT": {"volume": 6245.203495025635, "llc": 1.1}, "EURe": {"volume": 5291.530132293701, "llc": 1.1}}, "USDT": {"USDC": {"volume": 8229770.610332489, "llc": 1.05}, "WXDAI": {"volume": 9110964.797496796, "llc": 1.05}, "LINK": {"volume": 1476.8366813659668, "llc": 1.05}, "GNO": {"volume": 55836.21835708618, "llc": 1.05}, "WBTC": {"volume": 12920.91703414917, "llc": 1.05}, "WETH": {"volume": 12920.91703414917, "llc": 1.05}, "FOX": {"volume": 3384.183406829834, "llc": 1.05}, "EURe": {"volume": 455425.35734176636, "llc": 1.05}}, "EURe": {"USDC": {"volume": 645374.51171875, "llc": 1.15}, "WXDAI": {"volume": 644398.92578125, "llc": 1.15}, "LINK": {"volume": 3438.96484375, "llc": 1.15}, "GNO": {"volume": 156605.95703125, "llc": 1.15}, "WBTC": {"volume": 50267.08984375, "llc": 1.15}, "WETH": {"volume": 93192.87109375, "llc": 1.15}, "FOX": {"volume": 7341.30859375, "llc": 1.15}, "USDT": {"volume": 644398.92578125, "llc": 1.15}}, "json_time": 1682090550}