{"json_time": 1685347179, "stabilityPoolVstBalance": {"ETH": 155278.58098492053, "gOHM": 107364.4816212896, "GMX": 66547.41746336754, "DPX": 32057.0136125376, "sGLP": 443.80316005366166}, "stabilityPoolGemBalance": {"ETH": 24537.488344503356, "gOHM": 11253.99402477359, "GMX": 4451.270257526923, "DPX": 25368.09551727208, "sGLP": 0.0}, "bprotocolBalance": {"ETH": 47499.59321074843, "gOHM": 43254.4421995932, "DPX": 8012.011013031904, "GMX": 21189.642258169104, "sGLP": 0.0}, "bprotocolGemBalance": {"ETH": 0.06201534360359258, "gOHM": 0.0, "DPX": 91.57122841505588, "GMX": 0.09206995396856028, "sGLP": 0.0}}