{"json_time": 1685347179, "ETH": {"VST": {"volume": 82182371.52338028, "llc": 1.1}}, "gOHM": {"VST": {"volume": 386760.87522506714, "llc": 1.15}}, "GMX": {"VST": {"volume": 6836453.827381134, "llc": 1.15}}, "DPX": {"VST": {"volume": 532672.899723053, "llc": 1.15}}, "sGLP": {"VST": {"volume": 55421343.29175949, "llc": 1.1}}}