{"json_time": 1699533810, "USDC": {"oracle": 1.0000144300317462, "cex_price": 1, "dex_price": 1}, "WXDAI": {"oracle": 1.0, "cex_price": 1, "dex_price": 1.0001324941333032}, "LINK": {"oracle": 15.408971359736992, "cex_price": 15.3155, "dex_price": 15.941893485412827}, "GNO": {"oracle": 144.87416672316678, "cex_price": 144.05, "dex_price": 145.57315010255715}, "WBTC": {"oracle": 36967.24310055482, "cex_price": 36854.994999999995, "dex_price": 37054.34278750187}, "WETH": {"oracle": 1909.7442014372432, "cex_price": 1909.8649999999998, "dex_price": 1923.3013897307496}, "FOX": {"oracle": 0.023100050820111805, "cex_price": 0.023, "dex_price": 0.023485013040642287}, "USDT": {"oracle": 1.0003154006938815, "cex_price": 1, "dex_price": 1.0004494248919982}, "EURe": {"oracle": 1.0689623517171738, "cex_price": 1.06755, "dex_price": 1.0684541741220779}, "wstETH": {"oracle": 2188.2100518121138, "cex_price": "NaN", "dex_price": 2204.6576369165355}, "sDAI": {"oracle": 1.0224793894546569, "cex_price": 1, "dex_price": 1.022433233161531}}