{"json_time": 1674227601, "VST": {"oracle": 0.9934955758225925, "cex_price": 1, "dex_price": 1}, "ETH": {"oracle": 1564.4, "cex_price": 1564.955, "dex_price": 1564.5409038896862}, "gOHM": {"oracle": 2592.4280309968294, "cex_price": "NaN", "dex_price": 2621.9930834540787}, "GMX": {"oracle": 46.886651380590884, "cex_price": "NaN", "dex_price": 47.35977934262127}, "DPX": {"oracle": 277.54759605, "cex_price": "NaN", "dex_price": 278.18049063362764}, "sGLP": {"oracle": 0.9174671723702625, "cex_price": "NaN", "dex_price": "NaN"}}