{"json_time": 1685557262, "stabilityPoolVstBalance": {"ETH": 155218.94348548146, "gOHM": 88625.27494093453, "GMX": 62576.631547598954, "DPX": 8928.319581739466, "sGLP": 443.8220110857409}, "stabilityPoolGemBalance": {"ETH": 24098.03203993089, "gOHM": 11313.886018577774, "GMX": 3964.8066114212247, "DPX": 24356.625183436023, "sGLP": 0.0}, "bprotocolBalance": {"ETH": 47498.65847066874, "gOHM": 43252.379373264885, "DPX": 8011.628916155377, "GMX": 21188.63171336226, "sGLP": 0.0}, "bprotocolGemBalance": {"ETH": 0.06201534360359258, "gOHM": 0.0, "DPX": 91.57122841505588, "GMX": 1.7937993024434837, "sGLP": 0.0}}