{"json_time": 1692042815, "data": [{"account": "0x5ce561e048d2cd64523D6316228F97bd2537F92f", "user_collateral_wo_looping": 0.761776769992692, "user_debt_wo_looping": 1.552639396791568}, {"account": "0x7e1a061ca70838e1E79BCcBee306a56746f9e2F8", "user_collateral_wo_looping": 0.004158862409782428, "user_debt_wo_looping": 0.0053601574464221535}, {"account": "0x9A4B0dA9E8e5c7135cd7188Bd2e84DAc513C594b", "user_collateral_wo_looping": 0.0013636335912063197, "user_debt_wo_looping": 0.0013892013270070326}, {"account": "0x5420cFd7449ed4245936a71A761adF77Bd7D0071", "user_collateral_wo_looping": 0.0071156833559900675, "user_debt_wo_looping": 0.007624230442304423}]}