{"json_time": 1692042815, "USDC": {"oracle": 1.000409404094041, "cex_price": 1, "dex_price": 1}, "WXDAI": {"oracle": 1.0, "cex_price": 1, "dex_price": 0.9997690514589862}, "LINK": {"oracle": 7.405074050740508, "cex_price": 7.4155, "dex_price": 7.9522672265261996}, "GNO": {"oracle": 109.71044362443624, "cex_price": 109.55, "dex_price": 111.41284952987614}, "WBTC": {"oracle": 29323.963239632398, "cex_price": 29351.995000000003, "dex_price": 29709.409296727776}, "WETH": {"oracle": 1839.8719777197773, "cex_price": 1842.7150000000001, "dex_price": 1857.5636559777129}, "FOX": {"oracle": 0.01970019700197002, "cex_price": 0.019700000000000002, "dex_price": 0.01979585579953127}, "USDT": {"oracle": 0.999279992799928, "cex_price": 1, "dex_price": 0.9990107346151011}, "EURe": {"oracle": 1.0913609036090361, "cex_price": 1.07525, "dex_price": 1.088568497910154}, "wstETH": {"oracle": 2089.619450824508, "cex_price": "NaN", "dex_price": 2089.619450824508}}