{"json_time": 1685691845, "ETH": {"oracle": 1888.28, "cex_price": 1888.9050000000002, "dex_price": 1895.2380421382024}, "BNB|bsc": {"oracle": 307.21, "cex_price": 307.25, "dex_price": 310.4342177137684}, "WBTC|eth": {"oracle": 27083.09, "cex_price": 27091.754999999997, "dex_price": 29302.185179428547}, "pCKB": {"oracle": 0.003634785, "cex_price": 0.0036550000000000003, "dex_price": 0.003620946849571162}, "USDC": {"oracle": 0.999810499, "cex_price": 1, "dex_price": 1}, "USDT": {"oracle": 1.00025, "cex_price": 1, "dex_price": 1.001741699334294}}