{"json_time": 1694280778, "VST": {"oracle": 0.999701740718933, "cex_price": 1, "dex_price": 1}, "ETH": {"oracle": 1633.87833837, "cex_price": 1634.2350000000001, "dex_price": 1634.7235528548488}, "gOHM": {"oracle": 2883.374980760464, "cex_price": "NaN", "dex_price": 2965.7783270848417}, "GMX": {"oracle": 33.19192532829949, "cex_price": "NaN", "dex_price": 33.10251433763576}, "DPX": {"oracle": 69.43198529, "cex_price": "NaN", "dex_price": 70.28164965123912}, "sGLP": {"oracle": 0.9412241349770647, "cex_price": "NaN", "dex_price": "NaN"}}