{"json_time": 1694280778, "ETH-VST": {"series_std_ratio": 1.0, "volume_for_slippage_10_percentss": [30505.953667461872], "trade_every": 1800, "collaterals": [825, 1110, 1395, 1680, 1965, 2250, 2535, 2820, 3105, 3390, 3675, 3960, 4245, 4530, 4815, 5100, 5385, 5670, 5955, 6240, 6525, 6810, 7095, 7380, 7665, 7950, 8235, 8520, 8805, 9090, 1875.0], "liquidation_incentives": [0.10000000000000009], "stability_pool_initial_balances": [0.03502239670281733, 0.017511198351408665, 0.07004479340563466], "share_institutionals": [0.10544425286930867, 0.052722126434654334, 0.21088850573861734, 1], "recovery_halflife_retails": [3.3333333333333335], "price_recovery_times": [0], "l_factors": [0.25, 0.5, 1, 1.5, 2], "json_time": 1694282480.4468966, "current_debt": 825.6626234562516}, "gOHM-VST": {"series_std_ratio": 0.5718399563684763, "volume_for_slippage_10_percentss": [106.42313867807388], "trade_every": 1800, "collaterals": [1959, 2362, 2766, 3169, 3572, 3976, 4379, 4783, 5186, 5590, 5993, 6397, 6800, 7203, 7607, 8010, 8414, 8817, 9221, 9624, 10028, 10431, 10834, 11238, 11641, 12045, 12448, 12852, 13255, 13659, 2812.5], "liquidation_incentives": [0.1499999999999999], "stability_pool_initial_balances": [0.02217542098758894, 0.01108771049379447, 0.04435084197517788], "share_institutionals": [0.5999903547830162, 0.2999951773915081, 1, 1], "recovery_halflife_retails": [3.3333333333333335], "price_recovery_times": [0], "l_factors": [0.25, 0.5, 1, 1.5, 2], "json_time": 1694282480.4468966, "current_debt": 1959.1613167356131}, "DPX-VST": {"series_std_ratio": 2.2756095294666916, "volume_for_slippage_10_percentss": [105.82709282636642], "trade_every": 1800, "collaterals": [104, 208, 312, 416, 520, 625, 729, 833, 937, 1041, 1145, 1250, 1354, 1458, 1562, 1666, 1770, 1875, 1979, 2083, 2187, 2291, 2395, 2500, 2604, 2708, 2812, 2916, 3020, 625.0], "liquidation_incentives": [0.1499999999999999], "stability_pool_initial_balances": [0], "share_institutionals": [0, 0.0, 0, 1], "recovery_halflife_retails": [3.3333333333333335], "price_recovery_times": [2], "l_factors": [0.25, 0.5, 1, 1.5, 2], "json_time": 1694282480.4468966, "current_debt": 0.0}, "GMX-VST": {"series_std_ratio": 2.0308729755116706, "volume_for_slippage_10_percentss": [2432.194052040577], "trade_every": 1800, "collaterals": [157, 256, 355, 454, 553, 652, 751, 850, 949, 1047, 1146, 1245, 1344, 1443, 1542, 1641, 1740, 1839, 1938, 2037, 2135, 2234, 2333, 2432, 2531, 2630, 2729, 2828, 2927, 3026, 625.0], "liquidation_incentives": [0.1499999999999999], "stability_pool_initial_balances": [0.3209487127755528, 0.1604743563877764, 0.6418974255511056], "share_institutionals": [0.9189642414127468, 0.4594821207063734, 1, 1], "recovery_halflife_retails": [3.3333333333333335], "price_recovery_times": [0], "l_factors": [0.25, 0.5, 1, 1.5, 2], "json_time": 1694282480.4468966, "current_debt": 157.82648874317837}, "sGLP-VST": {"series_std_ratio": 0.6132330529291525, "volume_for_slippage_10_percentss": [21938.98664087057], "trade_every": 1800, "collaterals": [306, 348, 390, 432, 473, 515, 557, 599, 641, 683, 725, 767, 808, 850, 892, 934, 976, 1018, 1060, 1101, 1143, 1185, 1227, 1269, 1311, 1353, 1395, 1436, 1478, 1520, 312.5], "liquidation_incentives": [0.10000000000000009], "stability_pool_initial_balances": [0.0007654034143193225, 0.0003827017071596612, 0.001530806828638645], "share_institutionals": [0.0, 0.0, 0.0, 1], "recovery_halflife_retails": [3.3333333333333335], "price_recovery_times": [0], "l_factors": [0.25, 0.5, 1, 1.5, 2], "json_time": 1694282480.4468966, "current_debt": 306.4732344953317}}