{"json_time": 1694280778, "stabilityPoolVstBalance": {"ETH": 46266.69430619797, "gOHM": 69512.36316993808, "GMX": 81046.7334464134, "DPX": 0.0, "sGLP": 375.32105612834124}, "stabilityPoolGemBalance": {"ETH": 17041.202615291335, "gOHM": 6740.439936260293, "GMX": 12036.394837222106, "DPX": 7094.78574619739, "sGLP": 0.0}, "bprotocolBalance": {"ETH": 4878.541450408578, "gOHM": 41706.74744013702, "DPX": 0.0, "GMX": 74473.73590236377, "sGLP": 0.0}, "bprotocolGemBalance": {"ETH": 0.015563441164030752, "gOHM": 0.0, "DPX": 0.11910192561432548, "GMX": 5.3140182006197065, "sGLP": 0.0}}