{"json_time": 1669741766, "ETH": {"oracle": 1209.47405585, "cex_price": 1208.225, "dex_price": 1205.0108532148904}, "BNB|bsc": {"oracle": 297.858689985, "cex_price": 295.25, "dex_price": 295.8398354399253}, "WBTC|eth": {"oracle": 16412.0, "cex_price": 16379.205, "dex_price": 16522.038710800618}, "pCKB": {"oracle": 0.002429878, "cex_price": 0.002395, "dex_price": 0.0024495911426617584}, "USDC": {"oracle": 0.999917941, "cex_price": 1, "dex_price": 1}}