{"json_time": 1671882450, "VST": {"oracle": 0.9806044018560395, "cex_price": 1, "dex_price": 1}, "ETH": {"oracle": 1219.33844909, "cex_price": 1218.775, "dex_price": 1219.3866620449094}, "gOHM": {"oracle": 2515.556264373144, "cex_price": "NaN", "dex_price": 2494.5205195197077}, "GMX": {"oracle": 46.31784277235996, "cex_price": "NaN", "dex_price": 46.66892466215791}, "DPX": {"oracle": 246.73217221, "cex_price": "NaN", "dex_price": 246.8033838989639}, "sGLP": {"oracle": 0.8304404642211873, "cex_price": "NaN", "dex_price": "NaN"}}