{"json_time": 1683234413, "glp_data": {"liquidTreasury": 430081378.9626667, "treasuryUtilization": 0.2781274114013801, "liquidStableTreasury": 280471309.9425063, "stableTreasuryUtilization": 0.09849891107117766, "liquidSolidAssetTreasury": 140541931.72093636, "solidTreasuryUtilization": 0.48479885376133747}}