{"json_time": 1668258628, "VST": {"total_collateral": "0.0", "median_collateral": "nan", "top_1_collateral": "0.0", "top_10_collateral": "0.0", "total_debt": "0.0", "median_debt": "nan", "top_1_debt": "nan", "top_10_debt": "0.0", "graph_data": {"ETH": {"4.9": 0, "4.800000000000001": 0, "4.7": 0, "4.6000000000000005": 0, "4.5": 0, "4.4": 0, "4.3": 0, "4.2": 0, "4.1000000000000005": 0, "4.0": 0, "3.9000000000000004": 0, "3.8000000000000003": 0, "3.7": 0, "3.6": 0, "3.5": 0, "3.4000000000000004": 0, "3.3000000000000003": 0, "3.2": 0, "3.1": 0, "3.0": 0, "2.9000000000000004": 0, "2.8000000000000003": 0, "2.7": 0, "2.6": 0, "2.5": 0, "2.4000000000000004": 0, "2.3000000000000003": 0, "2.2": 0, "2.1": 0, "2.0": 0, "1.9000000000000001": 0, "1.8": 0, "1.7000000000000002": 0, "1.6": 0, "1.5": 0, "1.4000000000000001": 0, "1.3": 0, "1.2000000000000002": 0}, "gOHM": {"4.9": 0, "4.800000000000001": 0, "4.7": 0, "4.6000000000000005": 0, "4.5": 0, "4.4": 0, "4.3": 0, "4.2": 0, "4.1000000000000005": 0, "4.0": 0, "3.9000000000000004": 0, "3.8000000000000003": 0, "3.7": 0, "3.6": 0, "3.5": 0, "3.4000000000000004": 0, "3.3000000000000003": 0, "3.2": 0, "3.1": 0, "3.0": 0, "2.9000000000000004": 0, "2.8000000000000003": 0, "2.7": 0, "2.6": 0, "2.5": 0, "2.4000000000000004": 0, "2.3000000000000003": 0, "2.2": 0, "2.1": 0, "2.0": 0, "1.9000000000000001": 0, "1.8": 0, "1.7000000000000002": 0, "1.6": 0, "1.5": 0, "1.4000000000000001": 0}, "renBTC": {"4.9": 0, "4.800000000000001": 0, "4.7": 0, "4.6000000000000005": 0, "4.5": 0, "4.4": 0, "4.3": 0, "4.2": 0, "4.1000000000000005": 0, "4.0": 0, "3.9000000000000004": 0, "3.8000000000000003": 0, "3.7": 0, "3.6": 0, "3.5": 0, "3.4000000000000004": 0, "3.3000000000000003": 0, "3.2": 0, "3.1": 0, "3.0": 0, "2.9000000000000004": 0}, "GMX": {"4.9": 0, "4.800000000000001": 0, "4.7": 0, "4.6000000000000005": 0, "4.5": 0, "4.4": 0, "4.3": 0, "4.2": 0, "4.1000000000000005": 0, "4.0": 0, "3.9000000000000004": 0, "3.8000000000000003": 0, "3.7": 0, "3.6": 0, "3.5": 0, "3.4000000000000004": 0, "3.3000000000000003": 0, "3.2": 0, "3.1": 0, "3.0": 0, "2.9000000000000004": 0, "2.8000000000000003": 0, "2.7": 0, "2.6": 0, "2.5": 0, "2.4000000000000004": 0, "2.3000000000000003": 0, "2.2": 0, "2.1": 0, "2.0": 0, "1.9000000000000001": 0, "1.8": 0, "1.7000000000000002": 0, "1.6": 0}, "DPX": {"4.9": 0, "4.800000000000001": 0, "4.7": 0, "4.6000000000000005": 0, "4.5": 0, "4.4": 0, "4.3": 0, "4.2": 0, "4.1000000000000005": 0, "4.0": 0, "3.9000000000000004": 0, "3.8000000000000003": 0, "3.7": 0, "3.6": 0, "3.5": 0, "3.4000000000000004": 0, "3.3000000000000003": 0, "3.2": 0, "3.1": 0, "3.0": 0, "2.9000000000000004": 0, "2.8000000000000003": 0, "2.7": 0}, "sGLP": {"4.9": 0, "4.800000000000001": 0, "4.7": 0, "4.6000000000000005": 0, "4.5": 0, "4.4": 0, "4.3": 0, "4.2": 0, "4.1000000000000005": 0, "4.0": 0, "3.9000000000000004": 0, "3.8000000000000003": 0, "3.7": 0, "3.6": 0, "3.5": 0, "3.4000000000000004": 0, "3.3000000000000003": 0, "3.2": 0, "3.1": 0, "3.0": 0, "2.9000000000000004": 0, "2.8000000000000003": 0, "2.7": 0, "2.6": 0, "2.5": 0, "2.4000000000000004": 0, "2.3000000000000003": 0, "2.2": 0, "2.1": 0, "2.0": 0, "1.9000000000000001": 0, "1.8": 0, "1.7000000000000002": 0, "1.6": 0, "1.5": 0, "1.4000000000000001": 0, "1.3": 0, "1.2000000000000002": 0, "1.1": 0}}}, "ETH": {"total_collateral": "909859.1751012055", "median_collateral": "3532.63552", "top_1_collateral": "75648.0", "top_10_collateral": "457292.16", "total_debt": "415957.86795115477", "median_debt": "1300.8744082499995", "top_1_debt": "37200.0", "top_10_debt": "211966.32389530205", "graph_data": {"VST": {"1008.64": 7060, "882.5600000000001": 72407, "756.4800000000001": 160579, "630.4": 316499, "504.32": 341514, "378.24000000000007": 389347, "252.16": 415044, "126.08": 415384, "0.0": 415934}}}, "gOHM": {"total_collateral": "14985256.603786377", "median_collateral": "23872.507078592702", "top_1_collateral": "2047514.274163357", "top_10_collateral": "9881711.665389383", "total_debt": "5585138.137152946", "median_debt": "9006.146625012474", "top_1_debt": "870626.3382400485", "top_10_debt": "3776539.5556338793", "graph_data": {"VST": {"1711.892817235809": 1074182, "1467.3367004878364": 3537764, "1222.7805837398635": 4227688, "978.2244669918908": 5136881, "733.6683502439182": 5545736, "489.1122334959454": 5573314, "244.5561167479727": 5584093, "0.0": 5585093}}}, "renBTC": {"total_collateral": "75091.82667237175", "median_collateral": "19038.758351410823", "top_1_collateral": "32775.74446015", "top_10_collateral": "75091.82667237175", "total_debt": "20795.553093384657", "median_debt": "5357.445010082373", "top_1_debt": "9057.597790678888", "top_10_debt": "20795.55309338466", "graph_data": {"VST": {"5035.043020512001": 11014, "3356.695347008": 20794, "1678.347673504": 20794, "0.0": 20794}}}, "GMX": {"total_collateral": "290570.9315280654", "median_collateral": "8719.966958142442", "top_1_collateral": "95471.27693617907", "top_10_collateral": "282216.44733751216", "total_debt": "85057.27293156197", "median_debt": "2100.0", "top_1_debt": "25030.019575899154", "top_10_debt": "82384.55094369526", "graph_data": {"VST": {"23.302254108291446": 26900, "19.41854509024287": 44208, "15.534836072194295": 44543, "11.651127054145723": 83654, "7.767418036097148": 83654, "3.883709018048574": 83654, "0.0": 85055}}}, "DPX": {"total_collateral": "1438425.8811713941", "median_collateral": "268258.65570444835", "top_1_collateral": "895393.4842056168", "top_10_collateral": "1438425.8811713941", "total_debt": "316318.9920498719", "median_debt": "46980.13634327955", "top_1_debt": "221151.36917327397", "top_10_debt": "316318.9920498719", "graph_data": {"VST": {"56.917312902000006": 287434, "37.944875268": 288641, "18.972437634": 316317, "0.0": 316317}}}, "sGLP": {"total_collateral": "6865564.497789687", "median_collateral": "5103.859792182859", "top_1_collateral": "1312835.1785666407", "top_10_collateral": "5456260.70407023", "total_debt": "4910732.650291804", "median_debt": "3365.1452720461575", "top_1_debt": "1000000.0003820462", "top_10_debt": "4016871.8806874324", "graph_data": {"VST": {"0.7617896958524312": 2991715, "0.6771463963132722": 4435247, "0.5925030967741132": 4710023, "0.5078597972349542": 4769713, "0.4232164976957951": 4898261, "0.3385731981566361": 4905887, "0.2539298986174771": 4910723, "0.16928659907831806": 4910723, "0.08464329953915903": 4910723, "0.0": 4910723}}}}