{"json_time": 1668258628, "VST": {"oracle": 0.9920080293924978, "cex_price": 1, "dex_price": 1}, "ETH": {"oracle": 1260.8, "cex_price": 1262.995, "dex_price": 1260.408901960693}, "gOHM": {"oracle": 2445.561167479727, "cex_price": "NaN", "dex_price": 2411.6634215963136}, "renBTC": {"oracle": 16783.47673504, "cex_price": 16821.875, "dex_price": 16818.71627111569}, "GMX": {"oracle": 38.83709018048574, "cex_price": "NaN", "dex_price": 38.950761766482835}, "DPX": {"oracle": 189.72437634, "cex_price": "NaN", "dex_price": 190.12152837978795}, "sGLP": {"oracle": 0.8464329953915902, "cex_price": "NaN", "dex_price": "NaN"}}