{"json_time": 1694598785, "USDC": {"oracle": 1.00019075, "cex_price": 1, "dex_price": 1}, "WXDAI": {"oracle": 1.0, "cex_price": 1, "dex_price": 0.9999558447908155}, "LINK": {"oracle": 6.008, "cex_price": 6.032500000000001, "dex_price": 6.36256271500388}, "GNO": {"oracle": 98.48245104, "cex_price": 99.25, "dex_price": 99.20665739804812}, "WBTC": {"oracle": 26039.75452806, "cex_price": 26154.975, "dex_price": 26345.650188252843}, "WETH": {"oracle": 1599.7404, "cex_price": 1600.315, "dex_price": 1615.0918800025645}, "FOX": {"oracle": 0.02301828, "cex_price": 0.022850000000000002, "dex_price": 0.024145408455870418}, "USDT": {"oracle": 0.99990174, "cex_price": 1, "dex_price": 0.9997292733127869}, "EURe": {"oracle": 1.073865, "cex_price": 1.07155, "dex_price": 1.0751196140560497}, "wstETH": {"oracle": 1822.65075309, "cex_price": "NaN", "dex_price": 1822.65075309}}