{"USDC": {"WXDAI": {"volume": 3775162.333011627, "llc": 1.05}, "LINK": {"volume": 1476.8366813659668, "llc": 1.05}, "GNO": {"volume": 24364.997386932373, "llc": 1.05}, "WBTC": {"volume": 7198.876857757568, "llc": 1.05}, "WETH": {"volume": 8152.550220489502, "llc": 1.05}, "FOX": {"volume": 3384.183406829834, "llc": 1.05}, "USDT": {"volume": 4457038.78736496, "llc": 1.05}, "EURe": {"volume": 2245470.2591896057, "llc": 1.05}, "wstETH": {"volume": 8152.550220489502, "llc": 1.05}}, "WXDAI": {"USDC": {"volume": 2963586.3013267517, "llc": 1.05}, "LINK": {"volume": 1476.8366813659668, "llc": 1.05}, "GNO": {"volume": 24364.997386932373, "llc": 1.05}, "WBTC": {"volume": 9106.223583221436, "llc": 1.05}, "WETH": {"volume": 11013.570308685303, "llc": 1.05}, "FOX": {"volume": 3384.183406829834, "llc": 1.05}, "USDT": {"volume": 4452270.4205513, "llc": 1.05}, "EURe": {"volume": 2244516.585826874, "llc": 1.05}, "wstETH": {"volume": 11013.570308685303, "llc": 1.05}}, "LINK": {"USDC": {"volume": 4337.856769561768, "llc": 1.2}, "WXDAI": {"volume": 4337.856769561768, "llc": 1.2}, "GNO": {"volume": 4337.856769561768, "llc": 1.2}, "WBTC": {"volume": 4337.856769561768, "llc": 1.2}, "WETH": {"volume": 4337.856769561768, "llc": 1.2}, "FOX": {"volume": 3384.183406829834, "llc": 1.2}, "USDT": {"volume": 4337.856769561768, "llc": 1.2}, "EURe": {"volume": 4337.856769561768, "llc": 1.2}, "wstETH": {"volume": 4337.856769561768, "llc": 1.2}}, "GNO": {"USDC": {"volume": 47253.15809249878, "llc": 1.1}, "WXDAI": {"volume": 47253.15809249878, "llc": 1.1}, "LINK": {"volume": 2430.5100440979004, "llc": 1.1}, "WBTC": {"volume": 46299.484729766846, "llc": 1.1}, "WETH": {"volume": 179813.75551223755, "llc": 1.1}, "FOX": {"volume": 5291.530132293701, "llc": 1.1}, "USDT": {"volume": 47253.15809249878, "llc": 1.1}, "EURe": {"volume": 43438.464641571045, "llc": 1.1}, "wstETH": {"volume": 179813.75551223755, "llc": 1.1}}, "WBTC": {"USDC": {"volume": 13874.590396881104, "llc": 1.1}, "WXDAI": {"volume": 13874.590396881104, "llc": 1.1}, "LINK": {"volume": 2430.5100440979004, "llc": 1.1}, "GNO": {"volume": 48206.83145523071, "llc": 1.1}, "WETH": {"volume": 66326.62534713745, "llc": 1.1}, "FOX": {"volume": 4337.856769561768, "llc": 1.1}, "USDT": {"volume": 13874.590396881104, "llc": 1.1}, "EURe": {"volume": 11967.243671417236, "llc": 1.1}, "wstETH": {"volume": 66326.62534713745, "llc": 1.1}}, "WETH": {"USDC": {"volume": 11967.243671417236, "llc": 1.05}, "WXDAI": {"volume": 11967.243671417236, "llc": 1.05}, "LINK": {"volume": 1476.8366813659668, "llc": 1.05}, "GNO": {"volume": 91122.13277816772, "llc": 1.05}, "WBTC": {"volume": 33901.73101425171, "llc": 1.05}, "FOX": {"volume": 3384.183406829834, "llc": 1.05}, "USDT": {"volume": 11013.570308685303, "llc": 1.05}, "EURe": {"volume": 11013.570308685303, "llc": 1.05}, "wstETH": {"volume": 5073111.779689789, "llc": 1.05}}, "FOX": {"USDC": {"volume": 6245.203495025635, "llc": 1.1}, "WXDAI": {"volume": 6245.203495025635, "llc": 1.1}, "LINK": {"volume": 2430.5100440979004, "llc": 1.1}, "GNO": {"volume": 5291.530132293701, "llc": 1.1}, "WBTC": {"volume": 5291.530132293701, "llc": 1.1}, "WETH": {"volume": 5291.530132293701, "llc": 1.1}, "USDT": {"volume": 6245.203495025635, "llc": 1.1}, "EURe": {"volume": 6245.203495025635, "llc": 1.1}, "wstETH": {"volume": 5291.530132293701, "llc": 1.1}}, "USDT": {"USDC": {"volume": 2893968.1458473206, "llc": 1.05}, "WXDAI": {"volume": 3685517.0369148254, "llc": 1.05}, "LINK": {"volume": 1476.8366813659668, "llc": 1.05}, "GNO": {"volume": 24364.997386932373, "llc": 1.05}, "WBTC": {"volume": 7198.876857757568, "llc": 1.05}, "WETH": {"volume": 8152.550220489502, "llc": 1.05}, "FOX": {"volume": 3384.183406829834, "llc": 1.05}, "EURe": {"volume": 2245470.2591896057, "llc": 1.05}, "wstETH": {"volume": 8152.550220489502, "llc": 1.05}}, "EURe": {"USDC": {"volume": 1666590.528011322, "llc": 1.15}, "WXDAI": {"volume": 1670405.2214622498, "llc": 1.15}, "LINK": {"volume": 3384.183406829834, "llc": 1.15}, "GNO": {"volume": 55836.21835708618, "llc": 1.15}, "WBTC": {"volume": 17689.283847808838, "llc": 1.15}, "WETH": {"volume": 21503.977298736572, "llc": 1.15}, "FOX": {"volume": 8152.550220489502, "llc": 1.15}, "USDT": {"volume": 1669451.5480995178, "llc": 1.15}, "wstETH": {"volume": 21503.977298736572, "llc": 1.15}}, "wstETH": {"USDC": {"volume": 11967.243671417236, "llc": 1.05}, "WXDAI": {"volume": 11967.243671417236, "llc": 1.05}, "LINK": {"volume": 1476.8366813659668, "llc": 1.05}, "GNO": {"volume": 91122.13277816772, "llc": 1.05}, "WBTC": {"volume": 33901.73101425171, "llc": 1.05}, "WETH": {"volume": 5693256.099432238, "llc": 1.1}, "FOX": {"volume": 3384.183406829834, "llc": 1.05}, "USDT": {"volume": 11013.570308685303, "llc": 1.05}, "EURe": {"volume": 11013.570308685303, "llc": 1.05}}, "json_time": 1694598785}