{"json_time": 1678800813, "ETH-VST": {"series_std_ratio": 1.0, "volume_for_slippage_10_percentss": [6099.664177596569], "trade_every": 1800, "collaterals": [410, 3521, 6632, 9744, 12855, 15966, 19078, 22189, 25300, 28412, 31523, 34634, 37746, 40857, 43968, 47080, 50191, 53302, 56414, 59525, 62636, 65748, 68859, 71970, 75082, 78193, 81304, 84416, 87527, 90638, 18750.0], "liquidation_incentives": [0.10000000000000009], "stability_pool_initial_balances": [0.3505915907966817, 0.17529579539834084, 0.7011831815933633], "share_institutionals": [0.4704374449527778, 0.2352187224763889, 0.9408748899055556, 1], "recovery_halflife_retails": [3.3333333333333335], "price_recovery_times": [0], "l_factors": [0.25, 0.5, 1, 1.5, 2], "json_time": 1678802828.740381, "current_debt": 410.1993427964234}, "gOHM-VST": {"series_std_ratio": 0.5718399563684763, "volume_for_slippage_10_percentss": [222.05603390932083], "trade_every": 1800, "collaterals": [2813, 3345, 3876, 4407, 4938, 5469, 6001, 6532, 7063, 7594, 8125, 8657, 9188, 9719, 10250, 10781, 11313, 11844, 12375, 12906, 13437, 13969, 14500, 15031, 15562, 16093, 16625, 17156, 17687, 18218, 3750.0], "liquidation_incentives": [0.1499999999999999], "stability_pool_initial_balances": [0.011237731748752729, 0.0056188658743763645, 0.022475463497505458], "share_institutionals": [0.4596314798343412, 0.2298157399171706, 0.9192629596686824, 1], "recovery_halflife_retails": [3.3333333333333335], "price_recovery_times": [0], "l_factors": [0.25, 0.5, 1, 1.5, 2], "json_time": 1678802828.740381, "current_debt": 2813.9135379536365}, "DPX-VST": {"series_std_ratio": 2.2756095294666916, "volume_for_slippage_10_percentss": [465.83878725767136], "trade_every": 1800, "collaterals": [462, 759, 1056, 1354, 1651, 1948, 2245, 2542, 2839, 3136, 3433, 3730, 4027, 4324, 4621, 4918, 5215, 5513, 5810, 6107, 6404, 6701, 6998, 7295, 7592, 7889, 8186, 8483, 8780, 9077, 1875.0], "liquidation_incentives": [0.1499999999999999], "stability_pool_initial_balances": [0.04256143771294148, 0.02128071885647074, 0.08512287542588295], "share_institutionals": [0.035173031997601543, 0.017586515998800772, 0.07034606399520309, 1], "recovery_halflife_retails": [3.3333333333333335], "price_recovery_times": [2], "l_factors": [0.25, 0.5, 1, 1.5, 2], "json_time": 1678802828.740381, "current_debt": 462.80799757527814}, "GMX-VST": {"series_std_ratio": 2.0308729755116706, "volume_for_slippage_10_percentss": [1438.5856172442436], "trade_every": 1800, "collaterals": [59, 474, 888, 1303, 1718, 2132, 2547, 2962, 3376, 3791, 4206, 4621, 5035, 5450, 5865, 6279, 6694, 7109, 7523, 7938, 8353, 8767, 9182, 9597, 10011, 10426, 10841, 11255, 11670, 12085, 2500.0], "liquidation_incentives": [0.1499999999999999], "stability_pool_initial_balances": [0.41847744186074076, 0.20923872093037038, 0.8369548837214815], "share_institutionals": [0.004508154016649595, 0.0022540770083247976, 0.00901630803329919, 1], "recovery_halflife_retails": [3.3333333333333335], "price_recovery_times": [0], "l_factors": [0.25, 0.5, 1, 1.5, 2], "json_time": 1678802828.740381, "current_debt": 59.50317510251215}, "sGLP-VST": {"series_std_ratio": 0.6132330529291525, "volume_for_slippage_10_percentss": [7014.594559967518], "trade_every": 1800, "collaterals": [218, 940, 1662, 2384, 3106, 3828, 4549, 5271, 5993, 6715, 7437, 8159, 8881, 9603, 10324, 11046, 11768, 12490, 13212, 13934, 14656, 15378, 16099, 16821, 17543, 18265, 18987, 19709, 20431, 21153, 4375.0], "liquidation_incentives": [0.10000000000000009], "stability_pool_initial_balances": [2.581330225158801e-06, 1.2906651125794005e-06, 5.162660450317602e-06], "share_institutionals": [0.0, 0.0, 0.0, 1], "recovery_halflife_retails": [3.3333333333333335], "price_recovery_times": [0], "l_factors": [0.25, 0.5, 1, 1.5, 2], "json_time": 1678802828.740381, "current_debt": 218.68037997422041}}