{"json_time": 1678800813, "ETH": {"VST": {"volume": 9759462.68415451, "llc": 1.1}}, "gOHM": {"VST": {"volume": 355289.65425491333, "llc": 1.15}}, "GMX": {"VST": {"volume": 2301736.98759079, "llc": 1.15}}, "DPX": {"VST": {"volume": 745342.0596122742, "llc": 1.15}}, "sGLP": {"VST": {"volume": 11223351.295948029, "llc": 1.1}}}