{"ETH": {"BNB|bsc": {"volume": 14828.263759613037, "llc": 1.1}, "WBTC|eth": {"volume": 7198.876857757568, "llc": 1.1}, "pCKB": {"volume": 22457.650661468506, "llc": 1.1}, "USDC": {"volume": 18642.95721054077, "llc": 1.1}}, "BNB|bsc": {"ETH": {"volume": 14828.263759613037, "llc": 1.1}, "WBTC|eth": {"volume": 8152.550220489502, "llc": 1.1}, "pCKB": {"volume": 42484.79127883911, "llc": 1.1}, "USDC": {"volume": 31994.38428878784, "llc": 1.1}}, "WBTC|eth": {"ETH": {"volume": 7198.876857757568, "llc": 1.1}, "BNB|bsc": {"volume": 8152.550220489502, "llc": 1.1}, "pCKB": {"volume": 10059.89694595337, "llc": 1.1}, "USDC": {"volume": 9106.223583221436, "llc": 1.1}}, "pCKB": {"ETH": {"volume": 22457.650661468506, "llc": 1.1}, "BNB|bsc": {"volume": 42484.79127883911, "llc": 1.1}, "WBTC|eth": {"volume": 10059.89694595337, "llc": 1.1}, "USDC": {"volume": 116871.31357192993, "llc": 1.1}}, "USDC": {"ETH": {"volume": 18642.95721054077, "llc": 1.1}, "BNB|bsc": {"volume": 31994.38428878784, "llc": 1.1}, "WBTC|eth": {"volume": 9106.223583221436, "llc": 1.1}, "pCKB": {"volume": 116871.31357192993, "llc": 1.1}}, "json_time": 1668191001}