{"json_time": 1674403305, "USDC": {"oracle": 1.0000460746074606, "cex_price": 1, "dex_price": 1}, "WXDAI": {"oracle": 1.0, "cex_price": 1, "dex_price": 1.0004647876411294}, "LINK": {"oracle": 7.153200300030003, "cex_price": 7.1455, "dex_price": 7.6338530255884525}, "GNO": {"oracle": 108.29833803380338, "cex_price": 108.2, "dex_price": 109.37370092458177}, "WBTC": {"oracle": 22837.548694869485, "cex_price": 22791.54, "dex_price": 22915.024900611807}, "WETH": {"oracle": 1635.4635463546354, "cex_price": 1635.5149999999999, "dex_price": 1638.0116133506785}, "FOX": {"oracle": 0.0421039303930393, "cex_price": 0.04205, "dex_price": 0.04232555916733414}, "USDT": {"oracle": 1.000217801780178, "cex_price": 1, "dex_price": 1.0005791752498017}}