{"json_time": 1690807120, "data": [{"account": "0x5ce561e048d2cd64523D6316228F97bd2537F92f", "user_collateral_wo_looping": 0.7355613062511634, "user_debt_wo_looping": 1.5515005032889804}, {"account": "0x7e1a061ca70838e1E79BCcBee306a56746f9e2F8", "user_collateral_wo_looping": 0.004158769625480368, "user_debt_wo_looping": 0.005344292178438652}, {"account": "0x5420cFd7449ed4245936a71A761adF77Bd7D0071", "user_collateral_wo_looping": 0.007115524605267487, "user_debt_wo_looping": 0.007526373425736602}, {"account": "0x4F1fdB46D6B90b33896c79D390cC348Ec8B73B39", "user_collateral_wo_looping": 0.008028530854235102, "user_debt_wo_looping": 0.008180314125655634}]}