{"USDC": {"WXDAI": {"volume": 3063722.0044136047, "llc": 1.05}, "LINK": {"volume": 1476.8366813659668, "llc": 1.05}, "GNO": {"volume": 63465.60525894165, "llc": 1.05}, "WBTC": {"volume": 33901.73101425171, "llc": 1.05}, "WETH": {"volume": 3.0004728032232473, "llc": 1.05}, "FOX": {"volume": 3384.183406829834, "llc": 1.05}, "USDT": {"volume": 3577751.946926117, "llc": 1.05}, "EURe": {"volume": 1288935.8763694763, "llc": 1.05}, "wstETH": {"volume": 3.0004728032232473, "llc": 1.05}}, "WXDAI": {"USDC": {"volume": 2812905.910015106, "llc": 1.05}, "LINK": {"volume": 1476.8366813659668, "llc": 1.05}, "GNO": {"volume": 62511.93189620972, "llc": 1.05}, "WBTC": {"volume": 34855.40437698364, "llc": 1.05}, "WETH": {"volume": 60672, "llc": 1.05}, "FOX": {"volume": 3384.183406829834, "llc": 1.05}, "USDT": {"volume": 3576798.273563385, "llc": 1.05}, "EURe": {"volume": 1289889.5497322083, "llc": 1.05}, "wstETH": {"volume": 60672, "llc": 1.05}}, "LINK": {"USDC": {"volume": 4337.856769561768, "llc": 1.2}, "WXDAI": {"volume": 4337.856769561768, "llc": 1.2}, "GNO": {"volume": 4337.856769561768, "llc": 1.2}, "WBTC": {"volume": 4337.856769561768, "llc": 1.2}, "WETH": {"volume": 4337.856769561768, "llc": 1.2}, "FOX": {"volume": 3384.183406829834, "llc": 1.2}, "USDT": {"volume": 4337.856769561768, "llc": 1.2}, "EURe": {"volume": 4337.856769561768, "llc": 1.2}, "wstETH": {"volume": 4337.856769561768, "llc": 1.2}}, "GNO": {"USDC": {"volume": 123547.02711105347, "llc": 1.1}, "WXDAI": {"volume": 124500.7004737854, "llc": 1.1}, "LINK": {"volume": 2430.5100440979004, "llc": 1.1}, "WBTC": {"volume": 60604.58517074585, "llc": 1.1}, "WETH": {"volume": 381038.83504867554, "llc": 1.1}, "FOX": {"volume": 4337.856769561768, "llc": 1.1}, "USDT": {"volume": 124500.7004737854, "llc": 1.1}, "EURe": {"volume": 123547.02711105347, "llc": 1.1}, "wstETH": {"volume": 381038.83504867554, "llc": 1.1}}, "WBTC": {"USDC": {"volume": 62511.93189620972, "llc": 1.1}, "WXDAI": {"volume": 67280.29870986938, "llc": 1.1}, "LINK": {"volume": 2430.5100440979004, "llc": 1.1}, "GNO": {"volume": 73002.33888626099, "llc": 1.1}, "WETH": {"volume": 124500.7004737854, "llc": 1.1}, "FOX": {"volume": 4337.856769561768, "llc": 1.1}, "USDT": {"volume": 55836.21835708618, "llc": 1.1}, "EURe": {"volume": 55836.21835708618, "llc": 1.1}, "wstETH": {"volume": 124500.7004737854, "llc": 1.1}}, "WETH": {"USDC": {"volume": 61047.13399200742, "llc": 1.05}, "WXDAI": {"volume": 61047.13399200742, "llc": 1.05}, "LINK": {"volume": 1476.8366813659668, "llc": 1.05}, "GNO": {"volume": 189350.48913955688, "llc": 1.05}, "WBTC": {"volume": 62511.93189620972, "llc": 1.05}, "FOX": {"volume": 2430.5100440979004, "llc": 1.05}, "USDT": {"volume": 61047.13399200742, "llc": 1.05}, "EURe": {"volume": 34855.40437698364, "llc": 1.05}, "wstETH": {"volume": 2453535.576090985, "llc": 1.05}}, "FOX": {"USDC": {"volume": 5291.530132293701, "llc": 1.1}, "WXDAI": {"volume": 5291.530132293701, "llc": 1.1}, "LINK": {"volume": 2430.5100440979004, "llc": 1.1}, "GNO": {"volume": 5291.530132293701, "llc": 1.1}, "WBTC": {"volume": 4337.856769561768, "llc": 1.1}, "WETH": {"volume": 4337.856769561768, "llc": 1.1}, "USDT": {"volume": 5291.530132293701, "llc": 1.1}, "EURe": {"volume": 5291.530132293701, "llc": 1.1}, "wstETH": {"volume": 4337.856769561768, "llc": 1.1}}, "USDT": {"USDC": {"volume": 2741380.407810211, "llc": 1.05}, "WXDAI": {"volume": 2980752.4218559265, "llc": 1.05}, "LINK": {"volume": 1476.8366813659668, "llc": 1.05}, "GNO": {"volume": 63465.60525894165, "llc": 1.05}, "WBTC": {"volume": 33901.73101425171, "llc": 1.05}, "WETH": {"volume": 3.0004012136502896, "llc": 1.05}, "FOX": {"volume": 3384.183406829834, "llc": 1.05}, "EURe": {"volume": 1351878.318309784, "llc": 1.05}, "wstETH": {"volume": 3.0004012136502896, "llc": 1.05}}, "EURe": {"USDC": {"volume": 2221628.4251213074, "llc": 1.15}, "WXDAI": {"volume": 2223535.7718467712, "llc": 1.15}, "LINK": {"volume": 3384.183406829834, "llc": 1.15}, "GNO": {"volume": 188396.81577682495, "llc": 1.15}, "WBTC": {"volume": 71094.99216079712, "llc": 1.15}, "WETH": {"volume": 111149.27339553833, "llc": 1.15}, "FOX": {"volume": 6245.203495025635, "llc": 1.15}, "USDT": {"volume": 2226396.791934967, "llc": 1.15}, "wstETH": {"volume": 111149.27339553833, "llc": 1.15}}, "wstETH": {"USDC": {"volume": 61047.13399200742, "llc": 1.05}, "WXDAI": {"volume": 61047.13399200742, "llc": 1.05}, "LINK": {"volume": 1476.8366813659668, "llc": 1.05}, "GNO": {"volume": 189350.48913955688, "llc": 1.05}, "WBTC": {"volume": 62511.93189620972, "llc": 1.05}, "WETH": {"volume": 2758273.931797586, "llc": 1.1}, "FOX": {"volume": 2430.5100440979004, "llc": 1.05}, "USDT": {"volume": 61047.13399200742, "llc": 1.05}, "EURe": {"volume": 34855.40437698364, "llc": 1.05}}, "json_time": 1690807120}