{"json_time": 1677161146, "ETH": {"oracle": 1658.8638698, "cex_price": 1655.5349999999999, "dex_price": 1656.8477082246611}, "BNB|bsc": {"oracle": 309.952080066, "cex_price": 309.25, "dex_price": 309.2668592886905}, "WBTC|eth": {"oracle": 24059.255685, "cex_price": 23940.86, "dex_price": 36394.884376358306}, "pCKB": {"oracle": 0.006084455, "cex_price": 0.00595, "dex_price": 0.0060774532403024975}, "USDC": {"oracle": 0.999999995, "cex_price": 1, "dex_price": 1}, "USDT": {"oracle": 1.00015, "cex_price": 1, "dex_price": 1.0005336503017719}}