{"json_time": 1665173750, "glp_data": {"liquidTreasury": 245451475.22687453, "treasuryUtilization": 0.3701224404478875, "liquidStableTreasury": 116282654.58112496, "stableTreasuryUtilization": 0.3950390682020589, "liquidSolidAssetTreasury": 118055695.6113056, "solidTreasuryUtilization": 0.3522707962202425}}