{"json_time": 1686726646, "ETH-VST": {"series_std_ratio": 1.0, "volume_for_slippage_10_percentss": [30229.98443812132], "trade_every": 1800, "collaterals": [508, 3616, 6724, 9832, 12941, 16049, 19157, 22265, 25373, 28481, 31589, 34697, 37805, 40913, 44021, 47129, 50237, 53345, 56453, 59561, 62669, 65777, 68885, 71993, 75101, 78209, 81317, 84425, 87533, 90641, 18750.0], "liquidation_incentives": [0.10000000000000009], "stability_pool_initial_balances": [0.12978209479928973, 0.06489104739964487, 0.25956418959857946], "share_institutionals": [0.4482189207104985, 0.22410946035524926, 0.896437841420997, 1], "recovery_halflife_retails": [3.3333333333333335], "price_recovery_times": [0], "l_factors": [0.25, 0.5, 1, 1.5, 2], "json_time": 1686729907.412044, "current_debt": 508.88373317202786}, "gOHM-VST": {"series_std_ratio": 0.5718399563684763, "volume_for_slippage_10_percentss": [225.63230901956558], "trade_every": 1800, "collaterals": [2668, 3048, 3428, 3808, 4188, 4567, 4947, 5327, 5707, 6086, 6466, 6846, 7226, 7606, 7985, 8365, 8745, 9125, 9505, 9884, 10264, 10644, 11024, 11403, 11783, 12163, 12543, 12923, 13302, 13682, 2812.5], "liquidation_incentives": [0.1499999999999999], "stability_pool_initial_balances": [0.020361596934326494, 0.010180798467163247, 0.04072319386865299], "share_institutionals": [0.49603445070823027, 0.24801722535411513, 0.9920689014164605, 1], "recovery_halflife_retails": [3.3333333333333335], "price_recovery_times": [0], "l_factors": [0.25, 0.5, 1, 1.5, 2], "json_time": 1686729907.412044, "current_debt": 2668.873248724464}, "DPX-VST": {"series_std_ratio": 2.2756095294666916, "volume_for_slippage_10_percentss": [275.7001605629921], "trade_every": 1800, "collaterals": [381, 473, 564, 655, 747, 838, 930, 1021, 1113, 1204, 1296, 1387, 1478, 1570, 1661, 1753, 1844, 1936, 2027, 2119, 2210, 2301, 2393, 2484, 2576, 2667, 2759, 2850, 2942, 3033, 625.0], "liquidation_incentives": [0.1499999999999999], "stability_pool_initial_balances": [0.014580764987702763, 0.007290382493851381, 0.029161529975405526], "share_institutionals": [0.9075696780467802, 0.4537848390233901, 1, 1], "recovery_halflife_retails": [3.3333333333333335], "price_recovery_times": [2], "l_factors": [0.25, 0.5, 1, 1.5, 2], "json_time": 1686729907.412044, "current_debt": 381.6382660172481}, "GMX-VST": {"series_std_ratio": 2.0308729755116706, "volume_for_slippage_10_percentss": [3016.3189867138863], "trade_every": 1800, "collaterals": [132, 544, 957, 1369, 1781, 2193, 2606, 3018, 3430, 3842, 4255, 4667, 5079, 5491, 5904, 6316, 6728, 7140, 7553, 7965, 8377, 8789, 9202, 9614, 10026, 10438, 10851, 11263, 11675, 12087, 2500.0], "liquidation_incentives": [0.1499999999999999], "stability_pool_initial_balances": [0.3174236929088994, 0.1587118464544497, 0.6348473858177988], "share_institutionals": [0.17222190833351053, 0.08611095416675527, 0.34444381666702106, 1], "recovery_halflife_retails": [3.3333333333333335], "price_recovery_times": [0], "l_factors": [0.25, 0.5, 1, 1.5, 2], "json_time": 1686729907.412044, "current_debt": 132.75501347881783}, "sGLP-VST": {"series_std_ratio": 0.6132330529291525, "volume_for_slippage_10_percentss": [32322.105377614498], "trade_every": 1800, "collaterals": [324, 365, 406, 447, 489, 530, 571, 613, 654, 695, 736, 778, 819, 860, 902, 943, 984, 1025, 1067, 1108, 1149, 1190, 1232, 1273, 1314, 1356, 1397, 1438, 1479, 1521, 312.5], "liquidation_incentives": [0.10000000000000009], "stability_pool_initial_balances": [0.000865006869642037, 0.0004325034348210185, 0.001730013739284074], "share_institutionals": [0.0, 0.0, 0.0, 1], "recovery_halflife_retails": [3.3333333333333335], "price_recovery_times": [0], "l_factors": [0.25, 0.5, 1, 1.5, 2], "json_time": 1686729907.412044, "current_debt": 324.10042912131667}}