{"USDC": {"WXDAI": {"volume": 4242462.280750275, "llc": 1.05}, "LINK": {"volume": 1476.8366813659668, "llc": 1.05}, "GNO": {"volume": 24364.997386932373, "llc": 1.05}, "WBTC": {"volume": 7198.876857757568, "llc": 1.05}, "WETH": {"volume": 8203.125, "llc": 1.05}, "FOX": {"volume": 3384.183406829834, "llc": 1.05}, "USDT": {"volume": 3830475.3880500793, "llc": 1.05}, "EURe": {"volume": 2502008.393764496, "llc": 1.05}, "wstETH": {"volume": 8203.125, "llc": 1.05}}, "WXDAI": {"USDC": {"volume": 3327889.5258903503, "llc": 1.05}, "LINK": {"volume": 1476.8366813659668, "llc": 1.05}, "GNO": {"volume": 24364.997386932373, "llc": 1.05}, "WBTC": {"volume": 9106.223583221436, "llc": 1.05}, "WETH": {"volume": 12109.375, "llc": 1.05}, "FOX": {"volume": 3384.183406829834, "llc": 1.05}, "USDT": {"volume": 3826660.6945991516, "llc": 1.05}, "EURe": {"volume": 2492471.6601371765, "llc": 1.05}, "wstETH": {"volume": 12109.375, "llc": 1.05}}, "LINK": {"USDC": {"volume": 4337.856769561768, "llc": 1.2}, "WXDAI": {"volume": 4337.856769561768, "llc": 1.2}, "GNO": {"volume": 4337.856769561768, "llc": 1.2}, "WBTC": {"volume": 4337.856769561768, "llc": 1.2}, "WETH": {"volume": 4337.856769561768, "llc": 1.2}, "FOX": {"volume": 3384.183406829834, "llc": 1.2}, "USDT": {"volume": 4337.856769561768, "llc": 1.2}, "EURe": {"volume": 3384.183406829834, "llc": 1.2}, "wstETH": {"volume": 4337.856769561768, "llc": 1.2}}, "GNO": {"USDC": {"volume": 47253.15809249878, "llc": 1.1}, "WXDAI": {"volume": 47253.15809249878, "llc": 1.1}, "LINK": {"volume": 2430.5100440979004, "llc": 1.1}, "WBTC": {"volume": 47253.15809249878, "llc": 1.1}, "WETH": {"volume": 186489.46905136108, "llc": 1.1}, "FOX": {"volume": 5291.530132293701, "llc": 1.1}, "USDT": {"volume": 47253.15809249878, "llc": 1.1}, "EURe": {"volume": 42484.79127883911, "llc": 1.1}, "wstETH": {"volume": 186489.46905136108, "llc": 1.1}}, "WBTC": {"USDC": {"volume": 13874.590396881104, "llc": 1.1}, "WXDAI": {"volume": 13874.590396881104, "llc": 1.1}, "LINK": {"volume": 2430.5100440979004, "llc": 1.1}, "GNO": {"volume": 51067.851543426514, "llc": 1.1}, "WETH": {"volume": 69187.64543533325, "llc": 1.1}, "FOX": {"volume": 4337.856769561768, "llc": 1.1}, "USDT": {"volume": 13874.590396881104, "llc": 1.1}, "EURe": {"volume": 11967.243671417236, "llc": 1.1}, "wstETH": {"volume": 69187.64543533325, "llc": 1.1}}, "WETH": {"USDC": {"volume": 11013.570308685303, "llc": 1.05}, "WXDAI": {"volume": 11013.570308685303, "llc": 1.05}, "LINK": {"volume": 1476.8366813659668, "llc": 1.05}, "GNO": {"volume": 93983.15286636353, "llc": 1.05}, "WBTC": {"volume": 34855.40437698364, "llc": 1.05}, "FOX": {"volume": 3384.183406829834, "llc": 1.05}, "USDT": {"volume": 11013.570308685303, "llc": 1.05}, "EURe": {"volume": 11013.570308685303, "llc": 1.05}, "wstETH": {"volume": 4725974.675655365, "llc": 1.05}}, "FOX": {"USDC": {"volume": 6245.203495025635, "llc": 1.1}, "WXDAI": {"volume": 6245.203495025635, "llc": 1.1}, "LINK": {"volume": 2430.5100440979004, "llc": 1.1}, "GNO": {"volume": 5291.530132293701, "llc": 1.1}, "WBTC": {"volume": 5291.530132293701, "llc": 1.1}, "WETH": {"volume": 5291.530132293701, "llc": 1.1}, "USDT": {"volume": 6245.203495025635, "llc": 1.1}, "EURe": {"volume": 5291.530132293701, "llc": 1.1}, "wstETH": {"volume": 5291.530132293701, "llc": 1.1}}, "USDT": {"USDC": {"volume": 3253503.0035972595, "llc": 1.05}, "WXDAI": {"volume": 4169983.1051826477, "llc": 1.05}, "LINK": {"volume": 1476.8366813659668, "llc": 1.05}, "GNO": {"volume": 24364.997386932373, "llc": 1.05}, "WBTC": {"volume": 7198.876857757568, "llc": 1.05}, "WETH": {"volume": 8203.125, "llc": 1.05}, "FOX": {"volume": 3384.183406829834, "llc": 1.05}, "EURe": {"volume": 2496286.3535881042, "llc": 1.05}, "wstETH": {"volume": 8203.125, "llc": 1.05}}, "EURe": {"USDC": {"volume": 2330347.188472748, "llc": 1.15}, "WXDAI": {"volume": 2335115.5552864075, "llc": 1.15}, "LINK": {"volume": 3384.183406829834, "llc": 1.15}, "GNO": {"volume": 55836.21835708618, "llc": 1.15}, "WBTC": {"volume": 19596.630573272705, "llc": 1.15}, "WETH": {"volume": 23411.32402420044, "llc": 1.15}, "FOX": {"volume": 8152.550220489502, "llc": 1.15}, "USDT": {"volume": 2333208.2085609436, "llc": 1.15}, "wstETH": {"volume": 23411.32402420044, "llc": 1.15}}, "wstETH": {"USDC": {"volume": 11013.570308685303, "llc": 1.05}, "WXDAI": {"volume": 11013.570308685303, "llc": 1.05}, "LINK": {"volume": 1476.8366813659668, "llc": 1.05}, "GNO": {"volume": 93983.15286636353, "llc": 1.05}, "WBTC": {"volume": 34855.40437698364, "llc": 1.05}, "WETH": {"volume": 5283398.47442878, "llc": 1.1}, "FOX": {"volume": 3384.183406829834, "llc": 1.05}, "USDT": {"volume": 11013.570308685303, "llc": 1.05}, "EURe": {"volume": 11013.570308685303, "llc": 1.05}}, "json_time": 1695408880}