{"json_time": 1689152676, "VST": {"oracle": 0.9939975914862663, "cex_price": 1, "dex_price": 1}, "ETH": {"oracle": 1887.98, "cex_price": 1887.6550000000002, "dex_price": 1888.406014693389}, "gOHM": {"oracle": 2872.6932465633004, "cex_price": "NaN", "dex_price": 2927.4828053097494}, "GMX": {"oracle": 55.86503914437213, "cex_price": "NaN", "dex_price": 55.980850941335106}, "DPX": {"oracle": 123.41453997, "cex_price": "NaN", "dex_price": 123.79559741482352}, "sGLP": {"oracle": 1.0098298276467776, "cex_price": "NaN", "dex_price": "NaN"}}