{"json_time": 1692799563, "stabilityPoolVstBalance": {"ETH": 49465.78129274812, "gOHM": 70481.84441997038, "GMX": 81926.04510615279, "DPX": 0.0, "sGLP": 576.365248287812}, "stabilityPoolGemBalance": {"ETH": 17203.78894059311, "gOHM": 11261.033025824325, "GMX": 13353.017490659784, "DPX": 7313.071682957355, "sGLP": 0.0}, "bprotocolBalance": {"ETH": 4885.123446506084, "gOHM": 41763.017055078526, "DPX": 0.0, "GMX": 74574.21385136941, "sGLP": 0.0}, "bprotocolGemBalance": {"ETH": 0.015563441164030752, "gOHM": 0.0, "DPX": 0.11910192561432548, "GMX": 5.3140182006197065, "sGLP": 0.0}}