{"json_time": 1681469995, "USDC": {"oracle": 1.0000357584300499, "cex_price": 1, "dex_price": 1}, "WXDAI": {"oracle": 1.0, "cex_price": 1, "dex_price": 1.0000106344014015}, "LINK": {"oracle": 7.804839991027885, "cex_price": 7.8165, "dex_price": 8.293719918162374}, "GNO": {"oracle": 124.05824673166698, "cex_price": 123.85, "dex_price": 123.56955972567884}, "WBTC": {"oracle": 30891.912685415587, "cex_price": 30783.985, "dex_price": 31004.387120777592}, "WETH": {"oracle": 2117.939304190963, "cex_price": 2114.915, "dex_price": 2128.2806369930845}, "FOX": {"oracle": 0.0362841939987352, "cex_price": 0.0364, "dex_price": 0.03660818918802489}, "USDT": {"oracle": 1.0012360413967594, "cex_price": 1, "dex_price": 1.0007486390411453}, "EURe": {"oracle": 1.1046104119046065, "cex_price": 1.10115, "dex_price": 1.090755427220335}}