{"json_time": 1696701960, "data": [{"account": "0x5420cFd7449ed4245936a71A761adF77Bd7D0071", "user_collateral_wo_looping": 0.007121473007539962, "user_debt_wo_looping": 0.00726686369104148}]}