{"json_time": 1694979171, "glp_data": {"liquidTreasury": 334549337.9885663, "treasuryUtilization": 0.16445614066120665, "liquidStableTreasury": 132236689.6426779, "stableTreasuryUtilization": 0.07409032911046128, "liquidSolidAssetTreasury": 180977569.6285918, "solidTreasuryUtilization": 0.224444490530634}}