{"json_time": 1675794585, "ETH-VST": {"series_std_ratio": 1.0, "volume_for_slippage_10_percentss": [8279.999903142452], "trade_every": 1800, "collaterals": [289, 3405, 6520, 9635, 12751, 15866, 18981, 22097, 25212, 28327, 31443, 34558, 37673, 40789, 43904, 47019, 50135, 53250, 56365, 59481, 62596, 65711, 68827, 71942, 75057, 78173, 81288, 84403, 87519, 90634, 18750.0], "liquidation_incentives": [0.10000000000000009], "stability_pool_initial_balances": [1.5880397167887879, 0.7940198583943939, 3.1760794335775757], "share_institutionals": [0.17002339882834047, 0.08501169941417024, 0.34004679765668094, 1], "recovery_halflife_retails": [3.3333333333333335], "price_recovery_times": [0], "l_factors": [0.25, 0.5, 1, 1.5, 2], "json_time": 1675794947.7096863, "current_debt": 289.71508287992043}, "gOHM-VST": {"series_std_ratio": 0.5718399563684763, "volume_for_slippage_10_percentss": [226.22835487127304], "trade_every": 1800, "collaterals": [3397, 3909, 4420, 4932, 5444, 5956, 6467, 6979, 7491, 8003, 8514, 9026, 9538, 10050, 10561, 11073, 11585, 12097, 12608, 13120, 13632, 14144, 14655, 15167, 15679, 16191, 16702, 17214, 17726, 18238, 3750.0], "liquidation_incentives": [0.1499999999999999], "stability_pool_initial_balances": [0.1828854925956357, 0.09144274629781785, 0.3657709851912714], "share_institutionals": [0.0026368164093223743, 0.0013184082046611872, 0.005273632818644749, 1], "recovery_halflife_retails": [3.3333333333333335], "price_recovery_times": [0], "l_factors": [0.25, 0.5, 1, 1.5, 2], "json_time": 1675794947.7096863, "current_debt": 3397.2462899319607}, "DPX-VST": {"series_std_ratio": 2.2756095294666916, "volume_for_slippage_10_percentss": [506.965951025486], "trade_every": 1800, "collaterals": [421, 824, 1226, 1629, 2032, 2434, 2837, 3239, 3642, 4045, 4447, 4850, 5252, 5655, 6058, 6460, 6863, 7266, 7668, 8071, 8473, 8876, 9279, 9681, 10084, 10486, 10889, 11292, 11694, 12097, 2500.0], "liquidation_incentives": [0.1499999999999999], "stability_pool_initial_balances": [0.10181111869310934, 0.05090555934655467, 0.20362223738621868], "share_institutionals": [0.030525265640453304, 0.015262632820226652, 0.06105053128090661, 1], "recovery_halflife_retails": [3.3333333333333335], "price_recovery_times": [2], "l_factors": [0.25, 0.5, 1, 1.5, 2], "json_time": 1675794947.7096863, "current_debt": 421.6419349971937}, "GMX-VST": {"series_std_ratio": 2.0308729755116706, "volume_for_slippage_10_percentss": [2247.419838011265], "trade_every": 1800, "collaterals": [36, 452, 867, 1282, 1698, 2113, 2529, 2944, 3360, 3775, 4191, 4606, 5021, 5437, 5852, 6268, 6683, 7099, 7514, 7930, 8345, 8760, 9176, 9591, 10007, 10422, 10838, 11253, 11669, 12084, 2500.0], "liquidation_incentives": [0.1499999999999999], "stability_pool_initial_balances": [0.7221818600917754, 0.3610909300458877, 1.4443637201835509], "share_institutionals": [0.013850152452629376, 0.006925076226314688, 0.027700304905258752, 1], "recovery_halflife_retails": [3.3333333333333335], "price_recovery_times": [0], "l_factors": [0.25, 0.5, 1, 1.5, 2], "json_time": 1675794947.7096863, "current_debt": 36.60635509409301}, "sGLP-VST": {"series_std_ratio": 0.6132330529291525, "volume_for_slippage_10_percentss": [8278.807811439037], "trade_every": 1800, "collaterals": [1521, 2199, 2877, 3556, 4234, 4913, 5591, 6270, 6948, 7627, 8305, 8984, 9662, 10341, 11019, 11698, 12376, 13054, 13733, 14411, 15090, 15768, 16447, 17125, 17804, 18482, 19161, 19839, 20518, 21196, 4375.0], "liquidation_incentives": [0.10000000000000009], "stability_pool_initial_balances": [0.5899739859192825, 0.29498699295964126, 1.179947971838565], "share_institutionals": [0.0, 0.0, 0.0, 1], "recovery_halflife_retails": [3.3333333333333335], "price_recovery_times": [0], "l_factors": [0.25, 0.5, 1, 1.5, 2], "json_time": 1675794947.7096863, "current_debt": 1521.0181889563855}}