{"USDC": {"WXDAI": {"volume": 4018349.0405082703, "llc": 1.05}, "LINK": {"volume": 1476.8366813659668, "llc": 1.05}, "GNO": {"volume": 65372.95198440552, "llc": 1.05}, "WBTC": {"volume": 26272.34411239624, "llc": 1.05}, "WETH": {"volume": 43774.952043430305, "llc": 1.05}, "FOX": {"volume": 3384.183406829834, "llc": 1.05}, "USDT": {"volume": 3388924.621105194, "llc": 1.05}, "EURe": {"volume": 2088114.1543388367, "llc": 1.05}, "wstETH": {"volume": 43774.952043430305, "llc": 1.05}}, "WXDAI": {"USDC": {"volume": 3636879.695415497, "llc": 1.05}, "LINK": {"volume": 1476.8366813659668, "llc": 1.05}, "GNO": {"volume": 65372.95198440552, "llc": 1.05}, "WBTC": {"volume": 26272.34411239624, "llc": 1.05}, "WETH": {"volume": 48896, "llc": 1.05}, "FOX": {"volume": 3384.183406829834, "llc": 1.05}, "USDT": {"volume": 3387017.27437973, "llc": 1.05}, "EURe": {"volume": 2088114.1543388367, "llc": 1.05}, "wstETH": {"volume": 48896, "llc": 1.05}}, "LINK": {"USDC": {"volume": 4337.856769561768, "llc": 1.2}, "WXDAI": {"volume": 4337.856769561768, "llc": 1.2}, "GNO": {"volume": 4337.856769561768, "llc": 1.2}, "WBTC": {"volume": 4337.856769561768, "llc": 1.2}, "WETH": {"volume": 4337.856769561768, "llc": 1.2}, "FOX": {"volume": 3384.183406829834, "llc": 1.2}, "USDT": {"volume": 4337.856769561768, "llc": 1.2}, "EURe": {"volume": 4337.856769561768, "llc": 1.2}, "wstETH": {"volume": 4337.856769561768, "llc": 1.2}}, "GNO": {"USDC": {"volume": 127361.7205619812, "llc": 1.1}, "WXDAI": {"volume": 128315.39392471313, "llc": 1.1}, "LINK": {"volume": 2430.5100440979004, "llc": 1.1}, "WBTC": {"volume": 60604.58517074585, "llc": 1.1}, "WETH": {"volume": 396297.6088523865, "llc": 1.1}, "FOX": {"volume": 4337.856769561768, "llc": 1.1}, "USDT": {"volume": 127361.7205619812, "llc": 1.1}, "EURe": {"volume": 127361.7205619812, "llc": 1.1}, "wstETH": {"volume": 396297.6088523865, "llc": 1.1}}, "WBTC": {"USDC": {"volume": 47253.15809249878, "llc": 1.1}, "WXDAI": {"volume": 52021.52490615845, "llc": 1.1}, "LINK": {"volume": 2430.5100440979004, "llc": 1.1}, "GNO": {"volume": 71094.99216079712, "llc": 1.1}, "WETH": {"volume": 111149.27339553833, "llc": 1.1}, "FOX": {"volume": 4337.856769561768, "llc": 1.1}, "USDT": {"volume": 39623.77119064331, "llc": 1.1}, "EURe": {"volume": 39623.77119064331, "llc": 1.1}, "wstETH": {"volume": 111149.27339553833, "llc": 1.1}}, "WETH": {"USDC": {"volume": 63656.767386071944, "llc": 1.05}, "WXDAI": {"volume": 63656.767386071944, "llc": 1.05}, "LINK": {"volume": 1476.8366813659668, "llc": 1.05}, "GNO": {"volume": 198887.22276687622, "llc": 1.05}, "WBTC": {"volume": 54882.54499435425, "llc": 1.05}, "FOX": {"volume": 2430.5100440979004, "llc": 1.05}, "USDT": {"volume": 62713.70416553754, "llc": 1.05}, "EURe": {"volume": 27226.017475128174, "llc": 1.05}, "wstETH": {"volume": 2136509.7261206815, "llc": 1.05}}, "FOX": {"USDC": {"volume": 5291.530132293701, "llc": 1.1}, "WXDAI": {"volume": 5291.530132293701, "llc": 1.1}, "LINK": {"volume": 2430.5100440979004, "llc": 1.1}, "GNO": {"volume": 4337.856769561768, "llc": 1.1}, "WBTC": {"volume": 4337.856769561768, "llc": 1.1}, "WETH": {"volume": 4337.856769561768, "llc": 1.1}, "USDT": {"volume": 5291.530132293701, "llc": 1.1}, "EURe": {"volume": 4337.856769561768, "llc": 1.1}, "wstETH": {"volume": 4337.856769561768, "llc": 1.1}}, "USDT": {"USDC": {"volume": 3555817.4595832825, "llc": 1.05}, "WXDAI": {"volume": 3928703.7444114685, "llc": 1.05}, "LINK": {"volume": 1476.8366813659668, "llc": 1.05}, "GNO": {"volume": 65372.95198440552, "llc": 1.05}, "WBTC": {"volume": 26272.34411239624, "llc": 1.05}, "WETH": {"volume": 43776.43336549875, "llc": 1.05}, "FOX": {"volume": 3384.183406829834, "llc": 1.05}, "EURe": {"volume": 2088114.1543388367, "llc": 1.05}, "wstETH": {"volume": 43776.43336549875, "llc": 1.05}}, "EURe": {"USDC": {"volume": 1748606.4372062683, "llc": 1.15}, "WXDAI": {"volume": 1749560.1105690002, "llc": 1.15}, "LINK": {"volume": 3384.183406829834, "llc": 1.15}, "GNO": {"volume": 125454.37383651733, "llc": 1.15}, "WBTC": {"volume": 58697.23844528198, "llc": 1.15}, "WETH": {"volume": 114963.96684646606, "llc": 1.15}, "FOX": {"volume": 6245.203495025635, "llc": 1.15}, "USDT": {"volume": 1748606.4372062683, "llc": 1.15}, "wstETH": {"volume": 114963.96684646606, "llc": 1.15}}, "wstETH": {"USDC": {"volume": 63656.767386071944, "llc": 1.05}, "WXDAI": {"volume": 63656.767386071944, "llc": 1.05}, "LINK": {"volume": 1476.8366813659668, "llc": 1.05}, "GNO": {"volume": 198887.22276687622, "llc": 1.05}, "WBTC": {"volume": 54882.54499435425, "llc": 1.05}, "WETH": {"volume": 2684572.1099214647, "llc": 1.1}, "FOX": {"volume": 2430.5100440979004, "llc": 1.05}, "USDT": {"volume": 62713.70416553754, "llc": 1.05}, "EURe": {"volume": 27226.017475128174, "llc": 1.05}}, "json_time": 1690028570}