{"json_time": 1682194542, "ETH": {"oracle": 1874.437378, "cex_price": 1872.565, "dex_price": 1885.2142813718754}, "BNB|bsc": {"oracle": 330.192752019, "cex_price": 330.45, "dex_price": 327.156151676193}, "WBTC|eth": {"oracle": 27657.497576438, "cex_price": 27669.815000000002, "dex_price": 28799.044387532856}, "pCKB": {"oracle": 0.003856929, "cex_price": 0.003855, "dex_price": 0.0038579369979710254}, "USDC": {"oracle": 1.00014999, "cex_price": 1, "dex_price": 1}, "USDT": {"oracle": 1.0002, "cex_price": 1, "dex_price": 0.9991032270555819}}