{"ETH": {"BNB|bsc": {"volume": 10059.89694595337, "llc": 1.1}, "WBTC|eth": {"volume": 3384.183406829834, "llc": 1.1}, "pCKB": {"volume": 26272.34411239624, "llc": 1.1}, "USDC": {"volume": 19596.630573272705, "llc": 1.1}, "USDT": {"volume": 19596.630573272705, "llc": 1.1}}, "BNB|bsc": {"ETH": {"volume": 10059.89694595337, "llc": 1.1}, "WBTC|eth": {"volume": 3384.183406829834, "llc": 1.1}, "pCKB": {"volume": 13874.590396881104, "llc": 1.1}, "USDC": {"volume": 11967.243671417236, "llc": 1.1}, "USDT": {"volume": 11967.243671417236, "llc": 1.1}}, "WBTC|eth": {"ETH": {"volume": 3384.183406829834, "llc": 1.1}, "BNB|bsc": {"volume": 3384.183406829834, "llc": 1.1}, "pCKB": {"volume": 3384.183406829834, "llc": 1.1}, "USDC": {"volume": 3384.183406829834, "llc": 1.1}, "USDT": {"volume": 3384.183406829834, "llc": 1.1}}, "pCKB": {"ETH": {"volume": 26272.34411239624, "llc": 1.1}, "BNB|bsc": {"volume": 13874.590396881104, "llc": 1.1}, "WBTC|eth": {"volume": 3384.183406829834, "llc": 1.1}, "USDC": {"volume": 72048.66552352905, "llc": 1.1}, "USDT": {"volume": 68233.97207260132, "llc": 1.1}}, "USDC": {"ETH": {"volume": 19596.630573272705, "llc": 1.1}, "BNB|bsc": {"volume": 11967.243671417236, "llc": 1.1}, "WBTC|eth": {"volume": 3384.183406829834, "llc": 1.1}, "pCKB": {"volume": 72048.66552352905, "llc": 1.1}, "USDT": {"volume": 90168.45941543579, "llc": 1.1}}, "USDT": {"ETH": {"volume": 19596.630573272705, "llc": 1.1}, "BNB|bsc": {"volume": 11967.243671417236, "llc": 1.1}, "WBTC|eth": {"volume": 3384.183406829834, "llc": 1.1}, "pCKB": {"volume": 57743.56508255005, "llc": 1.1}, "USDC": {"volume": 68233.97207260132, "llc": 1.1}}, "json_time": 1682194542}