{"USDC": {"WXDAI": {"volume": 2447649.0120887756, "llc": 1.05}, "LINK": {"volume": 1476.8366813659668, "llc": 1.05}, "GNO": {"volume": 23411.32402420044, "llc": 1.05}, "WBTC": {"volume": 6245.203495025635, "llc": 1.05}, "WETH": {"volume": 108203.07823082707, "llc": 1.05}, "FOX": {"volume": 3384.183406829834, "llc": 1.05}, "USDT": {"volume": 3181977.5013923645, "llc": 1.05}, "EURe": {"volume": 2072855.3805351257, "llc": 1.05}, "wstETH": {"volume": 96844.17295455933, "llc": 1.05}, "sDAI": {"volume": 2447649.0120887756, "llc": 1.05}}, "WXDAI": {"USDC": {"volume": 2706094.4933891296, "llc": 1.05}, "LINK": {"volume": 1476.8366813659668, "llc": 1.05}, "GNO": {"volume": 80631.72578811646, "llc": 1.05}, "WBTC": {"volume": 8152.550220489502, "llc": 1.05}, "WETH": {"volume": 116015.625, "llc": 1.05}, "FOX": {"volume": 3384.183406829834, "llc": 1.05}, "USDT": {"volume": 3182931.1747550964, "llc": 1.05}, "EURe": {"volume": 2071901.7071723938, "llc": 1.05}, "wstETH": {"volume": 98751.5196800232, "llc": 1.05}, "sDAI": {"volume": 100000000, "llc": 1}}, "LINK": {"USDC": {"volume": 4337.856769561768, "llc": 1.2}, "WXDAI": {"volume": 4337.856769561768, "llc": 1.2}, "GNO": {"volume": 4337.856769561768, "llc": 1.2}, "WBTC": {"volume": 4337.856769561768, "llc": 1.2}, "WETH": {"volume": 4337.856769561768, "llc": 1.2}, "FOX": {"volume": 3384.183406829834, "llc": 1.2}, "USDT": {"volume": 4337.856769561768, "llc": 1.2}, "EURe": {"volume": 3384.183406829834, "llc": 1.2}, "wstETH": {"volume": 3384.183406829834, "llc": 1.2}, "sDAI": {"volume": 4337.856769561768, "llc": 1.2}}, "GNO": {"USDC": {"volume": 46299.484729766846, "llc": 1.1}, "WXDAI": {"volume": 51067.851543426514, "llc": 1.1}, "LINK": {"volume": 2430.5100440979004, "llc": 1.1}, "WBTC": {"volume": 46299.484729766846, "llc": 1.1}, "WETH": {"volume": 173138.041973114, "llc": 1.1}, "FOX": {"volume": 5291.530132293701, "llc": 1.1}, "USDT": {"volume": 46299.484729766846, "llc": 1.1}, "EURe": {"volume": 42484.79127883911, "llc": 1.1}, "wstETH": {"volume": 482128.2114982605, "llc": 1.1}, "sDAI": {"volume": 51067.851543426514, "llc": 1.1}}, "WBTC": {"USDC": {"volume": 19596.630573272705, "llc": 1.1}, "WXDAI": {"volume": 23411.32402420044, "llc": 1.1}, "LINK": {"volume": 2430.5100440979004, "llc": 1.1}, "GNO": {"volume": 50114.17818069458, "llc": 1.1}, "WETH": {"volume": 73002.33888626099, "llc": 1.1}, "FOX": {"volume": 4337.856769561768, "llc": 1.1}, "USDT": {"volume": 14828.263759613037, "llc": 1.1}, "EURe": {"volume": 12920.91703414917, "llc": 1.1}, "wstETH": {"volume": 72048.66552352905, "llc": 1.1}, "sDAI": {"volume": 23411.32402420044, "llc": 1.1}}, "WETH": {"USDC": {"volume": 98879.36233724676, "llc": 1.05}, "WXDAI": {"volume": 101612.539768219, "llc": 1.05}, "LINK": {"volume": 1476.8366813659668, "llc": 1.05}, "GNO": {"volume": 85400.09260177612, "llc": 1.05}, "WBTC": {"volume": 36762.75110244751, "llc": 1.05}, "FOX": {"volume": 2430.5100440979004, "llc": 1.05}, "USDT": {"volume": 98103.83792675854, "llc": 1.05}, "EURe": {"volume": 11013.570308685303, "llc": 1.05}, "wstETH": {"volume": 4415077.159404755, "llc": 1.05}, "sDAI": {"volume": 101612.539768219, "llc": 1.05}}, "FOX": {"USDC": {"volume": 6245.203495025635, "llc": 1.1}, "WXDAI": {"volume": 6245.203495025635, "llc": 1.1}, "LINK": {"volume": 2430.5100440979004, "llc": 1.1}, "GNO": {"volume": 5291.530132293701, "llc": 1.1}, "WBTC": {"volume": 4337.856769561768, "llc": 1.1}, "WETH": {"volume": 5291.530132293701, "llc": 1.1}, "USDT": {"volume": 6245.203495025635, "llc": 1.1}, "EURe": {"volume": 5291.530132293701, "llc": 1.1}, "wstETH": {"volume": 3384.183406829834, "llc": 1.1}, "sDAI": {"volume": 6245.203495025635, "llc": 1.1}}, "USDT": {"USDC": {"volume": 2644105.724811554, "llc": 1.05}, "WXDAI": {"volume": 2390428.6103248596, "llc": 1.05}, "LINK": {"volume": 1476.8366813659668, "llc": 1.05}, "GNO": {"volume": 23411.32402420044, "llc": 1.05}, "WBTC": {"volume": 7198.876857757568, "llc": 1.05}, "WETH": {"volume": 108984.12073506607, "llc": 1.05}, "FOX": {"volume": 3384.183406829834, "llc": 1.05}, "EURe": {"volume": 2073809.0538978577, "llc": 1.05}, "wstETH": {"volume": 96844.17295455933, "llc": 1.05}, "sDAI": {"volume": 2390428.6103248596, "llc": 1.05}}, "EURe": {"USDC": {"volume": 2218767.4050331116, "llc": 1.15}, "WXDAI": {"volume": 2214952.711582184, "llc": 1.15}, "LINK": {"volume": 3384.183406829834, "llc": 1.15}, "GNO": {"volume": 53928.871631622314, "llc": 1.15}, "WBTC": {"volume": 16735.610485076904, "llc": 1.15}, "WETH": {"volume": 20550.30393600464, "llc": 1.15}, "FOX": {"volume": 7198.876857757568, "llc": 1.15}, "USDT": {"volume": 2220674.7517585754, "llc": 1.15}, "wstETH": {"volume": 268505.3782463074, "llc": 1.15}, "sDAI": {"volume": 2214952.711582184, "llc": 1.15}}, "wstETH": {"USDC": {"volume": 192211.5092277527, "llc": 1.1}, "WXDAI": {"volume": 201748.24285507202, "llc": 1.1}, "LINK": {"volume": 2430.5100440979004, "llc": 1.1}, "GNO": {"volume": 481174.53813552856, "llc": 1.1}, "WBTC": {"volume": 72048.66552352905, "llc": 1.1}, "WETH": {"volume": 5109961.26694127, "llc": 1.1}, "FOX": {"volume": 5291.530132293701, "llc": 1.1}, "USDT": {"volume": 192211.5092277527, "llc": 1.1}, "EURe": {"volume": 189350.48913955688, "llc": 1.1}, "sDAI": {"volume": 201748.24285507202, "llc": 1.1}}, "json_time": 1697204495, "sDAI": {"WXDAI": {"volume": 100000000, "llc": 1}, "USDC": {"volume": 2706094.4933891296, "llc": 1.05}, "LINK": {"volume": 1476.8366813659668, "llc": 1.05}, "GNO": {"volume": 80631.72578811646, "llc": 1.05}, "WBTC": {"volume": 8152.550220489502, "llc": 1.05}, "WETH": {"volume": 116015.625, "llc": 1.05}, "FOX": {"volume": 3384.183406829834, "llc": 1.05}, "USDT": {"volume": 3182931.1747550964, "llc": 1.05}, "EURe": {"volume": 2071901.7071723938, "llc": 1.05}, "wstETH": {"volume": 98751.5196800232, "llc": 1.05}}}