{"json_time": 1672784160, "auUSDC": {"oracle": 1.0, "cex_price": 1, "dex_price": 1}, "auETH": {"oracle": 1211.05203457, "cex_price": 1212.045, "dex_price": 1221.5654083373136}, "auWBTC": {"oracle": 16666.87572224, "cex_price": 16671.455, "dex_price": 16946.808712557722}, "auUSDT": {"oracle": 0.99964499, "cex_price": 1, "dex_price": 0.9995614374215241}, "auWNEAR": {"oracle": 1.3253509, "cex_price": 1.3225, "dex_price": 1.3254475631534932}, "auSTNEAR": {"oracle": 1.52882714, "cex_price": "NaN", "dex_price": 1.5465589910561783}}