{"json_time": 1672784160, "auETH-auUSDC": {"series_std_ratio": 1.0, "volume_for_slippage_10_percentss": [16.42021507024765], "trade_every": 1800, "collaterals": [1250, 2500, 3125, 4375, 5000, 6250, 6875, 8125, 7500, 625.0, 625.0], "liquidation_incentives": [0.10000000000000009], "stability_pool_initial_balances": [0], "share_institutionals": [0], "recovery_halflife_retails": [0], "price_recovery_times": [0], "l_factors": [0.25, 0.5, 1, 1.5, 2], "json_time": 1672787442.6972172, "current_debt": 104.29566890422177}, "auETH-auWBTC": {"series_std_ratio": 0.4395117777819672, "volume_for_slippage_10_percentss": [7.479527294635773], "trade_every": 1800, "collaterals": [1250, 625, 2500, 1875, 3125, 4375, 5000, 6250, 6875, 8125, 625.0, 625.0], "liquidation_incentives": [0.10000000000000009], "stability_pool_initial_balances": [0], "share_institutionals": [0], "recovery_halflife_retails": [0], "price_recovery_times": [0], "l_factors": [0.25, 0.5, 1, 1.5, 2], "json_time": 1672787442.6972172, "current_debt": 104.29566890422177}, "auETH-auUSDT": {"series_std_ratio": 1.0, "volume_for_slippage_10_percentss": [15.824169218540192], "trade_every": 1800, "collaterals": [1250, 2500, 3125, 4375, 5000, 6250, 6875, 8125, 7500, 625.0, 625.0], "liquidation_incentives": [0.10000000000000009], "stability_pool_initial_balances": [0], "share_institutionals": [0], "recovery_halflife_retails": [0], "price_recovery_times": [0], "l_factors": [0.25, 0.5, 1, 1.5, 2], "json_time": 1672787442.6972172, "current_debt": 104.29566890422177}, "auETH-auWNEAR": {"series_std_ratio": 1.184118683887115, "volume_for_slippage_10_percentss": [23.572765290737152], "trade_every": 1800, "collaterals": [1250, 625, 2500, 1875, 3125, 4375, 5000, 6250, 6875, 8125, 625.0, 625.0], "liquidation_incentives": [0.10000000000000009], "stability_pool_initial_balances": [0], "share_institutionals": [0], "recovery_halflife_retails": [0], "price_recovery_times": [0], "l_factors": [0.25, 0.5, 1, 1.5, 2], "json_time": 1672787442.6972172, "current_debt": 104.29566890422177}, "auETH-auSTNEAR": {"series_std_ratio": 1.184118683887115, "volume_for_slippage_10_percentss": [23.572765290737152], "trade_every": 1800, "collaterals": [1250, 625, 2500, 1875, 3125, 4375, 5000, 6250, 6875, 8125, 625.0, 625.0], "liquidation_incentives": [0.10000000000000009], "stability_pool_initial_balances": [0], "share_institutionals": [0], "recovery_halflife_retails": [0], "price_recovery_times": [0], "l_factors": [0.25, 0.5, 1, 1.5, 2], "json_time": 1672787442.6972172, "current_debt": 104.29566890422177}, "auWBTC-auUSDC": {"series_std_ratio": 0.760706293780634, "volume_for_slippage_10_percentss": [7.479527294635773], "trade_every": 1800, "collaterals": [625, 1250, 1875, 2500, 3125, 625.0, 625.0], "liquidation_incentives": [0.10000000000000009], "stability_pool_initial_balances": [0], "share_institutionals": [0], "recovery_halflife_retails": [0], "price_recovery_times": [0], "l_factors": [0.25, 0.5, 1, 1.5, 2], "json_time": 1672787442.6972172, "current_debt": 68.0189561946448}, "auWBTC-auETH": {"series_std_ratio": 0.4396477338745114, "volume_for_slippage_10_percentss": [7.479527294635773], "trade_every": 1800, "collaterals": [625, 1250, 1875, 2500, 3125, 625.0, 625.0], "liquidation_incentives": [0.10000000000000009], "stability_pool_initial_balances": [0], "share_institutionals": [0], "recovery_halflife_retails": [0], "price_recovery_times": [0], "l_factors": [0.25, 0.5, 1, 1.5, 2], "json_time": 1672787442.6972172, "current_debt": 68.0189561946448}, "auWBTC-auUSDT": {"series_std_ratio": 0.760706293780634, "volume_for_slippage_10_percentss": [6.883481442928314], "trade_every": 1800, "collaterals": [625, 1250, 1875, 2500, 3125, 625.0, 625.0], "liquidation_incentives": [0.10000000000000009], "stability_pool_initial_balances": [0], "share_institutionals": [0], "recovery_halflife_retails": [0], "price_recovery_times": [0], "l_factors": [0.25, 0.5, 1, 1.5, 2], "json_time": 1672787442.6972172, "current_debt": 68.0189561946448}, "auWBTC-auWNEAR": {"series_std_ratio": 1.2792098103887029, "volume_for_slippage_10_percentss": [8.67161899805069], "trade_every": 1800, "collaterals": [625, 1250, 1875, 2500, 3125, 625.0, 625.0], "liquidation_incentives": [0.10000000000000009], "stability_pool_initial_balances": [0], "share_institutionals": [0], "recovery_halflife_retails": [0], "price_recovery_times": [0], "l_factors": [0.25, 0.5, 1, 1.5, 2], "json_time": 1672787442.6972172, "current_debt": 68.0189561946448}, "auWBTC-auSTNEAR": {"series_std_ratio": 1.2792098103887029, "volume_for_slippage_10_percentss": [8.67161899805069], "trade_every": 1800, "collaterals": [625, 1250, 1875, 2500, 3125, 625.0, 625.0], "liquidation_incentives": [0.10000000000000009], "stability_pool_initial_balances": [0], "share_institutionals": [0], "recovery_halflife_retails": [0], "price_recovery_times": [0], "l_factors": [0.25, 0.5, 1, 1.5, 2], "json_time": 1672787442.6972172, "current_debt": 68.0189561946448}, "auWNEAR-auUSDC": {"series_std_ratio": 1.7465911126462959, "volume_for_slippage_10_percentss": [50.99087446928024], "trade_every": 1800, "collaterals": [625, 1250, 1875, 2500, 3125, 3750, 625.0, 625.0], "liquidation_incentives": [0.10000000000000009], "stability_pool_initial_balances": [0], "share_institutionals": [0], "recovery_halflife_retails": [0], "price_recovery_times": [0], "l_factors": [0.25, 0.5, 1, 1.5, 2], "json_time": 1672787442.6972172, "current_debt": 55.01868800824975}, "auWNEAR-auETH": {"series_std_ratio": 1.1824518260272128, "volume_for_slippage_10_percentss": [23.572765290737152], "trade_every": 1800, "collaterals": [625, 1250, 1875, 2500, 3125, 3750, 625.0, 625.0], "liquidation_incentives": [0.10000000000000009], "stability_pool_initial_balances": [0], "share_institutionals": [0], "recovery_halflife_retails": [0], "price_recovery_times": [0], "l_factors": [0.25, 0.5, 1, 1.5, 2], "json_time": 1672787442.6972172, "current_debt": 55.01868800824975}, "auWNEAR-auWBTC": {"series_std_ratio": 1.27690118691834, "volume_for_slippage_10_percentss": [8.67161899805069], "trade_every": 1800, "collaterals": [625, 1250, 1875, 2500, 3125, 3750, 625.0, 625.0], "liquidation_incentives": [0.10000000000000009], "stability_pool_initial_balances": [0], "share_institutionals": [0], "recovery_halflife_retails": [0], "price_recovery_times": [0], "l_factors": [0.25, 0.5, 1, 1.5, 2], "json_time": 1672787442.6972172, "current_debt": 55.01868800824975}, "auWNEAR-auUSDT": {"series_std_ratio": 1.7465911126462959, "volume_for_slippage_10_percentss": [50.99087446928024], "trade_every": 1800, "collaterals": [625, 1250, 1875, 2500, 3125, 3750, 625.0, 625.0], "liquidation_incentives": [0.10000000000000009], "stability_pool_initial_balances": [0], "share_institutionals": [0], "recovery_halflife_retails": [0], "price_recovery_times": [0], "l_factors": [0.25, 0.5, 1, 1.5, 2], "json_time": 1672787442.6972172, "current_debt": 55.01868800824975}, "auSTNEAR-auUSDC": {"series_std_ratio": 1.7465911126462959, "volume_for_slippage_10_percentss": [39.06995743513107], "trade_every": 1800, "collaterals": [625, 1250, 1875, 2500, 625.0, 625.0], "liquidation_incentives": [0.10000000000000009], "stability_pool_initial_balances": [0], "share_institutionals": [0], "recovery_halflife_retails": [0], "price_recovery_times": [0], "l_factors": [0.25, 0.5, 1, 1.5, 2], "json_time": 1672787442.6972172, "current_debt": 2.4768769919940605}, "auSTNEAR-auETH": {"series_std_ratio": 1.1824518260272128, "volume_for_slippage_10_percentss": [30.129269659519196], "trade_every": 1800, "collaterals": [625, 1250, 1875, 2500, 625.0, 625.0], "liquidation_incentives": [0.10000000000000009], "stability_pool_initial_balances": [0], "share_institutionals": [0], "recovery_halflife_retails": [0], "price_recovery_times": [0], "l_factors": [0.25, 0.5, 1, 1.5, 2], "json_time": 1672787442.6972172, "current_debt": 2.4768769919940605}, "auSTNEAR-auWBTC": {"series_std_ratio": 1.27690118691834, "volume_for_slippage_10_percentss": [11.651848256587982],