{"auUSDC": {"auETH": {"volume": 26272.34411239624, "llc": 1.1}, "auWBTC": {"volume": 11967.243671417236, "llc": 1.1}, "auUSDT": {"volume": 2483888.599872589, "llc": 1.1}, "auWNEAR": {"volume": 80631.72578811646, "llc": 1.1}, "auSTNEAR": {"volume": 60429.95036278, "llc": 1.1}}, "auETH": {"auUSDC": {"volume": 26272.34411239624, "llc": 1.1}, "auWBTC": {"volume": 11967.243671417236, "llc": 1.1}, "auUSDT": {"volume": 25318.670749664307, "llc": 1.1}, "auWNEAR": {"volume": 37716.42446517944, "llc": 1.1}, "auSTNEAR": {"volume": 37716.42446517944, "llc": 1.1}}, "auWBTC": {"auUSDC": {"volume": 11967.243671417236, "llc": 1.1}, "auETH": {"volume": 11967.243671417236, "llc": 1.1}, "auUSDT": {"volume": 11013.570308685303, "llc": 1.1}, "auWNEAR": {"volume": 13874.590396881104, "llc": 1.1}, "auSTNEAR": {"volume": 13874.590396881104, "llc": 1.1}}, "auUSDT": {"auUSDC": {"volume": 2170130.063533783, "llc": 1.1}, "auETH": {"volume": 25318.670749664307, "llc": 1.1}, "auWBTC": {"volume": 11013.570308685303, "llc": 1.1}, "auWNEAR": {"volume": 81585.39915084839, "llc": 1.1}, "auSTNEAR": {"volume": 60429.95036278, "llc": 1.1}}, "auWNEAR": {"auUSDC": {"volume": 81585.39915084839, "llc": 1.1}, "auETH": {"volume": 37716.42446517944, "llc": 1.1}, "auWBTC": {"volume": 13874.590396881104, "llc": 1.1}, "auUSDT": {"volume": 81585.39915084839, "llc": 1.1}, "auSTNEAR": {"volume": 60429.95036278, "llc": 1.1}}, "auSTNEAR": {"auUSDC": {"volume": 62511.93189620972, "llc": 1.1}, "auETH": {"volume": 48206.83145523071, "llc": 1.1}, "auWBTC": {"volume": 18642.95721054077, "llc": 1.1}, "auUSDT": {"volume": 62511.93189620972, "llc": 1.1}, "auWNEAR": {"volume": 75863.35897445679, "llc": 1.1}}, "json_time": 1672784160}