{"json_time": 1679155453, "glp_data": {"liquidTreasury": 389093585.72995657, "treasuryUtilization": 0.20722450700153547, "liquidStableTreasury": 217212690.84824952, "stableTreasuryUtilization": 0.1229415557024971, "liquidSolidAssetTreasury": 166435901.84486488, "solidTreasuryUtilization": 0.2943000099637428}}