{"json_time": 1679155453, "VST": {"oracle": 1.0033170786136902, "cex_price": 1, "dex_price": 1}, "ETH": {"oracle": 1761.32849603, "cex_price": 1777.375, "dex_price": 1781.2981082740018}, "gOHM": {"oracle": 2723.33804939869, "cex_price": "NaN", "dex_price": 2679.0113112147196}, "GMX": {"oracle": 79.57329011804512, "cex_price": "NaN", "dex_price": 80.40367910560524}, "DPX": {"oracle": 348.42265266, "cex_price": "NaN", "dex_price": 347.0003988756576}, "sGLP": {"oracle": 0.9564530430702158, "cex_price": "NaN", "dex_price": "NaN"}}