{"json_time": 1679155453, "ETH": {"VST": {"volume": 20436789.65330124, "llc": 1.1}}, "gOHM": {"VST": {"volume": 356243.32761764526, "llc": 1.15}}, "GMX": {"VST": {"volume": 7875004.11939621, "llc": 1.15}}, "DPX": {"VST": {"volume": 1108691.6108131409, "llc": 1.15}}, "sGLP": {"VST": {"volume": 13084921.700000763, "llc": 1.1}}}