{"json_time": 1673448242, "VST": {"oracle": 0.981531119865331, "cex_price": 1, "dex_price": 1}, "ETH": {"oracle": 1333.317175, "cex_price": 1333.855, "dex_price": 1333.1141847519607}, "gOHM": {"oracle": 2536.523250819189, "cex_price": "NaN", "dex_price": 2537.7937047434366}, "GMX": {"oracle": 44.62503776111969, "cex_price": "NaN", "dex_price": 44.60018884933578}, "DPX": {"oracle": 253.16502879, "cex_price": "NaN", "dex_price": 253.60186526195162}, "sGLP": {"oracle": 0.8632226903303741, "cex_price": "NaN", "dex_price": "NaN"}}