{"json_time": 1673448242, "ETH-VST": {"series_std_ratio": 1.0, "volume_for_slippage_10_percentss": [21786.99494868517], "trade_every": 1800, "collaterals": [243, 3360, 6477, 9594, 12711, 15828, 18944, 22061, 25178, 28295, 31412, 34529, 37646, 40763, 43879, 46996, 50113, 53230, 56347, 59464, 62581, 65698, 68814, 71931, 75048, 78165, 81282, 84399, 87516, 90633, 18750.0], "liquidation_incentives": [0.10000000000000009], "stability_pool_initial_balances": [1.9246389458933002, 0.9623194729466501, 3.8492778917866004], "share_institutionals": [0.17548063785549106, 0.08774031892774553, 0.3509612757109821, 1], "recovery_halflife_retails": [3.3333333333333335], "price_recovery_times": [0], "l_factors": [0.25, 0.5, 1, 1.5, 2], "json_time": 1673448862.392197, "current_debt": 243.61564999601643}, "gOHM-VST": {"series_std_ratio": 0.5718399563684763, "volume_for_slippage_10_percentss": [206.5588417649269], "trade_every": 1800, "collaterals": [3344, 3858, 4371, 4885, 5398, 5912, 6425, 6939, 7452, 7966, 8479, 8993, 9506, 10020, 10533, 11047, 11560, 12074, 12587, 13101, 13614, 14128, 14641, 15155, 15668, 16182, 16695, 17209, 17722, 18236, 3750.0], "liquidation_incentives": [0.1499999999999999], "stability_pool_initial_balances": [0.18649740009925128, 0.09324870004962564, 0.37299480019850256], "share_institutionals": [0.005396356498552047, 0.0026981782492760233, 0.010792712997104093, 1], "recovery_halflife_retails": [3.3333333333333335], "price_recovery_times": [0], "l_factors": [0.25, 0.5, 1, 1.5, 2], "json_time": 1673448862.392197, "current_debt": 3344.924488334773}, "DPX-VST": {"series_std_ratio": 2.2756095294666916, "volume_for_slippage_10_percentss": [411.59861475229263], "trade_every": 1800, "collaterals": [219, 629, 1038, 1447, 1857, 2266, 2675, 3085, 3494, 3903, 4313, 4722, 5131, 5541, 5950, 6359, 6769, 7178, 7587, 7997, 8406, 8815, 9225, 9634, 10043, 10453, 10862, 11271, 11681, 12090, 2500.0], "liquidation_incentives": [0.1499999999999999], "stability_pool_initial_balances": [0.13696453564352415, 0.06848226782176207, 0.2739290712870483], "share_institutionals": [0.12519772338113389, 0.06259886169056694, 0.25039544676226777, 1], "recovery_halflife_retails": [3.3333333333333335], "price_recovery_times": [2], "l_factors": [0.25, 0.5, 1, 1.5, 2], "json_time": 1673448862.392197, "current_debt": 219.83576758121694}, "GMX-VST": {"series_std_ratio": 2.0308729755116706, "volume_for_slippage_10_percentss": [1325.3369054198265], "trade_every": 1800, "collaterals": [73, 487, 901, 1315, 1730, 2144, 2558, 2972, 3387, 3801, 4215, 4629, 5043, 5458, 5872, 6286, 6700, 7115, 7529, 7943, 8357, 8771, 9186, 9600, 10014, 10428, 10843, 11257, 11671, 12085, 2500.0], "liquidation_incentives": [0.1499999999999999], "stability_pool_initial_balances": [0.45249242135825923, 0.22624621067912962, 0.9049848427165185], "share_institutionals": [0.008836372015090035, 0.004418186007545018, 0.01767274403018007, 1], "recovery_halflife_retails": [3.3333333333333335], "price_recovery_times": [0], "l_factors": [0.25, 0.5, 1, 1.5, 2], "json_time": 1673448862.392197, "current_debt": 73.202930209751}, "sGLP-VST": {"series_std_ratio": 0.6132330529291525, "volume_for_slippage_10_percentss": [23924.415372908115], "trade_every": 1800, "collaterals": [1942, 2607, 3271, 3936, 4600, 5264, 5929, 6593, 7258, 7922, 8586, 9251, 9915, 10580, 11244, 11908, 12573, 13237, 13902, 14566, 15230, 15895, 16559, 17224, 17888, 18552, 19217, 19881, 20546, 21210, 4375.0], "liquidation_incentives": [0.10000000000000009], "stability_pool_initial_balances": [0.7824698678494111, 0.39123493392470554, 1.5649397356988222], "share_institutionals": [0.0, 0.0, 0.0, 1], "recovery_halflife_retails": [3.3333333333333335], "price_recovery_times": [0], "l_factors": [0.25, 0.5, 1, 1.5, 2], "json_time": 1673448862.392197, "current_debt": 1942.8282481072386}}