{"json_time": 1667472136, "VST": {"oracle": 0.9889440502336364, "cex_price": 1, "dex_price": 1}, "ETH": {"oracle": 1546.77, "cex_price": 1544.205, "dex_price": 1545.1643895857517}, "gOHM": {"oracle": 2521.6102290853464, "cex_price": "NaN", "dex_price": 2550.886755060666}, "renBTC": {"oracle": 20284.49, "cex_price": 20269.665, "dex_price": 20353.78957031115}, "GMX": {"oracle": 41.030087644801235, "cex_price": "NaN", "dex_price": 41.13079460335631}, "DPX": {"oracle": 303.40378576, "cex_price": "NaN", "dex_price": 302.70372896862324}, "sGLP": {"oracle": 0.9323655657436413, "cex_price": "NaN", "dex_price": "NaN"}}