{"json_time": 1667472136, "ETH-VST": {"series_std_ratio": 1.0, "volume_for_slippage_10_percentss": [14680.340258777142], "trade_every": 1800, "collaterals": [298, 3413, 6528, 9643, 12758, 15873, 18988, 22103, 25218, 28333, 31448, 34564, 37679, 40794, 43909, 47024, 50139, 53254, 56369, 59484, 62599, 65714, 68829, 71944, 75059, 78174, 81289, 84404, 87519, 90634, 18750.0], "liquidation_incentives": [0.10000000000000009], "stability_pool_initial_balances": [0.8358562350018451, 0.41792811750092257, 1.6717124700036903], "share_institutionals": [0.34449885169340166, 0.17224942584670083, 0.6889977033868033, 1], "recovery_halflife_retails": [3.3333333333333335], "price_recovery_times": [0], "l_factors": [0.25, 0.5, 1, 1.5, 2], "json_time": 1667473081.309914, "current_debt": 298.49754850383533}, "renBTC-VST": {"series_std_ratio": 0.760706293780634, "volume_for_slippage_10_percentss": [2646.770558655262], "trade_every": 1800, "collaterals": [18, 225, 433, 641, 849, 1056, 1264, 1472, 1679, 1887, 2095, 2303, 2510, 2718, 2926, 3134, 3341, 3549, 3757, 3964, 4172, 4380, 4588, 4795, 5003, 5211, 5419, 5626, 5834, 6042, 1250.0], "liquidation_incentives": [0.10000000000000009], "stability_pool_initial_balances": [1.4160421177253044, 0.7080210588626522, 2.832084235450609], "share_institutionals": [0.8348057766854268, 0.4174028883427134, 1, 1], "recovery_halflife_retails": [3.3333333333333335], "price_recovery_times": [0], "l_factors": [0.25, 0.5, 1, 1.5, 2], "json_time": 1667473081.309914, "current_debt": 18.117989421427623}, "gOHM-VST": {"series_std_ratio": 1.416911372280521, "volume_for_slippage_10_percentss": [336.49683743715286], "trade_every": 1800, "collaterals": [3517, 4025, 4533, 5040, 5548, 6056, 6564, 7071, 7579, 8087, 8595, 9102, 9610, 10118, 10626, 11133, 11641, 12149, 12657, 13164, 13672, 14180, 14688, 15195, 15703, 16211, 16719, 17226, 17734, 18242, 3750.0], "liquidation_incentives": [0.1499999999999999], "stability_pool_initial_balances": [0.04757972436294681, 0.023789862181473404, 0.09515944872589362], "share_institutionals": [0.5678568802620731, 0.2839284401310366, 1, 1], "recovery_halflife_retails": [3.3333333333333335], "price_recovery_times": [0], "l_factors": [0.25, 0.5, 1, 1.5, 2], "json_time": 1667473081.309914, "current_debt": 3517.633366803288}, "DPX-VST": {"series_std_ratio": 1.974078240475897, "volume_for_slippage_10_percentss": [489.6806213259697], "trade_every": 1800, "collaterals": [220, 629, 1039, 1448, 1857, 2267, 2676, 3085, 3495, 3904, 4313, 4723, 5132, 5541, 5950, 6360, 6769, 7178, 7588, 7997, 8406, 8816, 9225, 9634, 10044, 10453, 10862, 11272, 11681, 12090, 2500.0], "liquidation_incentives": [0.1499999999999999], "stability_pool_initial_balances": [0.17398354689092954, 0.08699177344546477, 0.3479670937818591], "share_institutionals": [6.479006381925555e-05, 3.2395031909627776e-05, 0.0001295801276385111, 1], "recovery_halflife_retails": [3.3333333333333335], "price_recovery_times": [2], "l_factors": [0.25, 0.5, 1, 1.5, 2], "json_time": 1667473081.309914, "current_debt": 220.56345033989507}, "GMX-VST": {"series_std_ratio": 2.081064798518858, "volume_for_slippage_10_percentss": [1558.9868792891502], "trade_every": 1800, "collaterals": [45, 460, 875, 1290, 1705, 2121, 2536, 2951, 3366, 3781, 4196, 4612, 5027, 5442, 5857, 6272, 6687, 7102, 7518, 7933, 8348, 8763, 9178, 9593, 10009, 10424, 10839, 11254, 11669, 12084, 2500.0], "liquidation_incentives": [0.1499999999999999], "stability_pool_initial_balances": [0.5705251410473716, 0.2852625705236858, 1.1410502820947432], "share_institutionals": [0.013030842562533401, 0.0065154212812667004, 0.026061685125066802, 1], "recovery_halflife_retails": [3.3333333333333335], "price_recovery_times": [0], "l_factors": [0.25, 0.5, 1, 1.5, 2], "json_time": 1667473081.309914, "current_debt": 45.26879376052472}, "sGLP-VST": {"series_std_ratio": 0.4707294016934606, "volume_for_slippage_10_percentss": [2646.770558655262], "trade_every": 1800, "collaterals": [3124, 3541, 3958, 4374, 4791, 5208, 5624, 6041, 6458, 6874, 7291, 7708, 8124, 8541, 8958, 9374, 9791, 10208, 10624, 11041, 11458, 11874, 12291, 12708, 13124, 13541, 13958, 14374, 14791, 15208, 3125.0], "liquidation_incentives": [0.10000000000000009], "stability_pool_initial_balances": [0.20239439983983942, 0.10119719991991971, 0.40478879967967885], "share_institutionals": [0.0, 0.0, 0.0, 1], "recovery_halflife_retails": [3.3333333333333335], "price_recovery_times": [0], "l_factors": [0.25, 0.5, 1, 1.5, 2], "json_time": 1667473081.309914, "current_debt": 3124.999928360181}}