{"json_time": 1667472136, "ETH": {"VST": {"volume": 23488544.414043427, "llc": 1.1}}, "gOHM": {"VST": {"volume": 538394.9398994446, "llc": 1.15}}, "renBTC": {"VST": {"volume": 4234832.893848419, "llc": 1.1}}, "GMX": {"VST": {"volume": 2494379.0068626404, "llc": 1.15}}, "DPX": {"VST": {"volume": 783488.9941215515, "llc": 1.15}}, "sGLP": {"VST": {"volume": 4234832.893848419, "llc": 1.1}}}