{"json_time": 1692425801, "ETH": {"VST": {"volume": 49646851.08041763, "llc": 1.1}}, "gOHM": {"VST": {"volume": 207470.28303146362, "llc": 1.15}}, "GMX": {"VST": {"volume": 4741233.449459076, "llc": 1.15}}, "DPX": {"VST": {"volume": 257061.29789352417, "llc": 1.15}}, "sGLP": {"VST": {"volume": 48585412.62769699, "llc": 1.1}}}