{"json_time": 1669743470, "data": [{"account": "0x5ce561e048d2cd64523D6316228F97bd2537F92f", "user_collateral_wo_looping": 1.1812001820687943, "user_debt_wo_looping": 1.5422101821614722}, {"account": "0x9A4B0dA9E8e5c7135cd7188Bd2e84DAc513C594b", "user_collateral_wo_looping": 0.0010460509153415879, "user_debt_wo_looping": 0.001380638770372308}]}