{"json_time": 1687106965, "USDC": {"oracle": 1.0005600896143383, "cex_price": 1, "dex_price": 1}, "WXDAI": {"oracle": 1.0, "cex_price": 1, "dex_price": 1.000079749027417}, "LINK": {"oracle": 5.257841254600736, "cex_price": 5.281499999999999, "dex_price": 5.586246678133586}, "GNO": {"oracle": 108.04728756601057, "cex_price": 107.9, "dex_price": 107.46060129497533}, "WBTC": {"oracle": 26554.82117137742, "cex_price": 26630.004999999997, "dex_price": 26374.507456073257}, "WETH": {"oracle": 1740.521407425188, "cex_price": 1746.335, "dex_price": 1724.3064357030503}, "FOX": {"oracle": 0.019465064410305648, "cex_price": 0.02205, "dex_price": 0.01907730889914623}, "USDT": {"oracle": 0.9998199711953912, "cex_price": 1, "dex_price": 0.9991458212451051}, "EURe": {"oracle": 1.0943350936149785, "cex_price": 1.08995, "dex_price": 1.0959740405552478}, "wstETH": {"oracle": 1964.6063077992478, "cex_price": "NaN", "dex_price": 1964.6063077992478}}