{"json_time": 1671093145, "ETH": {"oracle": 1288.6794245, "cex_price": 1287.165, "dex_price": 1288.257541069535}, "BNB|bsc": {"oracle": 264.953245, "cex_price": 265.05, "dex_price": 264.0273185225098}, "WBTC|eth": {"oracle": 17707.8, "cex_price": 17667.535, "dex_price": 17733.71056592488}, "pCKB": {"oracle": 0.002435121, "cex_price": 0.0024349999999999997, "dex_price": 0.002441598381476956}, "USDC": {"oracle": 0.999942372, "cex_price": 1, "dex_price": 1}, "USDT": {"oracle": 1.0001, "cex_price": 1, "dex_price": 24862.899385083158}}