{"json_time": 1669791212, "stabilityPoolVstBalance": {"ETH": 860570.9624254017, "gOHM": 194885.72160433576, "renBTC": 6945.330257200031, "GMX": 42499.371882832434, "DPX": 48365.894561879184, "sGLP": 4478576.015586334}, "stabilityPoolGemBalance": {"ETH": 26467.56720117559, "gOHM": 9366.331492706566, "renBTC": 371.2563502539406, "GMX": 1814.4648456959956, "DPX": 83.66959568323695, "sGLP": 0.0}, "bprotocolBalance": {"ETH": 136516.91941968905, "gOHM": 82037.53997220453, "DPX": 5.945778882708013, "GMX": 468.5370882090462, "renBTC": 1100.9530305382837, "sGLP": 0.0}, "bprotocolGemBalance": {"ETH": 0.09799470601416421, "gOHM": 0.0, "DPX": 7.5720702787398e-05, "GMX": 2.833783015362389, "renBTC": 0.0, "sGLP": 0.0}}