{"json_time": 1669791212, "ETH": {"VST": {"volume": 33913147.94206619, "llc": 1.1}}, "gOHM": {"VST": {"volume": 446842.29707717896, "llc": 1.15}}, "renBTC": {"VST": {"volume": 418232.09619522095, "llc": 1.1}}, "GMX": {"VST": {"volume": 2153917.61636734, "llc": 1.15}}, "DPX": {"VST": {"volume": 633762.2761726379, "llc": 1.15}}, "sGLP": {"VST": {"volume": 418232.09619522095, "llc": 1.1}}}