{"json_time": 1692556926, "glp_data": {"liquidTreasury": 324838873.87510324, "treasuryUtilization": 0.17651495754118013, "liquidStableTreasury": 155952820.72356334, "stableTreasuryUtilization": 0.051299667901975446, "liquidSolidAssetTreasury": 151164420.00713956, "solidTreasuryUtilization": 0.28072547354031235}}