{"json_time": 1692556926, "ETH-VST": {"series_std_ratio": 1.0, "volume_for_slippage_10_percentss": [29684.602483808994], "trade_every": 1800, "collaterals": [817, 1102, 1387, 1672, 1958, 2243, 2528, 2813, 3099, 3384, 3669, 3954, 4240, 4525, 4810, 5096, 5381, 5666, 5951, 6237, 6522, 6807, 7092, 7378, 7663, 7948, 8233, 8519, 8804, 9089, 1875.0], "liquidation_incentives": [0.10000000000000009], "stability_pool_initial_balances": [0.037947055873399534, 0.018973527936699767, 0.07589411174679907], "share_institutionals": [0.09849427462826094, 0.04924713731413047, 0.19698854925652187, 1], "recovery_halflife_retails": [3.3333333333333335], "price_recovery_times": [0], "l_factors": [0.25, 0.5, 1, 1.5, 2], "json_time": 1692558439.894455, "current_debt": 817.0677082403681}, "gOHM-VST": {"series_std_ratio": 0.5718399563684763, "volume_for_slippage_10_percentss": [129.0728810429573], "trade_every": 1800, "collaterals": [1962, 2365, 2768, 3172, 3575, 3978, 4382, 4785, 5188, 5592, 5995, 6398, 6802, 7205, 7609, 8012, 8415, 8819, 9222, 9625, 10029, 10432, 10835, 11239, 11642, 12045, 12449, 12852, 13255, 13659, 2812.5], "liquidation_incentives": [0.1499999999999999], "stability_pool_initial_balances": [0.022454404259815895, 0.011227202129907948, 0.04490880851963179], "share_institutionals": [0.5925358139924807, 0.29626790699624034, 1, 1], "recovery_halflife_retails": [3.3333333333333335], "price_recovery_times": [0], "l_factors": [0.25, 0.5, 1, 1.5, 2], "json_time": 1692558439.894455, "current_debt": 1962.2119528878811}, "DPX-VST": {"series_std_ratio": 2.2756095294666916, "volume_for_slippage_10_percentss": [162.45144873857498], "trade_every": 1800, "collaterals": [104, 208, 312, 417, 521, 625, 729, 833, 937, 1041, 1146, 1250, 1354, 1458, 1562, 1666, 1771, 1875, 1979, 2083, 2187, 2291, 2395, 2500, 2604, 2708, 2812, 2916, 3020, 625.0], "liquidation_incentives": [0.1499999999999999], "stability_pool_initial_balances": [0.0, 0.0, 0.0], "share_institutionals": [0, 0.0, 0, 1], "recovery_halflife_retails": [3.3333333333333335], "price_recovery_times": [2], "l_factors": [0.25, 0.5, 1, 1.5, 2], "json_time": 1692558439.894455, "current_debt": 0.43922263058569244}, "GMX-VST": {"series_std_ratio": 2.0308729755116706, "volume_for_slippage_10_percentss": [2993.0731984972954], "trade_every": 1800, "collaterals": [155, 254, 353, 452, 551, 650, 749, 848, 947, 1046, 1145, 1244, 1343, 1442, 1541, 1640, 1739, 1838, 1937, 2036, 2135, 2234, 2333, 2432, 2531, 2630, 2729, 2828, 2927, 3026, 625.0], "liquidation_incentives": [0.1499999999999999], "stability_pool_initial_balances": [0.3296424512645322, 0.1648212256322661, 0.6592849025290644], "share_institutionals": [0.9102713455853748, 0.4551356727926874, 1, 1], "recovery_halflife_retails": [3.3333333333333335], "price_recovery_times": [0], "l_factors": [0.25, 0.5, 1, 1.5, 2], "json_time": 1692558439.894455, "current_debt": 155.37309260672433}, "sGLP-VST": {"series_std_ratio": 0.6132330529291525, "volume_for_slippage_10_percentss": [28537.214219272137], "trade_every": 1800, "collaterals": [303, 345, 387, 429, 471, 513, 555, 597, 639, 681, 723, 765, 807, 849, 891, 933, 975, 1017, 1059, 1100, 1142, 1184, 1226, 1268, 1310, 1352, 1394, 1436, 1478, 1520, 312.5], "liquidation_incentives": [0.10000000000000009], "stability_pool_initial_balances": [0.0011858371221927905, 0.0005929185610963953, 0.002371674244385581], "share_institutionals": [0.0, 0.0, 0.0, 1], "recovery_halflife_retails": [3.3333333333333335], "price_recovery_times": [0], "l_factors": [0.25, 0.5, 1, 1.5, 2], "json_time": 1692558439.894455, "current_debt": 303.83859512647393}}