{"json_time": 1667544749, "VST": {"oracle": 0.9895482078333142, "cex_price": 1, "dex_price": 1}, "ETH": {"oracle": 1578.28264337, "cex_price": 1580.335, "dex_price": 1583.4942314128284}, "gOHM": {"oracle": 2598.338520591242, "cex_price": "NaN", "dex_price": 2616.548803222038}, "renBTC": {"oracle": 20603.795, "cex_price": 20604.035, "dex_price": 20663.172110999254}, "GMX": {"oracle": 41.14386997176266, "cex_price": "NaN", "dex_price": 41.13039952884464}, "DPX": {"oracle": 308.62891338, "cex_price": "NaN", "dex_price": 311.15688659247184}, "sGLP": {"oracle": 0.9424569292128135, "cex_price": "NaN", "dex_price": "NaN"}}