{"auUSDC": {"auETH": {"volume": 23411.32402420044, "llc": 1.1}, "auWBTC": {"volume": 11967.243671417236, "llc": 1.1}, "auUSDT": {"volume": 2483888.599872589, "llc": 1.1}, "auWNEAR": {"volume": 86353.76596450806, "llc": 1.1}, "auSTNEAR": {"volume": 85932.81748692, "llc": 1.1}}, "auETH": {"auUSDC": {"volume": 20550.30393600464, "llc": 1.1}, "auWBTC": {"volume": 11967.243671417236, "llc": 1.1}, "auUSDT": {"volume": 20550.30393600464, "llc": 1.1}, "auWNEAR": {"volume": 39623.77119064331, "llc": 1.1}, "auSTNEAR": {"volume": 39623.77119064331, "llc": 1.1}}, "auWBTC": {"auUSDC": {"volume": 10059.89694595337, "llc": 1.1}, "auETH": {"volume": 11967.243671417236, "llc": 1.1}, "auUSDT": {"volume": 11967.243671417236, "llc": 1.1}, "auWNEAR": {"volume": 13874.590396881104, "llc": 1.1}, "auSTNEAR": {"volume": 13874.590396881104, "llc": 1.1}}, "auUSDT": {"auUSDC": {"volume": 1342341.5846824646, "llc": 1.1}, "auETH": {"volume": 21503.977298736572, "llc": 1.1}, "auWBTC": {"volume": 10059.89694595337, "llc": 1.1}, "auWNEAR": {"volume": 86353.76596450806, "llc": 1.1}, "auSTNEAR": {"volume": 85932.81748692, "llc": 1.1}}, "auWNEAR": {"auUSDC": {"volume": 86353.76596450806, "llc": 1.1}, "auETH": {"volume": 38670.09782791138, "llc": 1.1}, "auWBTC": {"volume": 13874.590396881104, "llc": 1.1}, "auUSDT": {"volume": 86353.76596450806, "llc": 1.1}, "auSTNEAR": {"volume": 85932.81748692, "llc": 1.1}}, "auSTNEAR": {"auUSDC": {"volume": 63465.60525894165, "llc": 1.1}, "auETH": {"volume": 48206.83145523071, "llc": 1.1}, "auWBTC": {"volume": 17689.283847808838, "llc": 1.1}, "auUSDT": {"volume": 63465.60525894165, "llc": 1.1}, "auWNEAR": {"volume": 78724.37906265259, "llc": 1.1}}, "json_time": 1669478001}