{"json_time": 1678448100, "ETH": {"oracle": 1384.78, "cex_price": 1378.375, "dex_price": 1382.6512010157705}, "BNB|bsc": {"oracle": 267.29764928, "cex_price": 265.75, "dex_price": 267.6505120176886}, "WBTC|eth": {"oracle": 19663.27, "cex_price": 19672.0, "dex_price": 19687.706923491085}, "pCKB": {"oracle": 0.0033803, "cex_price": 0.0033949999999999996, "dex_price": 0.003405743354630686}, "USDC": {"oracle": 1.0, "cex_price": 1, "dex_price": 1}, "USDT": {"oracle": 0.999984564, "cex_price": 1, "dex_price": 0.9994605851881361}}