{"ETH": {"BNB|bsc": {"volume": 8152.550220489502, "llc": 1.1}, "WBTC|eth": {"volume": 9106.223583221436, "llc": 1.1}, "pCKB": {"volume": 21503.977298736572, "llc": 1.1}, "USDC": {"volume": 16735.610485076904, "llc": 1.1}, "USDT": {"volume": 16735.610485076904, "llc": 1.1}}, "BNB|bsc": {"ETH": {"volume": 8152.550220489502, "llc": 1.1}, "WBTC|eth": {"volume": 5291.530132293701, "llc": 1.1}, "pCKB": {"volume": 12920.91703414917, "llc": 1.1}, "USDC": {"volume": 11013.570308685303, "llc": 1.1}, "USDT": {"volume": 11013.570308685303, "llc": 1.1}}, "WBTC|eth": {"ETH": {"volume": 9106.223583221436, "llc": 1.1}, "BNB|bsc": {"volume": 5291.530132293701, "llc": 1.1}, "pCKB": {"volume": 6245.203495025635, "llc": 1.1}, "USDC": {"volume": 6245.203495025635, "llc": 1.1}, "USDT": {"volume": 6245.203495025635, "llc": 1.1}}, "pCKB": {"ETH": {"volume": 21503.977298736572, "llc": 1.1}, "BNB|bsc": {"volume": 11967.243671417236, "llc": 1.1}, "WBTC|eth": {"volume": 6245.203495025635, "llc": 1.1}, "USDC": {"volume": 67280.29870986938, "llc": 1.1}, "USDT": {"volume": 65372.95198440552, "llc": 1.1}}, "USDC": {"ETH": {"volume": 16735.610485076904, "llc": 1.1}, "BNB|bsc": {"volume": 11013.570308685303, "llc": 1.1}, "WBTC|eth": {"volume": 6245.203495025635, "llc": 1.1}, "pCKB": {"volume": 66326.62534713745, "llc": 1.1}, "USDT": {"volume": 139759.47427749634, "llc": 1.1}}, "USDT": {"ETH": {"volume": 16735.610485076904, "llc": 1.1}, "BNB|bsc": {"volume": 11013.570308685303, "llc": 1.1}, "WBTC|eth": {"volume": 6245.203495025635, "llc": 1.1}, "pCKB": {"volume": 64419.278621673584, "llc": 1.1}, "USDC": {"volume": 117824.98693466187, "llc": 1.1}}, "json_time": 1678448100}