{"ETH": {"BNB|bsc": {"volume": 1476.8366813659668, "llc": 1.1}, "WBTC|eth": {"volume": 3384.183406829834, "llc": 1.1}, "pCKB": {"volume": 2430.5100440979004, "llc": 1.1}, "USDC": {"volume": 2430.5100440979004, "llc": 1.1}, "USDT": {"volume": 2430.5100440979004, "llc": 1.1}}, "BNB|bsc": {"ETH": {"volume": 1476.8366813659668, "llc": 1.1}, "WBTC|eth": {"volume": 1476.8366813659668, "llc": 1.1}, "pCKB": {"volume": 1476.8366813659668, "llc": 1.1}, "USDC": {"volume": 1476.8366813659668, "llc": 1.1}, "USDT": {"volume": 1476.8366813659668, "llc": 1.1}}, "WBTC|eth": {"ETH": {"volume": 3384.183406829834, "llc": 1.1}, "BNB|bsc": {"volume": 1476.8366813659668, "llc": 1.1}, "pCKB": {"volume": 2430.5100440979004, "llc": 1.1}, "USDC": {"volume": 2430.5100440979004, "llc": 1.1}, "USDT": {"volume": 2430.5100440979004, "llc": 1.1}}, "pCKB": {"ETH": {"volume": 2430.5100440979004, "llc": 1.1}, "BNB|bsc": {"volume": 1476.8366813659668, "llc": 1.1}, "WBTC|eth": {"volume": 1476.8366813659668, "llc": 1.1}, "USDC": {"volume": 61558.25853347778, "llc": 1.1}, "USDT": {"volume": 60604.58517074585, "llc": 1.1}}, "USDC": {"ETH": {"volume": 2430.5100440979004, "llc": 1.1}, "BNB|bsc": {"volume": 1476.8366813659668, "llc": 1.1}, "WBTC|eth": {"volume": 1476.8366813659668, "llc": 1.1}, "pCKB": {"volume": 60604.58517074585, "llc": 1.1}, "USDT": {"volume": 217007.01665878296, "llc": 1.1}}, "USDT": {"ETH": {"volume": 2430.5100440979004, "llc": 1.1}, "BNB|bsc": {"volume": 1476.8366813659668, "llc": 1.1}, "WBTC|eth": {"volume": 1476.8366813659668, "llc": 1.1}, "pCKB": {"volume": 60604.58517074585, "llc": 1.1}, "USDC": {"volume": 462101.0708808899, "llc": 1.1}}, "json_time": 1686725768}