{"auUSDC": {"auETH": {"volume": 20550.30393600464, "llc": 1.1}, "auWBTC": {"volume": 11967.243671417236, "llc": 1.1}, "auUSDT": {"volume": 2453371.0522651672, "llc": 1.1}, "auWNEAR": {"volume": 76817.03233718872, "llc": 1.1}, "auSTNEAR": {"volume": 63204.005920640004, "llc": 1.1}}, "auETH": {"auUSDC": {"volume": 20550.30393600464, "llc": 1.1}, "auWBTC": {"volume": 11967.243671417236, "llc": 1.1}, "auUSDT": {"volume": 18642.95721054077, "llc": 1.1}, "auWNEAR": {"volume": 33901.73101425171, "llc": 1.1}, "auSTNEAR": {"volume": 33901.73101425171, "llc": 1.1}}, "auWBTC": {"auUSDC": {"volume": 11967.243671417236, "llc": 1.1}, "auETH": {"volume": 11967.243671417236, "llc": 1.1}, "auUSDT": {"volume": 10059.89694595337, "llc": 1.1}, "auWNEAR": {"volume": 14828.263759613037, "llc": 1.1}, "auSTNEAR": {"volume": 14828.263759613037, "llc": 1.1}}, "auUSDT": {"auUSDC": {"volume": 2312227.394580841, "llc": 1.1}, "auETH": {"volume": 18642.95721054077, "llc": 1.1}, "auWBTC": {"volume": 10059.89694595337, "llc": 1.1}, "auWNEAR": {"volume": 76817.03233718872, "llc": 1.1}, "auSTNEAR": {"volume": 63204.005920640004, "llc": 1.1}}, "auWNEAR": {"auUSDC": {"volume": 77770.70569992065, "llc": 1.1}, "auETH": {"volume": 32948.057651519775, "llc": 1.1}, "auWBTC": {"volume": 13874.590396881104, "llc": 1.1}, "auUSDT": {"volume": 77770.70569992065, "llc": 1.1}, "auSTNEAR": {"volume": 63204.005920640004, "llc": 1.1}}, "auSTNEAR": {"auUSDC": {"volume": 58697.23844528198, "llc": 1.1}, "auETH": {"volume": 43438.464641571045, "llc": 1.1}, "auWBTC": {"volume": 18642.95721054077, "llc": 1.1}, "auUSDT": {"volume": 58697.23844528198, "llc": 1.1}, "auWNEAR": {"volume": 72048.66552352905, "llc": 1.1}}, "json_time": 1672326966}