{"json_time": 1691482195, "data": [{"account": "0x5ce561e048d2cd64523D6316228F97bd2537F92f", "user_collateral_wo_looping": 0.7261374707716132, "user_debt_wo_looping": 1.5520097431377202}, {"account": "0x7e1a061ca70838e1E79BCcBee306a56746f9e2F8", "user_collateral_wo_looping": 0.0041588086258775225, "user_debt_wo_looping": 0.0053364172881330205}, {"account": "0x9A4B0dA9E8e5c7135cd7188Bd2e84DAc513C594b", "user_collateral_wo_looping": 0.0013750475104168773, "user_debt_wo_looping": 0.0013880069276669682}, {"account": "0x5420cFd7449ed4245936a71A761adF77Bd7D0071", "user_collateral_wo_looping": 0.007115591334924174, "user_debt_wo_looping": 0.0075935991790675944}]}