{"json_time": 1682270246, "ETH": {"oracle": 1866.176962399, "cex_price": 1863.395, "dex_price": 1854.4668353150253}, "BNB|bsc": {"oracle": 329.995016827, "cex_price": 330.05, "dex_price": 324.551778372758}, "WBTC|eth": {"oracle": 27586.7900176, "cex_price": 27531.835, "dex_price": 28347.63646333915}, "pCKB": {"oracle": 0.003792812, "cex_price": 0.003785, "dex_price": 0.0037978772269884964}, "USDC": {"oracle": 0.99995, "cex_price": 1, "dex_price": 1}, "USDT": {"oracle": 1.000119999, "cex_price": 1, "dex_price": 1.0006439118728423}}