{"ETH": {"BNB|bsc": {"volume": 9106.223583221436, "llc": 1.1}, "WBTC|eth": {"volume": 3384.183406829834, "llc": 1.1}, "pCKB": {"volume": 26272.34411239624, "llc": 1.1}, "USDC": {"volume": 19596.630573272705, "llc": 1.1}, "USDT": {"volume": 19596.630573272705, "llc": 1.1}}, "BNB|bsc": {"ETH": {"volume": 9106.223583221436, "llc": 1.1}, "WBTC|eth": {"volume": 3384.183406829834, "llc": 1.1}, "pCKB": {"volume": 13874.590396881104, "llc": 1.1}, "USDC": {"volume": 11967.243671417236, "llc": 1.1}, "USDT": {"volume": 11967.243671417236, "llc": 1.1}}, "WBTC|eth": {"ETH": {"volume": 3384.183406829834, "llc": 1.1}, "BNB|bsc": {"volume": 3384.183406829834, "llc": 1.1}, "pCKB": {"volume": 3384.183406829834, "llc": 1.1}, "USDC": {"volume": 3384.183406829834, "llc": 1.1}, "USDT": {"volume": 3384.183406829834, "llc": 1.1}}, "pCKB": {"ETH": {"volume": 26272.34411239624, "llc": 1.1}, "BNB|bsc": {"volume": 13874.590396881104, "llc": 1.1}, "WBTC|eth": {"volume": 3384.183406829834, "llc": 1.1}, "USDC": {"volume": 71094.99216079712, "llc": 1.1}, "USDT": {"volume": 71094.99216079712, "llc": 1.1}}, "USDC": {"ETH": {"volume": 19596.630573272705, "llc": 1.1}, "BNB|bsc": {"volume": 11967.243671417236, "llc": 1.1}, "WBTC|eth": {"volume": 3384.183406829834, "llc": 1.1}, "pCKB": {"volume": 71094.99216079712, "llc": 1.1}, "USDT": {"volume": 309513.3328437805, "llc": 1.1}}, "USDT": {"ETH": {"volume": 19596.630573272705, "llc": 1.1}, "BNB|bsc": {"volume": 11967.243671417236, "llc": 1.1}, "WBTC|eth": {"volume": 3384.183406829834, "llc": 1.1}, "pCKB": {"volume": 70141.31879806519, "llc": 1.1}, "USDC": {"volume": 375316.79487228394, "llc": 1.1}}, "json_time": 1682270246}