{"json_time": 1676044427, "ETH": {"VST": {"volume": 8711375.658512115, "llc": 1.1}}, "gOHM": {"VST": {"volume": 345752.920627594, "llc": 1.15}}, "GMX": {"VST": {"volume": 3705544.177532196, "llc": 1.15}}, "DPX": {"VST": {"volume": 728175.9390830994, "llc": 1.15}}, "sGLP": {"VST": {"volume": 8714236.678600311, "llc": 1.1}}}