{"json_time": 1687001887, "VST": {"oracle": 0.9971456587712149, "cex_price": 1, "dex_price": 1}, "ETH": {"oracle": 1740.12700897, "cex_price": 1740.295, "dex_price": 1739.7608961718593}, "gOHM": {"oracle": 2864.928778357376, "cex_price": "NaN", "dex_price": 2974.806346231731}, "GMX": {"oracle": 50.75905935371561, "cex_price": "NaN", "dex_price": 51.0900466779375}, "DPX": {"oracle": 120.00168709, "cex_price": "NaN", "dex_price": 120.28859594245259}, "sGLP": {"oracle": 0.9560390323648904, "cex_price": "NaN", "dex_price": "NaN"}}