{"json_time": 1687001887, "ETH-VST": {"series_std_ratio": 1.0, "volume_for_slippage_10_percentss": [24719.540539085865], "trade_every": 1800, "collaterals": [533, 3640, 6747, 9854, 12962, 16069, 19176, 22283, 25390, 28498, 31605, 34712, 37819, 40927, 44034, 47141, 50248, 53356, 56463, 59570, 62677, 65784, 68892, 71999, 75106, 78213, 81321, 84428, 87535, 90642, 18750.0], "liquidation_incentives": [0.10000000000000009], "stability_pool_initial_balances": [0.07392340890801725, 0.03696170445400863, 0.1478468178160345], "share_institutionals": [0.07864892818463305, 0.039324464092316526, 0.1572978563692661, 1], "recovery_halflife_retails": [3.3333333333333335], "price_recovery_times": [0], "l_factors": [0.25, 0.5, 1, 1.5, 2], "json_time": 1687003209.2755642, "current_debt": 533.1756145728224}, "gOHM-VST": {"series_std_ratio": 0.5718399563684763, "volume_for_slippage_10_percentss": [231.59276753664017], "trade_every": 1800, "collaterals": [2643, 3024, 3404, 3785, 4165, 4546, 4927, 5307, 5688, 6069, 6449, 6830, 7211, 7591, 7972, 8352, 8733, 9114, 9494, 9875, 10256, 10636, 11017, 11398, 11778, 12159, 12539, 12920, 13301, 13681, 2812.5], "liquidation_incentives": [0.1499999999999999], "stability_pool_initial_balances": [0.018958144491735555, 0.009479072245867777, 0.03791628898347111], "share_institutionals": [0.5377114963160341, 0.26885574815801705, 1, 1], "recovery_halflife_retails": [3.3333333333333335], "price_recovery_times": [0], "l_factors": [0.25, 0.5, 1, 1.5, 2], "json_time": 1687003209.2755642, "current_debt": 2643.408275311093}, "DPX-VST": {"series_std_ratio": 2.2756095294666916, "volume_for_slippage_10_percentss": [281.0645732283592], "trade_every": 1800, "collaterals": [393, 484, 575, 666, 757, 848, 939, 1030, 1121, 1212, 1303, 1395, 1486, 1577, 1668, 1759, 1850, 1941, 2032, 2123, 2214, 2305, 2396, 2487, 2578, 2669, 2760, 2851, 2942, 3033, 625.0], "liquidation_incentives": [0.1499999999999999], "stability_pool_initial_balances": [0.0495748267405577, 0.02478741337027885, 0.0991496534811154], "share_institutionals": [0.9736405506299786, 0.4868202753149893, 1, 1], "recovery_halflife_retails": [3.3333333333333335], "price_recovery_times": [2], "l_factors": [0.25, 0.5, 1, 1.5, 2], "json_time": 1687003209.2755642, "current_debt": 393.4513978779353}, "GMX-VST": {"series_std_ratio": 2.0308729755116706, "volume_for_slippage_10_percentss": [3082.480076253414], "trade_every": 1800, "collaterals": [139, 551, 963, 1375, 1787, 2199, 2611, 3023, 3435, 3847, 4259, 4671, 5083, 5495, 5907, 6319, 6731, 7143, 7555, 7967, 8379, 8791, 9203, 9615, 10027, 10439, 10851, 11263, 11675, 12087, 2500.0], "liquidation_incentives": [0.1499999999999999], "stability_pool_initial_balances": [0.3030496537242786, 0.1515248268621393, 0.6060993074485572], "share_institutionals": [0.4658204256623193, 0.23291021283115965, 0.9316408513246386, 1], "recovery_halflife_retails": [3.3333333333333335], "price_recovery_times": [0], "l_factors": [0.25, 0.5, 1, 1.5, 2], "json_time": 1687003209.2755642, "current_debt": 139.69589003696797}, "sGLP-VST": {"series_std_ratio": 0.6132330529291525, "volume_for_slippage_10_percentss": [34728.34248095751], "trade_every": 1800, "collaterals": [324, 365, 406, 447, 489, 530, 571, 613, 654, 695, 736, 778, 819, 860, 901, 943, 984, 1025, 1067, 1108, 1149, 1190, 1232, 1273, 1314, 1356, 1397, 1438, 1479, 1521, 312.5], "liquidation_incentives": [0.10000000000000009], "stability_pool_initial_balances": [0.0008648331479237119, 0.00043241657396185594, 0.0017296662958474237], "share_institutionals": [0.0, 0.0, 0.0, 1], "recovery_halflife_retails": [3.3333333333333335], "price_recovery_times": [0], "l_factors": [0.25, 0.5, 1, 1.5, 2], "json_time": 1687003209.2755642, "current_debt": 324.05938719679745}}