{"json_time": 1687001887, "stabilityPoolVstBalance": {"ETH": 63062.65436136024, "gOHM": 80182.58565439549, "GMX": 67735.66576385287, "DPX": 31208.4558090062, "sGLP": 448.41167990981654}, "stabilityPoolGemBalance": {"ETH": 19089.849258156548, "gOHM": 11223.965794616666, "GMX": 14808.305826907015, "DPX": 14673.727551803748, "sGLP": 0.0}, "bprotocolBalance": {"ETH": 4959.794270795908, "gOHM": 43115.09811071357, "DPX": 30294.246869777093, "GMX": 31331.047197496813, "sGLP": 0.0}, "bprotocolGemBalance": {"ETH": 0.015903203050097504, "gOHM": 0.0, "DPX": 91.57122841505588, "GMX": 221.60946114171566, "sGLP": 0.0}}