{"json_time": 1678820370, "USDC": {"oracle": 1.000857880666652, "cex_price": 1, "dex_price": 1}, "WXDAI": {"oracle": 1.0, "cex_price": 1, "dex_price": 1.0003465767927626}, "LINK": {"oracle": 7.040239222577148, "cex_price": 7.0385, "dex_price": 7.505840346403155}, "GNO": {"oracle": 112.52125742742481, "cex_price": 111.69999999999999, "dex_price": 111.91155132985664}, "WBTC": {"oracle": 25185.110023360903, "cex_price": 25063.78, "dex_price": 25362.236137635784}, "WETH": {"oracle": 1737.4573597130084, "cex_price": 1731.745, "dex_price": 1744.1093180454618}, "FOX": {"oracle": 0.03678813199517262, "cex_price": 0.0369, "dex_price": 0.037201527552784434}, "USDT": {"oracle": 1.0069456776725465, "cex_price": 1, "dex_price": 1.004681593184928}}