{"json_time": 1688989700, "VST": {"oracle": 0.993800093681031, "cex_price": 1, "dex_price": 1}, "ETH": {"oracle": 1863.207, "cex_price": 1860.875, "dex_price": 1861.2555925149745}, "gOHM": {"oracle": 2827.098491097072, "cex_price": "NaN", "dex_price": 2844.801099257761}, "GMX": {"oracle": 55.15406597928373, "cex_price": "NaN", "dex_price": 54.99873428545144}, "DPX": {"oracle": 108.64658174, "cex_price": "NaN", "dex_price": 108.84894079272954}, "sGLP": {"oracle": 1.0044060617118933, "cex_price": "NaN", "dex_price": "NaN"}}