{"json_time": 1688989700, "ETH": {"VST": {"volume": 32630457.269191742, "llc": 1.1}}, "gOHM": {"VST": {"volume": 369594.75469589233, "llc": 1.15}}, "GMX": {"VST": {"volume": 5986730.861186981, "llc": 1.15}}, "DPX": {"VST": {"volume": 423954.13637161255, "llc": 1.15}}, "sGLP": {"VST": {"volume": 35005103.94239426, "llc": 1.1}}}