{"USDC": {"WXDAI": {"volume": 3996414.553165436, "llc": 1.05}, "LINK": {"volume": 1476.8366813659668, "llc": 1.05}, "GNO": {"volume": 62511.93189620972, "llc": 1.05}, "WBTC": {"volume": 33901.73101425171, "llc": 1.05}, "WETH": {"volume": 61196.82686709531, "llc": 1.05}, "FOX": {"volume": 3384.183406829834, "llc": 1.05}, "USDT": {"volume": 4231018.200397491, "llc": 1.05}, "EURe": {"volume": 925586.3251686096, "llc": 1.05}, "wstETH": {"volume": 61196.82686709531, "llc": 1.05}}, "WXDAI": {"USDC": {"volume": 3558678.4796714783, "llc": 1.05}, "LINK": {"volume": 1476.8366813659668, "llc": 1.05}, "GNO": {"volume": 62511.93189620972, "llc": 1.05}, "WBTC": {"volume": 33901.73101425171, "llc": 1.05}, "WETH": {"volume": 65792, "llc": 1.05}, "FOX": {"volume": 3384.183406829834, "llc": 1.05}, "USDT": {"volume": 4228157.180309296, "llc": 1.05}, "EURe": {"volume": 925586.3251686096, "llc": 1.05}, "wstETH": {"volume": 65792, "llc": 1.05}}, "LINK": {"USDC": {"volume": 4337.856769561768, "llc": 1.2}, "WXDAI": {"volume": 4337.856769561768, "llc": 1.2}, "GNO": {"volume": 4337.856769561768, "llc": 1.2}, "WBTC": {"volume": 4337.856769561768, "llc": 1.2}, "WETH": {"volume": 4337.856769561768, "llc": 1.2}, "FOX": {"volume": 3384.183406829834, "llc": 1.2}, "USDT": {"volume": 4337.856769561768, "llc": 1.2}, "EURe": {"volume": 4337.856769561768, "llc": 1.2}, "wstETH": {"volume": 4337.856769561768, "llc": 1.2}}, "GNO": {"USDC": {"volume": 127361.7205619812, "llc": 1.1}, "WXDAI": {"volume": 127361.7205619812, "llc": 1.1}, "LINK": {"volume": 2430.5100440979004, "llc": 1.1}, "WBTC": {"volume": 59650.911808013916, "llc": 1.1}, "WETH": {"volume": 386760.87522506714, "llc": 1.1}, "FOX": {"volume": 4337.856769561768, "llc": 1.1}, "USDT": {"volume": 127361.7205619812, "llc": 1.1}, "EURe": {"volume": 124500.7004737854, "llc": 1.1}, "wstETH": {"volume": 386760.87522506714, "llc": 1.1}}, "WBTC": {"USDC": {"volume": 64419.278621673584, "llc": 1.1}, "WXDAI": {"volume": 69187.64543533325, "llc": 1.1}, "LINK": {"volume": 2430.5100440979004, "llc": 1.1}, "GNO": {"volume": 75863.35897445679, "llc": 1.1}, "WETH": {"volume": 126408.04719924927, "llc": 1.1}, "FOX": {"volume": 4337.856769561768, "llc": 1.1}, "USDT": {"volume": 55836.21835708618, "llc": 1.1}, "EURe": {"volume": 55836.21835708618, "llc": 1.1}, "wstETH": {"volume": 126408.04719924927, "llc": 1.1}}, "WETH": {"USDC": {"volume": 63182.66854757297, "llc": 1.05}, "WXDAI": {"volume": 63182.66854757297, "llc": 1.05}, "LINK": {"volume": 1476.8366813659668, "llc": 1.05}, "GNO": {"volume": 195072.5293159485, "llc": 1.05}, "WBTC": {"volume": 63465.60525894165, "llc": 1.05}, "FOX": {"volume": 2430.5100440979004, "llc": 1.05}, "USDT": {"volume": 63182.66854757297, "llc": 1.05}, "EURe": {"volume": 35809.077739715576, "llc": 1.05}, "wstETH": {"volume": 2464124.073355346, "llc": 1.05}}, "FOX": {"USDC": {"volume": 5291.530132293701, "llc": 1.1}, "WXDAI": {"volume": 5291.530132293701, "llc": 1.1}, "LINK": {"volume": 2430.5100440979004, "llc": 1.1}, "GNO": {"volume": 5291.530132293701, "llc": 1.1}, "WBTC": {"volume": 4337.856769561768, "llc": 1.1}, "WETH": {"volume": 4337.856769561768, "llc": 1.1}, "USDT": {"volume": 5291.530132293701, "llc": 1.1}, "EURe": {"volume": 4337.856769561768, "llc": 1.1}, "wstETH": {"volume": 4337.856769561768, "llc": 1.1}}, "USDT": {"USDC": {"volume": 3473801.550388336, "llc": 1.05}, "WXDAI": {"volume": 3906769.257068634, "llc": 1.05}, "LINK": {"volume": 1476.8366813659668, "llc": 1.05}, "GNO": {"volume": 62511.93189620972, "llc": 1.05}, "WBTC": {"volume": 33901.73101425171, "llc": 1.05}, "WETH": {"volume": 61193.96543727146, "llc": 1.05}, "FOX": {"volume": 3384.183406829834, "llc": 1.05}, "EURe": {"volume": 925586.3251686096, "llc": 1.05}, "wstETH": {"volume": 61193.96543727146, "llc": 1.05}}, "EURe": {"USDC": {"volume": 2996964.8690223694, "llc": 1.15}, "WXDAI": {"volume": 3002686.909198761, "llc": 1.15}, "LINK": {"volume": 3384.183406829834, "llc": 1.15}, "GNO": {"volume": 187443.14241409302, "llc": 1.15}, "WBTC": {"volume": 74909.68561172485, "llc": 1.15}, "WETH": {"volume": 112102.94675827026, "llc": 1.15}, "FOX": {"volume": 6245.203495025635, "llc": 1.15}, "USDT": {"volume": 3005547.929286957, "llc": 1.15}, "wstETH": {"volume": 112102.94675827026, "llc": 1.15}}, "wstETH": {"USDC": {"volume": 63182.66854757297, "llc": 1.05}, "WXDAI": {"volume": 63182.66854757297, "llc": 1.05}, "LINK": {"volume": 1476.8366813659668, "llc": 1.05}, "GNO": {"volume": 195072.5293159485, "llc": 1.05}, "WBTC": {"volume": 63465.60525894165, "llc": 1.05}, "WETH": {"volume": 2770115.403536785, "llc": 1.1}, "FOX": {"volume": 2430.5100440979004, "llc": 1.05}, "USDT": {"volume": 63182.66854757297, "llc": 1.05}, "EURe": {"volume": 35809.077739715576, "llc": 1.05}}, "json_time": 1690609045}