{"json_time": 1688475435, "VST": {"oracle": 0.9924583529808907, "cex_price": 1, "dex_price": 1}, "ETH": {"oracle": 1957.4, "cex_price": 1957.995, "dex_price": 1958.0186216317127}, "gOHM": {"oracle": 2839.091910371541, "cex_price": "NaN", "dex_price": 2834.748012564759}, "GMX": {"oracle": 57.84970847224948, "cex_price": "NaN", "dex_price": 58.36458003107561}, "DPX": {"oracle": 115.84839416, "cex_price": "NaN", "dex_price": 115.79599747334129}, "sGLP": {"oracle": 1.02194251864908, "cex_price": "NaN", "dex_price": "NaN"}}