{"json_time": 1688475435, "ETH": {"VST": {"volume": 32585634.62114334, "llc": 1.1}}, "gOHM": {"VST": {"volume": 391529.2420387268, "llc": 1.15}}, "GMX": {"VST": {"volume": 5631010.69688797, "llc": 1.15}}, "DPX": {"VST": {"volume": 453518.0106163025, "llc": 1.15}}, "sGLP": {"VST": {"volume": 37015447.39103317, "llc": 1.1}}}