{"json_time": 1687628854, "ETH": {"VST": {"volume": 24039767.617702484, "llc": 1.1}}, "gOHM": {"VST": {"volume": 380085.1616859436, "llc": 1.15}}, "GMX": {"VST": {"volume": 5960981.680393219, "llc": 1.15}}, "DPX": {"VST": {"volume": 476406.1713218689, "llc": 1.15}}, "sGLP": {"VST": {"volume": 22351765.76566696, "llc": 1.1}}}