{"json_time":1671103240,"DAI":{"USDC":{"volume":2767097549.669743,"llc":1.0261186145860741}},"WETH":{"USDC":{"volume":64530982.89073501,"llc":1.0399675392562862}},"stETH":{"USDC":{"volume":45167682.01174499,"llc":1.0399819237837162}},"WBTC":{"USDC":{"volume":26428708.719054002,"llc":1.0399998237553525}},"USDT":{"USDC":{"volume":383185215.874774,"llc":1.0338996403895881}},"sUSD":{"USDC":{"volume":30117932.038244,"llc":1.0398391750460623}},"FRAX":{"USDC":{"volume":405427865.564509,"llc":1.0395904790938841}},"GUSD":{"USDC":{"volume":15520885.349444,"llc":1.0396586048754572}},"LUSD":{"USDC":{"volume":50040525.457501,"llc":1.0395650178601907}},"CVX":{"USDC":{"volume":708016.655485,"llc":1.0394873825913808}},"FXS":{"USDC":{"volume":1049052.362505,"llc":1.0399901260818016}},"LQTY":{"USDC":{"volume":1614806.742457,"llc":1.0150039587336006}},"CRV":{"USDC":{"volume":1424650.966476,"llc":1.0399718937312086}},"LDO":{"USDC":{"volume":1432806.7846560003,"llc":1.039991573911264}},"SNX":{"USDC":{"volume":74660.123549,"llc":1.039950432053514}},"wstETH":{"USDC":{"volume":57546080.556849,"llc":1.0399924400391134}},"3Crv":{"USDC":{"volume":234826481.037441,"llc":1.0398740503469703}},"steCRV":{"USDC":{"volume":73103728.55466938,"llc":1.0399819237837162}},"FRAX3CRV-f":{"USDC":{"volume":599540286.1343845,"llc":1.0398740503469703}},"LUSD3CRV-f":{"USDC":{"volume":262907570.41055134,"llc":1.0398740503469703}},"crvPlain3andSUSD":{"USDC":{"volume":220460635.2740999,"llc":1.0398391750460623}},"gusd3CRV":{"USDC":{"volume":40925791.793964334,"llc":1.0396586048754572}},"crvFRAX":{"USDC":{"volume":405427865.564509,"llc":1.0395904790938841}},"cvxsteCRV":{"USDC":{"volume":73103728.55466938,"llc":1.0399819237837162}},"stkcvxsteCRV":{"USDC":{"volume":73103728.55466938,"llc":1.0399819237837162}},"cvx3Crv":{"USDC":{"volume":234826481.037441,"llc":1.0398740503469703}},"stkcvx3Crv":{"USDC":{"volume":234826481.037441,"llc":1.0398740503469703}},"cvxFRAX3CRV-f":{"USDC":{"volume":599540286.1343845,"llc":1.0398740503469703}},"stkcvxFRAX3CRV-f":{"USDC":{"volume":599540286.1343845,"llc":1.0398740503469703}},"cvxLUSD3CRV-f":{"USDC":{"volume":262907570.41055134,"llc":1.0398740503469703}},"stkcvxLUSD3CRV-f":{"USDC":{"volume":262907570.41055134,"llc":1.0398740503469703}},"cvxcrvPlain3andSUSD":{"USDC":{"volume":220460635.2740999,"llc":1.0398391750460623}},"stkcvxcrvPlain3andSUSD":{"USDC":{"volume":220460635.2740999,"llc":1.0398391750460623}},"cvxgusd3CRV":{"USDC":{"volume":40925791.793964334,"llc":1.0396586048754572}},"stkcvxgusd3CRV":{"USDC":{"volume":40925791.793964334,"llc":1.0396586048754572}},"yvDAI":{"USDC":{"volume":2767097549.669743,"llc":1.0261186145860741}},"yvUSDC":{"USDC":{"volume":999999999999,"llc":1}},"yvWETH":{"USDC":{"volume":64530982.89073501,"llc":1.0399675392562862}},"yvWBTC":{"USDC":{"volume":26428708.719054002,"llc":1.0399998237553525}},"yvCurve-stETH":{"USDC":{"volume":73103728.55466938,"llc":1.0399819237837162}},"yvCurve-FRAX":{"USDC":{"volume":599540286.1343845,"llc":1.0398740503469703}},"cvxcrvFRAX":{"USDC":{"volume":405427865.564509,"llc":1.0395904790938841}},"stkcvxcrvFRAX":{"USDC":{"volume":405427865.564509,"llc":1.0395904790938841}}}