{"json_time": 1694801916, "stabilityPoolVstBalance": {"ETH": 46206.16391144134, "gOHM": 69868.76589256569, "GMX": 81510.83671162452, "DPX": 0.0, "sGLP": 377.4942122323038}, "stabilityPoolGemBalance": {"ETH": 16843.284980055774, "gOHM": 6740.439936260293, "GMX": 11311.217524639676, "DPX": 6995.45803135152, "sGLP": 0.0}, "bprotocolBalance": {"ETH": 4904.784752396331, "gOHM": 41948.23475158956, "DPX": 0.0, "GMX": 74904.9481967941, "sGLP": 0.0}, "bprotocolGemBalance": {"ETH": 0.015557084630163037, "gOHM": 0.0, "DPX": 0.11910192561432548, "GMX": 5.3140182006197065, "sGLP": 0.0}}