{"json_time": 1694801916, "ETH": {"VST": {"volume": 46292781.86368942, "llc": 1.1}}, "gOHM": {"VST": {"volume": 170277.0218849182, "llc": 1.15}}, "GMX": {"VST": {"volume": 3377480.540752411, "llc": 1.15}}, "DPX": {"VST": {"volume": 167416.0017967224, "llc": 1.15}}, "sGLP": {"VST": {"volume": 29392736.202716827, "llc": 1.1}}}