{"json_time": 1685971506, "VST": {"oracle": 0.9971586853537885, "cex_price": 1, "dex_price": 1}, "ETH": {"oracle": 1868.36888577, "cex_price": 1868.4050000000002, "dex_price": 1869.0054116140168}, "gOHM": {"oracle": 2817.343498862822, "cex_price": "NaN", "dex_price": 2791.332164713612}, "GMX": {"oracle": 53.122421189340365, "cex_price": "NaN", "dex_price": 53.013909720827044}, "DPX": {"oracle": 139.43463412, "cex_price": "NaN", "dex_price": 139.76680918619934}, "sGLP": {"oracle": 0.9648225413189703, "cex_price": "NaN", "dex_price": "NaN"}}