{"ETH": {"BNB|bsc": {"volume": 9106.223583221436, "llc": 1.1}, "WBTC|eth": {"volume": 10059.89694595337, "llc": 1.1}, "pCKB": {"volume": 25318.670749664307, "llc": 1.1}, "USDC": {"volume": 18642.95721054077, "llc": 1.1}, "USDT": {"volume": 2430.5100440979004, "llc": 1.1}}, "BNB|bsc": {"ETH": {"volume": 9106.223583221436, "llc": 1.1}, "WBTC|eth": {"volume": 5291.530132293701, "llc": 1.1}, "pCKB": {"volume": 12920.91703414917, "llc": 1.1}, "USDC": {"volume": 11967.243671417236, "llc": 1.1}, "USDT": {"volume": 1476.8366813659668, "llc": 1.1}}, "WBTC|eth": {"ETH": {"volume": 10059.89694595337, "llc": 1.1}, "BNB|bsc": {"volume": 5291.530132293701, "llc": 1.1}, "pCKB": {"volume": 7198.876857757568, "llc": 1.1}, "USDC": {"volume": 7198.876857757568, "llc": 1.1}, "USDT": {"volume": 1476.8366813659668, "llc": 1.1}}, "pCKB": {"ETH": {"volume": 24364.997386932373, "llc": 1.1}, "BNB|bsc": {"volume": 12920.91703414917, "llc": 1.1}, "WBTC|eth": {"volume": 7198.876857757568, "llc": 1.1}, "USDC": {"volume": 72048.66552352905, "llc": 1.1}, "USDT": {"volume": 2430.5100440979004, "llc": 1.1}}, "USDC": {"ETH": {"volume": 18642.95721054077, "llc": 1.1}, "BNB|bsc": {"volume": 11013.570308685303, "llc": 1.1}, "WBTC|eth": {"volume": 7198.876857757568, "llc": 1.1}, "pCKB": {"volume": 72048.66552352905, "llc": 1.1}, "USDT": {"volume": 2430.5100440979004, "llc": 1.1}}, "USDT": {"ETH": {"volume": 2430.5100440979004, "llc": 1.1}, "BNB|bsc": {"volume": 2430.5100440979004, "llc": 1.1}, "WBTC|eth": {"volume": 2430.5100440979004, "llc": 1.1}, "pCKB": {"volume": 2430.5100440979004, "llc": 1.1}, "USDC": {"volume": 2430.5100440979004, "llc": 1.1}}, "json_time": 1678697338}