{"json_time": 1675515743, "stabilityPoolVstBalance": {"ETH": 746797.7409523458, "gOHM": 999420.4509037547, "GMX": 37268.04939739774, "DPX": 54946.05134559495, "sGLP": 2443758.4200717784}, "stabilityPoolGemBalance": {"ETH": 20077.938212590507, "gOHM": 10370.042896928682, "GMX": 2207.997656146223, "DPX": 196.36133256949756, "sGLP": 0.0}, "bprotocolBalance": {"ETH": 126017.36754247539, "gOHM": 2639.2194228834564, "DPX": 2110.978353611363, "GMX": 583.2612976683362, "sGLP": 0.0}, "bprotocolGemBalance": {"ETH": 0.020915946576409234, "gOHM": 0.0, "DPX": 0.01928983039848691, "GMX": 0.6967424692066706, "sGLP": 0.0}}