{"json_time": 1676217220, "USDC": {"oracle": 1.0001297883246232, "cex_price": 1, "dex_price": 1}, "WXDAI": {"oracle": 1.0, "cex_price": 1, "dex_price": 1.0004153366932076}, "LINK": {"oracle": 6.9680275992902185, "cex_price": 6.9975000000000005, "dex_price": 7.3403486756313026}, "GNO": {"oracle": 110.24437025390809, "cex_price": 110.05000000000001, "dex_price": 110.9924341994734}, "WBTC": {"oracle": 21892.204165975207, "cex_price": 22013.745000000003, "dex_price": 22147.060022076188}, "WETH": {"oracle": 1539.0634684408658, "cex_price": 1542.935, "dex_price": 1548.1883403679783}, "FOX": {"oracle": 0.032705117706249676, "cex_price": 0.03245, "dex_price": 0.03381738836896784}, "USDT": {"oracle": 1.0001541498871738, "cex_price": 1, "dex_price": 1.0005276642827554}}