{"json_time": 1674397818, "glp_data": {"liquidTreasury": 253652432.70537567, "treasuryUtilization": 0.410105624968002, "liquidStableTreasury": 150533499.87074262, "stableTreasuryUtilization": 0.10200083058868863, "liquidSolidAssetTreasury": 91206960.5308012, "solidTreasuryUtilization": 0.6323976963959761}}