{"USDC": {"WXDAI": {"volume": 2249284.9526405334, "llc": 1.05}, "LINK": {"volume": 1476.8366813659668, "llc": 1.05}, "GNO": {"volume": 62511.93189620972, "llc": 1.05}, "WBTC": {"volume": 33901.73101425171, "llc": 1.05}, "WETH": {"volume": 57422.123467309546, "llc": 1.05}, "FOX": {"volume": 3384.183406829834, "llc": 1.05}, "USDT": {"volume": 4132789.8440361023, "llc": 1.05}, "EURe": {"volume": 2002283.5516929626, "llc": 1.05}, "wstETH": {"volume": 57422.123467309546, "llc": 1.05}}, "WXDAI": {"USDC": {"volume": 2288385.5605125427, "llc": 1.05}, "LINK": {"volume": 1476.8366813659668, "llc": 1.05}, "GNO": {"volume": 62511.93189620972, "llc": 1.05}, "WBTC": {"volume": 34855.40437698364, "llc": 1.05}, "WETH": {"volume": 63671.875, "llc": 1.05}, "FOX": {"volume": 3384.183406829834, "llc": 1.05}, "USDT": {"volume": 4131836.1706733704, "llc": 1.05}, "EURe": {"volume": 2003237.2250556946, "llc": 1.05}, "wstETH": {"volume": 63671.875, "llc": 1.05}}, "LINK": {"USDC": {"volume": 4337.856769561768, "llc": 1.2}, "WXDAI": {"volume": 4337.856769561768, "llc": 1.2}, "GNO": {"volume": 4337.856769561768, "llc": 1.2}, "WBTC": {"volume": 4337.856769561768, "llc": 1.2}, "WETH": {"volume": 4337.856769561768, "llc": 1.2}, "FOX": {"volume": 3384.183406829834, "llc": 1.2}, "USDT": {"volume": 4337.856769561768, "llc": 1.2}, "EURe": {"volume": 4337.856769561768, "llc": 1.2}, "wstETH": {"volume": 4337.856769561768, "llc": 1.2}}, "GNO": {"USDC": {"volume": 122593.35374832153, "llc": 1.1}, "WXDAI": {"volume": 123547.02711105347, "llc": 1.1}, "LINK": {"volume": 2430.5100440979004, "llc": 1.1}, "WBTC": {"volume": 61558.25853347778, "llc": 1.1}, "WETH": {"volume": 427768.8298225403, "llc": 1.1}, "FOX": {"volume": 4337.856769561768, "llc": 1.1}, "USDT": {"volume": 122593.35374832153, "llc": 1.1}, "EURe": {"volume": 122593.35374832153, "llc": 1.1}, "wstETH": {"volume": 427768.8298225403, "llc": 1.1}}, "WBTC": {"USDC": {"volume": 62511.93189620972, "llc": 1.1}, "WXDAI": {"volume": 67280.29870986938, "llc": 1.1}, "LINK": {"volume": 2430.5100440979004, "llc": 1.1}, "GNO": {"volume": 72048.66552352905, "llc": 1.1}, "WETH": {"volume": 122593.35374832153, "llc": 1.1}, "FOX": {"volume": 4337.856769561768, "llc": 1.1}, "USDT": {"volume": 54882.54499435425, "llc": 1.1}, "EURe": {"volume": 54882.54499435425, "llc": 1.1}, "wstETH": {"volume": 122593.35374832153, "llc": 1.1}}, "WETH": {"USDC": {"volume": 60268.086140566826, "llc": 1.05}, "WXDAI": {"volume": 60268.086140566826, "llc": 1.05}, "LINK": {"volume": 1476.8366813659668, "llc": 1.05}, "GNO": {"volume": 213192.32320785522, "llc": 1.05}, "WBTC": {"volume": 62511.93189620972, "llc": 1.05}, "FOX": {"volume": 2430.5100440979004, "llc": 1.05}, "USDT": {"volume": 60268.086140566826, "llc": 1.05}, "EURe": {"volume": 34855.40437698364, "llc": 1.05}, "wstETH": {"volume": 2388270.629217364, "llc": 1.05}}, "FOX": {"USDC": {"volume": 5291.530132293701, "llc": 1.1}, "WXDAI": {"volume": 5291.530132293701, "llc": 1.1}, "LINK": {"volume": 2430.5100440979004, "llc": 1.1}, "GNO": {"volume": 5291.530132293701, "llc": 1.1}, "WBTC": {"volume": 4337.856769561768, "llc": 1.1}, "WETH": {"volume": 4337.856769561768, "llc": 1.1}, "USDT": {"volume": 5291.530132293701, "llc": 1.1}, "EURe": {"volume": 4337.856769561768, "llc": 1.1}, "wstETH": {"volume": 4337.856769561768, "llc": 1.1}}, "USDT": {"USDC": {"volume": 2266451.0731697083, "llc": 1.05}, "WXDAI": {"volume": 2169176.390171051, "llc": 1.05}, "LINK": {"volume": 1476.8366813659668, "llc": 1.05}, "GNO": {"volume": 62511.93189620972, "llc": 1.05}, "WBTC": {"volume": 33901.73101425171, "llc": 1.05}, "WETH": {"volume": 58202.93928122386, "llc": 1.05}, "FOX": {"volume": 3384.183406829834, "llc": 1.05}, "EURe": {"volume": 1982256.411075592, "llc": 1.05}, "wstETH": {"volume": 58202.93928122386, "llc": 1.05}}, "EURe": {"USDC": {"volume": 1507327.076435089, "llc": 1.15}, "WXDAI": {"volume": 1508280.749797821, "llc": 1.15}, "LINK": {"volume": 3384.183406829834, "llc": 1.15}, "GNO": {"volume": 59650.911808013916, "llc": 1.15}, "WBTC": {"volume": 52021.52490615845, "llc": 1.15}, "WETH": {"volume": 45345.81136703491, "llc": 1.15}, "FOX": {"volume": 6245.203495025635, "llc": 1.15}, "USDT": {"volume": 1512095.4432487488, "llc": 1.15}, "wstETH": {"volume": 45345.81136703491, "llc": 1.15}}, "wstETH": {"USDC": {"volume": 60268.086140566826, "llc": 1.05}, "WXDAI": {"volume": 60268.086140566826, "llc": 1.05}, "LINK": {"volume": 1476.8366813659668, "llc": 1.05}, "GNO": {"volume": 213192.32320785522, "llc": 1.05}, "WBTC": {"volume": 62511.93189620972, "llc": 1.05}, "WETH": {"volume": 2746796.2696346487, "llc": 1.1}, "FOX": {"volume": 2430.5100440979004, "llc": 1.05}, "USDT": {"volume": 60268.086140566826, "llc": 1.05}, "EURe": {"volume": 34855.40437698364, "llc": 1.05}}, "json_time": 1691342040}