{"json_time": 1689840780, "VST": {"oracle": 0.9895846651780945, "cex_price": 1, "dex_price": 1}, "ETH": {"oracle": 1915.89321453, "cex_price": 1915.085, "dex_price": 1914.5639893123691}, "gOHM": {"oracle": 2863.5810804380826, "cex_price": "NaN", "dex_price": 2855.7808495560153}, "GMX": {"oracle": 55.77445961686714, "cex_price": "NaN", "dex_price": 55.91687108276139}, "DPX": {"oracle": 118.91613418, "cex_price": "NaN", "dex_price": 119.70785896469903}, "sGLP": {"oracle": 1.0096187184016123, "cex_price": "NaN", "dex_price": "NaN"}}