{"json_time": 1692020203, "ETH": {"VST": {"volume": 55188646.9912529, "llc": 1.1}}, "gOHM": {"VST": {"volume": 218914.36338424683, "llc": 1.15}}, "GMX": {"VST": {"volume": 6027738.815784454, "llc": 1.15}}, "DPX": {"VST": {"volume": 359104.34770584106, "llc": 1.15}}, "sGLP": {"VST": {"volume": 55334559.015750885, "llc": 1.1}}}