{"json_time": 1673182650, "data": [{"account": "0x5ce561e048d2cd64523D6316228F97bd2537F92f", "user_collateral_wo_looping": 0.9165636318513601, "user_debt_wo_looping": 1.5449299703676853}, {"account": "0x9A4B0dA9E8e5c7135cd7188Bd2e84DAc513C594b", "user_collateral_wo_looping": 0.001080868094912965, "user_debt_wo_looping": 0.0013826412589318297}]}