{"json_time": 1690977286, "ETH-VST": {"series_std_ratio": 1.0, "volume_for_slippage_10_percentss": [38410.11770695448], "trade_every": 1800, "collaterals": [837, 1121, 1406, 1691, 1975, 2260, 2544, 2829, 3113, 3398, 3683, 3967, 4252, 4536, 4821, 5106, 5390, 5675, 5959, 6244, 6529, 6813, 7098, 7382, 7667, 7952, 8236, 8521, 8805, 9090, 1875.0], "liquidation_incentives": [0.10000000000000009], "stability_pool_initial_balances": [0.03722386196062077, 0.018611930980310384, 0.07444772392124153], "share_institutionals": [0.09727269785103007, 0.048636348925515036, 0.19454539570206014, 1], "recovery_halflife_retails": [3.3333333333333335], "price_recovery_times": [0], "l_factors": [0.25, 0.5, 1, 1.5, 2], "json_time": 1690980033.719091, "current_debt": 837.2283975366266}, "gOHM-VST": {"series_std_ratio": 0.5718399563684763, "volume_for_slippage_10_percentss": [136.82147711515427], "trade_every": 1800, "collaterals": [2090, 2489, 2888, 3287, 3686, 4085, 4484, 4884, 5283, 5682, 6081, 6480, 6879, 7278, 7677, 8076, 8475, 8874, 9273, 9672, 10071, 10470, 10869, 11269, 11668, 12067, 12466, 12865, 13264, 13663, 2812.5], "liquidation_incentives": [0.1499999999999999], "stability_pool_initial_balances": [0.020921364572953263, 0.010460682286476631, 0.041842729145906525], "share_institutionals": [0.5923723209713869, 0.29618616048569346, 1, 1], "recovery_halflife_retails": [3.3333333333333335], "price_recovery_times": [0], "l_factors": [0.25, 0.5, 1, 1.5, 2], "json_time": 1690980033.719091, "current_debt": 2090.593270457965}, "DPX-VST": {"series_std_ratio": 2.2756095294666916, "volume_for_slippage_10_percentss": [236.36113435029984], "trade_every": 1800, "collaterals": [198, 296, 393, 491, 588, 686, 784, 881, 979, 1076, 1174, 1271, 1369, 1466, 1564, 1661, 1759, 1856, 1954, 2052, 2149, 2247, 2344, 2442, 2539, 2637, 2734, 2832, 2929, 3027, 625.0], "liquidation_incentives": [0.1499999999999999], "stability_pool_initial_balances": [0.0022550640507356086, 0.0011275320253678043, 0.004510128101471217], "share_institutionals": [0.008990388776635584, 0.004495194388317792, 0.01798077755327117, 1], "recovery_halflife_retails": [3.3333333333333335], "price_recovery_times": [2], "l_factors": [0.25, 0.5, 1, 1.5, 2], "json_time": 1690980033.719091, "current_debt": 198.82311500543045}, "GMX-VST": {"series_std_ratio": 2.0308729755116706, "volume_for_slippage_10_percentss": [4013.5036966204643], "trade_every": 1800, "collaterals": [230, 326, 423, 519, 616, 712, 809, 905, 1002, 1098, 1195, 1291, 1388, 1484, 1581, 1677, 1774, 1870, 1967, 2063, 2160, 2256, 2353, 2449, 2546, 2642, 2739, 2835, 2932, 3028, 625.0], "liquidation_incentives": [0.1499999999999999], "stability_pool_initial_balances": [0.1925531683792761, 0.09627658418963805, 0.3851063367585522], "share_institutionals": [0.6037531030476792, 0.3018765515238396, 1, 1], "recovery_halflife_retails": [3.3333333333333335], "price_recovery_times": [0], "l_factors": [0.25, 0.5, 1, 1.5, 2], "json_time": 1690980033.719091, "current_debt": 230.43444814709045}, "sGLP-VST": {"series_std_ratio": 0.6132330529291525, "volume_for_slippage_10_percentss": [42844.69884365797], "trade_every": 1800, "collaterals": [319, 360, 401, 443, 484, 526, 567, 609, 650, 692, 733, 775, 816, 857, 899, 940, 982, 1023, 1065, 1106, 1148, 1189, 1230, 1272, 1313, 1355, 1396, 1438, 1479, 1521, 312.5], "liquidation_incentives": [0.10000000000000009], "stability_pool_initial_balances": [0.0011595467531053756, 0.0005797733765526878, 0.002319093506210751], "share_institutionals": [0.0, 0.0, 0.0, 1], "recovery_halflife_retails": [3.3333333333333335], "price_recovery_times": [0], "l_factors": [0.25, 0.5, 1, 1.5, 2], "json_time": 1690980033.719091, "current_debt": 319.0989562618621}}