{"json_time": 1670091988, "data": [{"account": "0x2661a4786EA12B7EDFD3F5c08fF617702360A993", "user_collateral_wo_looping": 0.15295713256111715, "user_debt_wo_looping": 0.200576856798864}]}