{"json_time": 1670091988, "ETH": {"oracle": 1270.31, "cex_price": 1258.6550000000002, "dex_price": 1258.414501464199}, "BNB|bsc": {"oracle": 291.67886, "cex_price": 290.55, "dex_price": 289.7677192426204}, "WBTC|eth": {"oracle": 16974.56, "cex_price": 17012.08, "dex_price": 16987.307802473326}, "pCKB": {"oracle": 0.0024465, "cex_price": 0.0025450000000000004, "dex_price": 0.0025503880802434115}, "USDC": {"oracle": 0.999979344, "cex_price": 1, "dex_price": 1}, "USDT": {"oracle": 1.00005682, "cex_price": 1, "dex_price": 24862.938754221}}