{"json_time": 1673183677, "VST": {"oracle": 0.9889654832566415, "cex_price": 1, "dex_price": 1}, "ETH": {"oracle": 1262.3466, "cex_price": 1263.275, "dex_price": 1262.456825405523}, "gOHM": {"oracle": 2511.7191293597543, "cex_price": "NaN", "dex_price": 2515.446525379489}, "GMX": {"oracle": 40.75584652383768, "cex_price": "NaN", "dex_price": 40.985638998617134}, "DPX": {"oracle": 241.52692955, "cex_price": "NaN", "dex_price": 241.2885688466157}, "sGLP": {"oracle": 0.8418172841015248, "cex_price": "NaN", "dex_price": "NaN"}}