{"json_time": 1673183677, "stabilityPoolVstBalance": {"ETH": 755190.8917105381, "gOHM": 1005050.1184855192, "GMX": 63178.205852736784, "DPX": 68404.30913268268, "sGLP": 2449245.595098261}, "stabilityPoolGemBalance": {"ETH": 16949.48919500479, "gOHM": 9824.708777404874, "GMX": 1213.939026080233, "DPX": 125.50993459749375, "sGLP": 0.0}, "bprotocolBalance": {"ETH": 132501.99048426634, "gOHM": 5423.632470962044, "DPX": 6073.366036431031, "GMX": 468.71912446881817, "sGLP": 0.0}, "bprotocolGemBalance": {"ETH": 0.021906694959074585, "gOHM": 0.0, "DPX": 0.0552519905950038, "GMX": 2.829152037797485, "sGLP": 0.0}}