{"json_time": 1675953891, "glp_data": {"liquidTreasury": 231361775.24787346, "treasuryUtilization": 0.4979059005903531, "liquidStableTreasury": 156826891.19402522, "stableTreasuryUtilization": 0.21154502877608858, "liquidSolidAssetTreasury": 59974927.06610981, "solidTreasuryUtilization": 0.7542748788605195}}