{"json_time": 1661706521.5507743, "ETH": {"total_collateral": "0.0", "median_collateral": "nan", "top_1_collateral": "0.0", "top_10_collateral": "0.0", "total_debt": "0.0", "median_debt": "nan", "top_1_debt": "0.0", "top_10_debt": "0.0", "graph_data": {}}, "BNB|bsc": {"total_collateral": "0.003149757057187142", "median_collateral": "0.003149757057187142", "top_1_collateral": "0.003149757057187142", "top_10_collateral": "0.003149757057187142", "total_debt": "0.0", "median_debt": "nan", "top_1_debt": "0.0", "top_10_debt": "0.0", "graph_data": {}}, "WBTC|eth": {"total_collateral": "0.0", "median_collateral": "nan", "top_1_collateral": "0.0", "top_10_collateral": "0.0", "total_debt": "0.0", "median_debt": "nan", "top_1_debt": "0.0", "top_10_debt": "0.0", "graph_data": {}}, "pCKB": {"total_collateral": "4.342783585636619", "median_collateral": "2.1713917928183095", "top_1_collateral": "2.3400616844169577", "top_10_collateral": "4.342783585636619", "total_debt": "2.1767535392194484", "median_debt": "2.1767535392194484", "top_1_debt": "2.1767535392194484", "top_10_debt": "2.1767535392194484", "graph_data": {"ETH": {"0.01936627": 0, "0.01897104": 0, "0.018575809999999998": 0, "0.018180580000000002": 0, "0.01778535": 0, "0.017390120000000002": 0, "0.01699489": 0, "0.01659966": 0, "0.016204430000000002": 0, "0.0158092": 0, "0.01541397": 0, "0.015018740000000001": 0, "0.01462351": 0, "0.01422828": 0, "0.01383305": 0, "0.013437820000000001": 0, "0.01304259": 0, "0.01264736": 0, "0.01225213": 0, "0.0118569": 0, "0.01146167": 0, "0.01106644": 0, "0.01067121": 0, "0.01027598": 0, "0.009880749999999999": 0, "0.00948552": 0, "0.009090290000000001": 0, "0.008695060000000001": 0, "0.00829983": 0, "0.0079046": 0, "0.0075093700000000005": 0, "0.00711414": 0, "0.006718910000000001": 0, "0.00632368": 0, "0.00592845": 0, "0.00553322": 0, "0.00513799": 0, "0.00474276": 0, "0.0043475300000000005": 0}, "BNB|bsc": {"0.01936627": 0, "0.01897104": 0, "0.018575809999999998": 0, "0.018180580000000002": 0, "0.01778535": 0, "0.017390120000000002": 0, "0.01699489": 0, "0.01659966": 0, "0.016204430000000002": 0, "0.0158092": 0, "0.01541397": 0, "0.015018740000000001": 0, "0.01462351": 0, "0.01422828": 0, "0.01383305": 0, "0.013437820000000001": 0, "0.01304259": 0, "0.01264736": 0, "0.01225213": 0, "0.0118569": 0, "0.01146167": 0, "0.01106644": 0, "0.01067121": 0, "0.01027598": 0, "0.009880749999999999": 0, "0.00948552": 0, "0.009090290000000001": 0, "0.008695060000000001": 0, "0.00829983": 0, "0.0079046": 0, "0.0075093700000000005": 0, "0.00711414": 0, "0.006718910000000001": 0, "0.00632368": 0, "0.00592845": 0, "0.00553322": 0, "0.00513799": 0, "0.00474276": 0, "0.0043475300000000005": 0}, "WBTC|eth": {"0.01936627": 0, "0.01897104": 0, "0.018575809999999998": 0, "0.018180580000000002": 0, "0.01778535": 0, "0.017390120000000002": 0, "0.01699489": 0, "0.01659966": 0, "0.016204430000000002": 0, "0.0158092": 0, "0.01541397": 0, "0.015018740000000001": 0, "0.01462351": 0, "0.01422828": 0, "0.01383305": 0, "0.013437820000000001": 0, "0.01304259": 0, "0.01264736": 0, "0.01225213": 0, "0.0118569": 0, "0.01146167": 0, "0.01106644": 0, "0.01067121": 0, "0.01027598": 0, "0.009880749999999999": 0, "0.00948552": 0, "0.009090290000000001": 0, "0.008695060000000001": 0, "0.00829983": 0, "0.0079046": 0, "0.0075093700000000005": 0, "0.00711414": 0, "0.006718910000000001": 0, "0.00632368": 0, "0.00592845": 0, "0.00553322": 0, "0.00513799": 0, "0.00474276": 0, "0.0043475300000000005": 0}, "USDC": {"0.01936627": 0, "0.01897104": 0, "0.018575809999999998": 0, "0.018180580000000002": 0, "0.01778535": 0, "0.017390120000000002": 0, "0.01699489": 0, "0.01659966": 0, "0.016204430000000002": 0, "0.0158092": 0, "0.01541397": 0, "0.015018740000000001": 0, "0.01462351": 0, "0.01422828": 0, "0.01383305": 0, "0.013437820000000001": 0, "0.01304259": 0, "0.01264736": 0, "0.01225213": 0, "0.0118569": 0, "0.01146167": 0, "0.01106644": 0, "0.01067121": 0, "0.01027598": 0, "0.009880749999999999": 0, "0.00948552": 0, "0.009090290000000001": 0, "0.008695060000000001": 0, "0.00829983": 0, "0.0079046": 0, "0.0075093700000000005": 0, "0.00711414": 0, "0.006718910000000001": 0, "0.00632368": 0, "0.00592845": 0, "0.00553322": 0, "0.00513799": 0, "0.00474276": 0, "0.0043475300000000005": 0}, "USDT": {"0.01936627": 0, "0.01897104": 0, "0.018575809999999998": 0, "0.018180580000000002": 0, "0.01778535": 0, "0.017390120000000002": 0, "0.01699489": 0, "0.01659966": 0, "0.016204430000000002": 0, "0.0158092": 0, "0.01541397": 0, "0.015018740000000001": 0, "0.01462351": 0, "0.01422828": 0, "0.01383305": 0, "0.013437820000000001": 0, "0.01304259": 0, "0.01264736": 0, "0.01225213": 0, "0.0118569": 0, "0.01146167": 0, "0.01106644": 0, "0.01067121": 0, "0.01027598": 0, "0.009880749999999999": 0, "0.00948552": 0, "0.009090290000000001": 0, "0.008695060000000001": 0, "0.00829983": 0, "0.0079046": 0, "0.0075093700000000005": 0, "0.00711414": 0, "0.006718910000000001": 0, "0.00632368": 0, "0.00592845": 0, "0.00553322": 0, "0.00513799": 0, "0.00474276": 0, "0.0043475300000000005": 0}}}, "USDC": {"total_collateral": "5.4236640000000005", "median_collateral": "2.7118320000000002", "top_1_collateral": "3.051073", "top_10_collateral": "5.4236640000000005", "total_debt": "0.0007", "median_debt": "0.0007", "top_1_debt": "0.0007", "top_10_debt": "0.0007", "graph_data": {"ETH": {"0.9": 0, "0.8": 0, "0.7000000000000001": 0, "0.6000000000000001": 0, "0.5": 0, "0.4": 0, "0.30000000000000004": 0, "0.2": 0, "0.1": 0, "0.0": 0}, "BNB|bsc": {"0.9": 0, "0.8": 0, "0.7000000000000001": 0, "0.6000000000000001": 0, "0.5": 0, "0.4": 0, "0.30000000000000004": 0, "0.2": 0, "0.1": 0, "0.0": 0}, "WBTC|eth": {"0.9": 0, "0.8": 0, "0.7000000000000001": 0, "0.6000000000000001": 0, "0.5": 0, "0.4": 0, "0.30000000000000004": 0, "0.2": 0, "0.1": 0, "0.0": 0}, "pCKB": {"0.9": 2, "0.8": 2, "0.7000000000000001": 2, "0.6000000000000001": 2, "0.5": 2, "0.4": 2, "0.30000000000000004": 2, "0.2": 2, "0.1": 2, "0.0": 2}, "USDT": {"0.9": 0, "0.8": 0, "0.7000000000000001": 0, "0.6000000000000001": 0, "0.5": 0, "0.4": 0, "0.30000000000000004": 0, "0.2": 0, "0.1": 0, "0.0": 0}}}}