{"json_time": 1675615920, "USDC": {"oracle": 1.0001787419429726, "cex_price": 1, "dex_price": 1}, "WXDAI": {"oracle": 1.0, "cex_price": 1, "dex_price": 1.000431520216831}, "LINK": {"oracle": 6.965074728504731, "cex_price": 6.9435, "dex_price": 7.403315821451926}, "GNO": {"oracle": 115.98779096812392, "cex_price": 115.30000000000001, "dex_price": 116.40332099749763}, "WBTC": {"oracle": 23048.54885004499, "cex_price": 22957.795, "dex_price": 23134.727863882665}, "WETH": {"oracle": 1640.7154822638354, "cex_price": 1630.205, "dex_price": 1642.0966528374593}, "FOX": {"oracle": 0.03743219950837414, "cex_price": 0.037500000000000006, "dex_price": 0.03918197123155482}, "USDT": {"oracle": 1.000375817162285, "cex_price": 1, "dex_price": 1.0005190843087257}}