{"json_time": 1665505405, "auETH-auUSDC": {"series_std_ratio": 1.0, "volume_for_slippage_10_percentss": [31.91740721464157], "trade_every": 1800, "collaterals": [1250, 2500, 3125, 4375, 5625, 5000, 6250, 7500, 8750, 625.0, 625.0], "liquidation_incentives": [0.10000000000000009], "stability_pool_initial_balances": [0], "share_institutionals": [0], "recovery_halflife_retails": [0], "price_recovery_times": [0], "l_factors": [0.25, 0.5, 1, 1.5, 2], "json_time": 1665508722.4383106, "current_debt": 295.20017377182825}, "auETH-auWBTC": {"series_std_ratio": 0.4395117777819672, "volume_for_slippage_10_percentss": [33.70554476976395], "trade_every": 1800, "collaterals": [1250, 2500, 3125, 4375, 3750, 5625, 5000, 6250, 7500, 6875, 8750, 8125, 625.0, 625.0], "liquidation_incentives": [0.10000000000000009], "stability_pool_initial_balances": [0], "share_institutionals": [0], "recovery_halflife_retails": [0], "price_recovery_times": [0], "l_factors": [0.25, 0.5, 1, 1.5, 2], "json_time": 1665508722.4383106, "current_debt": 295.20017377182825}, "auETH-auUSDT": {"series_std_ratio": 1.0, "volume_for_slippage_10_percentss": [33.70554476976395], "trade_every": 1800, "collaterals": [1250, 2500, 3125, 4375, 5625, 6250, 7500, 8750, 8125, 625.0, 625.0], "liquidation_incentives": [0.10000000000000009], "stability_pool_initial_balances": [0], "share_institutionals": [0], "recovery_halflife_retails": [0], "price_recovery_times": [0], "l_factors": [0.25, 0.5, 1, 1.5, 2], "json_time": 1665508722.4383106, "current_debt": 295.20017377182825}, "auETH-auWNEAR": {"series_std_ratio": 1.184118683887115, "volume_for_slippage_10_percentss": [56.95133298635483], "trade_every": 1800, "collaterals": [1250, 625, 2500, 1875, 3125, 4375, 3750, 5625, 6250, 7500, 8750, 625.0, 625.0], "liquidation_incentives": [0.10000000000000009], "stability_pool_initial_balances": [0], "share_institutionals": [0], "recovery_halflife_retails": [0], "price_recovery_times": [0], "l_factors": [0.25, 0.5, 1, 1.5, 2], "json_time": 1665508722.4383106, "current_debt": 295.20017377182825}, "auETH-auSTNEAR": {"series_std_ratio": 1.184118683887115, "volume_for_slippage_10_percentss": [12.24789410829544], "trade_every": 1800, "collaterals": [1250, 625, 2500, 3125, 4375, 5625, 6250, 7500, 8750, 625.0, 625.0], "liquidation_incentives": [0.10000000000000009], "stability_pool_initial_balances": [0], "share_institutionals": [0], "recovery_halflife_retails": [0], "price_recovery_times": [0], "l_factors": [0.25, 0.5, 1, 1.5, 2], "json_time": 1665508722.4383106, "current_debt": 295.20017377182825}, "auWBTC-auUSDC": {"series_std_ratio": 0.760706293780634, "volume_for_slippage_10_percentss": [35.49368232488632], "trade_every": 1800, "collaterals": [2500, 5000, 6875, 9375, 7500, 11875, 10000, 13750, 12500, 16250, 15000, 18125, 17500, 625.0, 625.0], "liquidation_incentives": [0.10000000000000009], "stability_pool_initial_balances": [0], "share_institutionals": [0], "recovery_halflife_retails": [0], "price_recovery_times": [0], "l_factors": [0.25, 0.5, 1, 1.5, 2], "json_time": 1665508722.4383106, "current_debt": 15.852693409362498}, "auWBTC-auETH": {"series_std_ratio": 0.4396477338745114, "volume_for_slippage_10_percentss": [33.70554476976395], "trade_every": 1800, "collaterals": [2500, 625, 1250, 1875, 5000, 6875, 9375, 11875, 13750, 16250, 18125, 625.0, 625.0], "liquidation_incentives": [0.10000000000000009], "stability_pool_initial_balances": [0], "share_institutionals": [0], "recovery_halflife_retails": [0], "price_recovery_times": [0], "l_factors": [0.25, 0.5, 1, 1.5, 2], "json_time": 1665508722.4383106, "current_debt": 15.852693409362498}, "auWBTC-auUSDT": {"series_std_ratio": 0.760706293780634, "volume_for_slippage_10_percentss": [36.68577402830124], "trade_every": 1800, "collaterals": [2500, 5000, 3125, 6875, 5625, 9375, 8125, 11875, 10625, 13750, 13125, 16250, 15625, 18125, 625.0, 625.0], "liquidation_incentives": [0.10000000000000009], "stability_pool_initial_balances": [0], "share_institutionals": [0], "recovery_halflife_retails": [0], "price_recovery_times": [0], "l_factors": [0.25, 0.5, 1, 1.5, 2], "json_time": 1665508722.4383106, "current_debt": 15.852693409362498}, "auWBTC-auWNEAR": {"series_std_ratio": 1.2792098103887029, "volume_for_slippage_10_percentss": [68.872250020504], "trade_every": 1800, "collaterals": [2500, 625, 1250, 1875, 5000, 3125, 3750, 4375, 6875, 9375, 11875, 13750, 16250, 18125, 625.0, 625.0], "liquidation_incentives": [0.10000000000000009], "stability_pool_initial_balances": [0], "share_institutionals": [0], "recovery_halflife_retails": [0], "price_recovery_times": [0], "l_factors": [0.25, 0.5, 1, 1.5, 2], "json_time": 1665508722.4383106, "current_debt": 15.852693409362498}, "auWBTC-auSTNEAR": {"series_std_ratio": 1.2792098103887029, "volume_for_slippage_10_percentss": [12.8439399600029], "trade_every": 1800, "collaterals": [2500, 625, 5000, 6875, 9375, 11875, 13750, 16250, 18125, 625.0, 625.0], "liquidation_incentives": [0.10000000000000009], "stability_pool_initial_balances": [0], "share_institutionals": [0], "recovery_halflife_retails": [0], "price_recovery_times": [0], "l_factors": [0.25, 0.5, 1, 1.5, 2], "json_time": 1665508722.4383106, "current_debt": 15.852693409362498}, "auWNEAR-auUSDC": {"series_std_ratio": 1.7465911126462959, "volume_for_slippage_10_percentss": [139.2056605219841], "trade_every": 1800, "collaterals": [1250, 2500, 3125, 4375, 5625, 5000, 6250, 7500, 8125, 625.0, 625.0], "liquidation_incentives": [0.10000000000000009], "stability_pool_initial_balances": [0], "share_institutionals": [0], "recovery_halflife_retails": [0], "price_recovery_times": [0], "l_factors": [0.25, 0.5, 1, 1.5, 2], "json_time": 1665508722.4383106, "current_debt": 390.30559530344874}, "auWNEAR-auETH": {"series_std_ratio": 1.1824518260272128, "volume_for_slippage_10_percentss": [56.35528713464737], "trade_every": 1800, "collaterals": [1250, 625, 2500, 1875, 3125, 4375, 5625, 6250, 7500, 8125, 625.0, 625.0], "liquidation_incentives": [0.10000000000000009], "stability_pool_initial_balances": [0], "share_institutionals": [0], "recovery_halflife_retails": [0], "price_recovery_times": [0], "l_factors": [0.25, 0.5, 1, 1.5, 2], "json_time": 1665508722.4383106, "current_debt": 390.30559530344874}, "auWNEAR-auWBTC": {"series_std_ratio": 1.27690118691834, "volume_for_slippage_10_percentss": [68.872250020504], "trade_every": 1800, "collaterals": [1250, 2500, 3125, 4375, 3750, 5625, 5000, 6250, 7500, 6875, 8125, 625.0, 625.0], "liquidation_incentives": [0.10000000000000009], "stability_pool_initial_balances": [0], "share_institutionals": [0], "recovery_halflife_retails": [0], "price_recovery_times": [0], "l_factors": [0.25, 0.5, 1, 1.5, 2], "json_time": 1665508722.4383106, "current_debt": 390.30559530344874}, "auWNEAR-auUSDT": {"series_std_ratio": 1.7465911126462959, "volume_for_slippage_10_percentss": [139.2056605219841], "trade_every": 1800, "collaterals": [1250, 2500, 3125, 4375, 5625, 6250, 7500, 8125, 625.0, 625.0], "liquidation_incentives": [0.10000000000000009], "stability_pool_initial_balances": [0], "share_institutionals": [0], "recovery_halflife_retails": [0], "price_recovery_times": [0], "l_factors": [0.25, 0.5, 1, 1.5, 2], "json_time": 1665508722.4383106, "current_debt": 390.30559530344874}, "auSTNEAR-auUSDC": {"series_std_ratio": 1.7465911126462959, "volume_for_slippage_10_percentss": [55.16319543123245], "trade_every": 1800, "collaterals": [1250, 1875, 2500, 3125, 3750, 4375, 5000, 5625, 625.0, 625.0], "liquidation_incentives": [0.10000000000000009], "stability_pool_initial_balances": [0], "share_institutionals": [0], "recovery_halflife_retails": [0], "price_recovery_times": [0], "l_factors": [0.25, 0.5, 1, 1.5, 2], "json_time": 1665508722.4383106, "current_debt": 0.0}, "auSTNEAR-auETH": {"series_std_ratio": 1.1824518260272128, "volume_for_slippage_10_percentss": [45.03041595220566], "trade_every": 1800, "collaterals": [1250, 625, 1875, 2500, 3125, 3750, 4375, 5000, 5625, 625.0, 625.0],