{"json_time": 1690564837, "glp_data": {"liquidTreasury": 410743309.763795, "treasuryUtilization": 0.18281038932980537, "liquidStableTreasury": 202307617.55887565, "stableTreasuryUtilization": 0.11694059243087464, "liquidSolidAssetTreasury": 187623814.27715594, "solidTreasuryUtilization": 0.24379111681967314}}