{"json_time": 1690564837, "ETH-VST": {"series_std_ratio": 1.0, "volume_for_slippage_10_percentss": [33017.6908865571], "trade_every": 1800, "collaterals": [833, 3931, 7028, 10125, 13222, 16319, 19417, 22514, 25611, 28708, 31805, 34903, 38000, 41097, 44194, 47291, 50389, 53486, 56583, 59680, 62777, 65875, 68972, 72069, 75166, 78263, 81361, 84458, 87555, 90652, 18750.0], "liquidation_incentives": [0.10000000000000009], "stability_pool_initial_balances": [0.0374210709776313, 0.01871053548881565, 0.0748421419552626], "share_institutionals": [0.09701863203176792, 0.04850931601588396, 0.19403726406353583, 1], "recovery_halflife_retails": [3.3333333333333335], "price_recovery_times": [0], "l_factors": [0.25, 0.5, 1, 1.5, 2], "json_time": 1690567988.681205, "current_debt": 833.8642198007733}, "gOHM-VST": {"series_std_ratio": 0.5718399563684763, "volume_for_slippage_10_percentss": [135.62938541173935], "trade_every": 1800, "collaterals": [2087, 2486, 2886, 3285, 3684, 4083, 4482, 4881, 5281, 5680, 6079, 6478, 6877, 7276, 7675, 8075, 8474, 8873, 9272, 9671, 10070, 10470, 10869, 11268, 11667, 12066, 12465, 12865, 13264, 13663, 2812.5], "liquidation_incentives": [0.1499999999999999], "stability_pool_initial_balances": [0.020923135552022052, 0.010461567776011026, 0.041846271104044104], "share_institutionals": [0.5923221813076277, 0.29616109065381385, 1, 1], "recovery_halflife_retails": [3.3333333333333335], "price_recovery_times": [0], "l_factors": [0.25, 0.5, 1, 1.5, 2], "json_time": 1690567988.681205, "current_debt": 2087.756786402788}, "DPX-VST": {"series_std_ratio": 2.2756095294666916, "volume_for_slippage_10_percentss": [253.05041819810867], "trade_every": 1800, "collaterals": [352, 444, 537, 629, 721, 814, 906, 999, 1091, 1184, 1276, 1368, 1461, 1553, 1646, 1738, 1831, 1923, 2015, 2108, 2200, 2293, 2385, 2478, 2570, 2662, 2755, 2847, 2940, 3032, 625.0], "liquidation_incentives": [0.1499999999999999], "stability_pool_initial_balances": [0.0012856797969268705, 0.0006428398984634352, 0.002571359593853741], "share_institutionals": [0.00898891317046365, 0.004494456585231825, 0.0179778263409273, 1], "recovery_halflife_retails": [3.3333333333333335], "price_recovery_times": [2], "l_factors": [0.25, 0.5, 1, 1.5, 2], "json_time": 1690567988.681205, "current_debt": 352.17389917396633}, "GMX-VST": {"series_std_ratio": 2.0308729755116706, "volume_for_slippage_10_percentss": [3218.3785304427147], "trade_every": 1800, "collaterals": [231, 328, 424, 521, 617, 714, 810, 906, 1003, 1099, 1196, 1292, 1389, 1485, 1581, 1678, 1774, 1871, 1967, 2064, 2160, 2257, 2353, 2449, 2546, 2642, 2739, 2835, 2932, 3028, 625.0], "liquidation_incentives": [0.1499999999999999], "stability_pool_initial_balances": [0.1867675001018198, 0.0933837500509099, 0.3735350002036396], "share_institutionals": [0.617758022404354, 0.308879011202177, 1, 1], "recovery_halflife_retails": [3.3333333333333335], "price_recovery_times": [0], "l_factors": [0.25, 0.5, 1, 1.5, 2], "json_time": 1690567988.681205, "current_debt": 231.8720061057348}, "sGLP-VST": {"series_std_ratio": 0.6132330529291525, "volume_for_slippage_10_percentss": [37015.966459810734], "trade_every": 1800, "collaterals": [325, 366, 407, 449, 490, 531, 572, 614, 655, 696, 737, 778, 820, 861, 902, 943, 985, 1026, 1067, 1108, 1150, 1191, 1232, 1273, 1315, 1356, 1397, 1438, 1480, 1521, 312.5], "liquidation_incentives": [0.10000000000000009], "stability_pool_initial_balances": [0.0018039284157813156, 0.0009019642078906578, 0.0036078568315626313], "share_institutionals": [0.0, 0.0, 0.0, 1], "recovery_halflife_retails": [3.3333333333333335], "price_recovery_times": [0], "l_factors": [0.25, 0.5, 1, 1.5, 2], "json_time": 1690567988.681205, "current_debt": 325.3656337278664}}