{"json_time": 1688924510, "glp_data": {"liquidTreasury": 395963524.5589324, "treasuryUtilization": 0.23953151715473583, "liquidStableTreasury": 208785883.6525777, "stableTreasuryUtilization": 0.14959060388561685, "liquidSolidAssetTreasury": 176971609.18391794, "solidTreasuryUtilization": 0.32601200924476786}}