{"json_time": 1681135408, "glp_data": {"liquidTreasury": 304021998.98993194, "treasuryUtilization": 0.43971635696689404, "liquidStableTreasury": 203404361.3199232, "stableTreasuryUtilization": 0.2541442533006067, "liquidSolidAssetTreasury": 94583750.08337194, "solidTreasuryUtilization": 0.6379805124877294}}