{"json_time": 1686851260, "USDC": {"oracle": 1.0001933622655095, "cex_price": 1, "dex_price": 1}, "WXDAI": {"oracle": 1.0, "cex_price": 1, "dex_price": 1.0003618567929147}, "LINK": {"oracle": 5.250189992400304, "cex_price": 5.2475000000000005, "dex_price": 5.611707056298543}, "GNO": {"oracle": 102.69003390864366, "cex_price": 102.69999999999999, "dex_price": 103.57536108867336}, "WBTC": {"oracle": 25071.25326730931, "cex_price": 25168.705, "dex_price": 25103.35049398373}, "WETH": {"oracle": 1646.0492580296789, "cex_price": 1653.105, "dex_price": 1665.9326891700082}, "FOX": {"oracle": 0.01848738050477981, "cex_price": 0.01845, "dex_price": 0.019256906039943223}, "USDT": {"oracle": 0.9991980820767169, "cex_price": 1, "dex_price": 0.9984714819440941}, "EURe": {"oracle": 1.094476220951162, "cex_price": 1.09125, "dex_price": 1.0834467064661024}, "wstETH": {"oracle": 1857.5766732530699, "cex_price": "NaN", "dex_price": 1857.5766732530699}}