{"json_time": 1687338688, "ETH": {"VST": {"volume": 47812937.203884125, "llc": 1.1}}, "gOHM": {"VST": {"volume": 380085.1616859436, "llc": 1.15}}, "GMX": {"VST": {"volume": 5377333.582401276, "llc": 1.15}}, "DPX": {"VST": {"volume": 465915.7643318176, "llc": 1.15}}, "sGLP": {"VST": {"volume": 42455200.25205612, "llc": 1.1}}}