{"json_time": 1690666129, "glp_data": {"liquidTreasury": 410360202.32253534, "treasuryUtilization": 0.1852053839027549, "liquidStableTreasury": 202480359.17436582, "stableTreasuryUtilization": 0.11841670838325517, "liquidSolidAssetTreasury": 187656408.78787556, "solidTreasuryUtilization": 0.24647692619188438}}