{"json_time": 1690666129, "VST": {"oracle": 0.9919565968063933, "cex_price": 1, "dex_price": 1}, "ETH": {"oracle": 1881.746821, "cex_price": 1881.4250000000002, "dex_price": 1881.4675446848544}, "gOHM": {"oracle": 2835.777093321793, "cex_price": "NaN", "dex_price": 2832.2586830983414}, "GMX": {"oracle": 57.05014299983356, "cex_price": "NaN", "dex_price": 56.67510179984134}, "DPX": {"oracle": 112.69925077, "cex_price": "NaN", "dex_price": 102.91222019436958}, "sGLP": {"oracle": 0.9992449218351893, "cex_price": "NaN", "dex_price": "NaN"}}