{"json_time": 1668875668, "stabilityPoolVstBalance": {"ETH": 889605.4603711943, "gOHM": 294927.0425430741, "renBTC": 5365.814774788852, "GMX": 39437.85501569422, "DPX": 22684.80784918932, "sGLP": 4506102.404661906}, "stabilityPoolGemBalance": {"ETH": 25636.184863466882, "gOHM": 9855.350353432546, "renBTC": 365.9771676288, "GMX": 1866.6049152217424, "DPX": 67.69200343417783, "sGLP": 0.0}, "bprotocolBalance": {"ETH": 137237.53211879055, "gOHM": 180481.1836621556, "DPX": 4.977973181589624, "GMX": 469.7740515493398, "renBTC": 1105.8243035050345, "sGLP": 0.0}, "bprotocolGemBalance": {"ETH": 0.09801259997249774, "gOHM": 0.0, "DPX": 7.5720702787398e-05, "GMX": 2.833783015362389, "renBTC": 0.0, "sGLP": 0.0}}