{"json_time": 1672049063, "VST": {"oracle": 0.9830211157792274, "cex_price": 1, "dex_price": 1}, "ETH": {"oracle": 1221.38335222, "cex_price": 1218.8049999999998, "dex_price": 1219.1479162792596}, "gOHM": {"oracle": 2497.010372035063, "cex_price": "NaN", "dex_price": 2510.9092845099826}, "GMX": {"oracle": 46.058083266686275, "cex_price": "NaN", "dex_price": 45.77456302608849}, "DPX": {"oracle": 255.4421241, "cex_price": "NaN", "dex_price": 255.69504958982893}, "sGLP": {"oracle": 0.8314977003362222, "cex_price": "NaN", "dex_price": "NaN"}}