{"json_time": 1671978573, "ETH": {"oracle": 1217.735, "cex_price": 1214.2150000000001, "dex_price": 1221.427199000656}, "BNB|bsc": {"oracle": 244.208299865, "cex_price": 244.05, "dex_price": 245.8479953771486}, "WBTC|eth": {"oracle": 16809.3, "cex_price": 16823.085, "dex_price": 17020.209240311753}, "pCKB": {"oracle": 0.002268275, "cex_price": 0.002275, "dex_price": 0.0022859471528152717}, "USDC": {"oracle": 1.00005308, "cex_price": 1, "dex_price": 1}, "USDT": {"oracle": 1.0, "cex_price": 1, "dex_price": 24862.843057556336}}