{"ETH": {"BNB|bsc": {"volume": 13874.590396881104, "llc": 1.1}, "WBTC|eth": {"volume": 6245.203495025635, "llc": 1.1}, "pCKB": {"volume": 20550.30393600464, "llc": 1.1}, "USDC": {"volume": 17689.283847808838, "llc": 1.1}, "USDT": {"volume": 1476.8366813659668, "llc": 1.1}}, "BNB|bsc": {"ETH": {"volume": 13874.590396881104, "llc": 1.1}, "WBTC|eth": {"volume": 7198.876857757568, "llc": 1.1}, "pCKB": {"volume": 37716.42446517944, "llc": 1.1}, "USDC": {"volume": 28179.690837860107, "llc": 1.1}, "USDT": {"volume": 1476.8366813659668, "llc": 1.1}}, "WBTC|eth": {"ETH": {"volume": 7198.876857757568, "llc": 1.1}, "BNB|bsc": {"volume": 8152.550220489502, "llc": 1.1}, "pCKB": {"volume": 9106.223583221436, "llc": 1.1}, "USDC": {"volume": 8152.550220489502, "llc": 1.1}, "USDT": {"volume": 1476.8366813659668, "llc": 1.1}}, "pCKB": {"ETH": {"volume": 19596.630573272705, "llc": 1.1}, "BNB|bsc": {"volume": 37716.42446517944, "llc": 1.1}, "WBTC|eth": {"volume": 9106.223583221436, "llc": 1.1}, "USDC": {"volume": 108288.25330734253, "llc": 1.1}, "USDT": {"volume": 1476.8366813659668, "llc": 1.1}}, "USDC": {"ETH": {"volume": 16735.610485076904, "llc": 1.1}, "BNB|bsc": {"volume": 28179.690837860107, "llc": 1.1}, "WBTC|eth": {"volume": 8152.550220489502, "llc": 1.1}, "pCKB": {"volume": 108288.25330734253, "llc": 1.1}, "USDT": {"volume": 1476.8366813659668, "llc": 1.1}}, "USDT": {"ETH": {"volume": 1476.8366813659668, "llc": 1.1}, "BNB|bsc": {"volume": 1476.8366813659668, "llc": 1.1}, "WBTC|eth": {"volume": 1476.8366813659668, "llc": 1.1}, "pCKB": {"volume": 1476.8366813659668, "llc": 1.1}, "USDC": {"volume": 1476.8366813659668, "llc": 1.1}}, "json_time": 1671978573}