{"json_time": 1693429915, "USDC": {"oracle": 1.0001523660791924, "cex_price": 1, "dex_price": 1}, "WXDAI": {"oracle": 1.0, "cex_price": 1, "dex_price": 1.0000816800850274}, "LINK": {"oracle": 5.95374587880259, "cex_price": 5.9485, "dex_price": 6.416927869757087}, "GNO": {"oracle": 105.5023282707024, "cex_price": 104.9, "dex_price": 104.98640328602701}, "WBTC": {"oracle": 27205.55512440228, "cex_price": 27282.295, "dex_price": 27657.934411421178}, "WETH": {"oracle": 1702.9465439087787, "cex_price": 1703.1149999999998, "dex_price": 1726.966779622627}, "FOX": {"oracle": 0.03070013978575159, "cex_price": 0.0304, "dex_price": 0.030153468037107143}, "USDT": {"oracle": 1.0001211127810319, "cex_price": 1, "dex_price": 0.9997508041140681}, "EURe": {"oracle": 1.0941454651709395, "cex_price": 1.0902500000000002, "dex_price": 1.0882652803110797}, "wstETH": {"oracle": 1937.687491821012, "cex_price": "NaN", "dex_price": 1937.687491821012}}