{"json_time": 1665173750, "ETH": {"VST": {"volume": 25407335.219860077, "llc": 1.1}}, "gOHM": {"VST": {"volume": 433490.8699989319, "llc": 1.15}}, "renBTC": {"VST": {"volume": 5065482.392787933, "llc": 1.1}}, "GMX": {"VST": {"volume": 1992746.8180656433, "llc": 1.15}}, "DPX": {"VST": {"volume": 696704.7181129456, "llc": 1.15}}, "sGLP": {"VST": {"volume": 5065482.392787933, "llc": 1.1}}}