{"json_time": 1668777772, "VST": {"oracle": 0.9903112598960176, "cex_price": 1, "dex_price": 1}, "ETH": {"oracle": 1223.55, "cex_price": 1222.105, "dex_price": 1222.5723117048196}, "gOHM": {"oracle": 2326.3282552050814, "cex_price": "NaN", "dex_price": 2375.5601868355466}, "renBTC": {"oracle": 16795.78, "cex_price": 16795.63, "dex_price": 16899.382428968514}, "GMX": {"oracle": 40.18856659163798, "cex_price": "NaN", "dex_price": 40.39934285564101}, "DPX": {"oracle": 206.31060101, "cex_price": "NaN", "dex_price": 207.7714882712293}, "sGLP": {"oracle": 0.8423782185521775, "cex_price": "NaN", "dex_price": "NaN"}}