{"json_time": 1668777772, "ETH-VST": {"series_std_ratio": 1.0, "volume_for_slippage_10_percentss": [20479.866395890713], "trade_every": 1800, "collaterals": [263, 3379, 6495, 9612, 12728, 15844, 18960, 22076, 25193, 28309, 31425, 34541, 37658, 40774, 43890, 47006, 50122, 53239, 56355, 59471, 62587, 65704, 68820, 71936, 75052, 78168, 81285, 84401, 87517, 90633, 18750.0], "liquidation_incentives": [0.10000000000000009], "stability_pool_initial_balances": [2.135498726545724, 1.067749363272862, 4.270997453091448], "share_institutionals": [0.15246198219455104, 0.07623099109727552, 0.3049239643891021, 1], "recovery_halflife_retails": [3.3333333333333335], "price_recovery_times": [0], "l_factors": [0.25, 0.5, 1, 1.5, 2], "json_time": 1668778531.844446, "current_debt": 263.4464487194716}, "renBTC-VST": {"series_std_ratio": 0.760706293780634, "volume_for_slippage_10_percentss": [769.2261257767677], "trade_every": 1800, "collaterals": [11, 219, 427, 635, 843, 1051, 1259, 1467, 1675, 1883, 2091, 2299, 2507, 2715, 2922, 3130, 3338, 3546, 3754, 3962, 4170, 4378, 4586, 4794, 5002, 5210, 5418, 5626, 5834, 6042, 1250.0], "liquidation_incentives": [0.10000000000000009], "stability_pool_initial_balances": [1.9736218385892075, 0.9868109192946037, 3.947243677178415], "share_institutionals": [0.921793485966423, 0.4608967429832115, 1, 1], "recovery_halflife_retails": [3.3333333333333335], "price_recovery_times": [0], "l_factors": [0.25, 0.5, 1, 1.5, 2], "json_time": 1668778531.844446, "current_debt": 11.773675447801715}, "gOHM-VST": {"series_std_ratio": 1.416911372280521, "volume_for_slippage_10_percentss": [281.0645732283592], "trade_every": 1800, "collaterals": [3586, 4091, 4597, 5102, 5608, 6113, 6619, 7124, 7630, 8135, 8641, 9146, 9651, 10157, 10662, 11168, 11673, 12179, 12684, 13190, 13695, 14200, 14706, 15211, 15717, 16222, 16728, 17233, 17739, 18244, 3750.0], "liquidation_incentives": [0.1499999999999999], "stability_pool_initial_balances": [0.04561563748803752, 0.02280781874401876, 0.09123127497607504], "share_institutionals": [0.5627871010635686, 0.2813935505317843, 1, 1], "recovery_halflife_retails": [3.3333333333333335], "price_recovery_times": [0], "l_factors": [0.25, 0.5, 1, 1.5, 2], "json_time": 1668778531.844446, "current_debt": 3586.5043554378644}, "DPX-VST": {"series_std_ratio": 1.974078240475897, "volume_for_slippage_10_percentss": [363.3189007639885], "trade_every": 1800, "collaterals": [193, 603, 1013, 1423, 1834, 2244, 2654, 3064, 3474, 3885, 4295, 4705, 5115, 5526, 5936, 6346, 6756, 7167, 7577, 7987, 8397, 8807, 9218, 9628, 10038, 10448, 10859, 11269, 11679, 12089, 2500.0], "liquidation_incentives": [0.1499999999999999], "stability_pool_initial_balances": [0.07342114362044294, 0.03671057181022147, 0.14684228724088588], "share_institutionals": [0.00021947032408988846, 0.00010973516204494423, 0.0004389406481797769, 1], "recovery_halflife_retails": [3.3333333333333335], "price_recovery_times": [2], "l_factors": [0.25, 0.5, 1, 1.5, 2], "json_time": 1668778531.844446, "current_debt": 193.08219447015202}, "GMX-VST": {"series_std_ratio": 2.081064798518858, "volume_for_slippage_10_percentss": [1225.797248184681], "trade_every": 1800, "collaterals": [72, 486, 900, 1315, 1729, 2143, 2557, 2972, 3386, 3800, 4214, 4629, 5043, 5457, 5871, 6286, 6700, 7114, 7528, 7943, 8357, 8771, 9185, 9600, 10014, 10428, 10842, 11257, 11671, 12085, 2500.0], "liquidation_incentives": [0.1499999999999999], "stability_pool_initial_balances": [0.3701626947665088, 0.1850813473832544, 0.7403253895330176], "share_institutionals": [0.011017273670271256, 0.005508636835135628, 0.022034547340542512, 1], "recovery_halflife_retails": [3.3333333333333335], "price_recovery_times": [0], "l_factors": [0.25, 0.5, 1, 1.5, 2], "json_time": 1668778531.844446, "current_debt": 72.42927674470407}, "sGLP-VST": {"series_std_ratio": 0.4707294016934606, "volume_for_slippage_10_percentss": [769.2261257767677], "trade_every": 1800, "collaterals": [3124, 3541, 3958, 4374, 4791, 5208, 5624, 6041, 6458, 6874, 7291, 7708, 8124, 8541, 8958, 9374, 9791, 10208, 10624, 11041, 11458, 11874, 12291, 12708, 13124, 13541, 13958, 14374, 14791, 15208, 3125.0], "liquidation_incentives": [0.10000000000000009], "stability_pool_initial_balances": [0.9012636028037101, 0.45063180140185505, 1.8025272056074202], "share_institutionals": [0.0, 0.0, 0.0, 1], "recovery_halflife_retails": [3.3333333333333335], "price_recovery_times": [0], "l_factors": [0.25, 0.5, 1, 1.5, 2], "json_time": 1668778531.844446, "current_debt": 3124.9987454075654}}