{"json_time": 1668777772, "ETH": {"VST": {"volume": 32767786.23342514, "llc": 1.1}}, "gOHM": {"VST": {"volume": 449703.31716537476, "llc": 1.15}}, "renBTC": {"VST": {"volume": 1230761.8012428284, "llc": 1.1}}, "GMX": {"VST": {"volume": 1961275.5970954895, "llc": 1.15}}, "DPX": {"VST": {"volume": 581310.2412223816, "llc": 1.15}}, "sGLP": {"VST": {"volume": 1230761.8012428284, "llc": 1.1}}}