{"json_time": 1690803608, "stabilityPoolVstBalance": {"ETH": 49892.68422395653, "gOHM": 69983.98034615153, "GMX": 69377.68348618336, "DPX": 717.3542362929447, "sGLP": 591.9997996948263}, "stabilityPoolGemBalance": {"ETH": 20254.69720280036, "gOHM": 11085.690360838424, "GMX": 31656.400198108906, "DPX": 9406.811817363146, "sGLP": 0.0}, "bprotocolBalance": {"ETH": 4850.235866101198, "gOHM": 41453.597395367164, "DPX": 6.428737854326565, "GMX": 42845.685122258, "sGLP": 0.0}, "bprotocolGemBalance": {"ETH": 0.015567632995832883, "gOHM": 0.0, "DPX": 0.02055619184015257, "GMX": 15.6173822008897, "sGLP": 0.0}}