{"json_time": 1690698689, "VST": {"oracle": 0.9922216939310293, "cex_price": 1, "dex_price": 1}, "ETH": {"oracle": 1875.3238, "cex_price": 1874.0549999999998, "dex_price": 1874.9551785137678}, "gOHM": {"oracle": 2854.1492446668058, "cex_price": "NaN", "dex_price": 2831.2766832533043}, "GMX": {"oracle": 56.59449082133292, "cex_price": "NaN", "dex_price": 56.20087668842338}, "DPX": {"oracle": 103.09553964, "cex_price": "NaN", "dex_price": 102.54059588862025}, "sGLP": {"oracle": 0.997862630256789, "cex_price": "NaN", "dex_price": "NaN"}}