{"json_time": 1690698689, "stabilityPoolVstBalance": {"ETH": 49889.918593027054, "gOHM": 69889.89759073997, "GMX": 69283.83620784059, "DPX": 724.4321512276218, "sGLP": 939.071608287125}, "stabilityPoolGemBalance": {"ETH": 20336.743993534437, "gOHM": 11181.734686346585, "GMX": 32448.53072523987, "DPX": 10518.971326784982, "sGLP": 0.0}, "bprotocolBalance": {"ETH": 4843.653128245604, "gOHM": 41397.33659231381, "DPX": 6.4921682452941685, "GMX": 42787.5349783909, "sGLP": 0.0}, "bprotocolGemBalance": {"ETH": 0.015567632995832883, "gOHM": 0.0, "DPX": 0.01969001542327342, "GMX": 15.6173822008897, "sGLP": 0.0}}