{"json_time": 1679720037, "ETH-VST": {"series_std_ratio": 1.0, "volume_for_slippage_10_percentss": [18006.27611130476], "trade_every": 1800, "collaterals": [0], "liquidation_incentives": [0.10000000000000009], "stability_pool_initial_balances": [0.30781838980414167], "share_institutionals": [0.4829246374285936], "recovery_halflife_retails": [3.3333333333333335], "price_recovery_times": [0], "l_factors": [0], "json_time": 1679721318.5340605, "current_debt": 453.3517752091777, "collateral_factor": 0.9090909090909091, "delays_in_minutes": [0]}, "gOHM-VST": {"series_std_ratio": 0.5718399563684763, "volume_for_slippage_10_percentss": [232.18881338834763], "trade_every": 1800, "collaterals": [0], "liquidation_incentives": [0.1499999999999999], "stability_pool_initial_balances": [0.014295352140410146], "share_institutionals": [0.3703810320587493], "recovery_halflife_retails": [3.3333333333333335], "price_recovery_times": [0], "l_factors": [0], "json_time": 1679721318.5340605, "current_debt": 2747.3255746859254, "collateral_factor": 0.6666666666666666, "delays_in_minutes": [0]}, "DPX-VST": {"series_std_ratio": 2.2756095294666916, "volume_for_slippage_10_percentss": [679.2232021689415], "trade_every": 1800, "collaterals": [0], "liquidation_incentives": [0.1499999999999999], "stability_pool_initial_balances": [0.03507112476631363], "share_institutionals": [0.039079898195710956], "recovery_halflife_retails": [3.3333333333333335], "price_recovery_times": [2], "l_factors": [0], "json_time": 1679721318.5340605, "current_debt": 504.82672306837844, "collateral_factor": 0.6666666666666666, "delays_in_minutes": [0]}, "GMX-VST": {"series_std_ratio": 2.0308729755116706, "volume_for_slippage_10_percentss": [7764.420241415501], "trade_every": 1800, "collaterals": [0], "liquidation_incentives": [0.1499999999999999], "stability_pool_initial_balances": [0.41277775404798234], "share_institutionals": [0.007106848572673951], "recovery_halflife_retails": [3.3333333333333335], "price_recovery_times": [0], "l_factors": [0], "json_time": 1679721318.5340605, "current_debt": 48.89116179987731, "collateral_factor": 0.6666666666666666, "delays_in_minutes": [0]}, "sGLP-VST": {"series_std_ratio": 0.6132330529291525, "volume_for_slippage_10_percentss": [11064.726122319698], "trade_every": 1800, "collaterals": [0], "liquidation_incentives": [0.10000000000000009], "stability_pool_initial_balances": [0.004202665523569256], "share_institutionals": [0.0], "recovery_halflife_retails": [3.3333333333333335], "price_recovery_times": [0], "l_factors": [0], "json_time": 1679721318.5340605, "current_debt": 320.74279432427096, "collateral_factor": 0.8333333333333334, "delays_in_minutes": [0]}}