{"json_time": 1679720037, "ETH": {"VST": {"volume": 28810041.778087616, "llc": 1.1}}, "gOHM": {"VST": {"volume": 371502.1014213562, "llc": 1.15}}, "GMX": {"VST": {"volume": 12423072.386264801, "llc": 1.15}}, "DPX": {"VST": {"volume": 1086757.1234703064, "llc": 1.15}}, "sGLP": {"VST": {"volume": 17703561.795711517, "llc": 1.1}}}