{"json_time": 1671804345, "USDC": {"oracle": 1.0009887620875513, "cex_price": 1, "dex_price": 1}, "WXDAI": {"oracle": 1.0, "cex_price": 1, "dex_price": 1.0004081539131675}, "LINK": {"oracle": 6.021010981801973, "cex_price": 5.9855, "dex_price": 6.439245911361375}, "GNO": {"oracle": 87.57300404925428, "cex_price": 87.2, "dex_price": 87.79828212456222}, "WBTC": {"oracle": 16802.895840877492, "cex_price": 16785.63, "dex_price": 16887.22223263601}, "WETH": {"oracle": 1216.7539214941166, "cex_price": 1215.395, "dex_price": 1223.2169330442184}, "FOX": {"oracle": 0.028407817263154472, "cex_price": 0.02805, "dex_price": 0.028922518438569324}, "USDT": {"oracle": 1.000255250239761, "cex_price": 1, "dex_price": 1.0004000009367746}}