{"USDC": {"WXDAI": {"volume": 3573937.253475189, "llc": 1.05}, "LINK": {"volume": 1476.8366813659668, "llc": 1.05}, "GNO": {"volume": 67280.29870986938, "llc": 1.05}, "WBTC": {"volume": 18642.95721054077, "llc": 1.05}, "WETH": {"volume": 66326.62534713745, "llc": 1.05}, "FOX": {"volume": 3384.183406829834, "llc": 1.05}, "USDT": {"volume": 2405687.3841285706, "llc": 1.05}}, "WXDAI": {"USDC": {"volume": 3607315.821170807, "llc": 1.05}, "LINK": {"volume": 1476.8366813659668, "llc": 1.05}, "GNO": {"volume": 87307.43932723999, "llc": 1.05}, "WBTC": {"volume": 18642.95721054077, "llc": 1.05}, "WETH": {"volume": 66326.62534713745, "llc": 1.05}, "FOX": {"volume": 3384.183406829834, "llc": 1.05}, "USDT": {"volume": 2420946.1579322815, "llc": 1.05}}, "LINK": {"USDC": {"volume": 2430.5100440979004, "llc": 1.1}, "WXDAI": {"volume": 2430.5100440979004, "llc": 1.1}, "GNO": {"volume": 2430.5100440979004, "llc": 1.1}, "WBTC": {"volume": 2430.5100440979004, "llc": 1.1}, "WETH": {"volume": 2430.5100440979004, "llc": 1.1}, "FOX": {"volume": 2430.5100440979004, "llc": 1.1}, "USDT": {"volume": 2430.5100440979004, "llc": 1.1}}, "GNO": {"USDC": {"volume": 137852.12755203247, "llc": 1.1}, "WXDAI": {"volume": 175045.38869857788, "llc": 1.1}, "LINK": {"volume": 2430.5100440979004, "llc": 1.1}, "WBTC": {"volume": 40577.444553375244, "llc": 1.1}, "WETH": {"volume": 249431.9109916687, "llc": 1.1}, "FOX": {"volume": 5291.530132293701, "llc": 1.1}, "USDT": {"volume": 98751.5196800232, "llc": 1.1}}, "WBTC": {"USDC": {"volume": 35809.077739715576, "llc": 1.1}, "WXDAI": {"volume": 35809.077739715576, "llc": 1.1}, "LINK": {"volume": 2430.5100440979004, "llc": 1.1}, "GNO": {"volume": 39623.77119064331, "llc": 1.1}, "WETH": {"volume": 49160.50481796265, "llc": 1.1}, "FOX": {"volume": 5291.530132293701, "llc": 1.1}, "USDT": {"volume": 35809.077739715576, "llc": 1.1}}, "WETH": {"USDC": {"volume": 67280.29870986938, "llc": 1.05}, "WXDAI": {"volume": 67280.29870986938, "llc": 1.05}, "LINK": {"volume": 1476.8366813659668, "llc": 1.05}, "GNO": {"volume": 121639.6803855896, "llc": 1.05}, "WBTC": {"volume": 24364.997386932373, "llc": 1.05}, "FOX": {"volume": 3384.183406829834, "llc": 1.05}, "USDT": {"volume": 67280.29870986938, "llc": 1.05}}, "FOX": {"USDC": {"volume": 6245.203495025635, "llc": 1.1}, "WXDAI": {"volume": 7198.876857757568, "llc": 1.1}, "LINK": {"volume": 2430.5100440979004, "llc": 1.1}, "GNO": {"volume": 6245.203495025635, "llc": 1.1}, "WBTC": {"volume": 5291.530132293701, "llc": 1.1}, "WETH": {"volume": 7198.876857757568, "llc": 1.1}, "USDT": {"volume": 6245.203495025635, "llc": 1.1}}, "USDT": {"USDC": {"volume": 3400368.7014579773, "llc": 1.05}, "WXDAI": {"volume": 3388924.621105194, "llc": 1.05}, "LINK": {"volume": 1476.8366813659668, "llc": 1.05}, "GNO": {"volume": 48206.83145523071, "llc": 1.05}, "WBTC": {"volume": 18642.95721054077, "llc": 1.05}, "WETH": {"volume": 66326.62534713745, "llc": 1.05}, "FOX": {"volume": 3384.183406829834, "llc": 1.05}}, "json_time": 1671804345}