{"json_time": 1677261099, "glp_data": {"liquidTreasury": 387691131.6083964, "treasuryUtilization": 0.26730467374786476, "liquidStableTreasury": 193210770.3769359, "stableTreasuryUtilization": 0.2155842454024954, "liquidSolidAssetTreasury": 179874688.90942323, "solidTreasuryUtilization": 0.32435636639055243}}