{"json_time": 1677261099, "VST": {"oracle": 0.999115812337699, "cex_price": 1, "dex_price": 1}, "ETH": {"oracle": 1597.9601, "cex_price": 1593.4050000000002, "dex_price": 1594.9457750574636}, "gOHM": {"oracle": 2706.452052033137, "cex_price": "NaN", "dex_price": 2716.7791302533633}, "GMX": {"oracle": 73.10796945035545, "cex_price": "NaN", "dex_price": 72.93471509146357}, "DPX": {"oracle": 359.45476396, "cex_price": "NaN", "dex_price": 359.8441965023479}, "sGLP": {"oracle": 0.9325221273664884, "cex_price": "NaN", "dex_price": "NaN"}}