{"json_time": 1677261099, "ETH-VST": {"series_std_ratio": 1.0, "volume_for_slippage_10_percentss": [15179.826682507992], "trade_every": 1800, "collaterals": [323, 3437, 6552, 9666, 12780, 15894, 19008, 22123, 25237, 28351, 31465, 34579, 37694, 40808, 43922, 47036, 50151, 53265, 56379, 59493, 62607, 65722, 68836, 71950, 75064, 78178, 81293, 84407, 87521, 90635, 18750.0], "liquidation_incentives": [0.10000000000000009], "stability_pool_initial_balances": [0.4841982792323272, 0.2420991396161636, 0.9683965584646544], "share_institutionals": [0.5091352664773253, 0.25456763323866266, 1, 1], "recovery_halflife_retails": [3.3333333333333335], "price_recovery_times": [0], "l_factors": [0.25, 0.5, 1, 1.5, 2], "json_time": 1677263754.3881125, "current_debt": 323.61630104627426}, "gOHM-VST": {"series_std_ratio": 0.5718399563684763, "volume_for_slippage_10_percentss": [225.63230901956558], "trade_every": 1800, "collaterals": [3632, 4136, 4640, 5144, 5648, 6151, 6655, 7159, 7663, 8167, 8671, 9175, 9679, 10183, 10687, 11191, 11695, 12199, 12702, 13206, 13710, 14214, 14718, 15222, 15726, 16230, 16734, 17238, 17742, 18246, 3750.0], "liquidation_incentives": [0.1499999999999999], "stability_pool_initial_balances": [0.004951448048420175, 0.0024757240242100874, 0.00990289609684035], "share_institutionals": [0.12466903957692761, 0.062334519788463806, 0.24933807915385522, 1], "recovery_halflife_retails": [3.3333333333333335], "price_recovery_times": [0], "l_factors": [0.25, 0.5, 1, 1.5, 2], "json_time": 1677263754.3881125, "current_debt": 3632.3352566884646}, "DPX-VST": {"series_std_ratio": 2.2756095294666916, "volume_for_slippage_10_percentss": [504.58176761865616], "trade_every": 1800, "collaterals": [456, 753, 1051, 1348, 1645, 1942, 2240, 2537, 2834, 3132, 3429, 3726, 4023, 4321, 4618, 4915, 5213, 5510, 5807, 6104, 6402, 6699, 6996, 7294, 7591, 7888, 8185, 8483, 8780, 9077, 1875.0], "liquidation_incentives": [0.1499999999999999], "stability_pool_initial_balances": [0.045830533122126205, 0.022915266561063102, 0.09166106624425241], "share_institutionals": [0.004952691706121434, 0.002476345853060717, 0.009905383412242869, 1], "recovery_halflife_retails": [3.3333333333333335], "price_recovery_times": [2], "l_factors": [0.25, 0.5, 1, 1.5, 2], "json_time": 1677263754.3881125, "current_debt": 456.4608930581424}, "GMX-VST": {"series_std_ratio": 2.0308729755116706, "volume_for_slippage_10_percentss": [2502.527462542057], "trade_every": 1800, "collaterals": [47, 462, 877, 1292, 1707, 2122, 2537, 2953, 3368, 3783, 4198, 4613, 5028, 5443, 5858, 6273, 6688, 7103, 7518, 7934, 8349, 8764, 9179, 9594, 10009, 10424, 10839, 11254, 11669, 12084, 2500.0], "liquidation_incentives": [0.1499999999999999], "stability_pool_initial_balances": [0.7180691532110587, 0.35903457660552934, 1.4361383064221174], "share_institutionals": [0.000320337863216086, 0.000160168931608043, 0.000640675726432172, 1], "recovery_halflife_retails": [3.3333333333333335], "price_recovery_times": [0], "l_factors": [0.25, 0.5, 1, 1.5, 2], "json_time": 1677263754.3881125, "current_debt": 47.44432440190147}, "sGLP-VST": {"series_std_ratio": 0.6132330529291525, "volume_for_slippage_10_percentss": [15178.634590804577], "trade_every": 1800, "collaterals": [1077, 1770, 2463, 3157, 3850, 4543, 5236, 5930, 6623, 7316, 8009, 8703, 9396, 10089, 10782, 11476, 12169, 12862, 13555, 14249, 14942, 15635, 16328, 17022, 17715, 18408, 19101, 19795, 20488, 21181, 4375.0], "liquidation_incentives": [0.10000000000000009], "stability_pool_initial_balances": [0.00856032925916493, 0.004280164629582465, 0.01712065851832986], "share_institutionals": [0.0, 0.0, 0.0, 1], "recovery_halflife_retails": [3.3333333333333335], "price_recovery_times": [0], "l_factors": [0.25, 0.5, 1, 1.5, 2], "json_time": 1677263754.3881125, "current_debt": 1077.450712547721}}