{"json_time": 1683135649, "ETH": {"oracle": 1864.3, "cex_price": 1880.705, "dex_price": 1842.966225159923}, "BNB|bsc": {"oracle": 322.96, "cex_price": 324.15, "dex_price": 305.1206998192448}, "WBTC|eth": {"oracle": 28440.36, "cex_price": 28561.965, "dex_price": 29113.587987599087}, "pCKB": {"oracle": 0.003589912, "cex_price": 0.0035849999999999996, "dex_price": 0.0036145021250804407}, "USDC": {"oracle": 0.999914175, "cex_price": 1, "dex_price": 1}, "USDT": {"oracle": 1.00023, "cex_price": 1, "dex_price": 1.0005511685744384}}