{"json_time": 1689699541, "VST": {"oracle": 0.9898301458960226, "cex_price": 1, "dex_price": 1}, "ETH": {"oracle": 1889.34, "cex_price": 1890.0949999999998, "dex_price": 1890.4841096893683}, "gOHM": {"oracle": 2864.8479990084675, "cex_price": "NaN", "dex_price": 2844.248255377796}, "GMX": {"oracle": 55.74897329705325, "cex_price": "NaN", "dex_price": 55.62385847610468}, "DPX": {"oracle": 119.76253585, "cex_price": "NaN", "dex_price": 119.3429771749193}, "sGLP": {"oracle": 1.0028292235189382, "cex_price": "NaN", "dex_price": "NaN"}}