{"json_time": 1668004569, "ETH-VST": {"series_std_ratio": 1.0, "volume_for_slippage_10_percentss": [22495.693466365337], "trade_every": 1800, "collaterals": [0], "liquidation_incentives": [0.10000000000000009], "stability_pool_initial_balances": [2.1803804500715347], "share_institutionals": [0.15165825460144244], "recovery_halflife_retails": [3.3333333333333335], "price_recovery_times": [0], "l_factors": [0], "json_time": 1668005853.0253286, "current_debt": 260.4515487878102, "collateral_factor": 0.9090909090909091}, "renBTC-VST": {"series_std_ratio": 0.760706293780634, "volume_for_slippage_10_percentss": [2450.0754275918007], "trade_every": 1800, "collaterals": [0], "liquidation_incentives": [0.10000000000000009], "stability_pool_initial_balances": [1.60196839841373], "share_institutionals": [0.9442868749467372], "recovery_halflife_retails": [3.3333333333333335], "price_recovery_times": [0], "l_factors": [0], "json_time": 1668005853.0253286, "current_debt": 14.158385088433736, "collateral_factor": 0.9090909090909091}, "gOHM-VST": {"series_std_ratio": 1.416911372280521, "volume_for_slippage_10_percentss": [287.0250317454338], "trade_every": 1800, "collaterals": [0], "liquidation_incentives": [0.1499999999999999], "stability_pool_initial_balances": [0.04775040988933566], "share_institutionals": [0.5687612091033786], "recovery_halflife_retails": [3.3333333333333335], "price_recovery_times": [0], "l_factors": [0], "json_time": 1668005853.0253286, "current_debt": 3499.486426696434, "collateral_factor": 0.6666666666666666}, "DPX-VST": {"series_std_ratio": 1.974078240475897, "volume_for_slippage_10_percentss": [332.9205623269081], "trade_every": 1800, "collaterals": [0], "liquidation_incentives": [0.1499999999999999], "stability_pool_initial_balances": [0.16655201642371015], "share_institutionals": [7.070051642375394e-05], "recovery_halflife_retails": [3.3333333333333335], "price_recovery_times": [2], "l_factors": [0], "json_time": 1668005853.0253286, "current_debt": 211.14346965023574, "collateral_factor": 0.6666666666666666}, "GMX-VST": {"series_std_ratio": 2.081064798518858, "volume_for_slippage_10_percentss": [964.7291651368141], "trade_every": 1800, "collaterals": [0], "liquidation_incentives": [0.1499999999999999], "stability_pool_initial_balances": [0.3990254623109072], "share_institutionals": [0.013924186230862333], "recovery_halflife_retails": [3.3333333333333335], "price_recovery_times": [0], "l_factors": [0], "json_time": 1668005853.0253286, "current_debt": 60.108934241609006, "collateral_factor": 0.6666666666666666}, "sGLP-VST": {"series_std_ratio": 0.4707294016934606, "volume_for_slippage_10_percentss": [2450.0754275918007], "trade_every": 1800, "collaterals": [0], "liquidation_incentives": [0.10000000000000009], "stability_pool_initial_balances": [0.8512573178025735], "share_institutionals": [0.0], "recovery_halflife_retails": [3.3333333333333335], "price_recovery_times": [0], "l_factors": [0], "json_time": 1668005853.0253286, "current_debt": 2903.646450300664, "collateral_factor": 0.8333333333333334}}