{"json_time": 1694668072, "VST": {"oracle": 1.0047894987232628, "cex_price": 1, "dex_price": 1}, "ETH": {"oracle": 1613.98, "cex_price": 1613.775, "dex_price": 1614.709413849532}, "gOHM": {"oracle": 2883.374980760464, "cex_price": "NaN", "dex_price": 2981.1931868115407}, "GMX": {"oracle": 31.91750543841265, "cex_price": "NaN", "dex_price": 31.697282538367997}, "DPX": {"oracle": 68.18962403, "cex_price": "NaN", "dex_price": 68.43143491524111}, "sGLP": {"oracle": 0.9415652105522483, "cex_price": "NaN", "dex_price": "NaN"}}