{"json_time": 1694668072, "ETH-VST": {"series_std_ratio": 1.0, "volume_for_slippage_10_percentss": [32339.986753165722], "trade_every": 1800, "collaterals": [620, 911, 1203, 1495, 1787, 2079, 2371, 2662, 2954, 3246, 3538, 3830, 4122, 4413, 4705, 4997, 5289, 5581, 5873, 6164, 6456, 6748, 7040, 7332, 7624, 7915, 8207, 8499, 8791, 9083, 1875.0], "liquidation_incentives": [0.10000000000000009], "stability_pool_initial_balances": [0.04650149737894324, 0.02325074868947162, 0.09300299475788648], "share_institutionals": [0.1061218133618473, 0.05306090668092365, 0.2122436267236946, 1], "recovery_halflife_retails": [3.3333333333333335], "price_recovery_times": [0], "l_factors": [0.25, 0.5, 1, 1.5, 2], "json_time": 1694671297.524581, "current_debt": 620.1023792770325}, "gOHM-VST": {"series_std_ratio": 0.5718399563684763, "volume_for_slippage_10_percentss": [106.42313867807388], "trade_every": 1800, "collaterals": [1909, 2314, 2719, 3124, 3529, 3934, 4339, 4745, 5150, 5555, 5960, 6365, 6770, 7175, 7580, 7985, 8391, 8796, 9201, 9606, 10011, 10416, 10821, 11226, 11631, 12036, 12442, 12847, 13252, 13657, 2812.5], "liquidation_incentives": [0.1499999999999999], "stability_pool_initial_balances": [0.022830106204839933, 0.011415053102419966, 0.045660212409679865], "share_institutionals": [0.6003860840492249, 0.30019304202461244, 1, 1], "recovery_halflife_retails": [3.3333333333333335], "price_recovery_times": [0], "l_factors": [0.25, 0.5, 1, 1.5, 2], "json_time": 1694671297.524581, "current_debt": 1909.3643313715606}, "DPX-VST": {"series_std_ratio": 2.2756095294666916, "volume_for_slippage_10_percentss": [104.63500112295151], "trade_every": 1800, "collaterals": [104, 208, 312, 416, 520, 625, 729, 833, 937, 1041, 1145, 1250, 1354, 1458, 1562, 1666, 1770, 1875, 1979, 2083, 2187, 2291, 2395, 2500, 2604, 2708, 2812, 2916, 3020, 625.0], "liquidation_incentives": [0.1499999999999999], "stability_pool_initial_balances": [0], "share_institutionals": [0, 0.0, 0, 1], "recovery_halflife_retails": [3.3333333333333335], "price_recovery_times": [2], "l_factors": [0.25, 0.5, 1, 1.5, 2], "json_time": 1694671297.524581, "current_debt": 0.0}, "GMX-VST": {"series_std_ratio": 2.0308729755116706, "volume_for_slippage_10_percentss": [2107.9451087117195], "trade_every": 1800, "collaterals": [153, 252, 351, 450, 549, 649, 748, 847, 946, 1045, 1144, 1243, 1342, 1441, 1540, 1639, 1738, 1837, 1936, 2035, 2134, 2233, 2332, 2431, 2530, 2629, 2728, 2827, 2926, 3025, 625.0], "liquidation_incentives": [0.1499999999999999], "stability_pool_initial_balances": [0.33062732876833295, 0.16531366438416648, 0.6612546575366659], "share_institutionals": [0.9190222382990587, 0.45951111914952936, 1, 1], "recovery_halflife_retails": [3.3333333333333335], "price_recovery_times": [0], "l_factors": [0.25, 0.5, 1, 1.5, 2], "json_time": 1694671297.524581, "current_debt": 153.81201715034248}, "sGLP-VST": {"series_std_ratio": 0.6132330529291525, "volume_for_slippage_10_percentss": [22021.837014257908], "trade_every": 1800, "collaterals": [299, 341, 384, 426, 468, 510, 552, 594, 636, 678, 720, 762, 804, 847, 889, 931, 973, 1015, 1057, 1099, 1141, 1183, 1225, 1267, 1309, 1352, 1394, 1436, 1478, 1520, 312.5], "liquidation_incentives": [0.10000000000000009], "stability_pool_initial_balances": [0.0007853687908020926, 0.0003926843954010463, 0.0015707375816041852], "share_institutionals": [0.0, 0.0, 0.0, 1], "recovery_halflife_retails": [3.3333333333333335], "price_recovery_times": [0], "l_factors": [0.25, 0.5, 1, 1.5, 2], "json_time": 1694671297.524581, "current_debt": 299.8819478178616}}