{"json_time": 1684833108, "ETH-VST": {"series_std_ratio": 1.0, "volume_for_slippage_10_percentss": [20714.112415611744], "trade_every": 1800, "collaterals": [0], "liquidation_incentives": [0.10000000000000009], "stability_pool_initial_balances": [0.18083656522583172], "share_institutionals": [0.3042667980202523], "recovery_halflife_retails": [3.3333333333333335], "price_recovery_times": [0], "l_factors": [0], "json_time": 1684834765.4044452, "current_debt": 627.359329608213, "collateral_factor": 0.9090909090909091, "delays_in_minutes": [0]}, "gOHM-VST": {"series_std_ratio": 0.5718399563684763, "volume_for_slippage_10_percentss": [235.16904264688492], "trade_every": 1800, "collaterals": [0], "liquidation_incentives": [0.1499999999999999], "stability_pool_initial_balances": [0.025321535195759422], "share_institutionals": [0.39233466946755136], "recovery_halflife_retails": [3.3333333333333335], "price_recovery_times": [0], "l_factors": [0], "json_time": 1684834765.4044452, "current_debt": 3164.1043128647166, "collateral_factor": 0.6666666666666666, "delays_in_minutes": [0]}, "DPX-VST": {"series_std_ratio": 2.2756095294666916, "volume_for_slippage_10_percentss": [335.9007915854454], "trade_every": 1800, "collaterals": [0], "liquidation_incentives": [0.1499999999999999], "stability_pool_initial_balances": [0.0970439576110274], "share_institutionals": [0.12957560892105607], "recovery_halflife_retails": [3.3333333333333335], "price_recovery_times": [2], "l_factors": [0], "json_time": 1684834765.4044452, "current_debt": 467.58936299512527, "collateral_factor": 0.6666666666666666, "delays_in_minutes": [0]}, "GMX-VST": {"series_std_ratio": 2.0308729755116706, "volume_for_slippage_10_percentss": [5674.087439477444], "trade_every": 1800, "collaterals": [0], "liquidation_incentives": [0.1499999999999999], "stability_pool_initial_balances": [0.26553357387647175], "share_institutionals": [0.35863297676784334], "recovery_halflife_retails": [3.3333333333333335], "price_recovery_times": [0], "l_factors": [0], "json_time": 1684834765.4044452, "current_debt": 161.7046029597689, "collateral_factor": 0.6666666666666666, "delays_in_minutes": [0]}, "sGLP-VST": {"series_std_ratio": 0.6132330529291525, "volume_for_slippage_10_percentss": [13364.271018207073], "trade_every": 1800, "collaterals": [0], "liquidation_incentives": [0.10000000000000009], "stability_pool_initial_balances": [0.0008500927586695888], "share_institutionals": [0.0], "recovery_halflife_retails": [3.3333333333333335], "price_recovery_times": [0], "l_factors": [0], "json_time": 1684834765.4044452, "current_debt": 377.3725287224538, "collateral_factor": 0.8333333333333334, "delays_in_minutes": [0]}}