{"json_time": 1672140901, "ETH": {"oracle": 1220.91039675, "cex_price": 1218.105, "dex_price": 1228.9179587836836}, "BNB|bsc": {"oracle": 243.846304636, "cex_price": 243.64999999999998, "dex_price": 246.36815033558855}, "WBTC|eth": {"oracle": 16852.084622999, "cex_price": 16823.14, "dex_price": 17129.70213791588}, "pCKB": {"oracle": 0.002306742, "cex_price": 0.002295, "dex_price": 0.002300838649424283}, "USDC": {"oracle": 1.000023801, "cex_price": 1, "dex_price": 1}, "USDT": {"oracle": 0.9999, "cex_price": 1, "dex_price": 24862.848446535158}}