{"json_time": 1676301507, "ETH-VST": {"series_std_ratio": 1.0, "volume_for_slippage_10_percentss": [3602.8281047940254], "trade_every": 1800, "collaterals": [308, 3423, 6537, 9652, 12767, 15881, 18996, 22111, 25226, 28340, 31455, 34570, 37684, 40799, 43914, 47029, 50143, 53258, 56373, 59488, 62602, 65717, 68832, 71946, 75061, 78176, 81291, 84405, 87520, 90635, 18750.0], "liquidation_incentives": [0.10000000000000009], "stability_pool_initial_balances": [0.5055674040726789, 0.25278370203633943, 1.0111348081453577], "share_institutionals": [0.5052629167438689, 0.25263145837193446, 1, 1], "recovery_halflife_retails": [3.3333333333333335], "price_recovery_times": [0], "l_factors": [0.25, 0.5, 1, 1.5, 2], "json_time": 1676302021.6298149, "current_debt": 308.29169812394406}, "gOHM-VST": {"series_std_ratio": 0.5718399563684763, "volume_for_slippage_10_percentss": [212.5193002820015], "trade_every": 1800, "collaterals": [3454, 3963, 4473, 4983, 5493, 6003, 6513, 7023, 7532, 8042, 8552, 9062, 9572, 10082, 10592, 11102, 11611, 12121, 12631, 13141, 13651, 14161, 14671, 15180, 15690, 16200, 16710, 17220, 17730, 18240, 3750.0], "liquidation_incentives": [0.1499999999999999], "stability_pool_initial_balances": [0.002914310720909499, 0.0014571553604547495, 0.005828621441818998], "share_institutionals": [0.16395300797509357, 0.08197650398754679, 0.32790601595018715, 1], "recovery_halflife_retails": [3.3333333333333335], "price_recovery_times": [0], "l_factors": [0.25, 0.5, 1, 1.5, 2], "json_time": 1676302021.6298149, "current_debt": 3454.0233387662593}, "DPX-VST": {"series_std_ratio": 2.2756095294666916, "volume_for_slippage_10_percentss": [423.5195317864418], "trade_every": 1800, "collaterals": [418, 821, 1224, 1626, 2029, 2432, 2835, 3237, 3640, 4043, 4445, 4848, 5251, 5653, 6056, 6459, 6862, 7264, 7667, 8070, 8472, 8875, 9278, 9681, 10083, 10486, 10889, 11291, 11694, 12097, 2500.0], "liquidation_incentives": [0.1499999999999999], "stability_pool_initial_balances": [0.05168728980870256, 0.02584364490435128, 0.10337457961740512], "share_institutionals": [0.0047245011761239165, 0.0023622505880619583, 0.009449002352247833, 1], "recovery_halflife_retails": [3.3333333333333335], "price_recovery_times": [2], "l_factors": [0.25, 0.5, 1, 1.5, 2], "json_time": 1676302021.6298149, "current_debt": 418.79014090343924}, "GMX-VST": {"series_std_ratio": 2.0308729755116706, "volume_for_slippage_10_percentss": [2127.6146218180656], "trade_every": 1800, "collaterals": [38, 453, 869, 1284, 1699, 2115, 2530, 2945, 3361, 3776, 4192, 4607, 5022, 5438, 5853, 6269, 6684, 7099, 7515, 7930, 8346, 8761, 9176, 9592, 10007, 10423, 10838, 11253, 11669, 12084, 2500.0], "liquidation_incentives": [0.1499999999999999], "stability_pool_initial_balances": [0.8934681119788819, 0.44673405598944094, 1.7869362239577637], "share_institutionals": [0.010330839018939523, 0.005165419509469762, 0.020661678037879046, 1], "recovery_halflife_retails": [3.3333333333333335], "price_recovery_times": [0], "l_factors": [0.25, 0.5, 1, 1.5, 2], "json_time": 1676302021.6298149, "current_debt": 38.215913908522474}, "sGLP-VST": {"series_std_ratio": 0.6132330529291525, "volume_for_slippage_10_percentss": [3605.8083340525627], "trade_every": 1800, "collaterals": [1078, 1771, 2464, 3157, 3851, 4544, 5237, 5930, 6624, 7317, 8010, 8703, 9396, 10090, 10783, 11476, 12169, 12863, 13556, 14249, 14942, 15635, 16329, 17022, 17715, 18408, 19102, 19795, 20488, 21181, 4375.0], "liquidation_incentives": [0.10000000000000009], "stability_pool_initial_balances": [0.007816147851592807, 0.003908073925796404, 0.015632295703185615], "share_institutionals": [0.0, 0.0, 0.0, 1], "recovery_halflife_retails": [3.3333333333333335], "price_recovery_times": [0], "l_factors": [0.25, 0.5, 1, 1.5, 2], "json_time": 1676302021.6298149, "current_debt": 1078.2492996267463}}