{"json_time": 1688106927, "glp_data": {"liquidTreasury": 363192299.39685464, "treasuryUtilization": 0.30632108341098746, "liquidStableTreasury": 175195128.23763108, "stableTreasuryUtilization": 0.27019090279542807, "liquidSolidAssetTreasury": 177018376.39605886, "solidTreasuryUtilization": 0.34195660403232875}}