{"json_time": 1688106927, "VST": {"oracle": 0.9944327262194835, "cex_price": 1, "dex_price": 1}, "ETH": {"oracle": 1880.61, "cex_price": 1882.335, "dex_price": 1881.4685802453273}, "gOHM": {"oracle": 2815.999382464163, "cex_price": "NaN", "dex_price": 2842.6923768828865}, "GMX": {"oracle": 53.867595983460504, "cex_price": "NaN", "dex_price": 54.2965786306424}, "DPX": {"oracle": 119.02218215, "cex_price": "NaN", "dex_price": 119.261040416815}, "sGLP": {"oracle": 1.0092212827022646, "cex_price": "NaN", "dex_price": "NaN"}}