{"json_time": 1694845319, "glp_data": {"liquidTreasury": 339362864.73805326, "treasuryUtilization": 0.15925522922045668, "liquidStableTreasury": 132526714.35079633, "stableTreasuryUtilization": 0.06164970894776648, "liquidSolidAssetTreasury": 182501999.01599377, "solidTreasuryUtilization": 0.22439781252901003}}