{"json_time": 1694845319, "ETH": {"VST": {"volume": 45257092.59176254, "llc": 1.1}}, "gOHM": {"VST": {"volume": 171230.69524765015, "llc": 1.15}}, "GMX": {"VST": {"volume": 3575844.600200653, "llc": 1.15}}, "DPX": {"VST": {"volume": 171230.69524765015, "llc": 1.15}}, "sGLP": {"VST": {"volume": 29515760.066509247, "llc": 1.1}}}