{"json_time": 1680288435, "VST": {"oracle": 1.014049719848497, "cex_price": 1, "dex_price": 1}, "ETH": {"oracle": 1824.29, "cex_price": 1824.625, "dex_price": 1825.3156444660767}, "gOHM": {"oracle": 2718.4399680843762, "cex_price": "NaN", "dex_price": 2737.965618021167}, "GMX": {"oracle": 75.57347324523023, "cex_price": "NaN", "dex_price": 76.3272679243077}, "DPX": {"oracle": 285.84420705, "cex_price": "NaN", "dex_price": 287.4733346573718}, "sGLP": {"oracle": 0.9696575169249633, "cex_price": "NaN", "dex_price": "NaN"}}