{"json_time": 1685768687, "glp_data": {"liquidTreasury": 371705481.5460789, "treasuryUtilization": 0.30598290749089985, "liquidStableTreasury": 214703516.9110525, "stableTreasuryUtilization": 0.13943893908753377, "liquidSolidAssetTreasury": 150471108.25251853, "solidTreasuryUtilization": 0.4568316348041472}}