{"json_time": 1665666750, "ETH": {"oracle": 1214.83, "cex_price": 1207.1950000000002, "dex_price": 1213.7034508107229}, "BNB|bsc": {"oracle": 260.54, "cex_price": 259.05, "dex_price": 259.2238260013347}, "WBTC|eth": {"oracle": 18327.6, "cex_price": 18296.095, "dex_price": 18405.982161556818}, "pCKB": {"oracle": 0.003580675, "cex_price": 0.003555, "dex_price": 0.0035558596466664844}, "USDC": {"oracle": 1.0, "cex_price": 1, "dex_price": 1}}