{"json_time": 1682013189, "glp_data": {"liquidTreasury": 353276609.3649327, "treasuryUtilization": 0.38066418226299115, "liquidStableTreasury": 247900534.68293723, "stableTreasuryUtilization": 0.1687243116707787, "liquidSolidAssetTreasury": 99283347.63882294, "solidTreasuryUtilization": 0.6227392539880249}}