{"json_time": 1682013189, "ETH": {"VST": {"volume": 16113788.300037384, "llc": 1.1}}, "gOHM": {"VST": {"volume": 481174.53813552856, "llc": 1.15}}, "GMX": {"VST": {"volume": 10712182.373523712, "llc": 1.15}}, "DPX": {"VST": {"volume": 703380.4316520691, "llc": 1.15}}, "sGLP": {"VST": {"volume": 10483300.766468048, "llc": 1.1}}}