{"json_time": 1698473715, "data": [{"account": "0xF121163A94D094d099e3AD2B0deCB65f97b6FECf", "user_collateral_wo_looping": 0.26858261749648, "user_debt_wo_looping": 0.2700355469116821}]}