{"json_time": 1668611083, "VST": {"total_collateral": "0.0", "median_collateral": "nan", "top_1_collateral": "0.0", "top_10_collateral": "0.0", "total_debt": "0.0", "median_debt": "nan", "top_1_debt": "nan", "top_10_debt": "0.0", "graph_data": {"ETH": {"4.9": 0, "4.800000000000001": 0, "4.7": 0, "4.6000000000000005": 0, "4.5": 0, "4.4": 0, "4.3": 0, "4.2": 0, "4.1000000000000005": 0, "4.0": 0, "3.9000000000000004": 0, "3.8000000000000003": 0, "3.7": 0, "3.6": 0, "3.5": 0, "3.4000000000000004": 0, "3.3000000000000003": 0, "3.2": 0, "3.1": 0, "3.0": 0, "2.9000000000000004": 0, "2.8000000000000003": 0, "2.7": 0, "2.6": 0, "2.5": 0, "2.4000000000000004": 0, "2.3000000000000003": 0, "2.2": 0, "2.1": 0, "2.0": 0, "1.9000000000000001": 0, "1.8": 0, "1.7000000000000002": 0, "1.6": 0, "1.5": 0, "1.4000000000000001": 0, "1.3": 0, "1.2000000000000002": 0}, "gOHM": {"4.9": 0, "4.800000000000001": 0, "4.7": 0, "4.6000000000000005": 0, "4.5": 0, "4.4": 0, "4.3": 0, "4.2": 0, "4.1000000000000005": 0, "4.0": 0, "3.9000000000000004": 0, "3.8000000000000003": 0, "3.7": 0, "3.6": 0, "3.5": 0, "3.4000000000000004": 0, "3.3000000000000003": 0, "3.2": 0, "3.1": 0, "3.0": 0, "2.9000000000000004": 0, "2.8000000000000003": 0, "2.7": 0, "2.6": 0, "2.5": 0, "2.4000000000000004": 0, "2.3000000000000003": 0, "2.2": 0, "2.1": 0, "2.0": 0, "1.9000000000000001": 0, "1.8": 0, "1.7000000000000002": 0, "1.6": 0, "1.5": 0, "1.4000000000000001": 0, "1.3": 0}, "renBTC": {"4.9": 0, "4.800000000000001": 0, "4.7": 0, "4.6000000000000005": 0, "4.5": 0, "4.4": 0, "4.3": 0, "4.2": 0, "4.1000000000000005": 0, "4.0": 0, "3.9000000000000004": 0, "3.8000000000000003": 0, "3.7": 0, "3.6": 0, "3.5": 0, "3.4000000000000004": 0, "3.3000000000000003": 0, "3.2": 0, "3.1": 0, "3.0": 0, "2.9000000000000004": 0, "2.8000000000000003": 0}, "GMX": {"4.9": 0, "4.800000000000001": 0, "4.7": 0, "4.6000000000000005": 0, "4.5": 0, "4.4": 0, "4.3": 0, "4.2": 0, "4.1000000000000005": 0, "4.0": 0, "3.9000000000000004": 0, "3.8000000000000003": 0, "3.7": 0, "3.6": 0, "3.5": 0, "3.4000000000000004": 0, "3.3000000000000003": 0, "3.2": 0, "3.1": 0, "3.0": 0, "2.9000000000000004": 0, "2.8000000000000003": 0, "2.7": 0, "2.6": 0, "2.5": 0, "2.4000000000000004": 0, "2.3000000000000003": 0, "2.2": 0, "2.1": 0, "2.0": 0, "1.9000000000000001": 0, "1.8": 0, "1.7000000000000002": 0, "1.6": 0, "1.5": 0, "1.4000000000000001": 0, "1.3": 0}, "DPX": {"4.9": 0, "4.800000000000001": 0, "4.7": 0, "4.6000000000000005": 0, "4.5": 0, "4.4": 0, "4.3": 0, "4.2": 0, "4.1000000000000005": 0, "4.0": 0, "3.9000000000000004": 0, "3.8000000000000003": 0, "3.7": 0, "3.6": 0, "3.5": 0, "3.4000000000000004": 0, "3.3000000000000003": 0, "3.2": 0, "3.1": 0, "3.0": 0}, "sGLP": {"4.9": 0, "4.800000000000001": 0, "4.7": 0, "4.6000000000000005": 0, "4.5": 0, "4.4": 0, "4.3": 0, "4.2": 0, "4.1000000000000005": 0, "4.0": 0, "3.9000000000000004": 0, "3.8000000000000003": 0, "3.7": 0, "3.6": 0, "3.5": 0, "3.4000000000000004": 0, "3.3000000000000003": 0, "3.2": 0, "3.1": 0, "3.0": 0, "2.9000000000000004": 0, "2.8000000000000003": 0, "2.7": 0, "2.6": 0, "2.5": 0, "2.4000000000000004": 0, "2.3000000000000003": 0, "2.2": 0, "2.1": 0, "2.0": 0, "1.9000000000000001": 0, "1.8": 0, "1.7000000000000002": 0, "1.6": 0, "1.5": 0, "1.4000000000000001": 0, "1.3": 0, "1.2000000000000002": 0, "1.1": 0}}}, "ETH": {"total_collateral": "867922.2514579298", "median_collateral": "3013.64024829", "top_1_collateral": "72299.89199999999", "top_10_collateral": "431027.85614", "total_debt": "418700.3179511547", "median_debt": "1246.0598006670343", "top_1_debt": "37200.0", "top_10_debt": "211966.32389530205", "graph_data": {"VST": {"963.99856": 7843, "843.4987400000001": 128186, "722.9989200000001": 229939, "602.4991": 327389, "481.99928": 347624, "361.49946000000006": 392796, "240.99964": 417785, "120.49982": 418675, "0.0": 418675}}}, "gOHM": {"total_collateral": "14834084.045676827", "median_collateral": "23142.468714968898", "top_1_collateral": "1984899.8212579475", "top_10_collateral": "9467007.255117679", "total_debt": "5735875.588666681", "median_debt": "9000.0", "top_1_debt": "870626.3382400485", "top_10_debt": "3722969.0307141948", "graph_data": {"VST": {"1659.5419088507042": 1754945, "1422.4644933006036": 3774651, "1185.3870777505028": 4799458, "948.3096622004023": 5286577, "711.2322466503018": 5696474, "474.15483110020114": 5724052, "237.07741555010057": 5734831, "0.0": 5735831}}}, "renBTC": {"total_collateral": "73720.1110063556", "median_collateral": "18690.97398859235", "top_1_collateral": "32177.024144855397", "top_10_collateral": "73720.1110063556", "total_debt": "20795.553093384657", "median_debt": "5357.445010082373", "top_1_debt": "9057.597790678888", "top_10_debt": "20795.55309338466", "graph_data": {"VST": {"4943.067000000001": 11014, "3295.378": 20794, "1647.689": 20794, "0.0": 20794}}}, "GMX": {"total_collateral": "315144.80123058625", "median_collateral": "9450.479489924954", "top_1_collateral": "96067.82912840428", "top_10_collateral": "303817.28958240675", "total_debt": "109928.73287130284", "median_debt": "3567.36", "top_1_debt": "25030.019575899154", "top_10_debt": "106561.01080362652", "graph_data": {"VST": {"31.263810964191368": 16900, "27.35583459366745": 16900, "23.44785822314353": 37344, "19.539881852619605": 67636, "15.631905482095684": 80636, "11.723929111571765": 109926, "7.815952741047842": 109926, "3.907976370523921": 109926, "0.0": 109926}}}, "DPX": {"total_collateral": "1610568.9367308326", "median_collateral": "297262.6119574236", "top_1_collateral": "1008824.2203277422", "top_10_collateral": "1610568.9367308326", "total_debt": "315025.81675266754", "median_debt": "46980.13634327955", "top_1_debt": "219858.19387606956", "top_10_debt": "315025.8167526675", "graph_data": {"VST": {"63.07117678800001": 286141, "42.047451192000004": 287348, "21.023725596000002": 315024, "0.0": 315024}}}, "sGLP": {"total_collateral": "6864632.986326024", "median_collateral": "7067.387057507114", "top_1_collateral": "1314123.2032755734", "top_10_collateral": "5455615.488798408", "total_debt": "4997899.572705759", "median_debt": "3715.0", "top_1_debt": "1000000.0003820462", "top_10_debt": "4087679.5206995527", "graph_data": {"VST": {"0.748311570794871": 3075673, "0.6651658407065519": 4357480, "0.582020110618233": 4872708, "0.498874380529914": 4946128, "0.41572865044159496": 4984672, "0.33258292035327597": 4997891, "0.249437190264957": 4997891, "0.16629146017663798": 4997891, "0.08314573008831899": 4997891, "0.0": 4997891}}}}