{"json_time": 1684999860, "data": [{"account": "0x5ce561e048d2cd64523D6316228F97bd2537F92f", "user_collateral_wo_looping": 0.9052070935231694, "user_debt_wo_looping": 1.549313992648587}, {"account": "0x7e1a061ca70838e1E79BCcBee306a56746f9e2F8", "user_collateral_wo_looping": 0.00415843652207152, "user_debt_wo_looping": 0.005186415211345612}, {"account": "0x9A4B0dA9E8e5c7135cd7188Bd2e84DAc513C594b", "user_collateral_wo_looping": 0.001373727366052239, "user_debt_wo_looping": 0.0013862552095295826}]}