{"json_time": 1684999860, "USDC": {"oracle": 0.9999393269226615, "cex_price": 1, "dex_price": 1}, "WXDAI": {"oracle": 1.0, "cex_price": 1, "dex_price": 0.9997508781137636}, "LINK": {"oracle": 6.283898719343045, "cex_price": 6.3025, "dex_price": 6.736065281110442}, "GNO": {"oracle": 110.52719080911784, "cex_price": 110.75, "dex_price": 112.67246557651399}, "WBTC": {"oracle": 26254.319697525058, "cex_price": 26181.125, "dex_price": 26402.180186431076}, "WETH": {"oracle": 1782.5149644389965, "cex_price": 1783.315, "dex_price": 1795.061414627291}, "FOX": {"oracle": 0.023412577485930085, "cex_price": 0.02395, "dex_price": 0.023568902008676156}, "USDT": {"oracle": 1.0000285114461005, "cex_price": 1, "dex_price": 1.0004322267392405}, "EURe": {"oracle": 1.0734044430733527, "cex_price": 1.06975, "dex_price": 1.0654003798411726}}