{"json_time": 1686228651, "stabilityPoolVstBalance": {"ETH": 99658.23444717583, "gOHM": 86855.05379727048, "GMX": 48752.32693688746, "DPX": 8893.199753408358, "sGLP": 443.07670092549364}, "stabilityPoolGemBalance": {"ETH": 20553.741932781453, "gOHM": 11036.420636050541, "GMX": 5110.221711481704, "DPX": 21387.27754920948, "sGLP": 0.0}, "bprotocolBalance": {"ETH": 47311.18485237693, "gOHM": 43081.66549792789, "DPX": 7980.007621792916, "GMX": 19665.590749655363, "sGLP": 0.0}, "bprotocolGemBalance": {"ETH": 0.06201534360359258, "gOHM": 0.0, "DPX": 91.57122841505588, "GMX": 12.609779819530523, "sGLP": 0.0}}