{"json_time": 1673806476, "ETH": {"oracle": 1539.473932, "cex_price": 1548.7350000000001, "dex_price": 1550.985017093083}, "BNB|bsc": {"oracle": 299.951243124, "cex_price": 301.55, "dex_price": 301.29459296511806}, "WBTC|eth": {"oracle": 20770.143527146, "cex_price": 20847.085, "dex_price": 20983.290368053662}, "pCKB": {"oracle": 0.003235161, "cex_price": 0.0032449999999999996, "dex_price": 0.003241790828969247}, "USDC": {"oracle": 0.99979998, "cex_price": 1, "dex_price": 1}, "USDT": {"oracle": 1.00034, "cex_price": 1, "dex_price": 24863.188961091902}}