{"json_time": 1690481633, "ETH-VST": {"series_std_ratio": 1.0, "volume_for_slippage_10_percentss": [43977.18596190214], "trade_every": 1800, "collaterals": [828, 3925, 7023, 10120, 13217, 16315, 19412, 22510, 25607, 28704, 31802, 34899, 37997, 41094, 44191, 47289, 50386, 53483, 56581, 59678, 62776, 65873, 68970, 72068, 75165, 78263, 81360, 84457, 87555, 90652, 18750.0], "liquidation_incentives": [0.10000000000000009], "stability_pool_initial_balances": [0.03767864888260307, 0.018839324441301535, 0.07535729776520614], "share_institutionals": [0.0969829739994307, 0.04849148699971535, 0.1939659479988614, 1], "recovery_halflife_retails": [3.3333333333333335], "price_recovery_times": [0], "l_factors": [0.25, 0.5, 1, 1.5, 2], "json_time": 1690482233.8338745, "current_debt": 828.389200039539}, "gOHM-VST": {"series_std_ratio": 0.5718399563684763, "volume_for_slippage_10_percentss": [138.01356881856918], "trade_every": 1800, "collaterals": [2087, 2487, 2886, 3285, 3684, 4083, 4482, 4882, 5281, 5680, 6079, 6478, 6877, 7276, 7676, 8075, 8474, 8873, 9272, 9671, 10070, 10470, 10869, 11268, 11667, 12066, 12465, 12865, 13264, 13663, 2812.5], "liquidation_incentives": [0.1499999999999999], "stability_pool_initial_balances": [0.020919327831098997, 0.010459663915549498, 0.04183865566219799], "share_institutionals": [0.5923221813076278, 0.2961610906538139, 1, 1], "recovery_halflife_retails": [3.3333333333333335], "price_recovery_times": [0], "l_factors": [0.25, 0.5, 1, 1.5, 2], "json_time": 1690482233.8338745, "current_debt": 2087.9375032416992}, "DPX-VST": {"series_std_ratio": 2.2756095294666916, "volume_for_slippage_10_percentss": [260.2029684185982], "trade_every": 1800, "collaterals": [352, 444, 536, 629, 721, 814, 906, 999, 1091, 1183, 1276, 1368, 1461, 1553, 1646, 1738, 1830, 1923, 2015, 2108, 2200, 2293, 2385, 2477, 2570, 2662, 2755, 2847, 2940, 3032, 625.0], "liquidation_incentives": [0.1499999999999999], "stability_pool_initial_balances": [0.0012856797969268705, 0.0006428398984634352, 0.002571359593853741], "share_institutionals": [0.008988915764734432, 0.004494457882367216, 0.017977831529468864, 1], "recovery_halflife_retails": [3.3333333333333335], "price_recovery_times": [2], "l_factors": [0.25, 0.5, 1, 1.5, 2], "json_time": 1690482233.8338745, "current_debt": 352.1402871294295}, "GMX-VST": {"series_std_ratio": 2.0308729755116706, "volume_for_slippage_10_percentss": [3218.974576294422], "trade_every": 1800, "collaterals": [231, 327, 424, 520, 617, 713, 810, 906, 1003, 1099, 1195, 1292, 1388, 1485, 1581, 1678, 1774, 1871, 1967, 2064, 2160, 2256, 2353, 2449, 2546, 2642, 2739, 2835, 2932, 3028, 625.0], "liquidation_incentives": [0.1499999999999999], "stability_pool_initial_balances": [0.18705643491857118, 0.09352821745928559, 0.37411286983714237], "share_institutionals": [0.6177580439181897, 0.30887902195909483, 1, 1], "recovery_halflife_retails": [3.3333333333333335], "price_recovery_times": [0], "l_factors": [0.25, 0.5, 1, 1.5, 2], "json_time": 1690482233.8338745, "current_debt": 231.49175131873696}, "sGLP-VST": {"series_std_ratio": 0.6132330529291525, "volume_for_slippage_10_percentss": [36663.10731559992], "trade_every": 1800, "collaterals": [325, 366, 407, 449, 490, 531, 572, 614, 655, 696, 737, 778, 820, 861, 902, 943, 985, 1026, 1067, 1108, 1150, 1191, 1232, 1273, 1315, 1356, 1397, 1438, 1480, 1521, 312.5], "liquidation_incentives": [0.10000000000000009], "stability_pool_initial_balances": [0.0018134745763461768, 0.0009067372881730884, 0.0036269491526923535], "share_institutionals": [0.0, 0.0, 0.0, 1], "recovery_halflife_retails": [3.3333333333333335], "price_recovery_times": [0], "l_factors": [0.25, 0.5, 1, 1.5, 2], "json_time": 1690482233.8338745, "current_debt": 325.3345803073907}}