{"USDC": {"WXDAI": {"volume": 8239307.343959808, "llc": 1.05}, "LINK": {"volume": 1476.8366813659668, "llc": 1.05}, "GNO": {"volume": 57743.56508255005, "llc": 1.05}, "WBTC": {"volume": 13874.590396881104, "llc": 1.05}, "WETH": {"volume": 13874.590396881104, "llc": 1.05}, "FOX": {"volume": 3384.183406829834, "llc": 1.05}, "USDT": {"volume": 5322020.5273628235, "llc": 1.05}}, "WXDAI": {"USDC": {"volume": 8779086.467266083, "llc": 1.05}, "LINK": {"volume": 1476.8366813659668, "llc": 1.05}, "GNO": {"volume": 59650.911808013916, "llc": 1.05}, "WBTC": {"volume": 14828.263759613037, "llc": 1.05}, "WETH": {"volume": 13874.590396881104, "llc": 1.05}, "FOX": {"volume": 3384.183406829834, "llc": 1.05}, "USDT": {"volume": 5323927.874088287, "llc": 1.05}}, "LINK": {"USDC": {"volume": 4337.856769561768, "llc": 1.2}, "WXDAI": {"volume": 4337.856769561768, "llc": 1.2}, "GNO": {"volume": 4337.856769561768, "llc": 1.2}, "WBTC": {"volume": 4337.856769561768, "llc": 1.2}, "WETH": {"volume": 4337.856769561768, "llc": 1.2}, "FOX": {"volume": 4337.856769561768, "llc": 1.2}, "USDT": {"volume": 4337.856769561768, "llc": 1.2}}, "GNO": {"USDC": {"volume": 117824.98693466187, "llc": 1.1}, "WXDAI": {"volume": 117824.98693466187, "llc": 1.1}, "LINK": {"volume": 2430.5100440979004, "llc": 1.1}, "WBTC": {"volume": 62511.93189620972, "llc": 1.1}, "WETH": {"volume": 371502.1014213562, "llc": 1.1}, "FOX": {"volume": 5291.530132293701, "llc": 1.1}, "USDT": {"volume": 117824.98693466187, "llc": 1.1}}, "WBTC": {"USDC": {"volume": 28179.690837860107, "llc": 1.1}, "WXDAI": {"volume": 28179.690837860107, "llc": 1.1}, "LINK": {"volume": 2430.5100440979004, "llc": 1.1}, "GNO": {"volume": 61558.25853347778, "llc": 1.1}, "WETH": {"volume": 96844.17295455933, "llc": 1.1}, "FOX": {"volume": 5291.530132293701, "llc": 1.1}, "USDT": {"volume": 25318.670749664307, "llc": 1.1}}, "WETH": {"USDC": {"volume": 44712.6, "llc": 1.05}, "WXDAI": {"volume": 44162.6, "llc": 1.05}, "LINK": {"volume": 1476.8366813659668, "llc": 1.05}, "GNO": {"volume": 184582.12232589722, "llc": 1.05}, "WBTC": {"volume": 49160.50481796265, "llc": 1.05}, "FOX": {"volume": 3384.183406829834, "llc": 1.05}, "USDT": {"volume": 46915.6, "llc": 1.05}}, "FOX": {"USDC": {"volume": 6245.203495025635, "llc": 1.1}, "WXDAI": {"volume": 6245.203495025635, "llc": 1.1}, "LINK": {"volume": 2430.5100440979004, "llc": 1.1}, "GNO": {"volume": 6245.203495025635, "llc": 1.1}, "WBTC": {"volume": 5291.530132293701, "llc": 1.1}, "WETH": {"volume": 5291.530132293701, "llc": 1.1}, "USDT": {"volume": 6245.203495025635, "llc": 1.1}}, "USDT": {"USDC": {"volume": 8622684.035778046, "llc": 1.05}, "WXDAI": {"volume": 8095302.666187286, "llc": 1.05}, "LINK": {"volume": 1476.8366813659668, "llc": 1.05}, "GNO": {"volume": 59650.911808013916, "llc": 1.05}, "WBTC": {"volume": 13874.590396881104, "llc": 1.05}, "WETH": {"volume": 13874.590396881104, "llc": 1.05}, "FOX": {"volume": 3384.183406829834, "llc": 1.05}}, "json_time": 1681293460}