{"auUSDC": {"auETH": {"volume": 22457.650661468506, "llc": 1.1}, "auWBTC": {"volume": 11013.570308685303, "llc": 1.1}, "auUSDT": {"volume": 2328439.841747284, "llc": 1.1}, "auWNEAR": {"volume": 83492.74587631226, "llc": 1.1}, "auSTNEAR": {"volume": 79421.74482648, "llc": 1.1}}, "auETH": {"auUSDC": {"volume": 21503.977298736572, "llc": 1.1}, "auWBTC": {"volume": 11013.570308685303, "llc": 1.1}, "auUSDT": {"volume": 20550.30393600464, "llc": 1.1}, "auWNEAR": {"volume": 37716.42446517944, "llc": 1.1}, "auSTNEAR": {"volume": 37716.42446517944, "llc": 1.1}}, "auWBTC": {"auUSDC": {"volume": 10059.89694595337, "llc": 1.1}, "auETH": {"volume": 11013.570308685303, "llc": 1.1}, "auUSDT": {"volume": 11013.570308685303, "llc": 1.1}, "auWNEAR": {"volume": 13874.590396881104, "llc": 1.1}, "auSTNEAR": {"volume": 13874.590396881104, "llc": 1.1}}, "auUSDT": {"auUSDC": {"volume": 1366183.418750763, "llc": 1.1}, "auETH": {"volume": 20550.30393600464, "llc": 1.1}, "auWBTC": {"volume": 10059.89694595337, "llc": 1.1}, "auWNEAR": {"volume": 83492.74587631226, "llc": 1.1}, "auSTNEAR": {"volume": 79421.74482648, "llc": 1.1}}, "auWNEAR": {"auUSDC": {"volume": 83492.74587631226, "llc": 1.1}, "auETH": {"volume": 36762.75110244751, "llc": 1.1}, "auWBTC": {"volume": 12920.91703414917, "llc": 1.1}, "auUSDT": {"volume": 83492.74587631226, "llc": 1.1}, "auSTNEAR": {"volume": 79421.74482648, "llc": 1.1}}, "auSTNEAR": {"auUSDC": {"volume": 58697.23844528198, "llc": 1.1}, "auETH": {"volume": 45345.81136703491, "llc": 1.1}, "auWBTC": {"volume": 16735.610485076904, "llc": 1.1}, "auUSDT": {"volume": 58697.23844528198, "llc": 1.1}, "auWNEAR": {"volume": 72048.66552352905, "llc": 1.1}}, "json_time": 1669641002}