{"json_time": 1667849683, "glp_data": {"liquidTreasury": 351912317.40745723, "treasuryUtilization": 0.21365706022962033, "liquidStableTreasury": 180980279.09083074, "stableTreasuryUtilization": 0.12724594948364398, "liquidSolidAssetTreasury": 156870618.82156658, "solidTreasuryUtilization": 0.29822334832081476}}