{"json_time": 1692251983, "VST": {"oracle": 1.001162552995315, "cex_price": 1, "dex_price": 1}, "ETH": {"oracle": 1799.59, "cex_price": 1801.315, "dex_price": 1800.0602381789338}, "gOHM": {"oracle": 2863.307430689524, "cex_price": "NaN", "dex_price": 2844.786778023278}, "GMX": {"oracle": 39.765700826313235, "cex_price": "NaN", "dex_price": 39.954771899244776}, "DPX": {"oracle": 72.03912142, "cex_price": "NaN", "dex_price": 72.20161988028747}, "sGLP": {"oracle": 0.9819948354880276, "cex_price": "NaN", "dex_price": "NaN"}}