{"json_time": 1692251983, "ETH": {"VST": {"volume": 57816970.77894211, "llc": 1.1}}, "gOHM": {"VST": {"volume": 208423.95639419556, "llc": 1.15}}, "GMX": {"VST": {"volume": 4702132.841587067, "llc": 1.15}}, "DPX": {"VST": {"volume": 277088.4385108948, "llc": 1.15}}, "sGLP": {"VST": {"volume": 56988228.62672806, "llc": 1.1}}}