{"json_time": 1676995410, "USDC": {"oracle": 0.99989623, "cex_price": 1, "dex_price": 1}, "WXDAI": {"oracle": 1.0, "cex_price": 1, "dex_price": 1.0004731289945044}, "LINK": {"oracle": 7.6869713, "cex_price": 7.6875, "dex_price": 8.193128337176558}, "GNO": {"oracle": 109.23866346, "cex_price": 108.55, "dex_price": 110.03767621991658}, "WBTC": {"oracle": 24324.84025711, "cex_price": 24412.285000000003, "dex_price": 24559.03636235483}, "WETH": {"oracle": 1666.2947, "cex_price": 1662.775, "dex_price": 1668.7896137353885}, "FOX": {"oracle": 0.04354613, "cex_price": 0.044, "dex_price": 0.046536324773165015}, "USDT": {"oracle": 1.0001, "cex_price": 1, "dex_price": 1.000938484928161}}