{"USDC": {"WXDAI": {"volume": 4596275.098323822, "llc": 1.05}, "LINK": {"volume": 1476.8366813659668, "llc": 1.05}, "GNO": {"volume": 70141.31879806519, "llc": 1.05}, "WBTC": {"volume": 27226.017475128174, "llc": 1.05}, "WETH": {"volume": 77770.70569992065, "llc": 1.05}, "FOX": {"volume": 3384.183406829834, "llc": 1.05}, "USDT": {"volume": 2960725.281238556, "llc": 1.05}}, "WXDAI": {"USDC": {"volume": 4972022.403240204, "llc": 1.05}, "LINK": {"volume": 1476.8366813659668, "llc": 1.05}, "GNO": {"volume": 100658.86640548706, "llc": 1.05}, "WBTC": {"volume": 27226.017475128174, "llc": 1.05}, "WETH": {"volume": 77770.70569992065, "llc": 1.05}, "FOX": {"volume": 4337.856769561768, "llc": 1.05}, "USDT": {"volume": 2963586.3013267517, "llc": 1.05}}, "LINK": {"USDC": {"volume": 5291.530132293701, "llc": 1.2}, "WXDAI": {"volume": 5291.530132293701, "llc": 1.2}, "GNO": {"volume": 5291.530132293701, "llc": 1.2}, "WBTC": {"volume": 5291.530132293701, "llc": 1.2}, "WETH": {"volume": 5291.530132293701, "llc": 1.2}, "FOX": {"volume": 4337.856769561768, "llc": 1.2}, "USDT": {"volume": 5291.530132293701, "llc": 1.2}}, "GNO": {"USDC": {"volume": 141666.8210029602, "llc": 1.1}, "WXDAI": {"volume": 199840.89612960815, "llc": 1.1}, "LINK": {"volume": 2430.5100440979004, "llc": 1.1}, "WBTC": {"volume": 63465.60525894165, "llc": 1.1}, "WETH": {"volume": 365780.0612449646, "llc": 1.1}, "FOX": {"volume": 6245.203495025635, "llc": 1.1}, "USDT": {"volume": 100658.86640548706, "llc": 1.1}}, "WBTC": {"USDC": {"volume": 52975.19826889038, "llc": 1.1}, "WXDAI": {"volume": 52975.19826889038, "llc": 1.1}, "LINK": {"volume": 3384.183406829834, "llc": 1.1}, "GNO": {"volume": 63465.60525894165, "llc": 1.1}, "WETH": {"volume": 79678.05242538452, "llc": 1.1}, "FOX": {"volume": 6245.203495025635, "llc": 1.1}, "USDT": {"volume": 52975.19826889038, "llc": 1.1}}, "WETH": {"USDC": {"volume": 78724.37906265259, "llc": 1.05}, "WXDAI": {"volume": 78724.37906265259, "llc": 1.05}, "LINK": {"volume": 2430.5100440979004, "llc": 1.05}, "GNO": {"volume": 175999.0620613098, "llc": 1.05}, "WBTC": {"volume": 40577.444553375244, "llc": 1.05}, "FOX": {"volume": 3384.183406829834, "llc": 1.05}, "USDT": {"volume": 78724.37906265259, "llc": 1.05}}, "FOX": {"USDC": {"volume": 6245.203495025635, "llc": 1.1}, "WXDAI": {"volume": 7198.876857757568, "llc": 1.1}, "LINK": {"volume": 2430.5100440979004, "llc": 1.1}, "GNO": {"volume": 6245.203495025635, "llc": 1.1}, "WBTC": {"volume": 6245.203495025635, "llc": 1.1}, "WETH": {"volume": 6245.203495025635, "llc": 1.1}, "USDT": {"volume": 7198.876857757568, "llc": 1.1}}, "USDT": {"USDC": {"volume": 4774612.017154694, "llc": 1.05}, "WXDAI": {"volume": 4420799.199581146, "llc": 1.05}, "LINK": {"volume": 2430.5100440979004, "llc": 1.05}, "GNO": {"volume": 50114.17818069458, "llc": 1.05}, "WBTC": {"volume": 27226.017475128174, "llc": 1.05}, "WETH": {"volume": 77770.70569992065, "llc": 1.05}, "FOX": {"volume": 4337.856769561768, "llc": 1.05}}, "json_time": 1676995410}