{"json_time": 1675892955, "data": [{"account": "0xaCCfAA3a39F3681E07F5D6ECC0A9cdd86c2eb775", "user_collateral_wo_looping": 0.0007569606990728584, "user_debt_wo_looping": 0.007557790804750823}, {"account": "0x5ce561e048d2cd64523D6316228F97bd2537F92f", "user_collateral_wo_looping": 1.43968783588243, "user_debt_wo_looping": 1.5463824699619004}, {"account": "0x7e1a061ca70838e1E79BCcBee306a56746f9e2F8", "user_collateral_wo_looping": 0.008364929468153258, "user_debt_wo_looping": 0.00956842220989623}, {"account": "0x5dA68351bD082aBDA73E42Ac981dB51d9364fe69", "user_collateral_wo_looping": 0.33508656774736995, "user_debt_wo_looping": 0.37329803863247135}]}