{"json_time": 1681070252, "ETH": {"VST": {"volume": 5088370.5534935, "llc": 1.1}}, "gOHM": {"VST": {"volume": 364826.38788223267, "llc": 1.15}}, "GMX": {"VST": {"volume": 3150506.2804222107, "llc": 1.15}}, "DPX": {"VST": {"volume": 655696.7635154724, "llc": 1.15}}, "sGLP": {"VST": {"volume": 2866311.6183280945, "llc": 1.1}}}