{"json_time": 1666884461, "auUSDC": {"oracle": 0.99991551, "cex_price": 1, "dex_price": 1}, "auETH": {"oracle": 1544.89153857, "cex_price": 1541.3049999999998, "dex_price": 1550.2280794220082}, "auWBTC": {"oracle": 20565.777, "cex_price": 20538.295, "dex_price": 20646.214114041017}, "auUSDT": {"oracle": 1.00015153, "cex_price": 1, "dex_price": 1.0001007021398998}, "auWNEAR": {"oracle": 3.078, "cex_price": 3.0355, "dex_price": 3.048394374222627}, "auSTNEAR": {"oracle": 3.48709266, "cex_price": "NaN", "dex_price": 3.4815380688189452}}