{"json_time": 1682324481, "ETH": {"oracle": 1847.62, "cex_price": 1839.205, "dex_price": 1848.4942718710224}, "BNB|bsc": {"oracle": 329.240849275, "cex_price": 328.85, "dex_price": 322.47255485044224}, "WBTC|eth": {"oracle": 27455.6, "cex_price": 27283.614999999998, "dex_price": 28447.079068555693}, "pCKB": {"oracle": 0.003759275, "cex_price": 0.0037549999999999997, "dex_price": 0.0037746275031200517}, "USDC": {"oracle": 1.0, "cex_price": 1, "dex_price": 1}, "USDT": {"oracle": 1.000013006, "cex_price": 1, "dex_price": 1.0006861356291024}}