{"json_time": 1691516849, "ETH-VST": {"series_std_ratio": 1.0, "volume_for_slippage_10_percentss": [34394.55680400133], "trade_every": 1800, "collaterals": [852, 1136, 1420, 1704, 1988, 2272, 2557, 2841, 3125, 3409, 3693, 3977, 4261, 4545, 4829, 5113, 5397, 5681, 5966, 6250, 6534, 6818, 7102, 7386, 7670, 7954, 8238, 8522, 8806, 9090, 1875.0], "liquidation_incentives": [0.10000000000000009], "stability_pool_initial_balances": [0.036421711601513244, 0.018210855800756622, 0.07284342320302649], "share_institutionals": [0.09782076901911077, 0.048910384509555385, 0.19564153803822154, 1], "recovery_halflife_retails": [3.3333333333333335], "price_recovery_times": [0], "l_factors": [0.25, 0.5, 1, 1.5, 2], "json_time": 1691520626.3160162, "current_debt": 852.5500010889325}, "gOHM-VST": {"series_std_ratio": 0.5718399563684763, "volume_for_slippage_10_percentss": [137.41752296686172], "trade_every": 1800, "collaterals": [1961, 2364, 2768, 3171, 3574, 3978, 4381, 4784, 5188, 5591, 5995, 6398, 6801, 7205, 7608, 8011, 8415, 8818, 9222, 9625, 10028, 10432, 10835, 11238, 11642, 12045, 12449, 12852, 13255, 13659, 2812.5], "liquidation_incentives": [0.1499999999999999], "stability_pool_initial_balances": [0.022343919054096485, 0.011171959527048242, 0.04468783810819297], "share_institutionals": [0.592372320971387, 0.2961861604856935, 1, 1], "recovery_halflife_retails": [3.3333333333333335], "price_recovery_times": [0], "l_factors": [0.25, 0.5, 1, 1.5, 2], "json_time": 1691520626.3160162, "current_debt": 1961.3502331364548}, "DPX-VST": {"series_std_ratio": 2.2756095294666916, "volume_for_slippage_10_percentss": [233.97695094347], "trade_every": 1800, "collaterals": [199, 296, 394, 491, 589, 686, 784, 881, 979, 1076, 1174, 1272, 1369, 1467, 1564, 1662, 1759, 1857, 1954, 2052, 2149, 2247, 2344, 2442, 2539, 2637, 2734, 2832, 2929, 3027, 625.0], "liquidation_incentives": [0.1499999999999999], "stability_pool_initial_balances": [0.002255314340544748, 0.001127657170272374, 0.004510628681089496], "share_institutionals": [0.00898933469554421, 0.004494667347772105, 0.01797866939108842, 1], "recovery_halflife_retails": [3.3333333333333335], "price_recovery_times": [2], "l_factors": [0.25, 0.5, 1, 1.5, 2], "json_time": 1691520626.3160162, "current_debt": 199.21490052585526}, "GMX-VST": {"series_std_ratio": 2.0308729755116706, "volume_for_slippage_10_percentss": [4161.323067843914], "trade_every": 1800, "collaterals": [228, 325, 421, 518, 614, 711, 808, 904, 1001, 1097, 1194, 1290, 1387, 1483, 1580, 1676, 1773, 1869, 1966, 2063, 2159, 2256, 2352, 2449, 2545, 2642, 2738, 2835, 2931, 3028, 625.0], "liquidation_incentives": [0.1499999999999999], "stability_pool_initial_balances": [0.1896001657568079, 0.09480008287840395, 0.3792003315136158], "share_institutionals": [0.6187233730792956, 0.3093616865396478, 1, 1], "recovery_halflife_retails": [3.3333333333333335], "price_recovery_times": [0], "l_factors": [0.25, 0.5, 1, 1.5, 2], "json_time": 1691520626.3160162, "current_debt": 228.81097261622952}, "sGLP-VST": {"series_std_ratio": 0.6132330529291525, "volume_for_slippage_10_percentss": [40254.87961798906], "trade_every": 1800, "collaterals": [324, 365, 406, 447, 489, 530, 571, 613, 654, 695, 736, 778, 819, 860, 902, 943, 984, 1025, 1067, 1108, 1149, 1190, 1232, 1273, 1314, 1356, 1397, 1438, 1479, 1521, 312.5], "liquidation_incentives": [0.10000000000000009], "stability_pool_initial_balances": [0.001105376632507074, 0.000552688316253537, 0.002210753265014148], "share_institutionals": [0.0, 0.0, 0.0, 1], "recovery_halflife_retails": [3.3333333333333335], "price_recovery_times": [0], "l_factors": [0.25, 0.5, 1, 1.5, 2], "json_time": 1691520626.3160162, "current_debt": 324.1193062940892}}