{"json_time": 1671522916, "VST": {"oracle": 0.9857529684538235, "cex_price": 1, "dex_price": 1}, "ETH": {"oracle": 1206.74, "cex_price": 1207.225, "dex_price": 1208.1139514625725}, "gOHM": {"oracle": 2520.2688459166948, "cex_price": "NaN", "dex_price": 2544.7187584372186}, "GMX": {"oracle": 46.513406456532515, "cex_price": "NaN", "dex_price": 46.947278617643626}, "DPX": {"oracle": 258.34276948, "cex_price": "NaN", "dex_price": 258.98628809416437}, "sGLP": {"oracle": 0.8325905488181733, "cex_price": "NaN", "dex_price": "NaN"}}