{"json_time": 1687777349, "glp_data": {"liquidTreasury": 422044737.9140556, "treasuryUtilization": 0.2355352876820757, "liquidStableTreasury": 221222569.62215108, "stableTreasuryUtilization": 0.1437916853941017, "liquidSolidAssetTreasury": 194225887.7677677, "solidTreasuryUtilization": 0.31721673262557015}}