{"json_time": 1685166090, "glp_data": {"liquidTreasury": 379190950.3625526, "treasuryUtilization": 0.31300130242958557, "liquidStableTreasury": 227089107.2055425, "stableTreasuryUtilization": 0.17022649710733168, "liquidSolidAssetTreasury": 146345869.1631226, "solidTreasuryUtilization": 0.4482722989735341}}