{"json_time": 1691864498, "stabilityPoolVstBalance": {"ETH": 49668.83825939269, "gOHM": 70191.95747472311, "GMX": 69434.35855081433, "DPX": 718.8568803381418, "sGLP": 573.8363207952938}, "stabilityPoolGemBalance": {"ETH": 19314.94510577411, "gOHM": 11158.05368723259, "GMX": 17091.696419311083, "DPX": 8547.238470592873, "sGLP": 0.0}, "bprotocolBalance": {"ETH": 4863.688908207819, "gOHM": 41579.772762826615, "DPX": 6.4483054772118304, "GMX": 42456.72674318297, "sGLP": 0.0}, "bprotocolGemBalance": {"ETH": 0.015563441164030752, "gOHM": 0.0, "DPX": 0.02055619184015257, "GMX": 28.74722918077984, "sGLP": 0.0}}