{"json_time": 1671976630, "ETH-VST": {"series_std_ratio": 1.0, "volume_for_slippage_10_percentss": [14192.77475208044], "trade_every": 1800, "collaterals": [299, 3414, 6529, 9644, 12759, 15874, 18989, 22104, 25219, 28334, 31449, 34564, 37679, 40794, 43909, 47024, 50139, 53254, 56369, 59484, 62599, 65714, 68829, 71944, 75059, 78174, 81289, 84404, 87519, 90634, 18750.0], "liquidation_incentives": [0.10000000000000009], "stability_pool_initial_balances": [1.561833526611632, 0.780916763305816, 3.123667053223264], "share_institutionals": [0.17732672661733526, 0.08866336330866763, 0.3546534532346705, 1], "recovery_halflife_retails": [3.3333333333333335], "price_recovery_times": [0], "l_factors": [0.25, 0.5, 1, 1.5, 2], "json_time": 1671979136.648348, "current_debt": 299.3566014458512}, "gOHM-VST": {"series_std_ratio": 0.5716868167571741, "volume_for_slippage_10_percentss": [210.13511687517166], "trade_every": 1800, "collaterals": [2955, 3482, 4008, 4535, 5061, 5588, 6114, 6641, 7167, 7694, 8220, 8746, 9273, 9799, 10326, 10852, 11379, 11905, 12432, 12958, 13485, 14011, 14538, 15064, 15591, 16117, 16644, 17170, 17697, 18223, 3750.0], "liquidation_incentives": [0.1499999999999999], "stability_pool_initial_balances": [0.2320626396333404, 0.1160313198166702, 0.4641252792666808], "share_institutionals": [0.006237107318700867, 0.0031185536593504337, 0.012474214637401735, 1], "recovery_halflife_retails": [3.3333333333333335], "price_recovery_times": [0], "l_factors": [0.25, 0.5, 1, 1.5, 2], "json_time": 1671979136.648348, "current_debt": 2955.7156185072527}, "DPX-VST": {"series_std_ratio": 2.2750001177686507, "volume_for_slippage_10_percentss": [392.52514749765396], "trade_every": 1800, "collaterals": [219, 628, 1038, 1447, 1856, 2266, 2675, 3084, 3494, 3903, 4313, 4722, 5131, 5541, 5950, 6359, 6769, 7178, 7587, 7997, 8406, 8815, 9225, 9634, 10043, 10453, 10862, 11271, 11681, 12090, 2500.0], "liquidation_incentives": [0.1499999999999999], "stability_pool_initial_balances": [0.16190373817957296, 0.08095186908978648, 0.3238074763591459], "share_institutionals": [0.10579748224866609, 0.05289874112433304, 0.21159496449733217, 1], "recovery_halflife_retails": [3.3333333333333335], "price_recovery_times": [2], "l_factors": [0.25, 0.5, 1, 1.5, 2], "json_time": 1671979136.648348, "current_debt": 219.5496972146358}, "GMX-VST": {"series_std_ratio": 2.0303291046355447, "volume_for_slippage_10_percentss": [1888.6002352833748], "trade_every": 1800, "collaterals": [63, 477, 892, 1306, 1721, 2135, 2550, 2965, 3379, 3794, 4208, 4623, 5037, 5452, 5867, 6281, 6696, 7110, 7525, 7939, 8354, 8768, 9183, 9598, 10012, 10427, 10841, 11256, 11670, 12085, 2500.0], "liquidation_incentives": [0.1499999999999999], "stability_pool_initial_balances": [0.5127588910279282, 0.2563794455139641, 1.0255177820558563], "share_institutionals": [0.00901488060431062, 0.00450744030215531, 0.01802976120862124, 1], "recovery_halflife_retails": [3.3333333333333335], "price_recovery_times": [0], "l_factors": [0.25, 0.5, 1, 1.5, 2], "json_time": 1671979136.648348, "current_debt": 63.16813399408257}, "sGLP-VST": {"series_std_ratio": 0.6130688281835444, "volume_for_slippage_10_percentss": [14193.370797932148], "trade_every": 1800, "collaterals": [3686, 4292, 4899, 5505, 6111, 6718, 7324, 7930, 8536, 9143, 9749, 10355, 10961, 11568, 12174, 12780, 13387, 13993, 14599, 15205, 15812, 16418, 17024, 17631, 18237, 18843, 19449, 20056, 20662, 21268, 4375.0], "liquidation_incentives": [0.10000000000000009], "stability_pool_initial_balances": [0.4159867911436111, 0.20799339557180554, 0.8319735822872222], "share_institutionals": [0.0, 0.0, 0.0, 1], "recovery_halflife_retails": [3.3333333333333335], "price_recovery_times": [0], "l_factors": [0.25, 0.5, 1, 1.5, 2], "json_time": 1671979136.648348, "current_debt": 3686.6211196987592}}