{"json_time": 1665435083, "auUSDC": {"oracle": 0.99995579, "cex_price": 1, "dex_price": 1}, "auETH": {"oracle": 1294.32035279, "cex_price": 1292.335, "dex_price": 1302.9818477583055}, "auWBTC": {"oracle": 19153.8720812, "cex_price": 19121.635000000002, "dex_price": 19288.23704934722}, "auUSDT": {"oracle": 0.99998004, "cex_price": 1, "dex_price": 0.9999341763330404}, "auWNEAR": {"oracle": 3.22595031, "cex_price": 3.2245, "dex_price": 3.227295141010994}, "auSTNEAR": {"oracle": 3.63932472, "cex_price": "NaN", "dex_price": 3.6725745474278475}}