{"json_time": 1686488465, "USDC": {"oracle": 1.000037998100095, "cex_price": 1, "dex_price": 1}, "WXDAI": {"oracle": 1.0, "cex_price": 1, "dex_price": 0.9999701603885484}, "LINK": {"oracle": 5.131321363931804, "cex_price": 5.1285, "dex_price": 5.620735469522373}, "GNO": {"oracle": 109.6012359982001, "cex_price": 109.4, "dex_price": 110.77992481055702}, "WBTC": {"oracle": 25771.08807559622, "cex_price": 25771.105, "dex_price": 25957.804032077616}, "WETH": {"oracle": 1751.5124243787811, "cex_price": 1748.3649999999998, "dex_price": 1761.2698516505052}, "FOX": {"oracle": 0.020635018249087544, "cex_price": 0.0208, "dex_price": 0.02176251742862802}, "USDT": {"oracle": 1.0004972851357432, "cex_price": 1, "dex_price": 1.0000593765253625}, "EURe": {"oracle": 1.0749462526873657, "cex_price": 1.06175, "dex_price": 1.0813485691962874}, "wstETH": {"oracle": 1975.5717150942453, "cex_price": "NaN", "dex_price": 711159.6763753401}}