{"json_time": 1666022968, "ETH": {"VST": {"volume": 18096475.221157074, "llc": 1.1}}, "gOHM": {"VST": {"volume": 459240.0507926941, "llc": 1.15}}, "renBTC": {"VST": {"volume": 5360167.461872101, "llc": 1.1}}, "GMX": {"VST": {"volume": 2352281.6758155823, "llc": 1.15}}, "DPX": {"VST": {"volume": 690982.677936554, "llc": 1.15}}, "sGLP": {"VST": {"volume": 5360167.461872101, "llc": 1.1}}}