{"json_time": 1677163339, "VST": {"oracle": 1.0010066864412035, "cex_price": 1, "dex_price": 1}, "ETH": {"oracle": 1663.72401084, "cex_price": 1656.005, "dex_price": 1657.6864199902805}, "gOHM": {"oracle": 2765.73393513547, "cex_price": "NaN", "dex_price": 2781.61864733657}, "GMX": {"oracle": 77.79420040990891, "cex_price": "NaN", "dex_price": 76.91917100072656}, "DPX": {"oracle": 384.36, "cex_price": "NaN", "dex_price": 384.2839897785682}, "sGLP": {"oracle": 0.9467516534690593, "cex_price": "NaN", "dex_price": "NaN"}}