{"json_time": 1671514005, "USDC": {"oracle": 0.9999772959745763, "cex_price": 1, "dex_price": 1}, "WXDAI": {"oracle": 1.0, "cex_price": 1, "dex_price": 1.000525292188815}, "LINK": {"oracle": 6.0557223995814455, "cex_price": 6.031499999999999, "dex_price": 6.46171259455207}, "GNO": {"oracle": 87.00006430140064, "cex_price": 87.65, "dex_price": 87.36870528203299}, "WBTC": {"oracle": 16806.7578781718, "cex_price": 16768.905, "dex_price": 16906.1564614062}, "WETH": {"oracle": 1210.0065242167436, "cex_price": 1204.625, "dex_price": 1211.7157630997988}, "FOX": {"oracle": 0.028084799434939814, "cex_price": 0.028650000000000002, "dex_price": 0.028623324103065603}, "USDT": {"oracle": 1.0001773314408644, "cex_price": 1, "dex_price": 1.0004000009367746}}