{"json_time": 1680451300, "ETH": {"VST": {"volume": 30233876.108646393, "llc": 1.1}}, "gOHM": {"VST": {"volume": 454471.6839790344, "llc": 1.15}}, "GMX": {"VST": {"volume": 14252217.89598465, "llc": 1.15}}, "DPX": {"VST": {"volume": 832126.3356208801, "llc": 1.15}}, "sGLP": {"VST": {"volume": 7914104.727268219, "llc": 1.1}}}