{"json_time": 1665163335.2335966, "stabilityPoolVstBalance": {"ETH": 444334.05671931227, "gOHM": 269421.73459551594, "renBTC": 44829.87327917378, "GMX": 50604.77042288836, "DPX": 79218.9565527856, "sGLP": 49723.439}, "stabilityPoolGemBalance": {"ETH": 24646.176738055332, "gOHM": 23004.222461345256, "renBTC": 503.01519178820456, "GMX": 279.7794605421291, "DPX": 198.8116035407036, "sGLP": 0.0}, "bprotocolBalance": {"ETH": 189449.6408493719, "gOHM": 152362.0650621556, "DPX": 3.6379731815896235, "GMX": 5118.743650197352, "renBTC": 43768.637903505034, "sGLP": 0.0}, "bprotocolGemBalance": {"ETH": 0.027740083388213457, "gOHM": 0.0, "DPX": 7.5720702787398e-05, "GMX": 0.006027675867295072, "renBTC": 0.0, "sGLP": 0.0}}