{"json_time": 1683833165, "USDC": {"oracle": 1.0001266278051357, "cex_price": 1, "dex_price": 1}, "WXDAI": {"oracle": 1.0, "cex_price": 1, "dex_price": 0.9998334042041808}, "LINK": {"oracle": 6.3128876551331885, "cex_price": 6.2835, "dex_price": 6.749209604280468}, "GNO": {"oracle": 109.46133935892726, "cex_price": 108.95, "dex_price": 110.12593365472738}, "WBTC": {"oracle": 26923.290253492545, "cex_price": 26799.945, "dex_price": 27054.073788904097}, "WETH": {"oracle": 1782.6480581434555, "cex_price": 1780.685, "dex_price": 1790.994752621743}, "FOX": {"oracle": 0.025216865743492193, "cex_price": 0.025599999999999998, "dex_price": 0.02570278941466414}, "USDT": {"oracle": 1.0010151327378143, "cex_price": 1, "dex_price": 1.000899135718792}, "EURe": {"oracle": 1.091924535508938, "cex_price": 1.08765, "dex_price": 1.0941055484338686}}