{"json_time": 1672052310, "data": [{"account": "0x5ce561e048d2cd64523D6316228F97bd2537F92f", "user_collateral_wo_looping": 1.0872800520037644, "user_debt_wo_looping": 1.54397911624364}, {"account": "0x9A4B0dA9E8e5c7135cd7188Bd2e84DAc513C594b", "user_collateral_wo_looping": 0.0010778645527392606, "user_debt_wo_looping": 0.001381282477158275}]}