{"json_time": 1671512045, "stabilityPoolVstBalance": {"ETH": 751521.4402473993, "gOHM": 118795.74539328422, "GMX": 49875.125982602076, "DPX": 57490.29327502298, "sGLP": 3944974.1024309243}, "stabilityPoolGemBalance": {"ETH": 16040.824786187522, "gOHM": 10671.13435411585, "GMX": 1441.9158757506611, "DPX": 249.30211760383472, "sGLP": 0.0}, "bprotocolBalance": {"ETH": 133267.70796036796, "gOHM": 6876.975781258383, "DPX": 2102.3640985451607, "GMX": 466.53010458632593, "sGLP": 0.0}, "bprotocolGemBalance": {"ETH": 0.09640674228371132, "gOHM": 0.0, "DPX": 0.0552519905950038, "GMX": 2.829152037797485, "sGLP": 0.0}}