{"json_time": 1672910408, "auUSDC": {"oracle": 0.99994164, "cex_price": 1, "dex_price": 1}, "auETH": {"oracle": 1250.34687706, "cex_price": 1246.795, "dex_price": 1256.4892723298963}, "auWBTC": {"oracle": 16804.69, "cex_price": 16793.440000000002, "dex_price": 16996.809868755732}, "auUSDT": {"oracle": 0.9997, "cex_price": 1, "dex_price": 0.9995224951198389}, "auWNEAR": {"oracle": 1.58237833, "cex_price": 1.5459999999999998, "dex_price": 1.5529681313761572}, "auSTNEAR": {"oracle": 1.82612704, "cex_price": "NaN", "dex_price": 1.821594568985964}}