{"json_time": 1679810555, "USDC": {"oracle": 1.0002000400080016, "cex_price": 1, "dex_price": 1}, "WXDAI": {"oracle": 1.0, "cex_price": 1, "dex_price": 0.9995874386765472}, "LINK": {"oracle": 7.163992798559712, "cex_price": 7.157500000000001, "dex_price": 7.571255011972809}, "GNO": {"oracle": 108.28833062612523, "cex_price": 107.9, "dex_price": 108.4757907929731}, "WBTC": {"oracle": 27558.111622324464, "cex_price": 27502.254999999997, "dex_price": 27653.08540683081}, "WETH": {"oracle": 1753.3106621324264, "cex_price": 1751.815, "dex_price": 1757.4772250873923}, "FOX": {"oracle": 0.033806761352270454, "cex_price": 0.03405, "dex_price": 0.03403340426030116}, "USDT": {"oracle": 1.0012002400480096, "cex_price": 1, "dex_price": 1.0011606164690146}, "EURe": {"oracle": 1.0763954790958192, "cex_price": 1.06855, "dex_price": 1.0927979068810962}}