{"json_time": 1691906905, "USDC": {"oracle": 1.0001360055960244, "cex_price": 1, "dex_price": 1}, "WXDAI": {"oracle": 1.0, "cex_price": 1, "dex_price": 0.9999866355440399}, "LINK": {"oracle": 7.471110107987084, "cex_price": 7.4925, "dex_price": 7.987342073267861}, "GNO": {"oracle": 110.58343752364402, "cex_price": 110.35, "dex_price": 111.74191495646407}, "WBTC": {"oracle": 29426.34581155351, "cex_price": 29391.295, "dex_price": 29587.628347433318}, "WETH": {"oracle": 1849.6321170596686, "cex_price": 1848.935, "dex_price": 1860.365791426822}, "FOX": {"oracle": 0.019280282859647824, "cex_price": 0.019200000000000002, "dex_price": 0.019311561484031143}, "USDT": {"oracle": 0.9991872955817096, "cex_price": 1, "dex_price": 0.9991253277213502}, "EURe": {"oracle": 1.094403159776703, "cex_price": 1.0854499999999998, "dex_price": 1.0978655443698853}, "wstETH": {"oracle": 2100.4970817182084, "cex_price": "NaN", "dex_price": 2100.4970817182084}}