{"json_time": 1690195683, "stabilityPoolVstBalance": {"ETH": 50279.41519135702, "gOHM": 69797.15700072235, "GMX": 69195.95150640336, "DPX": 723.4708640108912, "sGLP": 646.4712513045574}, "stabilityPoolGemBalance": {"ETH": 20108.097941402793, "gOHM": 11158.776471807907, "GMX": 29738.408231837493, "DPX": 11475.832383532008, "sGLP": 0.0}, "bprotocolBalance": {"ETH": 4837.225829530922, "gOHM": 41342.40428373881, "DPX": 6.4835534449536665, "GMX": 42730.757942280004, "sGLP": 0.0}, "bprotocolGemBalance": {"ETH": 0.015567632995832883, "gOHM": 0.0, "DPX": 0.01969001542327342, "GMX": 15.6173822008897, "sGLP": 0.0}}