{"json_time": 1682499052, "glp_data": {"liquidTreasury": 364887255.50651073, "treasuryUtilization": 0.3621894289848145, "liquidStableTreasury": 217984078.15442866, "stableTreasuryUtilization": 0.25477744007965875, "liquidSolidAssetTreasury": 138562363.24758828, "solidTreasuryUtilization": 0.48384927610306133}}