{"json_time": 1666960406, "ETH-VST": {"series_std_ratio": 1.0, "volume_for_slippage_10_percentss": [20454.832470119], "trade_every": 1800, "collaterals": [0], "liquidation_incentives": [0.10000000000000009], "stability_pool_initial_balances": [1.1042958436414265], "share_institutionals": [0.48771179539597387], "recovery_halflife_retails": [3.3333333333333335], "price_recovery_times": [0], "l_factors": [0], "json_time": 1666962481.3136203, "current_debt": 298.39643169533036, "collateral_factor": 0.9090909090909091}, "renBTC-VST": {"series_std_ratio": 0.760706293780634, "volume_for_slippage_10_percentss": [3545.011657178402], "trade_every": 1800, "collaterals": [0], "liquidation_incentives": [0.10000000000000009], "stability_pool_initial_balances": [1.3127942804394412], "share_institutionals": [0.8657472841274457], "recovery_halflife_retails": [3.3333333333333335], "price_recovery_times": [0], "l_factors": [0], "json_time": 1666962481.3136203, "current_debt": 18.84444723392762, "collateral_factor": 0.9090909090909091}, "gOHM-VST": {"series_std_ratio": 1.416911372280521, "volume_for_slippage_10_percentss": [334.11265403032303], "trade_every": 1800, "collaterals": [0], "liquidation_incentives": [0.1499999999999999], "stability_pool_initial_balances": [0.05378875421141429], "share_institutionals": [0.5679303239015786], "recovery_halflife_retails": [3.3333333333333335], "price_recovery_times": [0], "l_factors": [0], "json_time": 1666962481.3136203, "current_debt": 3111.144531153568, "collateral_factor": 0.6666666666666666}, "DPX-VST": {"series_std_ratio": 1.974078240475897, "volume_for_slippage_10_percentss": [486.10434621572495], "trade_every": 1800, "collaterals": [0], "liquidation_incentives": [0.1499999999999999], "stability_pool_initial_balances": [0.24235760829293282], "share_institutionals": [6.434019410989025e-05], "recovery_halflife_retails": [3.3333333333333335], "price_recovery_times": [2], "l_factors": [0], "json_time": 1666962481.3136203, "current_debt": 149.8255812367463, "collateral_factor": 0.6666666666666666}, "GMX-VST": {"series_std_ratio": 2.081064798518858, "volume_for_slippage_10_percentss": [1333.681547343731], "trade_every": 1800, "collaterals": [0], "liquidation_incentives": [0.1499999999999999], "stability_pool_initial_balances": [0.9514475771233287], "share_institutionals": [0.35644036669929907], "recovery_halflife_retails": [3.3333333333333335], "price_recovery_times": [0], "l_factors": [0], "json_time": 1666962481.3136203, "current_debt": 45.44908465468361, "collateral_factor": 0.6666666666666666}, "sGLP-VST": {"series_std_ratio": 0.4707294016934606, "volume_for_slippage_10_percentss": [3545.011657178402], "trade_every": 1800, "collaterals": [0], "liquidation_incentives": [0.10000000000000009], "stability_pool_initial_balances": [0.0074856715257678045], "share_institutionals": [0.0], "recovery_halflife_retails": [3.3333333333333335], "price_recovery_times": [0], "l_factors": [0], "json_time": 1666962481.3136203, "current_debt": 3124.961707774192, "collateral_factor": 0.8333333333333334}}