{"USDC": {"WXDAI": {"volume": 4197639.632701874, "llc": 1.05}, "LINK": {"volume": 1476.8366813659668, "llc": 1.05}, "GNO": {"volume": 24364.997386932373, "llc": 1.05}, "WBTC": {"volume": 7198.876857757568, "llc": 1.05}, "WETH": {"volume": 8203.13861581758, "llc": 1.05}, "FOX": {"volume": 3384.183406829834, "llc": 1.05}, "USDT": {"volume": 4062218.015193939, "llc": 1.05}, "EURe": {"volume": 2636476.3379096985, "llc": 1.05}, "wstETH": {"volume": 8203.13861581758, "llc": 1.05}}, "WXDAI": {"USDC": {"volume": 3307862.3852729797, "llc": 1.05}, "LINK": {"volume": 1476.8366813659668, "llc": 1.05}, "GNO": {"volume": 24364.997386932373, "llc": 1.05}, "WBTC": {"volume": 9106.223583221436, "llc": 1.05}, "WETH": {"volume": 11328.125, "llc": 1.05}, "FOX": {"volume": 3384.183406829834, "llc": 1.05}, "USDT": {"volume": 4058403.3217430115, "llc": 1.05}, "EURe": {"volume": 2635522.6645469666, "llc": 1.05}, "wstETH": {"volume": 11328.125, "llc": 1.05}}, "LINK": {"USDC": {"volume": 4337.856769561768, "llc": 1.2}, "WXDAI": {"volume": 4337.856769561768, "llc": 1.2}, "GNO": {"volume": 4337.856769561768, "llc": 1.2}, "WBTC": {"volume": 4337.856769561768, "llc": 1.2}, "WETH": {"volume": 4337.856769561768, "llc": 1.2}, "FOX": {"volume": 3384.183406829834, "llc": 1.2}, "USDT": {"volume": 4337.856769561768, "llc": 1.2}, "EURe": {"volume": 4337.856769561768, "llc": 1.2}, "wstETH": {"volume": 4337.856769561768, "llc": 1.2}}, "GNO": {"USDC": {"volume": 48206.83145523071, "llc": 1.1}, "WXDAI": {"volume": 48206.83145523071, "llc": 1.1}, "LINK": {"volume": 2430.5100440979004, "llc": 1.1}, "WBTC": {"volume": 48206.83145523071, "llc": 1.1}, "WETH": {"volume": 191257.83586502075, "llc": 1.1}, "FOX": {"volume": 5291.530132293701, "llc": 1.1}, "USDT": {"volume": 48206.83145523071, "llc": 1.1}, "EURe": {"volume": 43438.464641571045, "llc": 1.1}, "wstETH": {"volume": 191257.83586502075, "llc": 1.1}}, "WBTC": {"USDC": {"volume": 13874.590396881104, "llc": 1.1}, "WXDAI": {"volume": 13874.590396881104, "llc": 1.1}, "LINK": {"volume": 2430.5100440979004, "llc": 1.1}, "GNO": {"volume": 51067.851543426514, "llc": 1.1}, "WETH": {"volume": 70141.31879806519, "llc": 1.1}, "FOX": {"volume": 4337.856769561768, "llc": 1.1}, "USDT": {"volume": 13874.590396881104, "llc": 1.1}, "EURe": {"volume": 12920.91703414917, "llc": 1.1}, "wstETH": {"volume": 70141.31879806519, "llc": 1.1}}, "WETH": {"USDC": {"volume": 11013.570308685303, "llc": 1.05}, "WXDAI": {"volume": 12071.610531171875, "llc": 1.05}, "LINK": {"volume": 1476.8366813659668, "llc": 1.05}, "GNO": {"volume": 94936.82622909546, "llc": 1.05}, "WBTC": {"volume": 35809.077739715576, "llc": 1.05}, "FOX": {"volume": 2430.5100440979004, "llc": 1.05}, "USDT": {"volume": 11013.570308685303, "llc": 1.05}, "EURe": {"volume": 11013.570308685303, "llc": 1.05}, "wstETH": {"volume": 5231421.55790329, "llc": 1.05}}, "FOX": {"USDC": {"volume": 6245.203495025635, "llc": 1.1}, "WXDAI": {"volume": 6245.203495025635, "llc": 1.1}, "LINK": {"volume": 2430.5100440979004, "llc": 1.1}, "GNO": {"volume": 5291.530132293701, "llc": 1.1}, "WBTC": {"volume": 4337.856769561768, "llc": 1.1}, "WETH": {"volume": 5291.530132293701, "llc": 1.1}, "USDT": {"volume": 6245.203495025635, "llc": 1.1}, "EURe": {"volume": 5291.530132293701, "llc": 1.1}, "wstETH": {"volume": 5291.530132293701, "llc": 1.1}}, "USDT": {"USDC": {"volume": 3234429.536342621, "llc": 1.05}, "WXDAI": {"volume": 4105133.316516876, "llc": 1.05}, "LINK": {"volume": 1476.8366813659668, "llc": 1.05}, "GNO": {"volume": 24364.997386932373, "llc": 1.05}, "WBTC": {"volume": 7198.876857757568, "llc": 1.05}, "WETH": {"volume": 8203.126124039902, "llc": 1.05}, "FOX": {"volume": 3384.183406829834, "llc": 1.05}, "EURe": {"volume": 2634568.9911842346, "llc": 1.05}, "wstETH": {"volume": 8203.126124039902, "llc": 1.05}}, "EURe": {"USDC": {"volume": 2323671.4749336243, "llc": 1.15}, "WXDAI": {"volume": 2327486.168384552, "llc": 1.15}, "LINK": {"volume": 2430.5100440979004, "llc": 1.15}, "GNO": {"volume": 56789.891719818115, "llc": 1.15}, "WBTC": {"volume": 17689.283847808838, "llc": 1.15}, "WETH": {"volume": 21503.977298736572, "llc": 1.15}, "FOX": {"volume": 7198.876857757568, "llc": 1.15}, "USDT": {"volume": 2326532.49502182, "llc": 1.15}, "wstETH": {"volume": 21503.977298736572, "llc": 1.15}}, "wstETH": {"USDC": {"volume": 11013.570308685303, "llc": 1.05}, "WXDAI": {"volume": 12071.610531171875, "llc": 1.05}, "LINK": {"volume": 1476.8366813659668, "llc": 1.05}, "GNO": {"volume": 94936.82622909546, "llc": 1.05}, "WBTC": {"volume": 35809.077739715576, "llc": 1.05}, "WETH": {"volume": 5762832.371766705, "llc": 1.1}, "FOX": {"volume": 2430.5100440979004, "llc": 1.05}, "USDT": {"volume": 11013.570308685303, "llc": 1.05}, "EURe": {"volume": 11013.570308685303, "llc": 1.05}}, "json_time": 1694959825}