{"json_time": 1671421187, "auUSDC": {"oracle": 0.9999429, "cex_price": 1, "dex_price": 1}, "auETH": {"oracle": 1184.23, "cex_price": 1186.625, "dex_price": 1197.8358335095427}, "auWBTC": {"oracle": 16747.9, "cex_price": 16766.61, "dex_price": 17010.971566331136}, "auUSDT": {"oracle": 1.00012, "cex_price": 1, "dex_price": 0.999834276468841}, "auWNEAR": {"oracle": 1.34883063, "cex_price": 1.3575, "dex_price": 1.35965086230609}, "auSTNEAR": {"oracle": 1.5498013, "cex_price": "NaN", "dex_price": 1.5795129030390325}}