{"json_time": 1691656495, "data": [{"account": "0x5ce561e048d2cd64523D6316228F97bd2537F92f", "user_collateral_wo_looping": 0.7418783083960255, "user_debt_wo_looping": 1.5526037974611568}, {"account": "0x7e1a061ca70838e1E79BCcBee306a56746f9e2F8", "user_collateral_wo_looping": 0.004158824271956268, "user_debt_wo_looping": 0.005399985798054808}, {"account": "0x9A4B0dA9E8e5c7135cd7188Bd2e84DAc513C594b", "user_collateral_wo_looping": 0.0013718694886305676, "user_debt_wo_looping": 0.0013883060049510894}, {"account": "0x5420cFd7449ed4245936a71A761adF77Bd7D0071", "user_collateral_wo_looping": 0.007115618103363724, "user_debt_wo_looping": 0.007670672461394404}]}