{"json_time": 1671025831, "auUSDC": {"oracle": 1.00003239, "cex_price": 1, "dex_price": 1}, "auETH": {"oracle": 1335.1, "cex_price": 1339.4050000000002, "dex_price": 1350.468924388504}, "auWBTC": {"oracle": 18000.29, "cex_price": 18057.33, "dex_price": 18290.433426571864}, "auUSDT": {"oracle": 1.0, "cex_price": 1, "dex_price": 0.9998361768424243}, "auWNEAR": {"oracle": 1.7248275, "cex_price": 1.7275, "dex_price": 1.7299250921848814}, "auSTNEAR": {"oracle": 1.97936374, "cex_price": "NaN", "dex_price": 2.0164508119478435}}