{"json_time": 1671200426, "ETH-VST": {"series_std_ratio": 1.0, "volume_for_slippage_10_percentss": [2124.038346707821], "trade_every": 1800, "collaterals": [0], "liquidation_incentives": [0.10000000000000009], "stability_pool_initial_balances": [0.9718165769547752], "share_institutionals": [0.1689151190664986], "recovery_halflife_retails": [3.3333333333333335], "price_recovery_times": [0], "l_factors": [0], "json_time": 1671200879.9228702, "current_debt": 507.2526511513112, "collateral_factor": 0.9090909090909091}, "gOHM-VST": {"series_std_ratio": 0.5716868167571741, "volume_for_slippage_10_percentss": [219.671850502491], "trade_every": 1800, "collaterals": [0], "liquidation_incentives": [0.1499999999999999], "stability_pool_initial_balances": [0.046719695029919045], "share_institutionals": [0.5534280630294478], "recovery_halflife_retails": [3.3333333333333335], "price_recovery_times": [0], "l_factors": [0], "json_time": 1671200879.9228702, "current_debt": 3366.9068267442913, "collateral_factor": 0.6666666666666666}, "DPX-VST": {"series_std_ratio": 2.2750001177686507, "volume_for_slippage_10_percentss": [397.29351431131363], "trade_every": 1800, "collaterals": [0], "liquidation_incentives": [0.1499999999999999], "stability_pool_initial_balances": [0.08112015697549704], "share_institutionals": [0.07480789160417044], "recovery_halflife_retails": [3.3333333333333335], "price_recovery_times": [2], "l_factors": [0], "json_time": 1671200879.9228702, "current_debt": 216.48155264426055, "collateral_factor": 0.6666666666666666}, "GMX-VST": {"series_std_ratio": 2.0303291046355447, "volume_for_slippage_10_percentss": [1972.6427003741264], "trade_every": 1800, "collaterals": [0], "liquidation_incentives": [0.1499999999999999], "stability_pool_initial_balances": [0.3078213120799805], "share_institutionals": [0.009404492070819009], "recovery_halflife_retails": [3.3333333333333335], "price_recovery_times": [0], "l_factors": [0], "json_time": 1671200879.9228702, "current_debt": 101.26323551965113, "collateral_factor": 0.6666666666666666}, "sGLP-VST": {"series_std_ratio": 0.6130688281835444, "volume_for_slippage_10_percentss": [2124.038346707821], "trade_every": 1800, "collaterals": [0], "liquidation_incentives": [0.10000000000000009], "stability_pool_initial_balances": [0.7364852313272152], "share_institutionals": [0.0], "recovery_halflife_retails": [3.3333333333333335], "price_recovery_times": [0], "l_factors": [0], "json_time": 1671200879.9228702, "current_debt": 3765.508357035248, "collateral_factor": 0.8333333333333334}}