{"json_time": 1671200426, "glp_data": {"liquidTreasury": 314458734.2654755, "treasuryUtilization": 0.2780714318637241, "liquidStableTreasury": 141970108.80255437, "stableTreasuryUtilization": 0.3652292546725211, "liquidSolidAssetTreasury": 159504477.27365178, "solidTreasuryUtilization": 0.18504172167598648}}