{"json_time": 1671200426, "VST": {"oracle": 0.9855718053952103, "cex_price": 1, "dex_price": 1}, "ETH": {"oracle": 1206.39, "cex_price": 1211.1149999999998, "dex_price": 1211.655464634762}, "gOHM": {"oracle": 2489.64373122911, "cex_price": "NaN", "dex_price": 2467.6643354214366}, "GMX": {"oracle": 48.88389528240663, "cex_price": "NaN", "dex_price": 48.729158035505655}, "DPX": {"oracle": 256.98864736, "cex_price": "NaN", "dex_price": 259.76001436909246}, "sGLP": {"oracle": 0.8296733183118823, "cex_price": "NaN", "dex_price": "NaN"}}