{"json_time": 1671200426, "ETH": {"VST": {"volume": 3398461.3547325134, "llc": 1.1}}, "gOHM": {"VST": {"volume": 351474.9608039856, "llc": 1.15}}, "GMX": {"VST": {"volume": 3156228.3205986023, "llc": 1.15}}, "DPX": {"VST": {"volume": 635669.6228981018, "llc": 1.15}}, "sGLP": {"VST": {"volume": 3398461.3547325134, "llc": 1.1}}}