{"json_time": 1693579540, "USDC": {"oracle": 1.000020000400008, "cex_price": 1, "dex_price": 1}, "WXDAI": {"oracle": 1.0, "cex_price": 1, "dex_price": 0.9998626991114077}, "LINK": {"oracle": 5.949118982379647, "cex_price": 5.9755, "dex_price": 6.423867771330924}, "GNO": {"oracle": 100.4880215804316, "cex_price": 100.15, "dex_price": 101.54509549946617}, "WBTC": {"oracle": 25773.309230704614, "cex_price": 25775.675, "dex_price": 26538.341401431426}, "WETH": {"oracle": 1627.9205584111683, "cex_price": 1632.5549999999998, "dex_price": 1671.5918263037368}, "FOX": {"oracle": 0.028212164243284866, "cex_price": 0.0285, "dex_price": 0.02815301795510705}, "USDT": {"oracle": 0.9997727354547091, "cex_price": 1, "dex_price": 0.9996856208653215}, "EURe": {"oracle": 1.081142622852457, "cex_price": 1.0759500000000002, "dex_price": 1.0838251942704427}, "wstETH": {"oracle": 1852.696638242765, "cex_price": "NaN", "dex_price": 1852.696638242765}}