{"json_time": 1692777831, "VST": {"oracle": 1.0024002665619696, "cex_price": 1, "dex_price": 1}, "ETH": {"oracle": 1644.51, "cex_price": 1644.3449999999998, "dex_price": 1644.8531127054068}, "gOHM": {"oracle": 2875.1127779078824, "cex_price": "NaN", "dex_price": 2883.3103132342294}, "GMX": {"oracle": 36.499119565105346, "cex_price": "NaN", "dex_price": 36.73555761284228}, "DPX": {"oracle": 70.08582066, "cex_price": "NaN", "dex_price": 70.01193601327094}, "sGLP": {"oracle": 0.9425697887618534, "cex_price": "NaN", "dex_price": "NaN"}}