{"json_time": 1692777831, "ETH-VST": {"series_std_ratio": 1.0, "volume_for_slippage_10_percentss": [34176.4040222764], "trade_every": 1800, "collaterals": [816, 1102, 1387, 1672, 1957, 2243, 2528, 2813, 3098, 3384, 3669, 3954, 4240, 4525, 4810, 5095, 5381, 5666, 5951, 6236, 6522, 6807, 7092, 7378, 7663, 7948, 8233, 8519, 8804, 9089, 1875.0], "liquidation_incentives": [0.10000000000000009], "stability_pool_initial_balances": [0.0378598321104373, 0.01892991605521865, 0.0757196642208746], "share_institutionals": [0.09873672232775539, 0.049368361163877696, 0.19747344465551078, 1], "recovery_halflife_retails": [3.3333333333333335], "price_recovery_times": [0], "l_factors": [0.25, 0.5, 1, 1.5, 2], "json_time": 1692779612.3521183, "current_debt": 816.7704873001495}, "gOHM-VST": {"series_std_ratio": 0.5718399563684763, "volume_for_slippage_10_percentss": [128.47683519124985], "trade_every": 1800, "collaterals": [1961, 2365, 2768, 3171, 3575, 3978, 4381, 4785, 5188, 5592, 5995, 6398, 6802, 7205, 7608, 8012, 8415, 8818, 9222, 9625, 10028, 10432, 10835, 11239, 11642, 12045, 12449, 12852, 13255, 13659, 2812.5], "liquidation_incentives": [0.1499999999999999], "stability_pool_initial_balances": [0.022454404259815892, 0.011227202129907946, 0.044908808519631783], "share_institutionals": [0.5925358139924807, 0.29626790699624034, 1, 1], "recovery_halflife_retails": [3.3333333333333335], "price_recovery_times": [0], "l_factors": [0.25, 0.5, 1, 1.5, 2], "json_time": 1692779612.3521183, "current_debt": 1961.8067464593003}, "DPX-VST": {"series_std_ratio": 2.2756095294666916, "volume_for_slippage_10_percentss": [173.18027406930923], "trade_every": 1800, "collaterals": [104, 208, 312, 417, 521, 625, 729, 833, 937, 1041, 1146, 1250, 1354, 1458, 1562, 1666, 1771, 1875, 1979, 2083, 2187, 2291, 2395, 2500, 2604, 2708, 2812, 2916, 3020, 625.0], "liquidation_incentives": [0.1499999999999999], "stability_pool_initial_balances": [0.0, 0.0, 0.0], "share_institutionals": [0, 0.0, 0, 1], "recovery_halflife_retails": [3.3333333333333335], "price_recovery_times": [2], "l_factors": [0.25, 0.5, 1, 1.5, 2], "json_time": 1692779612.3521183, "current_debt": 0.4391319289501072}, "GMX-VST": {"series_std_ratio": 2.0308729755116706, "volume_for_slippage_10_percentss": [3036.58454567194], "trade_every": 1800, "collaterals": [156, 255, 354, 452, 551, 650, 749, 848, 947, 1046, 1145, 1244, 1343, 1442, 1541, 1640, 1739, 1838, 1937, 2036, 2135, 2234, 2333, 2432, 2531, 2630, 2729, 2828, 2927, 3026, 625.0], "liquidation_incentives": [0.1499999999999999], "stability_pool_initial_balances": [0.328067811125553, 0.1640339055627765, 0.656135622251106], "share_institutionals": [0.9103274516306136, 0.4551637258153068, 1, 1], "recovery_halflife_retails": [3.3333333333333335], "price_recovery_times": [0], "l_factors": [0.25, 0.5, 1, 1.5, 2], "json_time": 1692779612.3521183, "current_debt": 156.07698595709718}, "sGLP-VST": {"series_std_ratio": 0.6132330529291525, "volume_for_slippage_10_percentss": [33559.49656575918], "trade_every": 1800, "collaterals": [306, 348, 390, 432, 474, 516, 558, 599, 641, 683, 725, 767, 809, 850, 892, 934, 976, 1018, 1060, 1102, 1143, 1185, 1227, 1269, 1311, 1353, 1395, 1436, 1478, 1520, 312.5], "liquidation_incentives": [0.10000000000000009], "stability_pool_initial_balances": [0.0011738455430208756, 0.0005869227715104378, 0.0023476910860417513], "share_institutionals": [0.0, 0.0, 0.0, 1], "recovery_halflife_retails": [3.3333333333333335], "price_recovery_times": [0], "l_factors": [0.25, 0.5, 1, 1.5, 2], "json_time": 1692779612.3521183, "current_debt": 306.8791145791589}}