{"json_time": 1692777831, "stabilityPoolVstBalance": {"ETH": 49476.469635109956, "gOHM": 70481.92282341003, "GMX": 81926.13624002966, "DPX": 0.0, "sGLP": 576.3658894319013}, "stabilityPoolGemBalance": {"ETH": 17183.043681068477, "gOHM": 11261.033025824325, "GMX": 13336.731182313939, "DPX": 7374.924321123054, "sGLP": 0.0}, "bprotocolBalance": {"ETH": 4885.128880678309, "gOHM": 41763.06351192446, "DPX": 0.0, "GMX": 74574.29680712805, "sGLP": 0.0}, "bprotocolGemBalance": {"ETH": 0.015563441164030752, "gOHM": 0.0, "DPX": 0.11910192561432548, "GMX": 5.3140182006197065, "sGLP": 0.0}}