{"json_time": 1692777831, "ETH": {"VST": {"volume": 54682246.43564224, "llc": 1.1}}, "gOHM": {"VST": {"volume": 205562.93630599976, "llc": 1.15}}, "GMX": {"VST": {"volume": 4858535.273075104, "llc": 1.15}}, "DPX": {"VST": {"volume": 277088.4385108948, "llc": 1.15}}, "sGLP": {"VST": {"volume": 53695194.50521469, "llc": 1.1}}}