{"json_time": 1680181060, "data": [{"account": "0xaCCfAA3a39F3681E07F5D6ECC0A9cdd86c2eb775", "user_collateral_wo_looping": 0.0007570464211288584, "user_debt_wo_looping": 0.009427311898758232}, {"account": "0x5ce561e048d2cd64523D6316228F97bd2537F92f", "user_collateral_wo_looping": 1.2960432435626363, "user_debt_wo_looping": 1.5478150671341746}, {"account": "0x7e1a061ca70838e1E79BCcBee306a56746f9e2F8", "user_collateral_wo_looping": 0.004158191209532253, "user_debt_wo_looping": 0.005232595139877247}, {"account": "0x5420cFd7449ed4245936a71A761adF77Bd7D0071", "user_collateral_wo_looping": 0.007114534953379423, "user_debt_wo_looping": 0.007427579071748909}]}