{"json_time": 1691654461, "VST": {"oracle": 0.9959534112781815, "cex_price": 1, "dex_price": 1}, "ETH": {"oracle": 1849.477259, "cex_price": 1851.1350000000002, "dex_price": 1850.3282835449904}, "gOHM": {"oracle": 2830.4333583974426, "cex_price": "NaN", "dex_price": 2848.0072759675863}, "GMX": {"oracle": 48.88350279139422, "cex_price": "NaN", "dex_price": 49.395792516758306}, "DPX": {"oracle": 86.56811538, "cex_price": "NaN", "dex_price": 86.28258042644462}, "sGLP": {"oracle": 0.9958616515077785, "cex_price": "NaN", "dex_price": "NaN"}}