{"json_time": 1691654461, "ETH": {"VST": {"volume": 56635369.48251724, "llc": 1.1}}, "gOHM": {"VST": {"volume": 218914.36338424683, "llc": 1.15}}, "GMX": {"VST": {"volume": 6709615.270137787, "llc": 1.15}}, "DPX": {"VST": {"volume": 367687.40797042847, "llc": 1.15}}, "sGLP": {"VST": {"volume": 65026741.401195526, "llc": 1.1}}}