{"json_time": 1671535625, "data": [{"account": "0x5ce561e048d2cd64523D6316228F97bd2537F92f", "user_collateral_wo_looping": 1.094958117752149, "user_debt_wo_looping": 1.5429649676887711}, {"account": "0x9A4B0dA9E8e5c7135cd7188Bd2e84DAc513C594b", "user_collateral_wo_looping": 0.0010868110923834815, "user_debt_wo_looping": 0.001380791125390455}]}