{"json_time": 1671718586, "ETH-VST": {"series_std_ratio": 1.0, "volume_for_slippage_10_percentss": [12649.015996158123], "trade_every": 1800, "collaterals": [297, 3412, 6527, 9642, 12757, 15872, 18987, 22103, 25218, 28333, 31448, 34563, 37678, 40793, 43908, 47023, 50138, 53253, 56368, 59484, 62599, 65714, 68829, 71944, 75059, 78174, 81289, 84404, 87519, 90634, 18750.0], "liquidation_incentives": [0.10000000000000009], "stability_pool_initial_balances": [1.5763189432041418, 0.7881594716020709, 3.1526378864082836], "share_institutionals": [0.1772723096875424, 0.0886361548437712, 0.3545446193750848, 1], "recovery_halflife_retails": [3.3333333333333335], "price_recovery_times": [0], "l_factors": [0.25, 0.5, 1, 1.5, 2], "json_time": 1671722088.8776405, "current_debt": 297.41056344262535}, "gOHM-VST": {"series_std_ratio": 0.5716868167571741, "volume_for_slippage_10_percentss": [207.15488761663437], "trade_every": 1800, "collaterals": [3050, 3573, 4097, 4620, 5143, 5667, 6190, 6713, 7236, 7760, 8283, 8806, 9330, 9853, 10376, 10900, 11423, 11946, 12470, 12993, 13516, 14040, 14563, 15086, 15610, 16133, 16656, 17180, 17703, 18226, 3750.0], "liquidation_incentives": [0.1499999999999999], "stability_pool_initial_balances": [0.22541076520339298, 0.11270538260169649, 0.45082153040678596], "share_institutionals": [0.006236821345379504, 0.003118410672689752, 0.012473642690759007, 1], "recovery_halflife_retails": [3.3333333333333335], "price_recovery_times": [0], "l_factors": [0.25, 0.5, 1, 1.5, 2], "json_time": 1671722088.8776405, "current_debt": 3050.400700350502}, "DPX-VST": {"series_std_ratio": 2.2750001177686507, "volume_for_slippage_10_percentss": [381.20027631521225], "trade_every": 1800, "collaterals": [219, 628, 1038, 1447, 1856, 2266, 2675, 3084, 3494, 3903, 4312, 4722, 5131, 5540, 5950, 6359, 6769, 7178, 7587, 7997, 8406, 8815, 9225, 9634, 10043, 10453, 10862, 11271, 11681, 12090, 2500.0], "liquidation_incentives": [0.1499999999999999], "stability_pool_initial_balances": [0.15131202431137558, 0.07565601215568779, 0.30262404862275116], "share_institutionals": [0.03950803492960249, 0.019754017464801245, 0.07901606985920498, 1], "recovery_halflife_retails": [3.3333333333333335], "price_recovery_times": [2], "l_factors": [0.25, 0.5, 1, 1.5, 2], "json_time": 1671722088.8776405, "current_debt": 219.30970698491672}, "GMX-VST": {"series_std_ratio": 2.0303291046355447, "volume_for_slippage_10_percentss": [1849.2612090706825], "trade_every": 1800, "collaterals": [63, 477, 892, 1306, 1721, 2136, 2550, 2965, 3379, 3794, 4208, 4623, 5037, 5452, 5867, 6281, 6696, 7110, 7525, 7939, 8354, 8768, 9183, 9598, 10012, 10427, 10841, 11256, 11670, 12085, 2500.0], "liquidation_incentives": [0.1499999999999999], "stability_pool_initial_balances": [0.5031975012417296, 0.2515987506208648, 1.0063950024834591], "share_institutionals": [0.00918604121797703, 0.004593020608988515, 0.01837208243595406, 1], "recovery_halflife_retails": [3.3333333333333335], "price_recovery_times": [0], "l_factors": [0.25, 0.5, 1, 1.5, 2], "json_time": 1671722088.8776405, "current_debt": 63.32013116499989}, "sGLP-VST": {"series_std_ratio": 0.6130688281835444, "volume_for_slippage_10_percentss": [12649.015996158123], "trade_every": 1800, "collaterals": [3669, 4275, 4882, 5489, 6096, 6703, 7310, 7917, 8524, 9130, 9737, 10344, 10951, 11558, 12165, 12772, 13378, 13985, 14592, 15199, 15806, 16413, 17020, 17626, 18233, 18840, 19447, 20054, 20661, 21268, 4375.0], "liquidation_incentives": [0.10000000000000009], "stability_pool_initial_balances": [0.4191156096816913, 0.20955780484084566, 0.8382312193633826], "share_institutionals": [0.0, 0.0, 0.0, 1], "recovery_halflife_retails": [3.3333333333333335], "price_recovery_times": [0], "l_factors": [0.25, 0.5, 1, 1.5, 2], "json_time": 1671722088.8776405, "current_debt": 3669.105036032311}}