{"json_time": 1671718586, "stabilityPoolVstBalance": {"ETH": 750102.248101804, "gOHM": 1100149.049668756, "GMX": 50980.050848842424, "DPX": 53094.71314403579, "sGLP": 2460446.7106605535}, "stabilityPoolGemBalance": {"ETH": 15802.71692145192, "gOHM": 10545.788991455678, "GMX": 1443.588077352935, "DPX": 182.87372505729795, "sGLP": 0.0}, "bprotocolBalance": {"ETH": 132972.26162676085, "gOHM": 6861.433076073074, "DPX": 2097.6125294811955, "GMX": 465.47569635423383, "sGLP": 0.0}, "bprotocolGemBalance": {"ETH": 0.09639606390905359, "gOHM": 0.0, "DPX": 0.0552519905950038, "GMX": 2.829152037797485, "sGLP": 0.0}}