{"json_time": 1667110658, "ETH": {"oracle": 1625.81, "cex_price": 1633.4450000000002, "dex_price": 1632.2138497360834}, "BNB|bsc": {"oracle": 306.0, "cex_price": 307.05, "dex_price": 306.0659591617859}, "WBTC|eth": {"oracle": 20823.57945, "cex_price": 20882.825, "dex_price": 21018.022443627164}, "pCKB": {"oracle": 0.003439845, "cex_price": 0.003445, "dex_price": 0.003435059173102514}, "USDC": {"oracle": 0.999933929, "cex_price": 1, "dex_price": 1}}