{"json_time": 1687939143, "ETH": {"oracle": 1851.346813799, "cex_price": 1854.1950000000002, "dex_price": 1965.228927835637}, "BNB|bsc": {"oracle": 232.69, "cex_price": 231.75, "dex_price": 279.20738203463634}, "WBTC|eth": {"oracle": 30206.0, "cex_price": 30220.915, "dex_price": 28613.722834546144}, "pCKB": {"oracle": 0.002822374, "cex_price": 0.002805, "dex_price": 0.0028166561689501003}, "USDC": {"oracle": 0.999904989, "cex_price": 1, "dex_price": 1}, "USDT": {"oracle": 1.000317359, "cex_price": 1, "dex_price": 1.0014332277596496}}