{"json_time": 1672414856, "ETH-VST": {"series_std_ratio": 1.0, "volume_for_slippage_10_percentss": [16070.319184958935], "trade_every": 1800, "collaterals": [270, 3386, 6502, 9618, 12734, 15850, 18966, 22082, 25198, 28314, 31430, 34546, 37662, 40778, 43894, 47010, 50126, 53242, 56358, 59474, 62590, 65706, 68822, 71938, 75054, 78170, 81286, 84402, 87518, 90634, 18750.0], "liquidation_incentives": [0.10000000000000009], "stability_pool_initial_balances": [1.747168057403948, 0.873584028701974, 3.494336114807896], "share_institutionals": [0.17743430920910921, 0.08871715460455461, 0.35486861841821843, 1], "recovery_halflife_retails": [3.3333333333333335], "price_recovery_times": [0], "l_factors": [0.25, 0.5, 1, 1.5, 2], "json_time": 1672417024.1835659, "current_debt": 270.57427952510335}, "gOHM-VST": {"series_std_ratio": 0.5716868167571741, "volume_for_slippage_10_percentss": [207.15488761663437], "trade_every": 1800, "collaterals": [3111, 3632, 4153, 4674, 5196, 5717, 6238, 6760, 7281, 7802, 8324, 8845, 9366, 9887, 10409, 10930, 11451, 11973, 12494, 13015, 13537, 14058, 14579, 15100, 15622, 16143, 16664, 17186, 17707, 18228, 3750.0], "liquidation_incentives": [0.1499999999999999], "stability_pool_initial_balances": [0.20269123865107805, 0.10134561932553902, 0.4053824773021561], "share_institutionals": [0.006863747495766812, 0.003431873747883406, 0.013727494991533624, 1], "recovery_halflife_retails": [3.3333333333333335], "price_recovery_times": [0], "l_factors": [0.25, 0.5, 1, 1.5, 2], "json_time": 1672417024.1835659, "current_debt": 3111.105027282742}, "DPX-VST": {"series_std_ratio": 2.2750001177686507, "volume_for_slippage_10_percentss": [377.6240012049675], "trade_every": 1800, "collaterals": [221, 630, 1040, 1449, 1858, 2267, 2677, 3086, 3495, 3905, 4314, 4723, 5132, 5542, 5951, 6360, 6770, 7179, 7588, 7997, 8407, 8816, 9225, 9635, 10044, 10453, 10862, 11272, 11681, 12090, 2500.0], "liquidation_incentives": [0.1499999999999999], "stability_pool_initial_balances": [0.15437950474563142, 0.07718975237281571, 0.30875900949126284], "share_institutionals": [0.11129030162031676, 0.05564515081015838, 0.22258060324063353, 1], "recovery_halflife_retails": [3.3333333333333335], "price_recovery_times": [2], "l_factors": [0.25, 0.5, 1, 1.5, 2], "json_time": 1672417024.1835659, "current_debt": 221.45112898023595}, "GMX-VST": {"series_std_ratio": 2.0303291046355447, "volume_for_slippage_10_percentss": [1743.7610933184624], "trade_every": 1800, "collaterals": [50, 465, 880, 1295, 1710, 2125, 2540, 2955, 3370, 3785, 4200, 4615, 5030, 5445, 5860, 6275, 6690, 7105, 7520, 7935, 8350, 8765, 9180, 9595, 10010, 10425, 10840, 11255, 11670, 12085, 2500.0], "liquidation_incentives": [0.1499999999999999], "stability_pool_initial_balances": [0.6371100367081449, 0.31855501835407246, 1.2742200734162898], "share_institutionals": [0.009106920204904561, 0.004553460102452281, 0.018213840409809123, 1], "recovery_halflife_retails": [3.3333333333333335], "price_recovery_times": [0], "l_factors": [0.25, 0.5, 1, 1.5, 2], "json_time": 1672417024.1835659, "current_debt": 50.91135321873695}, "sGLP-VST": {"series_std_ratio": 0.6130688281835444, "volume_for_slippage_10_percentss": [16070.319184958935], "trade_every": 1800, "collaterals": [2287, 2940, 3593, 4246, 4899, 5552, 6205, 6858, 7511, 8163, 8816, 9469, 10122, 10775, 11428, 12081, 12734, 13387, 14040, 14693, 15345, 15998, 16651, 17304, 17957, 18610, 19263, 19916, 20569, 21222, 4375.0], "liquidation_incentives": [0.10000000000000009], "stability_pool_initial_balances": [0.6782801219046327, 0.33914006095231636, 1.3565602438092654], "share_institutionals": [0.0, 0.0, 0.0, 1], "recovery_halflife_retails": [3.3333333333333335], "price_recovery_times": [0], "l_factors": [0.25, 0.5, 1, 1.5, 2], "json_time": 1672417024.1835659, "current_debt": 2287.7651438636076}}