{"json_time": 1672414856, "stabilityPoolVstBalance": {"ETH": 756381.9813461562, "gOHM": 1008949.9704856559, "GMX": 51897.81458888133, "DPX": 54700.02498772764, "sGLP": 2482792.993070364}, "stabilityPoolGemBalance": {"ETH": 15847.829738658778, "gOHM": 9801.067446037308, "GMX": 1287.8802009011852, "DPX": 124.49371317276524, "sGLP": 0.0}, "bprotocolBalance": {"ETH": 134208.01796356938, "gOHM": 6925.17783327492, "DPX": 6087.527027532477, "GMX": 469.8001042320766, "sGLP": 0.0}, "bprotocolGemBalance": {"ETH": 0.0963948031597135, "gOHM": 0.0, "DPX": 0.0552519905950038, "GMX": 2.829152037797485, "sGLP": 0.0}}