{"json_time": 1679416024, "ETH-VST": {"series_std_ratio": 1.0, "volume_for_slippage_10_percentss": [19374.201340973377], "trade_every": 1800, "collaterals": [454, 3564, 6674, 9784, 12893, 16003, 19113, 22223, 25333, 28443, 31553, 34662, 37772, 40882, 43992, 47102, 50212, 53321, 56431, 59541, 62651, 65761, 68871, 71981, 75090, 78200, 81310, 84420, 87530, 90640, 18750.0], "liquidation_incentives": [0.10000000000000009], "stability_pool_initial_balances": [0.3080882335172292, 0.1540441167586146, 0.6161764670344584], "share_institutionals": [0.47847991678077034, 0.23923995839038517, 0.9569598335615407, 1], "recovery_halflife_retails": [3.3333333333333335], "price_recovery_times": [0], "l_factors": [0.25, 0.5, 1, 1.5, 2], "json_time": 1679419644.8356912, "current_debt": 454.54715084390637}, "gOHM-VST": {"series_std_ratio": 0.5718399563684763, "volume_for_slippage_10_percentss": [237.55322605371475], "trade_every": 1800, "collaterals": [2742, 3120, 3497, 3874, 4252, 4629, 5006, 5384, 5761, 6138, 6516, 6893, 7270, 7648, 8025, 8402, 8780, 9157, 9534, 9912, 10289, 10666, 11043, 11421, 11798, 12175, 12553, 12930, 13307, 13685, 2812.5], "liquidation_incentives": [0.1499999999999999], "stability_pool_initial_balances": [0.013825617197192894, 0.006912808598596447, 0.027651234394385788], "share_institutionals": [0.3830007818863628, 0.1915003909431814, 0.7660015637727255, 1], "recovery_halflife_retails": [3.3333333333333335], "price_recovery_times": [0], "l_factors": [0.25, 0.5, 1, 1.5, 2], "json_time": 1679419644.8356912, "current_debt": 2742.97216569983}, "DPX-VST": {"series_std_ratio": 2.2756095294666916, "volume_for_slippage_10_percentss": [759.6893921494484], "trade_every": 1800, "collaterals": [464, 761, 1058, 1355, 1652, 1949, 2246, 2543, 2840, 3137, 3434, 3731, 4028, 4325, 4622, 4919, 5216, 5513, 5810, 6107, 6404, 6701, 6998, 7295, 7592, 7889, 8186, 8483, 8780, 9077, 1875.0], "liquidation_incentives": [0.1499999999999999], "stability_pool_initial_balances": [0.037843484227587904, 0.018921742113793952, 0.07568696845517581], "share_institutionals": [0.03938193479264331, 0.019690967396321656, 0.07876386958528662, 1], "recovery_halflife_retails": [3.3333333333333335], "price_recovery_times": [2], "l_factors": [0.25, 0.5, 1, 1.5, 2], "json_time": 1679419644.8356912, "current_debt": 464.5636259555356}, "GMX-VST": {"series_std_ratio": 2.0308729755116706, "volume_for_slippage_10_percentss": [7839.52201873064], "trade_every": 1800, "collaterals": [55, 470, 884, 1299, 1714, 2129, 2544, 2958, 3373, 3788, 4203, 4618, 5033, 5447, 5862, 6277, 6692, 7107, 7522, 7936, 8351, 8766, 9181, 9596, 10011, 10425, 10840, 11255, 11670, 12085, 2500.0], "liquidation_incentives": [0.1499999999999999], "stability_pool_initial_balances": [0.2851044198063839, 0.14255220990319195, 0.5702088396127678], "share_institutionals": [0.007127521652306384, 0.003563760826153192, 0.014255043304612768, 1], "recovery_halflife_retails": [3.3333333333333335], "price_recovery_times": [0], "l_factors": [0.25, 0.5, 1, 1.5, 2], "json_time": 1679419644.8356912, "current_debt": 55.20456794384658}, "sGLP-VST": {"series_std_ratio": 0.6132330529291525, "volume_for_slippage_10_percentss": [12048.201777637005], "trade_every": 1800, "collaterals": [304, 346, 388, 430, 472, 513, 555, 597, 639, 681, 723, 765, 807, 849, 891, 933, 975, 1017, 1059, 1101, 1143, 1185, 1226, 1268, 1310, 1352, 1394, 1436, 1478, 1520, 312.5], "liquidation_incentives": [0.10000000000000009], "stability_pool_initial_balances": [0.004422556800012824, 0.002211278400006412, 0.008845113600025647], "share_institutionals": [0.0, 0.0, 0.0, 1], "recovery_halflife_retails": [3.3333333333333335], "price_recovery_times": [0], "l_factors": [0.25, 0.5, 1, 1.5, 2], "json_time": 1679419644.8356912, "current_debt": 304.2725452877758}}