{"json_time": 1665504427, "glp_data": {"liquidTreasury": 295984041.6921276, "treasuryUtilization": 0.22487298839144115, "liquidStableTreasury": 160001168.43152025, "stableTreasuryUtilization": 0.16272260106755357, "liquidSolidAssetTreasury": 129353997.13763513, "solidTreasuryUtilization": 0.26743831122789374}}