{"json_time": 1665504427, "VST": {"oracle": 0.9844653772037107, "cex_price": 1, "dex_price": 1}, "ETH": {"oracle": 1290.02589232, "cex_price": 1291.955, "dex_price": 1292.2735758819329}, "gOHM": {"oracle": 2689.8317882145666, "cex_price": "NaN", "dex_price": 2699.2842963739295}, "renBTC": {"oracle": 19098.47912295, "cex_price": 19122.985, "dex_price": 19215.566761220067}, "GMX": {"oracle": 39.28301146146263, "cex_price": "NaN", "dex_price": 39.5595686442579}, "DPX": {"oracle": 234.80417733, "cex_price": "NaN", "dex_price": 235.29037008288887}, "sGLP": {"oracle": 0.8596768427661678, "cex_price": "NaN", "dex_price": "NaN"}}