{"json_time": 1665504427, "ETH": {"VST": {"volume": 20887877.153873444, "llc": 1.1}}, "gOHM": {"VST": {"volume": 435398.21672439575, "llc": 1.15}}, "renBTC": {"VST": {"volume": 5026381.784915924, "llc": 1.1}}, "GMX": {"VST": {"volume": 1979395.3909873962, "llc": 1.15}}, "DPX": {"VST": {"volume": 673816.5574073792, "llc": 1.15}}, "sGLP": {"VST": {"volume": 5026381.784915924, "llc": 1.1}}}