{"json_time": 1673712868, "VST": {"oracle": 0.9768747582300448, "cex_price": 1, "dex_price": 1}, "ETH": {"oracle": 1528.86520125, "cex_price": 1530.705, "dex_price": 1530.6910915721294}, "gOHM": {"oracle": 2544.2391601820673, "cex_price": "NaN", "dex_price": 2577.1101131699993}, "GMX": {"oracle": 50.858700000676016, "cex_price": "NaN", "dex_price": 51.31669987732825}, "DPX": {"oracle": 293.2195677, "cex_price": "NaN", "dex_price": 294.6175716403012}, "sGLP": {"oracle": 0.912903110105468, "cex_price": "NaN", "dex_price": "NaN"}}