{"json_time": 1673712868, "ETH-VST": {"series_std_ratio": 1.0, "volume_for_slippage_10_percentss": [26377.144052684307], "trade_every": 1800, "collaterals": [240, 3357, 6474, 9591, 12708, 15825, 18942, 22059, 25176, 28293, 31410, 34527, 37644, 40761, 43878, 46995, 50112, 53229, 56346, 59463, 62580, 65697, 68814, 71931, 75048, 78165, 81282, 84399, 87516, 90633, 18750.0], "liquidation_incentives": [0.10000000000000009], "stability_pool_initial_balances": [1.9411744503260822, 0.9705872251630411, 3.8823489006521643], "share_institutionals": [0.17476194896963387, 0.08738097448481694, 0.34952389793926775, 1], "recovery_halflife_retails": [3.3333333333333335], "price_recovery_times": [0], "l_factors": [0.25, 0.5, 1, 1.5, 2], "json_time": 1673713753.1121037, "current_debt": 240.57733746320423}, "gOHM-VST": {"series_std_ratio": 0.5718399563684763, "volume_for_slippage_10_percentss": [216.09557539224625], "trade_every": 1800, "collaterals": [3171, 3690, 4209, 4728, 5248, 5767, 6286, 6806, 7325, 7844, 8364, 8883, 9402, 9921, 10441, 10960, 11479, 11999, 12518, 13037, 13557, 14076, 14595, 15114, 15634, 16153, 16672, 17192, 17711, 18230, 3750.0], "liquidation_incentives": [0.1499999999999999], "stability_pool_initial_balances": [0.19513524194288315, 0.09756762097144157, 0.3902704838857663], "share_institutionals": [0.005396364432241701, 0.0026981822161208503, 0.010792728864483401, 1], "recovery_halflife_retails": [3.3333333333333335], "price_recovery_times": [0], "l_factors": [0.25, 0.5, 1, 1.5, 2], "json_time": 1673713753.1121037, "current_debt": 3171.065009288542}, "DPX-VST": {"series_std_ratio": 2.2756095294666916, "volume_for_slippage_10_percentss": [477.7597042918205], "trade_every": 1800, "collaterals": [257, 665, 1073, 1481, 1889, 2297, 2706, 3114, 3522, 3930, 4338, 4746, 5154, 5562, 5970, 6378, 6786, 7194, 7603, 8011, 8419, 8827, 9235, 9643, 10051, 10459, 10867, 11275, 11683, 12091, 2500.0], "liquidation_incentives": [0.1499999999999999], "stability_pool_initial_balances": [0.1498336665165798, 0.0749168332582899, 0.2996673330331596], "share_institutionals": [0.03383380566249672, 0.01691690283124836, 0.06766761132499344, 1], "recovery_halflife_retails": [3.3333333333333335], "price_recovery_times": [2], "l_factors": [0.25, 0.5, 1, 1.5, 2], "json_time": 1673713753.1121037, "current_debt": 257.5163288711467}, "GMX-VST": {"series_std_ratio": 2.0308729755116706, "volume_for_slippage_10_percentss": [1556.006650030613], "trade_every": 1800, "collaterals": [55, 469, 884, 1299, 1714, 2129, 2544, 2958, 3373, 3788, 4203, 4618, 5033, 5447, 5862, 6277, 6692, 7107, 7522, 7936, 8351, 8766, 9181, 9596, 10011, 10425, 10840, 11255, 11670, 12085, 2500.0], "liquidation_incentives": [0.1499999999999999], "stability_pool_initial_balances": [0.6778200143411175, 0.33891000717055875, 1.355640028682235], "share_institutionals": [0.007900559255644334, 0.003950279627822167, 0.015801118511288667, 1], "recovery_halflife_retails": [3.3333333333333335], "price_recovery_times": [0], "l_factors": [0.25, 0.5, 1, 1.5, 2], "json_time": 1673713753.1121037, "current_debt": 55.014730146946}, "sGLP-VST": {"series_std_ratio": 0.6132330529291525, "volume_for_slippage_10_percentss": [28478.801725804806], "trade_every": 1800, "collaterals": [2148, 2806, 3463, 4121, 4779, 5436, 6094, 6751, 7409, 8066, 8724, 9381, 10039, 10696, 11354, 12011, 12669, 13327, 13984, 14642, 15299, 15957, 16614, 17272, 17929, 18587, 19244, 19902, 20559, 21217, 4375.0], "liquidation_incentives": [0.10000000000000009], "stability_pool_initial_balances": [0.7015854455299415, 0.35079272276497075, 1.403170891059883], "share_institutionals": [0.0, 0.0, 0.0, 1], "recovery_halflife_retails": [3.3333333333333335], "price_recovery_times": [0], "l_factors": [0.25, 0.5, 1, 1.5, 2], "json_time": 1673713753.1121037, "current_debt": 2148.8711108713296}}