{"json_time": 1669559259, "auUSDC": {"oracle": 1.00015294, "cex_price": 1, "dex_price": 1}, "auETH": {"oracle": 1212.14, "cex_price": 1213.795, "dex_price": 1231.0264572593208}, "auWBTC": {"oracle": 16534.79, "cex_price": 16544.36, "dex_price": 16808.878180512897}, "auUSDT": {"oracle": 0.99951523, "cex_price": 1, "dex_price": 0.9991667838281312}, "auWNEAR": {"oracle": 1.6490675, "cex_price": 1.6395, "dex_price": 1.6480988127872302}, "auSTNEAR": {"oracle": 1.88389005, "cex_price": "NaN", "dex_price": 1.8966605601663105}}