{"json_time": 1673538625, "data": [{"account": "0x5ce561e048d2cd64523D6316228F97bd2537F92f", "user_collateral_wo_looping": 1.5411060192422406, "user_debt_wo_looping": 1.5443984552910583}, {"account": "0x7e1a061ca70838e1E79BCcBee306a56746f9e2F8", "user_collateral_wo_looping": 0.031377131925361366, "user_debt_wo_looping": 0.032132034980703654}, {"account": "0x9A4B0dA9E8e5c7135cd7188Bd2e84DAc513C594b", "user_collateral_wo_looping": 0.0011749437148915025, "user_debt_wo_looping": 0.001382277908809381}, {"account": "0x5dA68351bD082aBDA73E42Ac981dB51d9364fe69", "user_collateral_wo_looping": 0.3222843071732109, "user_debt_wo_looping": 0.3992739954641571}]}