{"json_time": 1676902632, "stabilityPoolVstBalance": {"ETH": 250912.11000284657, "gOHM": 32877.202225978355, "GMX": 46556.0473601533, "DPX": 32991.86009240679, "sGLP": 13658.814829779578}, "stabilityPoolGemBalance": {"ETH": 19499.394337557627, "gOHM": 11032.921123566919, "GMX": 2329.856846703411, "DPX": 187.15884722740913, "sGLP": 0.0}, "bprotocolBalance": {"ETH": 127672.8431784776, "gOHM": 3588.004513614815, "DPX": 165.79525019982785, "GMX": 17.43983124263925, "sGLP": 0.0}, "bprotocolGemBalance": {"ETH": 0.020909926228998572, "gOHM": 0.0, "DPX": 0.001492251000255862, "GMX": 0.02381595718182876, "sGLP": 0.0}}