{"json_time": 1669990748, "ETH": {"oracle": 1273.106297899, "cex_price": 1279.8649999999998, "dex_price": 1279.3513082061957}, "BNB|bsc": {"oracle": 288.630278585, "cex_price": 290.05, "dex_price": 288.42837053176527}, "WBTC|eth": {"oracle": 16869.9, "cex_price": 16915.975, "dex_price": 16999.401153889095}, "pCKB": {"oracle": 0.002412121, "cex_price": 0.0024149999999999996, "dex_price": 0.0024313171440633673}, "USDC": {"oracle": 0.999999995, "cex_price": 1, "dex_price": 1}}