{"json_time": 1665667604, "ETH": {"VST": {"volume": 20811583.28485489, "llc": 1.1}}, "gOHM": {"VST": {"volume": 420139.4429206848, "llc": 1.15}}, "renBTC": {"VST": {"volume": 4867118.333339691, "llc": 1.1}}, "GMX": {"VST": {"volume": 1770540.9245491028, "llc": 1.15}}, "DPX": {"VST": {"volume": 637576.9696235657, "llc": 1.15}}, "sGLP": {"VST": {"volume": 4867118.333339691, "llc": 1.1}}}