{"json_time": 1682535915, "USDC": {"oracle": 1.000195699139828, "cex_price": 1, "dex_price": 1}, "WXDAI": {"oracle": 1.0, "cex_price": 1, "dex_price": 0.9999902567773369}, "LINK": {"oracle": 7.2474494898979795, "cex_price": 7.135999999999999, "dex_price": 7.7126235675600165}, "GNO": {"oracle": 110.11702340468094, "cex_price": 108.15, "dex_price": 109.89698991599073}, "WBTC": {"oracle": 29404.568169473896, "cex_price": 28904.25, "dex_price": 29051.998428867926}, "WETH": {"oracle": 1917.8375116323264, "cex_price": 1887.255, "dex_price": 1917.5964012426164}, "FOX": {"oracle": 0.031673544708941785, "cex_price": 0.03135, "dex_price": 0.032533285588995764}, "USDT": {"oracle": 1.0003842068413682, "cex_price": 1, "dex_price": 1.0003833348893296}, "EURe": {"oracle": 1.1059211842368473, "cex_price": 1.10135, "dex_price": 1.1021708058514748}}