{"USDC": {"WXDAI": {"volume": 9513414.956569672, "llc": 1.05}, "LINK": {"volume": 1476.8366813659668, "llc": 1.05}, "GNO": {"volume": 58697.23844528198, "llc": 1.05}, "WBTC": {"volume": 21503.977298736572, "llc": 1.05}, "WETH": {"volume": 58635.47266637327, "llc": 1.05}, "FOX": {"volume": 3384.183406829834, "llc": 1.05}, "USDT": {"volume": 6162206.759929657, "llc": 1.05}, "EURe": {"volume": 432537.19663619995, "llc": 1.05}}, "WXDAI": {"USDC": {"volume": 8418597.936153412, "llc": 1.05}, "LINK": {"volume": 1476.8366813659668, "llc": 1.05}, "GNO": {"volume": 50114.17818069458, "llc": 1.05}, "WBTC": {"volume": 22457.650661468506, "llc": 1.05}, "WETH": {"volume": 51968, "llc": 1.05}, "FOX": {"volume": 3384.183406829834, "llc": 1.05}, "USDT": {"volume": 6158392.066478729, "llc": 1.05}, "EURe": {"volume": 432537.19663619995, "llc": 1.05}}, "LINK": {"USDC": {"volume": 4337.856769561768, "llc": 1.2}, "WXDAI": {"volume": 4337.856769561768, "llc": 1.2}, "GNO": {"volume": 4337.856769561768, "llc": 1.2}, "WBTC": {"volume": 4337.856769561768, "llc": 1.2}, "WETH": {"volume": 4337.856769561768, "llc": 1.2}, "FOX": {"volume": 3384.183406829834, "llc": 1.2}, "USDT": {"volume": 4337.856769561768, "llc": 1.2}, "EURe": {"volume": 4337.856769561768, "llc": 1.2}}, "GNO": {"USDC": {"volume": 113056.6201210022, "llc": 1.1}, "WXDAI": {"volume": 113056.6201210022, "llc": 1.1}, "LINK": {"volume": 2430.5100440979004, "llc": 1.1}, "WBTC": {"volume": 58697.23844528198, "llc": 1.1}, "WETH": {"volume": 379131.48832321167, "llc": 1.1}, "FOX": {"volume": 5291.530132293701, "llc": 1.1}, "USDT": {"volume": 109241.92667007446, "llc": 1.1}, "EURe": {"volume": 112102.94675827026, "llc": 1.1}}, "WBTC": {"USDC": {"volume": 41531.11791610718, "llc": 1.1}, "WXDAI": {"volume": 42484.79127883911, "llc": 1.1}, "LINK": {"volume": 2430.5100440979004, "llc": 1.1}, "GNO": {"volume": 65372.95198440552, "llc": 1.1}, "WETH": {"volume": 113056.6201210022, "llc": 1.1}, "FOX": {"volume": 5291.530132293701, "llc": 1.1}, "USDT": {"volume": 38670.09782791138, "llc": 1.1}, "EURe": {"volume": 38670.09782791138, "llc": 1.1}}, "WETH": {"USDC": {"volume": 52159.773094618926, "llc": 1.05}, "WXDAI": {"volume": 52159.773094618926, "llc": 1.05}, "LINK": {"volume": 1476.8366813659668, "llc": 1.05}, "GNO": {"volume": 176952.73542404175, "llc": 1.05}, "WBTC": {"volume": 54882.54499435425, "llc": 1.05}, "FOX": {"volume": 3384.183406829834, "llc": 1.05}, "USDT": {"volume": 52159.773094618926, "llc": 1.05}, "EURe": {"volume": 21503.977298736572, "llc": 1.05}}, "FOX": {"USDC": {"volume": 6245.203495025635, "llc": 1.1}, "WXDAI": {"volume": 6245.203495025635, "llc": 1.1}, "LINK": {"volume": 2430.5100440979004, "llc": 1.1}, "GNO": {"volume": 5291.530132293701, "llc": 1.1}, "WBTC": {"volume": 5291.530132293701, "llc": 1.1}, "WETH": {"volume": 5291.530132293701, "llc": 1.1}, "USDT": {"volume": 6245.203495025635, "llc": 1.1}, "EURe": {"volume": 5291.530132293701, "llc": 1.1}}, "USDT": {"USDC": {"volume": 8277454.278469086, "llc": 1.05}, "WXDAI": {"volume": 9351290.484905243, "llc": 1.05}, "LINK": {"volume": 1476.8366813659668, "llc": 1.05}, "GNO": {"volume": 55836.21835708618, "llc": 1.05}, "WBTC": {"volume": 20550.30393600464, "llc": 1.05}, "WETH": {"volume": 58646.52374186837, "llc": 1.05}, "FOX": {"volume": 3384.183406829834, "llc": 1.05}, "EURe": {"volume": 432537.19663619995, "llc": 1.05}}, "EURe": {"USDC": {"volume": 691227.05078125, "llc": 1.15}, "WXDAI": {"volume": 691227.05078125, "llc": 1.15}, "LINK": {"volume": 3438.96484375, "llc": 1.15}, "GNO": {"volume": 158557.12890625, "llc": 1.15}, "WBTC": {"volume": 56120.60546875, "llc": 1.15}, "WETH": {"volume": 92217.28515625, "llc": 1.15}, "FOX": {"volume": 6365.72265625, "llc": 1.15}, "USDT": {"volume": 691227.05078125, "llc": 1.15}}, "json_time": 1682535915}