{"json_time": 1667326604, "VST": {"oracle": 0.9937462730535419, "cex_price": 1, "dex_price": 1}, "ETH": {"oracle": 1580.16898838, "cex_price": 1578.2649999999999, "dex_price": 1580.0260978096533}, "gOHM": {"oracle": 2599.4385049595635, "cex_price": "NaN", "dex_price": 2598.232179008022}, "renBTC": {"oracle": 20436.26, "cex_price": 20425.92, "dex_price": 20510.355062960636}, "GMX": {"oracle": 42.31188783703996, "cex_price": "NaN", "dex_price": 42.328310351809236}, "DPX": {"oracle": 313.25, "cex_price": "NaN", "dex_price": 313.2817161779861}, "sGLP": {"oracle": 0.9404791271936451, "cex_price": "NaN", "dex_price": "NaN"}}