{"json_time": 1667326604, "ETH-VST": {"series_std_ratio": 1.0, "volume_for_slippage_10_percentss": [18545.101561248302], "trade_every": 1800, "collaterals": [304, 3419, 6534, 9649, 12764, 15878, 18993, 22108, 25223, 28338, 31453, 34567, 37682, 40797, 43912, 47027, 50142, 53257, 56371, 59486, 62601, 65716, 68831, 71946, 75060, 78175, 81290, 84405, 87520, 90635, 18750.0], "liquidation_incentives": [0.10000000000000009], "stability_pool_initial_balances": [0.8597011435031181, 0.42985057175155905, 1.7194022870062362], "share_institutionals": [0.35423271668819933, 0.17711635834409967, 0.7084654333763987, 1], "recovery_halflife_retails": [3.3333333333333335], "price_recovery_times": [0], "l_factors": [0.25, 0.5, 1, 1.5, 2], "json_time": 1667328728.7541015, "current_debt": 304.6567610059121}, "renBTC-VST": {"series_std_ratio": 0.760706293780634, "volume_for_slippage_10_percentss": [2669.4203010201454], "trade_every": 1800, "collaterals": [18, 226, 434, 641, 849, 1057, 1265, 1472, 1680, 1888, 2095, 2303, 2511, 2719, 2926, 3134, 3342, 3549, 3757, 3965, 4172, 4380, 4588, 4796, 5003, 5211, 5419, 5626, 5834, 6042, 1250.0], "liquidation_incentives": [0.10000000000000009], "stability_pool_initial_balances": [1.3622313282306204, 0.6811156641153102, 2.724462656461241], "share_institutionals": [0.8348927452352779, 0.41744637261763895, 1, 1], "recovery_halflife_retails": [3.3333333333333335], "price_recovery_times": [0], "l_factors": [0.25, 0.5, 1, 1.5, 2], "json_time": 1667328728.7541015, "current_debt": 18.831723421427622}, "gOHM-VST": {"series_std_ratio": 1.416911372280521, "volume_for_slippage_10_percentss": [346.0335710644722], "trade_every": 1800, "collaterals": [3200, 3718, 4237, 4755, 5273, 5792, 6310, 6828, 7347, 7865, 8383, 8901, 9420, 9938, 10456, 10975, 11493, 12011, 12530, 13048, 13566, 14085, 14603, 15121, 15640, 16158, 16676, 17195, 17713, 18231, 3750.0], "liquidation_incentives": [0.1499999999999999], "stability_pool_initial_balances": [0.05229264208274139, 0.026146321041370695, 0.10458528416548278], "share_institutionals": [0.5678685244460527, 0.28393426222302637, 1, 1], "recovery_halflife_retails": [3.3333333333333335], "price_recovery_times": [0], "l_factors": [0.25, 0.5, 1, 1.5, 2], "json_time": 1667328728.7541015, "current_debt": 3200.5170677279943}, "DPX-VST": {"series_std_ratio": 1.974078240475897, "volume_for_slippage_10_percentss": [501.60153836011887], "trade_every": 1800, "collaterals": [213, 622, 1032, 1442, 1851, 2261, 2670, 3080, 3489, 3899, 4308, 4718, 5128, 5537, 5947, 6356, 6766, 7175, 7585, 7994, 8404, 8814, 9223, 9633, 10042, 10452, 10861, 11271, 11680, 12090, 2500.0], "liquidation_incentives": [0.1499999999999999], "stability_pool_initial_balances": [0.18287600091412093, 0.09143800045706046, 0.36575200182824186], "share_institutionals": [6.369733178122556e-05, 3.184866589061278e-05, 0.00012739466356245113, 1], "recovery_halflife_retails": [3.3333333333333335], "price_recovery_times": [2], "l_factors": [0.25, 0.5, 1, 1.5, 2], "json_time": 1667328728.7541015, "current_debt": 213.43821406050003}, "GMX-VST": {"series_std_ratio": 2.081064798518858, "volume_for_slippage_10_percentss": [1496.402064859867], "trade_every": 1800, "collaterals": [46, 462, 877, 1292, 1707, 2122, 2537, 2952, 3367, 3782, 4197, 4613, 5028, 5443, 5858, 6273, 6688, 7103, 7518, 7933, 8348, 8764, 9179, 9594, 10009, 10424, 10839, 11254, 11669, 12084, 2500.0], "liquidation_incentives": [0.1499999999999999], "stability_pool_initial_balances": [0.47742301393163056, 0.23871150696581528, 0.9548460278632611], "share_institutionals": [0.015012635950449325, 0.0075063179752246625, 0.03002527190089865, 1], "recovery_halflife_retails": [3.3333333333333335], "price_recovery_times": [0], "l_factors": [0.25, 0.5, 1, 1.5, 2], "json_time": 1667328728.7541015, "current_debt": 46.95501154868507}, "sGLP-VST": {"series_std_ratio": 0.4707294016934606, "volume_for_slippage_10_percentss": [2669.4203010201454], "trade_every": 1800, "collaterals": [3124, 3541, 3958, 4374, 4791, 5208, 5624, 6041, 6458, 6874, 7291, 7708, 8124, 8541, 8958, 9374, 9791, 10208, 10624, 11041, 11458, 11874, 12291, 12708, 13124, 13541, 13958, 14374, 14791, 15208, 3125.0], "liquidation_incentives": [0.10000000000000009], "stability_pool_initial_balances": [0.20442614912773757, 0.10221307456386879, 0.40885229825547514], "share_institutionals": [0.0, 0.0, 0.0, 1], "recovery_halflife_retails": [3.3333333333333335], "price_recovery_times": [0], "l_factors": [0.25, 0.5, 1, 1.5, 2], "json_time": 1667328728.7541015, "current_debt": 3124.9897284462436}}