{"json_time": 1667326604, "ETH": {"VST": {"volume": 29672162.497997284, "llc": 1.1}}, "gOHM": {"VST": {"volume": 553653.7137031555, "llc": 1.15}}, "renBTC": {"VST": {"volume": 4271072.481632233, "llc": 1.1}}, "GMX": {"VST": {"volume": 2394243.3037757874, "llc": 1.15}}, "DPX": {"VST": {"volume": 802562.4613761902, "llc": 1.15}}, "sGLP": {"VST": {"volume": 4271072.481632233, "llc": 1.1}}}