{"json_time": 1693122930, "USDC": {"oracle": 1.0003339181417183, "cex_price": 1, "dex_price": 1}, "WXDAI": {"oracle": 1.0, "cex_price": 1, "dex_price": 1.0001650525026737}, "LINK": {"oracle": 5.982608378455546, "cex_price": 5.983499999999999, "dex_price": 6.461908025786937}, "GNO": {"oracle": 101.34007864845167, "cex_price": 101.25, "dex_price": 101.51223118706982}, "WBTC": {"oracle": 26055.117635689567, "cex_price": 26045.265, "dex_price": 26950.124482624986}, "WETH": {"oracle": 1653.6596964062733, "cex_price": 1648.395, "dex_price": 1678.3792673644477}, "FOX": {"oracle": 0.021835460650745802, "cex_price": 0.02165, "dex_price": 0.022894116205167465}, "USDT": {"oracle": 0.9993845802853745, "cex_price": 1, "dex_price": 0.9998794085440532}, "EURe": {"oracle": 1.079389343173596, "cex_price": 1.0765500000000001, "dex_price": 1.079557598112836}, "wstETH": {"oracle": 1880.802941539447, "cex_price": "NaN", "dex_price": 1880.802941539447}}