{"ETH": {"BNB|bsc": {"volume": 11013.570308685303, "llc": 1.1}, "WBTC|eth": {"volume": 6245.203495025635, "llc": 1.1}, "pCKB": {"volume": 30087.037563323975, "llc": 1.1}, "USDC": {"volume": 22457.650661468506, "llc": 1.1}, "USDT": {"volume": 22457.650661468506, "llc": 1.1}}, "BNB|bsc": {"ETH": {"volume": 11013.570308685303, "llc": 1.1}, "WBTC|eth": {"volume": 4337.856769561768, "llc": 1.1}, "pCKB": {"volume": 15781.93712234497, "llc": 1.1}, "USDC": {"volume": 13874.590396881104, "llc": 1.1}, "USDT": {"volume": 13874.590396881104, "llc": 1.1}}, "WBTC|eth": {"ETH": {"volume": 6245.203495025635, "llc": 1.1}, "BNB|bsc": {"volume": 4337.856769561768, "llc": 1.1}, "pCKB": {"volume": 5291.530132293701, "llc": 1.1}, "USDC": {"volume": 5291.530132293701, "llc": 1.1}, "USDT": {"volume": 5291.530132293701, "llc": 1.1}}, "pCKB": {"ETH": {"volume": 30087.037563323975, "llc": 1.1}, "BNB|bsc": {"volume": 15781.93712234497, "llc": 1.1}, "WBTC|eth": {"volume": 5291.530132293701, "llc": 1.1}, "USDC": {"volume": 83492.74587631226, "llc": 1.1}, "USDT": {"volume": 81585.39915084839, "llc": 1.1}}, "USDC": {"ETH": {"volume": 22457.650661468506, "llc": 1.1}, "BNB|bsc": {"volume": 13874.590396881104, "llc": 1.1}, "WBTC|eth": {"volume": 5291.530132293701, "llc": 1.1}, "pCKB": {"volume": 83492.74587631226, "llc": 1.1}, "USDT": {"volume": 134991.10746383667, "llc": 1.1}}, "USDT": {"ETH": {"volume": 22457.650661468506, "llc": 1.1}, "BNB|bsc": {"volume": 13874.590396881104, "llc": 1.1}, "WBTC|eth": {"volume": 5291.530132293701, "llc": 1.1}, "pCKB": {"volume": 80631.72578811646, "llc": 1.1}, "USDC": {"volume": 139759.47427749634, "llc": 1.1}}, "json_time": 1679391286}