{"json_time": 1684258202, "ETH": {"oracle": 1820.6965, "cex_price": 1825.3649999999998, "dex_price": 1827.8999815741631}, "BNB|bsc": {"oracle": 310.56305, "cex_price": 310.85, "dex_price": 313.34370015162625}, "WBTC|eth": {"oracle": 27014.79, "cex_price": 27049.695, "dex_price": 27734.043478656156}, "pCKB": {"oracle": 0.00330193, "cex_price": 0.003295, "dex_price": 0.0033078793675998053}, "USDC": {"oracle": 0.99985, "cex_price": 1, "dex_price": 1}, "USDT": {"oracle": 1.00018, "cex_price": 1, "dex_price": 1.0012129708823059}}