{"json_time": 1672045710, "auUSDC": {"oracle": 1.00010551, "cex_price": 1, "dex_price": 1}, "auETH": {"oracle": 1219.61048457, "cex_price": 1220.875, "dex_price": 1233.7846786777825}, "auWBTC": {"oracle": 16839.68138858, "cex_price": 16850.355, "dex_price": 17118.521452759902}, "auUSDT": {"oracle": 1.0, "cex_price": 1, "dex_price": 0.9995219746175512}, "auWNEAR": {"oracle": 1.351, "cex_price": 1.3525, "dex_price": 1.356585853218157}, "auSTNEAR": {"oracle": 1.55488423, "cex_price": "NaN", "dex_price": 1.573687957804371}}