{"auUSDC": {"auETH": {"volume": 20550.30393600464, "llc": 1.1}, "auWBTC": {"volume": 11967.243671417236, "llc": 1.1}, "auUSDT": {"volume": 2491517.9867744446, "llc": 1.1}, "auWNEAR": {"volume": 78724.37906265259, "llc": 1.1}, "auSTNEAR": {"volume": 59182.003562260004, "llc": 1.1}}, "auETH": {"auUSDC": {"volume": 20550.30393600464, "llc": 1.1}, "auWBTC": {"volume": 11967.243671417236, "llc": 1.1}, "auUSDT": {"volume": 18642.95721054077, "llc": 1.1}, "auWNEAR": {"volume": 33901.73101425171, "llc": 1.1}, "auSTNEAR": {"volume": 33901.73101425171, "llc": 1.1}}, "auWBTC": {"auUSDC": {"volume": 10059.89694595337, "llc": 1.1}, "auETH": {"volume": 11967.243671417236, "llc": 1.1}, "auUSDT": {"volume": 11967.243671417236, "llc": 1.1}, "auWNEAR": {"volume": 14828.263759613037, "llc": 1.1}, "auSTNEAR": {"volume": 14828.263759613037, "llc": 1.1}}, "auUSDT": {"auUSDC": {"volume": 2297922.294139862, "llc": 1.1}, "auETH": {"volume": 18642.95721054077, "llc": 1.1}, "auWBTC": {"volume": 10059.89694595337, "llc": 1.1}, "auWNEAR": {"volume": 78724.37906265259, "llc": 1.1}, "auSTNEAR": {"volume": 59182.003562260004, "llc": 1.1}}, "auWNEAR": {"auUSDC": {"volume": 79678.05242538452, "llc": 1.1}, "auETH": {"volume": 33901.73101425171, "llc": 1.1}, "auWBTC": {"volume": 14828.263759613037, "llc": 1.1}, "auUSDT": {"volume": 78724.37906265259, "llc": 1.1}, "auSTNEAR": {"volume": 59182.003562260004, "llc": 1.1}}, "auSTNEAR": {"auUSDC": {"volume": 65372.95198440552, "llc": 1.1}, "auETH": {"volume": 43438.464641571045, "llc": 1.1}, "auWBTC": {"volume": 18642.95721054077, "llc": 1.1}, "auUSDT": {"volume": 65372.95198440552, "llc": 1.1}, "auWNEAR": {"volume": 82539.07251358032, "llc": 1.1}}, "json_time": 1672045710}