{"json_time": 1685484824, "ETH-VST": {"series_std_ratio": 1.0, "volume_for_slippage_10_percentss": [51104.10621076822], "trade_every": 1800, "collaterals": [561, 3667, 6773, 9879, 12986, 16092, 19198, 22305, 25411, 28517, 31624, 34730, 37836, 40942, 44049, 47155, 50261, 53368, 56474, 59580, 62687, 65793, 68899, 72005, 75112, 78218, 81324, 84431, 87537, 90643, 18750.0], "liquidation_incentives": [0.10000000000000009], "stability_pool_initial_balances": [0.1729080322631622, 0.0864540161315811, 0.3458160645263244], "share_institutionals": [0.3060135116875693, 0.15300675584378465, 0.6120270233751386, 1], "recovery_halflife_retails": [3.3333333333333335], "price_recovery_times": [0], "l_factors": [0.25, 0.5, 1, 1.5, 2], "json_time": 1685485000.0540023, "current_debt": 561.0338032788118}, "gOHM-VST": {"series_std_ratio": 0.5718399563684763, "volume_for_slippage_10_percentss": [241.72554701566696], "trade_every": 1800, "collaterals": [2696, 3075, 3454, 3833, 4212, 4591, 4969, 5348, 5727, 6106, 6485, 6864, 7243, 7621, 8000, 8379, 8758, 9137, 9516, 9895, 10273, 10652, 11031, 11410, 11789, 12168, 12547, 12925, 13304, 13683, 2812.5], "liquidation_incentives": [0.1499999999999999], "stability_pool_initial_balances": [0.020539088815427892, 0.010269544407713946, 0.041078177630855785], "share_institutionals": [0.48803866646552563, 0.24401933323276281, 0.9760773329310513, 1], "recovery_halflife_retails": [3.3333333333333335], "price_recovery_times": [0], "l_factors": [0.25, 0.5, 1, 1.5, 2], "json_time": 1685485000.0540023, "current_debt": 2696.7301351677306}, "DPX-VST": {"series_std_ratio": 2.2756095294666916, "volume_for_slippage_10_percentss": [332.9205623269081], "trade_every": 1800, "collaterals": [405, 496, 587, 677, 768, 859, 949, 1040, 1130, 1221, 1312, 1402, 1493, 1584, 1674, 1765, 1856, 1946, 2037, 2127, 2218, 2309, 2399, 2490, 2581, 2671, 2762, 2853, 2943, 3034, 625.0], "liquidation_incentives": [0.1499999999999999], "stability_pool_initial_balances": [0.04936187108621411, 0.024680935543107053, 0.09872374217242821], "share_institutionals": [0.2527868103488557, 0.12639340517442785, 0.5055736206977114, 1], "recovery_halflife_retails": [3.3333333333333335], "price_recovery_times": [2], "l_factors": [0.25, 0.5, 1, 1.5, 2], "json_time": 1685485000.0540023, "current_debt": 405.8575461639806}, "GMX-VST": {"series_std_ratio": 2.0308729755116706, "volume_for_slippage_10_percentss": [4573.786797225475], "trade_every": 1800, "collaterals": [114, 527, 940, 1352, 1765, 2178, 2591, 3004, 3417, 3830, 4242, 4655, 5068, 5481, 5894, 6307, 6720, 7132, 7545, 7958, 8371, 8784, 9197, 9610, 10022, 10435, 10848, 11261, 11674, 12087, 2500.0], "liquidation_incentives": [0.1499999999999999], "stability_pool_initial_balances": [0.347811031609698, 0.173905515804849, 0.695622063219396], "share_institutionals": [0.3329645458330061, 0.16648227291650305, 0.6659290916660122, 1], "recovery_halflife_retails": [3.3333333333333335], "price_recovery_times": [0], "l_factors": [0.25, 0.5, 1, 1.5, 2], "json_time": 1685485000.0540023, "current_debt": 114.35659713551924}, "sGLP-VST": {"series_std_ratio": 0.6132330529291525, "volume_for_slippage_10_percentss": [33849.770895540714], "trade_every": 1800, "collaterals": [322, 364, 405, 446, 488, 529, 570, 612, 653, 694, 735, 777, 818, 859, 901, 942, 983, 1025, 1066, 1107, 1149, 1190, 1231, 1273, 1314, 1355, 1397, 1438, 1479, 1521, 312.5], "liquidation_incentives": [0.10000000000000009], "stability_pool_initial_balances": [0.0008594805426137028, 0.0004297402713068514, 0.0017189610852274056], "share_institutionals": [0.0, 0.0, 0.0, 1], "recovery_halflife_retails": [3.3333333333333335], "price_recovery_times": [0], "l_factors": [0.25, 0.5, 1, 1.5, 2], "json_time": 1685485000.0540023, "current_debt": 322.72727950445847}}