{"json_time": 1684594330, "ETH": {"VST": {"volume": 31933322.0410347, "llc": 1.1}}, "gOHM": {"VST": {"volume": 530765.5529975891, "llc": 1.15}}, "GMX": {"VST": {"volume": 9539164.137363434, "llc": 1.15}}, "DPX": {"VST": {"volume": 530765.5529975891, "llc": 1.15}}, "sGLP": {"VST": {"volume": 19886520.123004913, "llc": 1.1}}}