{"json_time": 1670172138, "VST": {"oracle": 0.9912535275464573, "cex_price": 1, "dex_price": 1}, "ETH": {"oracle": 1260.83017, "cex_price": 1260.1550000000002, "dex_price": 1261.482105602043}, "gOHM": {"oracle": 2373.3774530616083, "cex_price": "NaN", "dex_price": 2344.9875890882367}, "renBTC": {"oracle": 17028.13100276, "cex_price": 17022.565000000002, "dex_price": 17268.44312897282}, "GMX": {"oracle": 52.69309369270932, "cex_price": "NaN", "dex_price": 52.57320066726444}, "DPX": {"oracle": 233.61434263, "cex_price": "NaN", "dex_price": 234.52512150447214}, "sGLP": {"oracle": 0.8394716066783332, "cex_price": "NaN", "dex_price": "NaN"}}