{"json_time": 1679850437, "ETH-VST": {"series_std_ratio": 1.0, "volume_for_slippage_10_percentss": [21745.867784917355], "trade_every": 1800, "collaterals": [455, 3565, 6675, 9785, 12894, 16004, 19114, 22224, 25334, 28443, 31553, 34663, 37773, 40883, 43993, 47102, 50212, 53322, 56432, 59542, 62651, 65761, 68871, 71981, 75091, 78200, 81310, 84420, 87530, 90640, 18750.0], "liquidation_incentives": [0.10000000000000009], "stability_pool_initial_balances": [0.3055022474657395, 0.15275112373286975, 0.611004494931479], "share_institutionals": [0.4829816155110088, 0.2414908077555044, 0.9659632310220176, 1], "recovery_halflife_retails": [3.3333333333333335], "price_recovery_times": [0], "l_factors": [0.25, 0.5, 1, 1.5, 2], "json_time": 1679853323.887036, "current_debt": 455.7012023754544}, "gOHM-VST": {"series_std_ratio": 0.5718399563684763, "volume_for_slippage_10_percentss": [233.38090509176254], "trade_every": 1800, "collaterals": [2752, 3129, 3506, 3883, 4260, 4637, 5014, 5391, 5768, 6145, 6522, 6899, 7276, 7653, 8030, 8407, 8784, 9161, 9538, 9915, 10292, 10669, 11046, 11423, 11800, 12177, 12554, 12931, 13308, 13685, 2812.5], "liquidation_incentives": [0.1499999999999999], "stability_pool_initial_balances": [0.014261212152322133, 0.0071306060761610664, 0.028522424304644266], "share_institutionals": [0.3703810320587493, 0.18519051602937464, 0.7407620641174986, 1], "recovery_halflife_retails": [3.3333333333333335], "price_recovery_times": [0], "l_factors": [0.25, 0.5, 1, 1.5, 2], "json_time": 1679853323.887036, "current_debt": 2752.808478005428}, "DPX-VST": {"series_std_ratio": 2.2756095294666916, "volume_for_slippage_10_percentss": [602.3332872986794], "trade_every": 1800, "collaterals": [505, 801, 1097, 1392, 1688, 1984, 2279, 2575, 2870, 3166, 3462, 3757, 4053, 4349, 4644, 4940, 5236, 5531, 5827, 6122, 6418, 6714, 7009, 7305, 7601, 7896, 8192, 8488, 8783, 9079, 1875.0], "liquidation_incentives": [0.1499999999999999], "stability_pool_initial_balances": [0.03547690989160719, 0.017738454945803596, 0.07095381978321438], "share_institutionals": [0.038537271241586624, 0.019268635620793312, 0.07707454248317325, 1], "recovery_halflife_retails": [3.3333333333333335], "price_recovery_times": [2], "l_factors": [0.25, 0.5, 1, 1.5, 2], "json_time": 1679853323.887036, "current_debt": 505.87842847514554}, "GMX-VST": {"series_std_ratio": 2.0308729755116706, "volume_for_slippage_10_percentss": [8381.923743784428], "trade_every": 1800, "collaterals": [49, 464, 879, 1294, 1709, 2124, 2539, 2954, 3369, 3784, 4199, 4614, 5029, 5444, 5859, 6274, 6689, 7104, 7519, 7934, 8349, 8764, 9179, 9594, 10009, 10424, 10839, 11254, 11669, 12084, 2500.0], "liquidation_incentives": [0.1499999999999999], "stability_pool_initial_balances": [0.40947610753344194, 0.20473805376672097, 0.8189522150668839], "share_institutionals": [0.007106601190571848, 0.003553300595285924, 0.014213202381143696, 1], "recovery_halflife_retails": [3.3333333333333335], "price_recovery_times": [0], "l_factors": [0.25, 0.5, 1, 1.5, 2], "json_time": 1679853323.887036, "current_debt": 49.267521716046986}, "sGLP-VST": {"series_std_ratio": 0.6132330529291525, "volume_for_slippage_10_percentss": [11065.918214023113], "trade_every": 1800, "collaterals": [320, 361, 403, 444, 486, 527, 568, 610, 651, 693, 734, 775, 817, 858, 900, 941, 982, 1024, 1065, 1107, 1148, 1189, 1231, 1272, 1314, 1355, 1396, 1438, 1479, 1521, 312.5], "liquidation_incentives": [0.10000000000000009], "stability_pool_initial_balances": [0.004203929818451253, 0.0021019649092256266, 0.008407859636902507], "share_institutionals": [0.0, 0.0, 0.0, 1], "recovery_halflife_retails": [3.3333333333333335], "price_recovery_times": [0], "l_factors": [0.25, 0.5, 1, 1.5, 2], "json_time": 1679853323.887036, "current_debt": 320.5189633337994}}