{"json_time": 1679850437, "stabilityPoolVstBalance": {"ETH": 222748.38639766574, "gOHM": 62813.41715127424, "GMX": 32278.196832169986, "DPX": 28715.20547699295, "sGLP": 2155.902763740869}, "stabilityPoolGemBalance": {"ETH": 23310.077207733073, "gOHM": 16073.303638673293, "GMX": 6251.199015722727, "DPX": 137.65755336251323, "sGLP": 0.0}, "bprotocolBalance": {"ETH": 107583.34965534341, "gOHM": 23264.898271625698, "DPX": 1106.604169973771, "GMX": 229.29082419969552, "sGLP": 0.0}, "bprotocolGemBalance": {"ETH": 0.025859471620181537, "gOHM": 0.0, "DPX": 0.001492251000255862, "GMX": 0.0974478373161398, "sGLP": 0.0}}