{"json_time": 1670739194, "auUSDC": {"oracle": 1.00005607, "cex_price": 1, "dex_price": 1}, "auETH": {"oracle": 1275.13, "cex_price": 1275.5149999999999, "dex_price": 1286.9621894966008}, "auWBTC": {"oracle": 17166.35392811, "cex_price": 17181.22, "dex_price": 17411.438026336888}, "auUSDT": {"oracle": 1.0, "cex_price": 1, "dex_price": 0.9995723389722048}, "auWNEAR": {"oracle": 1.69385033, "cex_price": 1.7075, "dex_price": 1.7088412272894267}, "auSTNEAR": {"oracle": 1.94194073, "cex_price": "NaN", "dex_price": 1.9873939682509651}}