{"auUSDC": {"auETH": {"volume": 23411.32402420044, "llc": 1.1}, "auWBTC": {"volume": 12920.91703414917, "llc": 1.1}, "auUSDT": {"volume": 2662225.5187034607, "llc": 1.1}, "auWNEAR": {"volume": 88261.11268997192, "llc": 1.1}, "auSTNEAR": {"volume": 82305.27395959, "llc": 1.1}}, "auETH": {"auUSDC": {"volume": 23411.32402420044, "llc": 1.1}, "auWBTC": {"volume": 12920.91703414917, "llc": 1.1}, "auUSDT": {"volume": 21503.977298736572, "llc": 1.1}, "auWNEAR": {"volume": 38670.09782791138, "llc": 1.1}, "auSTNEAR": {"volume": 38670.09782791138, "llc": 1.1}}, "auWBTC": {"auUSDC": {"volume": 12920.91703414917, "llc": 1.1}, "auETH": {"volume": 12920.91703414917, "llc": 1.1}, "auUSDT": {"volume": 11013.570308685303, "llc": 1.1}, "auWNEAR": {"volume": 15781.93712234497, "llc": 1.1}, "auSTNEAR": {"volume": 15781.93712234497, "llc": 1.1}}, "auUSDT": {"auUSDC": {"volume": 2325578.821659088, "llc": 1.1}, "auETH": {"volume": 21503.977298736572, "llc": 1.1}, "auWBTC": {"volume": 11013.570308685303, "llc": 1.1}, "auWNEAR": {"volume": 88261.11268997192, "llc": 1.1}, "auSTNEAR": {"volume": 82305.27395959, "llc": 1.1}}, "auWNEAR": {"auUSDC": {"volume": 88261.11268997192, "llc": 1.1}, "auETH": {"volume": 37716.42446517944, "llc": 1.1}, "auWBTC": {"volume": 14828.263759613037, "llc": 1.1}, "auUSDT": {"volume": 88261.11268997192, "llc": 1.1}, "auSTNEAR": {"volume": 82305.27395959, "llc": 1.1}}, "auSTNEAR": {"auUSDC": {"volume": 70141.31879806519, "llc": 1.1}, "auETH": {"volume": 49160.50481796265, "llc": 1.1}, "auWBTC": {"volume": 19596.630573272705, "llc": 1.1}, "auUSDT": {"volume": 70141.31879806519, "llc": 1.1}, "auWNEAR": {"volume": 89214.78605270386, "llc": 1.1}}, "json_time": 1670739194}