{"ETH": {"BNB|bsc": {"volume": 17689.283847808838, "llc": 1.1}, "WBTC|eth": {"volume": 9106.223583221436, "llc": 1.1}, "pCKB": {"volume": 26272.34411239624, "llc": 1.1}, "USDC": {"volume": 22457.650661468506, "llc": 1.1}}, "BNB|bsc": {"ETH": {"volume": 17689.283847808838, "llc": 1.1}, "WBTC|eth": {"volume": 11013.570308685303, "llc": 1.1}, "pCKB": {"volume": 51067.851543426514, "llc": 1.1}, "USDC": {"volume": 37716.42446517944, "llc": 1.1}}, "WBTC|eth": {"ETH": {"volume": 9106.223583221436, "llc": 1.1}, "BNB|bsc": {"volume": 11013.570308685303, "llc": 1.1}, "pCKB": {"volume": 12920.91703414917, "llc": 1.1}, "USDC": {"volume": 11967.243671417236, "llc": 1.1}}, "pCKB": {"ETH": {"volume": 26272.34411239624, "llc": 1.1}, "BNB|bsc": {"volume": 51067.851543426514, "llc": 1.1}, "WBTC|eth": {"volume": 12920.91703414917, "llc": 1.1}, "USDC": {"volume": 140713.14764022827, "llc": 1.1}}, "USDC": {"ETH": {"volume": 22457.650661468506, "llc": 1.1}, "BNB|bsc": {"volume": 37716.42446517944, "llc": 1.1}, "WBTC|eth": {"volume": 11967.243671417236, "llc": 1.1}, "pCKB": {"volume": 140713.14764022827, "llc": 1.1}}, "json_time": 1665415942}