{"USDC": {"WXDAI": {"volume": 5093138.920307159, "llc": 1.05}, "LINK": {"volume": 1476.8366813659668, "llc": 1.05}, "GNO": {"volume": 63465.60525894165, "llc": 1.05}, "WBTC": {"volume": 24364.997386932373, "llc": 1.05}, "WETH": {"volume": 39168.80695510884, "llc": 1.05}, "FOX": {"volume": 3384.183406829834, "llc": 1.05}, "USDT": {"volume": 2917809.979915619, "llc": 1.05}, "EURe": {"volume": 542209.6333503723, "llc": 1.05}}, "WXDAI": {"USDC": {"volume": 3226800.1494407654, "llc": 1.05}, "LINK": {"volume": 1476.8366813659668, "llc": 1.05}, "GNO": {"volume": 63465.60525894165, "llc": 1.05}, "WBTC": {"volume": 25318.670749664307, "llc": 1.05}, "WETH": {"volume": 43264, "llc": 1.05}, "FOX": {"volume": 3384.183406829834, "llc": 1.05}, "USDT": {"volume": 2910180.5930137634, "llc": 1.05}, "EURe": {"volume": 543163.3067131042, "llc": 1.05}}, "LINK": {"USDC": {"volume": 4337.856769561768, "llc": 1.2}, "WXDAI": {"volume": 4337.856769561768, "llc": 1.2}, "GNO": {"volume": 4337.856769561768, "llc": 1.2}, "WBTC": {"volume": 4337.856769561768, "llc": 1.2}, "WETH": {"volume": 4337.856769561768, "llc": 1.2}, "FOX": {"volume": 3384.183406829834, "llc": 1.2}, "USDT": {"volume": 4337.856769561768, "llc": 1.2}, "EURe": {"volume": 3384.183406829834, "llc": 1.2}}, "GNO": {"USDC": {"volume": 126408.04719924927, "llc": 1.1}, "WXDAI": {"volume": 126408.04719924927, "llc": 1.1}, "LINK": {"volume": 2430.5100440979004, "llc": 1.1}, "WBTC": {"volume": 57743.56508255005, "llc": 1.1}, "WETH": {"volume": 402019.6490287781, "llc": 1.1}, "FOX": {"volume": 4337.856769561768, "llc": 1.1}, "USDT": {"volume": 126408.04719924927, "llc": 1.1}, "EURe": {"volume": 126408.04719924927, "llc": 1.1}}, "WBTC": {"USDC": {"volume": 45345.81136703491, "llc": 1.1}, "WXDAI": {"volume": 50114.17818069458, "llc": 1.1}, "LINK": {"volume": 2430.5100440979004, "llc": 1.1}, "GNO": {"volume": 79678.05242538452, "llc": 1.1}, "WETH": {"volume": 130222.740650177, "llc": 1.1}, "FOX": {"volume": 4337.856769561768, "llc": 1.1}, "USDT": {"volume": 50114.17818069458, "llc": 1.1}, "EURe": {"volume": 36762.75110244751, "llc": 1.1}}, "WETH": {"USDC": {"volume": 57651.383349672076, "llc": 1.05}, "WXDAI": {"volume": 57651.383349672076, "llc": 1.05}, "LINK": {"volume": 1476.8366813659668, "llc": 1.05}, "GNO": {"volume": 184582.12232589722, "llc": 1.05}, "WBTC": {"volume": 52021.52490615845, "llc": 1.05}, "FOX": {"volume": 2430.5100440979004, "llc": 1.05}, "USDT": {"volume": 57651.383349672076, "llc": 1.05}, "EURe": {"volume": 27226.017475128174, "llc": 1.05}}, "FOX": {"USDC": {"volume": 5291.530132293701, "llc": 1.1}, "WXDAI": {"volume": 5291.530132293701, "llc": 1.1}, "LINK": {"volume": 2430.5100440979004, "llc": 1.1}, "GNO": {"volume": 4337.856769561768, "llc": 1.1}, "WBTC": {"volume": 4337.856769561768, "llc": 1.1}, "WETH": {"volume": 4337.856769561768, "llc": 1.1}, "USDT": {"volume": 5291.530132293701, "llc": 1.1}, "EURe": {"volume": 4337.856769561768, "llc": 1.1}}, "USDT": {"USDC": {"volume": 3305001.365184784, "llc": 1.05}, "WXDAI": {"volume": 4890960.1674079895, "llc": 1.05}, "LINK": {"volume": 1476.8366813659668, "llc": 1.05}, "GNO": {"volume": 62511.93189620972, "llc": 1.05}, "WBTC": {"volume": 24364.997386932373, "llc": 1.05}, "WETH": {"volume": 39177.670534355355, "llc": 1.05}, "FOX": {"volume": 3384.183406829834, "llc": 1.05}, "EURe": {"volume": 543163.3067131042, "llc": 1.05}}, "EURe": {"USDC": {"volume": 633762.2761726379, "llc": 1.15}, "WXDAI": {"volume": 633762.2761726379, "llc": 1.15}, "LINK": {"volume": 3384.183406829834, "llc": 1.15}, "GNO": {"volume": 167416.0017967224, "llc": 1.15}, "WBTC": {"volume": 54882.54499435425, "llc": 1.15}, "WETH": {"volume": 108288.25330734253, "llc": 1.15}, "FOX": {"volume": 6245.203495025635, "llc": 1.15}, "USDT": {"volume": 632808.602809906, "llc": 1.15}}, "json_time": 1684914635}