{"ETH": {"BNB|bsc": {"volume": 20550.30393600464, "llc": 1.1}, "WBTC|eth": {"volume": 10059.89694595337, "llc": 1.1}, "pCKB": {"volume": 30087.037563323975, "llc": 1.1}, "USDC": {"volume": 25318.670749664307, "llc": 1.1}, "USDT": {"volume": 25318.670749664307, "llc": 1.1}}, "BNB|bsc": {"ETH": {"volume": 20550.30393600464, "llc": 1.1}, "WBTC|eth": {"volume": 11013.570308685303, "llc": 1.1}, "pCKB": {"volume": 56789.891719818115, "llc": 1.1}, "USDC": {"volume": 41531.11791610718, "llc": 1.1}, "USDT": {"volume": 41531.11791610718, "llc": 1.1}}, "WBTC|eth": {"ETH": {"volume": 10059.89694595337, "llc": 1.1}, "BNB|bsc": {"volume": 11013.570308685303, "llc": 1.1}, "pCKB": {"volume": 12920.91703414917, "llc": 1.1}, "USDC": {"volume": 11967.243671417236, "llc": 1.1}, "USDT": {"volume": 11967.243671417236, "llc": 1.1}}, "pCKB": {"ETH": {"volume": 30087.037563323975, "llc": 1.1}, "BNB|bsc": {"volume": 56789.891719818115, "llc": 1.1}, "WBTC|eth": {"volume": 12920.91703414917, "llc": 1.1}, "USDC": {"volume": 142620.49436569214, "llc": 1.1}, "USDT": {"volume": 141666.8210029602, "llc": 1.1}}, "USDC": {"ETH": {"volume": 25318.670749664307, "llc": 1.1}, "BNB|bsc": {"volume": 40577.444553375244, "llc": 1.1}, "WBTC|eth": {"volume": 11967.243671417236, "llc": 1.1}, "pCKB": {"volume": 142620.49436569214, "llc": 1.1}, "USDT": {"volume": 589893.301486969, "llc": 1.1}}, "USDT": {"ETH": {"volume": 25318.670749664307, "llc": 1.1}, "BNB|bsc": {"volume": 40577.444553375244, "llc": 1.1}, "WBTC|eth": {"volume": 11967.243671417236, "llc": 1.1}, "pCKB": {"volume": 141666.8210029602, "llc": 1.1}, "USDC": {"volume": 685260.6377601624, "llc": 1.1}}, "json_time": 1675363934}