{"json_time": 1672219287, "glp_data": {"liquidTreasury": 272253791.67035174, "treasuryUtilization": 0.33521987528725833, "liquidStableTreasury": 108743002.81702662, "stableTreasuryUtilization": 0.4645750116766505, "liquidSolidAssetTreasury": 147504822.8164785, "solidTreasuryUtilization": 0.21868371436564285}}