{"json_time": 1672219287, "VST": {"oracle": 0.982615242322992, "cex_price": 1, "dex_price": 1}, "ETH": {"oracle": 1196.27231716, "cex_price": 1196.435, "dex_price": 1195.8411711203455}, "gOHM": {"oracle": 2485.8832732236183, "cex_price": "NaN", "dex_price": 2481.323871748365}, "GMX": {"oracle": 42.526713754687584, "cex_price": "NaN", "dex_price": 42.82165000393071}, "DPX": {"oracle": 245.5349935, "cex_price": "NaN", "dex_price": 246.3711948776888}, "sGLP": {"oracle": 0.8220368582308994, "cex_price": "NaN", "dex_price": "NaN"}}