{"json_time": 1671290615, "USDC": {"oracle": 1.000741324341401, "cex_price": 1, "dex_price": 1}, "WXDAI": {"oracle": 1.0, "cex_price": 1, "dex_price": 1.0005350947739422}, "LINK": {"oracle": 6.020270243036707, "cex_price": 6.0184999999999995, "dex_price": 6.4633007395591}, "GNO": {"oracle": 85.01871113359205, "cex_price": 85.2, "dex_price": 85.38683871362002}, "WBTC": {"oracle": 16648.7369172211, "cex_price": 16687.785, "dex_price": 16769.249757181264}, "WETH": {"oracle": 1178.2958451402035, "cex_price": 1179.605, "dex_price": 1184.6196085290994}, "FOX": {"oracle": 0.027898716744381772, "cex_price": 0.0278, "dex_price": 0.028977643066053656}, "USDT": {"oracle": 1.0001507712210493, "cex_price": 1, "dex_price": 1.0004000009367746}}