{"USDC": {"WXDAI": {"volume": 3360314.420223236, "llc": 1.05}, "LINK": {"volume": 1476.8366813659668, "llc": 1.05}, "GNO": {"volume": 23411.32402420044, "llc": 1.05}, "WBTC": {"volume": 7198.876857757568, "llc": 1.05}, "WETH": {"volume": 91796.93385132622, "llc": 1.05}, "FOX": {"volume": 3384.183406829834, "llc": 1.05}, "USDT": {"volume": 2213999.038219452, "llc": 1.05}, "EURe": {"volume": 1310870.3637123108, "llc": 1.05}, "wstETH": {"volume": 96844.17295455933, "llc": 1.05}}, "WXDAI": {"USDC": {"volume": 3309769.7319984436, "llc": 1.05}, "LINK": {"volume": 1476.8366813659668, "llc": 1.05}, "GNO": {"volume": 89214.78605270386, "llc": 1.05}, "WBTC": {"volume": 9106.223583221436, "llc": 1.05}, "WETH": {"volume": 101612.539768219, "llc": 1.05}, "FOX": {"volume": 3384.183406829834, "llc": 1.05}, "USDT": {"volume": 2213999.038219452, "llc": 1.05}, "EURe": {"volume": 1311824.0370750427, "llc": 1.05}, "wstETH": {"volume": 96844.17295455933, "llc": 1.05}}, "LINK": {"USDC": {"volume": 4337.856769561768, "llc": 1.2}, "WXDAI": {"volume": 4337.856769561768, "llc": 1.2}, "GNO": {"volume": 4337.856769561768, "llc": 1.2}, "WBTC": {"volume": 4337.856769561768, "llc": 1.2}, "WETH": {"volume": 4337.856769561768, "llc": 1.2}, "FOX": {"volume": 3384.183406829834, "llc": 1.2}, "USDT": {"volume": 4337.856769561768, "llc": 1.2}, "EURe": {"volume": 4337.856769561768, "llc": 1.2}, "wstETH": {"volume": 3384.183406829834, "llc": 1.2}}, "GNO": {"USDC": {"volume": 46299.484729766846, "llc": 1.1}, "WXDAI": {"volume": 45345.81136703491, "llc": 1.1}, "LINK": {"volume": 2430.5100440979004, "llc": 1.1}, "WBTC": {"volume": 47253.15809249878, "llc": 1.1}, "WETH": {"volume": 177906.40878677368, "llc": 1.1}, "FOX": {"volume": 5291.530132293701, "llc": 1.1}, "USDT": {"volume": 46299.484729766846, "llc": 1.1}, "EURe": {"volume": 41531.11791610718, "llc": 1.1}, "wstETH": {"volume": 484035.55822372437, "llc": 1.1}}, "WBTC": {"USDC": {"volume": 18642.95721054077, "llc": 1.1}, "WXDAI": {"volume": 23411.32402420044, "llc": 1.1}, "LINK": {"volume": 2430.5100440979004, "llc": 1.1}, "GNO": {"volume": 51067.851543426514, "llc": 1.1}, "WETH": {"volume": 73002.33888626099, "llc": 1.1}, "FOX": {"volume": 4337.856769561768, "llc": 1.1}, "USDT": {"volume": 11967.243671417236, "llc": 1.1}, "EURe": {"volume": 11967.243671417236, "llc": 1.1}, "wstETH": {"volume": 73002.33888626099, "llc": 1.1}}, "WETH": {"USDC": {"volume": 115464.13733548025, "llc": 1.05}, "WXDAI": {"volume": 114686.60105712686, "llc": 1.05}, "LINK": {"volume": 1476.8366813659668, "llc": 1.05}, "GNO": {"volume": 88261.11268997192, "llc": 1.05}, "WBTC": {"volume": 36762.75110244751, "llc": 1.05}, "FOX": {"volume": 2430.5100440979004, "llc": 1.05}, "USDT": {"volume": 114686.60105712686, "llc": 1.05}, "EURe": {"volume": 11013.570308685303, "llc": 1.05}, "wstETH": {"volume": 4526656.942844391, "llc": 1.05}}, "FOX": {"USDC": {"volume": 5291.530132293701, "llc": 1.1}, "WXDAI": {"volume": 5291.530132293701, "llc": 1.1}, "LINK": {"volume": 2430.5100440979004, "llc": 1.1}, "GNO": {"volume": 5291.530132293701, "llc": 1.1}, "WBTC": {"volume": 4337.856769561768, "llc": 1.1}, "WETH": {"volume": 4337.856769561768, "llc": 1.1}, "USDT": {"volume": 5291.530132293701, "llc": 1.1}, "EURe": {"volume": 5291.530132293701, "llc": 1.1}, "wstETH": {"volume": 3384.183406829834, "llc": 1.1}}, "USDT": {"USDC": {"volume": 3243966.26996994, "llc": 1.05}, "WXDAI": {"volume": 3353638.7066841125, "llc": 1.05}, "LINK": {"volume": 1476.8366813659668, "llc": 1.05}, "GNO": {"volume": 23411.32402420044, "llc": 1.05}, "WBTC": {"volume": 7198.876857757568, "llc": 1.05}, "WETH": {"volume": 91796.93696527762, "llc": 1.05}, "FOX": {"volume": 3384.183406829834, "llc": 1.05}, "EURe": {"volume": 1277491.796016693, "llc": 1.05}, "wstETH": {"volume": 96844.17295455933, "llc": 1.05}}, "EURe": {"USDC": {"volume": 2920671.0000038147, "llc": 1.15}, "WXDAI": {"volume": 2879663.0454063416, "llc": 1.15}, "LINK": {"volume": 3384.183406829834, "llc": 1.15}, "GNO": {"volume": 53928.871631622314, "llc": 1.15}, "WBTC": {"volume": 17689.283847808838, "llc": 1.15}, "WETH": {"volume": 20550.30393600464, "llc": 1.15}, "FOX": {"volume": 7198.876857757568, "llc": 1.15}, "USDT": {"volume": 2432390.2382850647, "llc": 1.15}, "wstETH": {"volume": 269459.0516090393, "llc": 1.15}}, "wstETH": {"USDC": {"volume": 193165.18259048462, "llc": 1.1}, "WXDAI": {"volume": 203655.5895805359, "llc": 1.1}, "LINK": {"volume": 2430.5100440979004, "llc": 1.1}, "GNO": {"volume": 482128.2114982605, "llc": 1.1}, "WBTC": {"volume": 72048.66552352905, "llc": 1.1}, "WETH": {"volume": 5132672.750862547, "llc": 1.1}, "FOX": {"volume": 5291.530132293701, "llc": 1.1}, "USDT": {"volume": 193165.18259048462, "llc": 1.1}, "EURe": {"volume": 180767.42887496948, "llc": 1.1}}, "json_time": 1697002540}