{"json_time": 1691484251, "glp_data": {"liquidTreasury": 358981369.7818191, "treasuryUtilization": 0.21926262531356633, "liquidStableTreasury": 172929510.16055578, "stableTreasuryUtilization": 0.1219963209041956, "liquidSolidAssetTreasury": 171387402.60587442, "solidTreasuryUtilization": 0.29652340856564363}}