{"json_time": 1691484251, "VST": {"oracle": 0.9954632198418648, "cex_price": 1, "dex_price": 1}, "ETH": {"oracle": 1828.12, "cex_price": 1830.8449999999998, "dex_price": 1829.3221977970757}, "gOHM": {"oracle": 2830.4333583974426, "cex_price": "NaN", "dex_price": 2844.079572480764}, "GMX": {"oracle": 51.12237321837523, "cex_price": "NaN", "dex_price": 50.67092352364953}, "DPX": {"oracle": 89.60540851, "cex_price": "NaN", "dex_price": 89.43136156307611}, "sGLP": {"oracle": 0.990263205781355, "cex_price": "NaN", "dex_price": "NaN"}}