{"json_time": 1691484251, "ETH": {"VST": {"volume": 61910136.85178757, "llc": 1.1}}, "gOHM": {"VST": {"volume": 216053.34329605103, "llc": 1.15}}, "GMX": {"VST": {"volume": 6596128.139972687, "llc": 1.15}}, "DPX": {"VST": {"volume": 375316.79487228394, "llc": 1.15}}, "sGLP": {"VST": {"volume": 64851265.50245285, "llc": 1.1}}}