{"json_time": 1694186618, "glp_data": {"liquidTreasury": 313291474.38200986, "treasuryUtilization": 0.1954009335763616, "liquidStableTreasury": 126747731.04930039, "stableTreasuryUtilization": 0.10366747472044015, "liquidSolidAssetTreasury": 160363458.60910544, "solidTreasuryUtilization": 0.2703550205655823}}