{"json_time": 1694186618, "ETH-VST": {"series_std_ratio": 1.0, "volume_for_slippage_10_percentss": [30761.061291992664], "trade_every": 1800, "collaterals": [819, 1104, 1390, 1675, 1960, 2245, 2530, 2816, 3101, 3386, 3671, 3956, 4241, 4527, 4812, 5097, 5382, 5667, 5952, 6238, 6523, 6808, 7093, 7378, 7663, 7949, 8234, 8519, 8804, 9089, 1875.0], "liquidation_incentives": [0.10000000000000009], "stability_pool_initial_balances": [0.036235662788161434, 0.018117831394080717, 0.07247132557632287], "share_institutionals": [0.1026499155792287, 0.05132495778961435, 0.2052998311584574, 1], "recovery_halflife_retails": [3.3333333333333335], "price_recovery_times": [0], "l_factors": [0.25, 0.5, 1, 1.5, 2], "json_time": 1694189094.9803252, "current_debt": 819.8001270247801}, "gOHM-VST": {"series_std_ratio": 0.5718399563684763, "volume_for_slippage_10_percentss": [106.42313867807388], "trade_every": 1800, "collaterals": [1959, 2362, 2766, 3169, 3573, 3976, 4379, 4783, 5186, 5590, 5993, 6397, 6800, 7204, 7607, 8010, 8414, 8817, 9221, 9624, 10028, 10431, 10834, 11238, 11641, 12045, 12448, 12852, 13255, 13659, 2812.5], "liquidation_incentives": [0.1499999999999999], "stability_pool_initial_balances": [0.022175420987588942, 0.011087710493794471, 0.044350841975177885], "share_institutionals": [0.5999903547830163, 0.29999517739150816, 1, 1], "recovery_halflife_retails": [3.3333333333333335], "price_recovery_times": [0], "l_factors": [0.25, 0.5, 1, 1.5, 2], "json_time": 1694189094.9803252, "current_debt": 1959.302904753612}, "DPX-VST": {"series_std_ratio": 2.2756095294666916, "volume_for_slippage_10_percentss": [105.23104697465897], "trade_every": 1800, "collaterals": [104, 208, 312, 416, 520, 625, 729, 833, 937, 1041, 1145, 1250, 1354, 1458, 1562, 1666, 1770, 1875, 1979, 2083, 2187, 2291, 2395, 2500, 2604, 2708, 2812, 2916, 3020, 625.0], "liquidation_incentives": [0.1499999999999999], "stability_pool_initial_balances": [0], "share_institutionals": [0, 0.0, 0, 1], "recovery_halflife_retails": [3.3333333333333335], "price_recovery_times": [2], "l_factors": [0.25, 0.5, 1, 1.5, 2], "json_time": 1694189094.9803252, "current_debt": 0.0}, "GMX-VST": {"series_std_ratio": 2.0308729755116706, "volume_for_slippage_10_percentss": [2383.914338052273], "trade_every": 1800, "collaterals": [157, 256, 355, 454, 553, 652, 751, 850, 949, 1047, 1146, 1245, 1344, 1443, 1542, 1641, 1740, 1839, 1938, 2037, 2135, 2234, 2333, 2432, 2531, 2630, 2729, 2828, 2927, 3026, 625.0], "liquidation_incentives": [0.1499999999999999], "stability_pool_initial_balances": [0.32094871277555287, 0.16047435638777643, 0.6418974255511057], "share_institutionals": [0.918964236674557, 0.4594821183372785, 1, 1], "recovery_halflife_retails": [3.3333333333333335], "price_recovery_times": [0], "l_factors": [0.25, 0.5, 1, 1.5, 2], "json_time": 1694189094.9803252, "current_debt": 157.83789481757253}, "sGLP-VST": {"series_std_ratio": 0.6132330529291525, "volume_for_slippage_10_percentss": [21816.201195418835], "trade_every": 1800, "collaterals": [307, 348, 390, 432, 474, 516, 558, 600, 641, 683, 725, 767, 809, 851, 892, 934, 976, 1018, 1060, 1102, 1144, 1185, 1227, 1269, 1311, 1353, 1395, 1436, 1478, 1520, 312.5], "liquidation_incentives": [0.10000000000000009], "stability_pool_initial_balances": [0.0007638435953396572, 0.0003819217976698286, 0.0015276871906793144], "share_institutionals": [0.0, 0.0, 0.0, 1], "recovery_halflife_retails": [3.3333333333333335], "price_recovery_times": [0], "l_factors": [0.25, 0.5, 1, 1.5, 2], "json_time": 1694189094.9803252, "current_debt": 307.12126700566284}}