{"json_time": 1694186618, "stabilityPoolVstBalance": {"ETH": 47529.60153049895, "gOHM": 69517.38680818756, "GMX": 81052.59067024483, "DPX": 0.0, "sGLP": 375.34818047180215}, "stabilityPoolGemBalance": {"ETH": 16984.304443935645, "gOHM": 6740.439936260293, "GMX": 12199.339569819069, "DPX": 7057.424982999551, "sGLP": 0.0}, "bprotocolBalance": {"ETH": 4878.894021178932, "gOHM": 41709.761574632634, "DPX": 0.0, "GMX": 74479.11809757624, "sGLP": 0.0}, "bprotocolGemBalance": {"ETH": 0.015563441164030752, "gOHM": 0.0, "DPX": 0.11910192561432548, "GMX": 5.3140182006197065, "sGLP": 0.0}}