{"json_time": 1694186618, "ETH": {"VST": {"volume": 49217698.06718826, "llc": 1.1}}, "gOHM": {"VST": {"volume": 170277.0218849182, "llc": 1.15}}, "GMX": {"VST": {"volume": 3814262.9408836365, "llc": 1.15}}, "DPX": {"VST": {"volume": 168369.67515945435, "llc": 1.15}}, "sGLP": {"VST": {"volume": 34905921.912670135, "llc": 1.1}}}