{"json_time": 1665665568, "auUSDC": {"oracle": 1.0, "cex_price": 1, "dex_price": 1}, "auETH": {"oracle": 1209.3364558, "cex_price": 1208.1750000000002, "dex_price": 1217.6182721693972}, "auWBTC": {"oracle": 18365.5, "cex_price": 18310.905, "dex_price": 18449.24501999529}, "auUSDT": {"oracle": 0.99996016, "cex_price": 1, "dex_price": 0.999929214011011}, "auWNEAR": {"oracle": 2.84365208, "cex_price": 2.9055, "dex_price": 2.909771380257785}, "auSTNEAR": {"oracle": 3.20962059, "cex_price": "NaN", "dex_price": 3.298229510515143}}