{"json_time": 1687938895, "data": [{"account": "0x5ce561e048d2cd64523D6316228F97bd2537F92f", "user_collateral_wo_looping": 0.8160340096290908, "user_debt_wo_looping": 1.5500804483335044}, {"account": "0x7e1a061ca70838e1E79BCcBee306a56746f9e2F8", "user_collateral_wo_looping": 0.004158629471773606, "user_debt_wo_looping": 0.005396036157157318}, {"account": "0x5420cFd7449ed4245936a71A761adF77Bd7D0071", "user_collateral_wo_looping": 0.0071152848067840965, "user_debt_wo_looping": 0.00787713545134322}, {"account": "0x4F1fdB46D6B90b33896c79D390cC348Ec8B73B39", "user_collateral_wo_looping": 0.008028260287574508, "user_debt_wo_looping": 0.008315333125024117}]}