{"json_time": 1687938895, "USDC": {"oracle": 0.9999151395638174, "cex_price": 1, "dex_price": 1}, "WXDAI": {"oracle": 1.0, "cex_price": 1, "dex_price": 1.000124983416931}, "LINK": {"oracle": 6.022030953239099, "cex_price": 6.0275, "dex_price": 6.479173007120376}, "GNO": {"oracle": 115.03059125723907, "cex_price": 114.9, "dex_price": 115.91426760783096}, "WBTC": {"oracle": 30296.67481285854, "cex_price": 30228.955, "dex_price": 30312.969282655708}, "WETH": {"oracle": 1853.6795279127734, "cex_price": 1854.995, "dex_price": 1880.4321284142818}, "FOX": {"oracle": 0.021104968479537984, "cex_price": 0.021150000000000002, "dex_price": 0.021813323148366866}, "USDT": {"oracle": 1.0001151405918227, "cex_price": 1, "dex_price": 1.0002119128975617}, "EURe": {"oracle": 1.0951956293055347, "cex_price": 1.0925500000000001, "dex_price": 1.0865633132805674}, "wstETH": {"oracle": 2094.5112769479633, "cex_price": "NaN", "dex_price": 2094.5112769479633}}