{"USDC": {"WXDAI": {"volume": 4144233.9243888855, "llc": 1.05}, "LINK": {"volume": 1476.8366813659668, "llc": 1.05}, "GNO": {"volume": 100658.86640548706, "llc": 1.05}, "WBTC": {"volume": 30087.037563323975, "llc": 1.05}, "WETH": {"volume": 37116.8499806089, "llc": 1.05}, "FOX": {"volume": 3384.183406829834, "llc": 1.05}, "USDT": {"volume": 3148598.933696747, "llc": 1.05}, "EURe": {"volume": 1293704.243183136, "llc": 1.05}, "wstETH": {"volume": 37116.8499806089, "llc": 1.05}}, "WXDAI": {"USDC": {"volume": 4059356.9951057434, "llc": 1.05}, "LINK": {"volume": 1476.8366813659668, "llc": 1.05}, "GNO": {"volume": 120686.00702285767, "llc": 1.05}, "WBTC": {"volume": 30087.037563323975, "llc": 1.05}, "WETH": {"volume": 41216, "llc": 1.05}, "FOX": {"volume": 3384.183406829834, "llc": 1.05}, "USDT": {"volume": 3148598.933696747, "llc": 1.05}, "EURe": {"volume": 1293704.243183136, "llc": 1.05}, "wstETH": {"volume": 41216, "llc": 1.05}}, "LINK": {"USDC": {"volume": 4337.856769561768, "llc": 1.2}, "WXDAI": {"volume": 4337.856769561768, "llc": 1.2}, "GNO": {"volume": 4337.856769561768, "llc": 1.2}, "WBTC": {"volume": 4337.856769561768, "llc": 1.2}, "WETH": {"volume": 4337.856769561768, "llc": 1.2}, "FOX": {"volume": 3384.183406829834, "llc": 1.2}, "USDT": {"volume": 4337.856769561768, "llc": 1.2}, "EURe": {"volume": 3384.183406829834, "llc": 1.2}, "wstETH": {"volume": 4337.856769561768, "llc": 1.2}}, "GNO": {"USDC": {"volume": 126408.04719924927, "llc": 1.1}, "WXDAI": {"volume": 126408.04719924927, "llc": 1.1}, "LINK": {"volume": 2430.5100440979004, "llc": 1.1}, "WBTC": {"volume": 60604.58517074585, "llc": 1.1}, "WETH": {"volume": 410602.7092933655, "llc": 1.1}, "FOX": {"volume": 5291.530132293701, "llc": 1.1}, "USDT": {"volume": 126408.04719924927, "llc": 1.1}, "EURe": {"volume": 126408.04719924927, "llc": 1.1}, "wstETH": {"volume": 410602.7092933655, "llc": 1.1}}, "WBTC": {"USDC": {"volume": 48206.83145523071, "llc": 1.1}, "WXDAI": {"volume": 52021.52490615845, "llc": 1.1}, "LINK": {"volume": 2430.5100440979004, "llc": 1.1}, "GNO": {"volume": 70141.31879806519, "llc": 1.1}, "WETH": {"volume": 111149.27339553833, "llc": 1.1}, "FOX": {"volume": 4337.856769561768, "llc": 1.1}, "USDT": {"volume": 39623.77119064331, "llc": 1.1}, "EURe": {"volume": 39623.77119064331, "llc": 1.1}, "wstETH": {"volume": 111149.27339553833, "llc": 1.1}}, "WETH": {"USDC": {"volume": 69049.5624147508, "llc": 1.05}, "WXDAI": {"volume": 69049.5624147508, "llc": 1.05}, "LINK": {"volume": 1476.8366813659668, "llc": 1.05}, "GNO": {"volume": 188396.81577682495, "llc": 1.05}, "WBTC": {"volume": 54882.54499435425, "llc": 1.05}, "FOX": {"volume": 3384.183406829834, "llc": 1.05}, "USDT": {"volume": 69049.5624147508, "llc": 1.05}, "EURe": {"volume": 27226.017475128174, "llc": 1.05}, "wstETH": {"volume": 2093267.6068954994, "llc": 1.05}}, "FOX": {"USDC": {"volume": 5291.530132293701, "llc": 1.1}, "WXDAI": {"volume": 5291.530132293701, "llc": 1.1}, "LINK": {"volume": 2430.5100440979004, "llc": 1.1}, "GNO": {"volume": 5291.530132293701, "llc": 1.1}, "WBTC": {"volume": 4337.856769561768, "llc": 1.1}, "WETH": {"volume": 5291.530132293701, "llc": 1.1}, "USDT": {"volume": 5291.530132293701, "llc": 1.1}, "EURe": {"volume": 5291.530132293701, "llc": 1.1}, "wstETH": {"volume": 5291.530132293701, "llc": 1.1}}, "USDT": {"USDC": {"volume": 3974480.0658226013, "llc": 1.05}, "WXDAI": {"volume": 4057449.6483802795, "llc": 1.05}, "LINK": {"volume": 1476.8366813659668, "llc": 1.05}, "GNO": {"volume": 53928.871631622314, "llc": 1.05}, "WBTC": {"volume": 30087.037563323975, "llc": 1.05}, "WETH": {"volume": 37124.27401876846, "llc": 1.05}, "FOX": {"volume": 3384.183406829834, "llc": 1.05}, "EURe": {"volume": 1279399.142742157, "llc": 1.05}, "wstETH": {"volume": 37124.27401876846, "llc": 1.05}}, "EURe": {"USDC": {"volume": 2081438.4407997131, "llc": 1.15}, "WXDAI": {"volume": 2082392.114162445, "llc": 1.15}, "LINK": {"volume": 3384.183406829834, "llc": 1.15}, "GNO": {"volume": 189350.48913955688, "llc": 1.15}, "WBTC": {"volume": 85400.09260177612, "llc": 1.15}, "WETH": {"volume": 192211.5092277527, "llc": 1.15}, "FOX": {"volume": 7198.876857757568, "llc": 1.15}, "USDT": {"volume": 2079531.0940742493, "llc": 1.15}, "wstETH": {"volume": 192211.5092277527, "llc": 1.15}}, "wstETH": {"USDC": {"volume": 69049.5624147508, "llc": 1.05}, "WXDAI": {"volume": 69049.5624147508, "llc": 1.05}, "LINK": {"volume": 1476.8366813659668, "llc": 1.05}, "GNO": {"volume": 188396.81577682495, "llc": 1.05}, "WBTC": {"volume": 54882.54499435425, "llc": 1.05}, "WETH": {"volume": 2646676.81233337, "llc": 1.1}, "FOX": {"volume": 3384.183406829834, "llc": 1.05}, "USDT": {"volume": 69049.5624147508, "llc": 1.05}, "EURe": {"volume": 27226.017475128174, "llc": 1.05}}, "json_time": 1687938895}