{"json_time": 1670510080, "ETH-VST": {"series_std_ratio": 1.0, "volume_for_slippage_10_percentss": [13118.104081451893], "trade_every": 1800, "collaterals": [259, 3375, 6491, 9608, 12724, 15840, 18957, 22073, 25190, 28306, 31422, 34539, 37655, 40771, 43888, 47004, 50120, 53237, 56353, 59470, 62586, 65702, 68819, 71935, 75051, 78168, 81284, 84400, 87517, 90633, 18750.0], "liquidation_incentives": [0.10000000000000009], "stability_pool_initial_balances": [2.0445746693548417, 1.0222873346774208, 4.089149338709683], "share_institutionals": [0.15818259991841097, 0.07909129995920548, 0.31636519983682193, 1], "recovery_halflife_retails": [3.3333333333333335], "price_recovery_times": [0], "l_factors": [0.25, 0.5, 1, 1.5, 2], "json_time": 1670590365.6963243, "current_debt": 259.16393808380724}, "gOHM-VST": {"series_std_ratio": 2.2886683758460302, "volume_for_slippage_10_percentss": [261.99110597372055], "trade_every": 1800, "collaterals": [3322, 3836, 4350, 4865, 5379, 5893, 6407, 6922, 7436, 7950, 8464, 8979, 9493, 10007, 10521, 11036, 11550, 12064, 12578, 13093, 13607, 14121, 14635, 15150, 15664, 16178, 16692, 17207, 17721, 18235, 3750.0], "liquidation_incentives": [0.1499999999999999], "stability_pool_initial_balances": [0.04756906742712402, 0.02378453371356201, 0.09513813485424805], "share_institutionals": [0.5547059856344007, 0.27735299281720033, 1, 1], "recovery_halflife_retails": [3.3333333333333335], "price_recovery_times": [0], "l_factors": [0.25, 0.5, 1, 1.5, 2], "json_time": 1670590365.6963243, "current_debt": 3322.224668130116}, "DPX-VST": {"series_std_ratio": 2.2825207983845095, "volume_for_slippage_10_percentss": [413.98279815912247], "trade_every": 1800, "collaterals": [199, 609, 1019, 1429, 1839, 2249, 2659, 3069, 3479, 3889, 4299, 4709, 5119, 5529, 5939, 6349, 6759, 7169, 7579, 7989, 8399, 8809, 9219, 9629, 10039, 10449, 10859, 11269, 11679, 12089, 2500.0], "liquidation_incentives": [0.1499999999999999], "stability_pool_initial_balances": [0.2552272957489922, 0.1276136478744961, 0.5104545914979844], "share_institutionals": [0.026110366370420707, 0.013055183185210354, 0.052220732740841415, 1], "recovery_halflife_retails": [3.3333333333333335], "price_recovery_times": [2], "l_factors": [0.25, 0.5, 1, 1.5, 2], "json_time": 1670590365.6963243, "current_debt": 199.71450804532472}, "GMX-VST": {"series_std_ratio": 2.0371256287759105, "volume_for_slippage_10_percentss": [1870.1228138804436], "trade_every": 1800, "collaterals": [94, 508, 921, 1335, 1748, 2162, 2575, 2989, 3402, 3816, 4229, 4643, 5056, 5470, 5883, 6297, 6710, 7124, 7537, 7951, 8364, 8778, 9191, 9605, 10018, 10432, 10845, 11259, 11672, 12086, 2500.0], "liquidation_incentives": [0.1499999999999999], "stability_pool_initial_balances": [0.6226142337611492, 0.3113071168805746, 1.2452284675222984], "share_institutionals": [0.00498042469547878, 0.00249021234773939, 0.00996084939095756, 1], "recovery_halflife_retails": [3.3333333333333335], "price_recovery_times": [0], "l_factors": [0.25, 0.5, 1, 1.5, 2], "json_time": 1670590365.6963243, "current_debt": 94.78748554506736}, "sGLP-VST": {"series_std_ratio": 0.6130688281835444, "volume_for_slippage_10_percentss": [13117.508035600185], "trade_every": 1800, "collaterals": [3100, 3518, 3935, 4353, 4770, 5187, 5605, 6022, 6440, 6857, 7275, 7692, 8110, 8527, 8945, 9362, 9780, 10197, 10615, 11032, 11450, 11867, 12285, 12702, 13120, 13537, 13955, 14372, 14790, 15207, 3125.0], "liquidation_incentives": [0.10000000000000009], "stability_pool_initial_balances": [0.9010206207808338, 0.4505103103904169, 1.8020412415616676], "share_institutionals": [0.0, 0.0, 0.0, 1], "recovery_halflife_retails": [3.3333333333333335], "price_recovery_times": [0], "l_factors": [0.25, 0.5, 1, 1.5, 2], "json_time": 1670590365.6963243, "current_debt": 3100.5898238574905}}