{"json_time": 1670510080, "ETH": {"VST": {"volume": 20988966.53032303, "llc": 1.1}}, "gOHM": {"VST": {"volume": 419185.7695579529, "llc": 1.15}}, "GMX": {"VST": {"volume": 2992196.5022087097, "llc": 1.15}}, "DPX": {"VST": {"volume": 662372.477054596, "llc": 1.15}}, "sGLP": {"VST": {"volume": 20988012.856960297, "llc": 1.1}}}