{"json_time": 1676471641, "ETH-VST": {"series_std_ratio": 1.0, "volume_for_slippage_10_percentss": [3197.5169256329536], "trade_every": 1800, "collaterals": [320, 3434, 6548, 9663, 12777, 15891, 19006, 22120, 25234, 28349, 31463, 34577, 37692, 40806, 43920, 47035, 50149, 53263, 56378, 59492, 62606, 65721, 68835, 71949, 75064, 78178, 81292, 84407, 87521, 90635, 18750.0], "liquidation_incentives": [0.10000000000000009], "stability_pool_initial_balances": [0.48522286011793925, 0.24261143005896962, 0.9704457202358785], "share_institutionals": [0.5053264199422948, 0.2526632099711474, 1, 1], "recovery_halflife_retails": [3.3333333333333335], "price_recovery_times": [0], "l_factors": [0.25, 0.5, 1, 1.5, 2], "json_time": 1676472949.980891, "current_debt": 320.20207742924316}, "gOHM-VST": {"series_std_ratio": 0.5718399563684763, "volume_for_slippage_10_percentss": [230.40067583322525], "trade_every": 1800, "collaterals": [3452, 3962, 4472, 4982, 5492, 6002, 6512, 7022, 7532, 8041, 8551, 9061, 9571, 10081, 10591, 11101, 11611, 12121, 12631, 13141, 13650, 14160, 14670, 15180, 15690, 16200, 16710, 17220, 17730, 18240, 3750.0], "liquidation_incentives": [0.1499999999999999], "stability_pool_initial_balances": [0.003659762914702555, 0.0018298814573512775, 0.00731952582940511], "share_institutionals": [0.13020709871470512, 0.06510354935735256, 0.26041419742941024, 1], "recovery_halflife_retails": [3.3333333333333335], "price_recovery_times": [0], "l_factors": [0.25, 0.5, 1, 1.5, 2], "json_time": 1676472949.980891, "current_debt": 3452.801184172693}, "DPX-VST": {"series_std_ratio": 2.2756095294666916, "volume_for_slippage_10_percentss": [476.5676125884056], "trade_every": 1800, "collaterals": [417, 715, 1014, 1312, 1611, 1910, 2208, 2507, 2805, 3104, 3403, 3701, 4000, 4298, 4597, 4896, 5194, 5493, 5791, 6090, 6389, 6687, 6986, 7284, 7583, 7882, 8180, 8479, 8777, 9076, 1875.0], "liquidation_incentives": [0.1499999999999999], "stability_pool_initial_balances": [0.0486263722226517, 0.02431318611132585, 0.0972527444453034], "share_institutionals": [0.005025595585835147, 0.0025127977929175734, 0.010051191171670294, 1], "recovery_halflife_retails": [3.3333333333333335], "price_recovery_times": [2], "l_factors": [0.25, 0.5, 1, 1.5, 2], "json_time": 1676472949.980891, "current_debt": 417.21071240633836}, "GMX-VST": {"series_std_ratio": 2.0308729755116706, "volume_for_slippage_10_percentss": [2393.451071679592], "trade_every": 1800, "collaterals": [37, 452, 867, 1283, 1698, 2114, 2529, 2945, 3360, 3775, 4191, 4606, 5022, 5437, 5853, 6268, 6683, 7099, 7514, 7930, 8345, 8761, 9176, 9591, 10007, 10422, 10838, 11253, 11669, 12084, 2500.0], "liquidation_incentives": [0.1499999999999999], "stability_pool_initial_balances": [0.8483721364564782, 0.4241860682282391, 1.6967442729129565], "share_institutionals": [0.011181494996411856, 0.005590747498205928, 0.022362989992823712, 1], "recovery_halflife_retails": [3.3333333333333335], "price_recovery_times": [0], "l_factors": [0.25, 0.5, 1, 1.5, 2], "json_time": 1676472949.980891, "current_debt": 37.07266896481546}, "sGLP-VST": {"series_std_ratio": 0.6132330529291525, "volume_for_slippage_10_percentss": [3199.9011090397835], "trade_every": 1800, "collaterals": [1115, 1807, 2499, 3191, 3883, 4575, 5267, 5959, 6651, 7343, 8035, 8727, 9419, 10111, 10803, 11495, 12187, 12879, 13571, 14263, 14955, 15647, 16339, 17031, 17723, 18415, 19107, 19799, 20491, 21183, 4375.0], "liquidation_incentives": [0.10000000000000009], "stability_pool_initial_balances": [0.007535568351753241, 0.0037677841758766207, 0.015071136703506483], "share_institutionals": [0.0, 0.0, 0.0, 1], "recovery_halflife_retails": [3.3333333333333335], "price_recovery_times": [0], "l_factors": [0.25, 0.5, 1, 1.5, 2], "json_time": 1676472949.980891, "current_debt": 1115.0001612510637}}