{"json_time": 1676471641, "stabilityPoolVstBalance": {"ETH": 248590.98852147712, "gOHM": 20218.29396108206, "GMX": 50322.27099811884, "DPX": 32459.909434797275, "sGLP": 13443.455883717243}, "stabilityPoolGemBalance": {"ETH": 18087.69910573896, "gOHM": 11020.185213446104, "GMX": 4579.918404883503, "DPX": 159.30171307331338, "sGLP": 0.0}, "bprotocolBalance": {"ETH": 125619.5733495479, "gOHM": 2632.5653976335384, "DPX": 163.12888532112555, "GMX": 561.5920438432901, "sGLP": 0.0}, "bprotocolGemBalance": {"ETH": 0.020909926228998572, "gOHM": 0.0, "DPX": 0.001492251000255862, "GMX": 1.0861775302571635, "sGLP": 0.0}}