{"json_time": 1671207672, "glp_data": {"liquidTreasury": 322808932.2897657, "treasuryUtilization": 0.26649883221958254, "liquidStableTreasury": 148788088.0166183, "stableTreasuryUtilization": 0.33427686096719567, "liquidSolidAssetTreasury": 160942616.6249639, "solidTreasuryUtilization": 0.19699800547603707}}