{"json_time": 1671207672, "ETH-VST": {"series_std_ratio": 1.0, "volume_for_slippage_10_percentss": [1635.8767941594124], "trade_every": 1800, "collaterals": [527, 3635, 6742, 9849, 12957, 16064, 19172, 22279, 25387, 28494, 31601, 34709, 37816, 40924, 44031, 47138, 50246, 53353, 56461, 59568, 62675, 65783, 68890, 71998, 75105, 78212, 81320, 84427, 87535, 90642, 18750.0], "liquidation_incentives": [0.10000000000000009], "stability_pool_initial_balances": [0.9248474802301423, 0.46242374011507115, 1.8496949604602846], "share_institutionals": [0.16891258434997267, 0.08445629217498633, 0.33782516869994533, 1], "recovery_halflife_retails": [3.3333333333333335], "price_recovery_times": [0], "l_factors": [0.25, 0.5, 1, 1.5, 2], "json_time": 1671211337.5750647, "current_debt": 527.7602833589176}, "gOHM-VST": {"series_std_ratio": 0.5716868167571741, "volume_for_slippage_10_percentss": [216.09557539224625], "trade_every": 1800, "collaterals": [3333, 3847, 4361, 4875, 5389, 5903, 6416, 6930, 7444, 7958, 8472, 8986, 9500, 10014, 10527, 11041, 11555, 12069, 12583, 13097, 13611, 14125, 14638, 15152, 15666, 16180, 16694, 17208, 17722, 18236, 3750.0], "liquidation_incentives": [0.1499999999999999], "stability_pool_initial_balances": [0.046719695029919024, 0.023359847514959512, 0.09343939005983805], "share_institutionals": [0.5534280630294478, 0.2767140315147239, 1, 1], "recovery_halflife_retails": [3.3333333333333335], "price_recovery_times": [0], "l_factors": [0.25, 0.5, 1, 1.5, 2], "json_time": 1671211337.5750647, "current_debt": 3333.6712647103773}, "DPX-VST": {"series_std_ratio": 2.2750001177686507, "volume_for_slippage_10_percentss": [394.9093309044838], "trade_every": 1800, "collaterals": [216, 626, 1035, 1444, 1854, 2263, 2673, 3082, 3492, 3901, 4311, 4720, 5129, 5539, 5948, 6358, 6767, 7177, 7586, 7996, 8405, 8814, 9224, 9633, 10043, 10452, 10862, 11271, 11681, 12090, 2500.0], "liquidation_incentives": [0.1499999999999999], "stability_pool_initial_balances": [0.08025998365579062, 0.04012999182789531, 0.16051996731158125], "share_institutionals": [0.07480791121857176, 0.03740395560928588, 0.14961582243714353, 1], "recovery_halflife_retails": [3.3333333333333335], "price_recovery_times": [2], "l_factors": [0.25, 0.5, 1, 1.5, 2], "json_time": 1671211337.5750647, "current_debt": 216.64181370398546}, "GMX-VST": {"series_std_ratio": 2.0303291046355447, "volume_for_slippage_10_percentss": [1650.1818946003914], "trade_every": 1800, "collaterals": [100, 513, 926, 1340, 1753, 2166, 2580, 2993, 3406, 3820, 4233, 4646, 5060, 5473, 5886, 6300, 6713, 7126, 7540, 7953, 8366, 8780, 9193, 9606, 10020, 10433, 10846, 11260, 11673, 12086, 2500.0], "liquidation_incentives": [0.1499999999999999], "stability_pool_initial_balances": [0.3078213120799805, 0.15391065603999024, 0.615642624159961], "share_institutionals": [0.009405058540123353, 0.004702529270061677, 0.018810117080246706, 1], "recovery_halflife_retails": [3.3333333333333335], "price_recovery_times": [0], "l_factors": [0.25, 0.5, 1, 1.5, 2], "json_time": 1671211337.5750647, "current_debt": 100.26364131670647}, "sGLP-VST": {"series_std_ratio": 0.6130688281835444, "volume_for_slippage_10_percentss": [1650.1818946003914], "trade_every": 1800, "collaterals": [3724, 4329, 4934, 5539, 6144, 6749, 7354, 7959, 8564, 9169, 9774, 10379, 10984, 11589, 12194, 12799, 13404, 14009, 14614, 15219, 15824, 16429, 17034, 17639, 18244, 18849, 19454, 20059, 20664, 21269, 4375.0], "liquidation_incentives": [0.10000000000000009], "stability_pool_initial_balances": [0.7371483922927378, 0.3685741961463689, 1.4742967845854755], "share_institutionals": [0.0, 0.0, 0.0, 1], "recovery_halflife_retails": [3.3333333333333335], "price_recovery_times": [0], "l_factors": [0.25, 0.5, 1, 1.5, 2], "json_time": 1671211337.5750647, "current_debt": 3724.983976053321}}