{"json_time": 1671207672, "ETH": {"VST": {"volume": 2617402.87065506, "llc": 1.1}}, "gOHM": {"VST": {"volume": 345752.920627594, "llc": 1.15}}, "GMX": {"VST": {"volume": 2640291.031360626, "llc": 1.15}}, "DPX": {"VST": {"volume": 631854.9294471741, "llc": 1.15}}, "sGLP": {"VST": {"volume": 2640291.031360626, "llc": 1.1}}}