{"json_time": 1686388005, "glp_data": {"liquidTreasury": 344899547.6296834, "treasuryUtilization": 0.2799972571768961, "liquidStableTreasury": 221508133.00744367, "stableTreasuryUtilization": 0.08786495073868132, "liquidSolidAssetTreasury": 119619457.03896955, "solidTreasuryUtilization": 0.48057827158695415}}