{"json_time": 1673096710, "ETH-VST": {"series_std_ratio": 1.0, "volume_for_slippage_10_percentss": [25028.29229027033], "trade_every": 1800, "collaterals": [0], "liquidation_incentives": [0.10000000000000009], "stability_pool_initial_balances": [1.9823828802545576], "share_institutionals": [0.17545460226047652], "recovery_halflife_retails": [3.3333333333333335], "price_recovery_times": [0], "l_factors": [0], "json_time": 1673099616.7912881, "current_debt": 238.06789736881433, "collateral_factor": 0.9090909090909091}, "gOHM-VST": {"series_std_ratio": 0.5716868167571741, "volume_for_slippage_10_percentss": [201.79047495126724], "trade_every": 1800, "collaterals": [0], "liquidation_incentives": [0.1499999999999999], "stability_pool_initial_balances": [0.18447818885434736], "share_institutionals": [0.0053963802183469405], "recovery_halflife_retails": [3.3333333333333335], "price_recovery_times": [0], "l_factors": [0], "json_time": 1673099616.7912881, "current_debt": 3404.656871308737, "collateral_factor": 0.6666666666666666}, "DPX-VST": {"series_std_ratio": 2.2750001177686507, "volume_for_slippage_10_percentss": [394.31328505277634], "trade_every": 1800, "collaterals": [0], "liquidation_incentives": [0.1499999999999999], "stability_pool_initial_balances": [0.1943201234127048], "share_institutionals": [0.08879368427477168], "recovery_halflife_retails": [3.3333333333333335], "price_recovery_times": [2], "l_factors": [0], "json_time": 1673099616.7912881, "current_debt": 219.97038699738292, "collateral_factor": 0.6666666666666666}, "GMX-VST": {"series_std_ratio": 2.0303291046355447, "volume_for_slippage_10_percentss": [1713.9588007330894], "trade_every": 1800, "collaterals": [0], "liquidation_incentives": [0.1499999999999999], "stability_pool_initial_balances": [0.7640977494214071], "share_institutionals": [0.007463658317037375], "recovery_halflife_retails": [3.3333333333333335], "price_recovery_times": [0], "l_factors": [0], "json_time": 1673099616.7912881, "current_debt": 51.67214057690498, "collateral_factor": 0.6666666666666666}, "sGLP-VST": {"series_std_ratio": 0.6130688281835444, "volume_for_slippage_10_percentss": [23297.37513691187], "trade_every": 1800, "collaterals": [0], "liquidation_incentives": [0.10000000000000009], "stability_pool_initial_balances": [0.8239583136971971], "share_institutionals": [0.0], "recovery_halflife_retails": [3.3333333333333335], "price_recovery_times": [0], "l_factors": [0], "json_time": 1673099616.7912881, "current_debt": 1857.6229251123275, "collateral_factor": 0.8333333333333334}}