{"json_time": 1673096710, "VST": {"oracle": 0.9902842304051882, "cex_price": 1, "dex_price": 1}, "ETH": {"oracle": 1263.99, "cex_price": 1264.4050000000002, "dex_price": 1264.6884405051283}, "gOHM": {"oracle": 2512.044502447321, "cex_price": "NaN", "dex_price": 2523.39000197368}, "GMX": {"oracle": 41.46291950391874, "cex_price": "NaN", "dex_price": 41.5022054425732}, "DPX": {"oracle": 243.56601225, "cex_price": "NaN", "dex_price": 243.79152532182565}, "sGLP": {"oracle": 0.842228853453943, "cex_price": "NaN", "dex_price": "NaN"}}