{"json_time": 1673096710, "stabilityPoolVstBalance": {"ETH": 755106.7585314185, "gOHM": 1004935.8932632714, "GMX": 63172.106116159455, "DPX": 68391.47639755502, "sGLP": 2448966.1645772927}, "stabilityPoolGemBalance": {"ETH": 16971.937110354756, "gOHM": 9825.981489704584, "GMX": 1235.1043855358037, "DPX": 126.57017441228079, "sGLP": 0.0}, "bprotocolBalance": {"ETH": 132486.93407563277, "gOHM": 5423.016175112731, "DPX": 6072.675910339404, "GMX": 468.6658631808437, "sGLP": 0.0}, "bprotocolGemBalance": {"ETH": 0.021906694959074585, "gOHM": 0.0, "DPX": 0.0552519905950038, "GMX": 2.829152037797485, "sGLP": 0.0}}