{"json_time": 1673096710, "ETH": {"VST": {"volume": 40045267.664432526, "llc": 1.1}}, "gOHM": {"VST": {"volume": 322864.7599220276, "llc": 1.15}}, "GMX": {"VST": {"volume": 2742334.081172943, "llc": 1.15}}, "DPX": {"VST": {"volume": 630901.2560844421, "llc": 1.15}}, "sGLP": {"VST": {"volume": 37275800.21905899, "llc": 1.1}}}