{"json_time": 1671883625, "USDC": {"oracle": 1.000275255744876, "cex_price": 1, "dex_price": 1}, "WXDAI": {"oracle": 1.0, "cex_price": 1, "dex_price": 1.000411220644839}, "LINK": {"oracle": 5.894914752641632, "cex_price": 5.9055, "dex_price": 6.302913290188261}, "GNO": {"oracle": 87.28765130588636, "cex_price": 87.35, "dex_price": 87.53754397225381}, "WBTC": {"oracle": 16816.94065706001, "cex_price": 16823.449999999997, "dex_price": 16999.644367439832}, "WETH": {"oracle": 1216.7109145094548, "cex_price": 1218.775, "dex_price": 1224.737973398078}, "FOX": {"oracle": 0.02847063454921525, "cex_price": 0.028999999999999998, "dex_price": 0.028890049976492346}, "USDT": {"oracle": 1.0001892520783868, "cex_price": 1, "dex_price": 1.0004000009367746}}