{
  "json_time": 1669890075,
  "WBTC": {
    "USDC": {
      "volume": 26295577.032532,
      "llc": 1.0399883457706924
    }
  },
  "USDT": {
    "USDC": {
      "volume": 376091155.573269,
      "llc": 1.0380536835613707
    }
  },
  "WETH": {
    "USDC": {
      "volume": 62999408.92068599,
      "llc": 1.039977034729483
    }
  },
  "sUSD": {
    "USDC": {
      "volume": 17505688.095099,
      "llc": 1.0399934208764767
    }
  },
  "GUSD": {
    "USDC": {
      "volume": 10953232.717209,
      "llc": 1.0395998228050947
    }
  },
  "LUSD": {
    "USDC": {
      "volume": 53956619.640216,
      "llc": 1.0399893977619625
    }
  },
  "FRAX": {
    "USDC": {
      "volume": 400360904.493502,
      "llc": 1.0397136096260209
    }
  },
  "DAI": {
    "USDC": {
      "volume": 2719102336.09302,
      "llc": 1.0286863077170632
    }
  },
  "SNX": {
    "USDC": {
      "volume": 64817.14160599999,
      "llc": 1.0397460502814817
    }
  },
  "LDO": {
    "USDC": {
      "volume": 973220.9746399999,
      "llc": 1.0399941064878777
    }
  },
  "FXS": {
    "USDC": {
      "volume": 880957.7987910002,
      "llc": 1.0399925230349618
    }
  },
  "CVX": {
    "USDC": {
      "volume": 520328.674159,
      "llc": 1.0399909149012707
    }
  },
  "CRV": {
    "USDC": {
      "volume": 1233771.969814,
      "llc": 1.0398698197055607
    }
  },
  "stETH": {
    "USDC": {
      "volume": 47839038.444813,
      "llc": 1.0398123653525566
    }
  },
  "3Crv": {
    "USDC": {
      "volume": 248493416.332945,
      "llc": 1.0398270915273589
    }
  },
  "wstETH": {
    "USDC": {
      "volume": 53329602.690858,
      "llc": 1.0399824562668014
    }
  },
  "LQTY": {
    "USDC": {
      "volume": 498457.818536,
      "llc": 1.0399921641786025
    }
  },
  "yvUSDC": {
    "USDC": {
      "volume": 999999999999,
      "llc": 1
    }
  },
  "yvDAI": {
    "USDC": {
      "volume": 2719102336.09302,
      "llc": 1.0286863077170632
    }
  },
  "yvWETH": {
    "USDC": {
      "volume": 62999408.92068599,
      "llc": 1.039977034729483
    }
  },
  "yvWBTC": {
    "USDC": {
      "volume": 26295577.032532,
      "llc": 1.0399883457706924
    }
  },
  "stkcvx3Crv": {
    "USDC": {
      "volume": 248493416.332945,
      "llc": 1.0398270915273589
    }
  },
  "cvx3Crv": {
    "USDC": {
      "volume": 248493416.332945,
      "llc": 1.0398270915273589
    }
  },
  "steCRV": {
    "USDC": {
      "volume": 77382227.53860226,
      "llc": 1.0398123653525566
    }
  },
  "cvxsteCRV": {
    "USDC": {
      "volume": 77382227.53860226,
      "llc": 1.0398123653525566
    }
  },
  "stkcvxsteCRV": {
    "USDC": {
      "volume": 77382227.53860226,
      "llc": 1.0398123653525566
    }
  },
  "yvCurve-stETH": {
    "USDC": {
      "volume": 77382227.53860226,
      "llc": 1.0398123653525566
    }
  },
  "FRAX3CRV-f": {
    "USDC": {
      "volume": 564671154.1103371,
      "llc": 1.0398270915273589
    }
  },
  "cvxFRAX3CRV-f": {
    "USDC": {
      "volume": 564671154.1103371,
      "llc": 1.0398270915273589
    }
  },
  "stkcvxFRAX3CRV-f": {
    "USDC": {
      "volume": 564671154.1103371,
      "llc": 1.0398270915273589
    }
  },
  "yvCurve-FRAX": {
    "USDC": {
      "volume": 564671154.1103371,
      "llc": 1.0398270915273589
    }
  },
  "LUSD3CRV-f": {
    "USDC": {
      "volume": 270613806.94156516,
      "llc": 1.0398270915273589
    }
  },
  "cvxLUSD3CRV-f": {
    "USDC": {
      "volume": 270613806.94156516,
      "llc": 1.0398270915273589
    }
  },
  "stkcvxLUSD3CRV-f": {
    "USDC": {
      "volume": 270613806.94156516,
      "llc": 1.0398270915273589
    }
  },
  "crvPlain3andSUSD": {
    "USDC": {
      "volume": 91960124.94060081,
      "llc": 1.0399934208764767
    }
  },
  "cvxcrvPlain3andSUSD": {
    "USDC": {
      "volume": 91960124.94060081,
      "llc": 1.0399934208764767
    }
  },
  "stkcvxcrvPlain3andSUSD": {
    "USDC": {
      "volume": 91960124.94060081,
      "llc": 1.0399934208764767
    }
  },
  "gusd3CRV": {
    "USDC": {
      "volume": 29620747.9045227,
      "llc": 1.0395998228050947
    }
  },
  "cvxgusd3CRV": {
    "USDC": {
      "volume": 29620747.9045227,
      "llc": 1.0395998228050947
    }
  },
  "stkcvxgusd3CRV": {
    "USDC": {
      "volume": 29620747.9045227,
      "llc": 1.0395998228050947
    }
  },
  "crvFRAX": {
    "USDC": {
      "volume": 578251869.2881377,
      "llc": 1.0397136096260209
    }
  },
  "cvxcrvFRAX": {
    "USDC": {
      "volume": 578251869.2881377,
      "llc": 1.0397136096260209
    }
  },
  "stkcvxcrvFRAX": {
    "USDC": {
      "volume": 578251869.2881377,
      "llc": 1.0397136096260209
    }
  }
}