{"json_time": 1671983785, "USDC": {"oracle": 1.00042569, "cex_price": 1, "dex_price": 1}, "WXDAI": {"oracle": 1.0, "cex_price": 1, "dex_price": 1.0004099497593937}, "LINK": {"oracle": 5.954, "cex_price": 5.9345, "dex_price": 6.363626562083696}, "GNO": {"oracle": 86.29721956, "cex_price": 86.19999999999999, "dex_price": 86.81145345357588}, "WBTC": {"oracle": 16810.01487864, "cex_price": 16798.43, "dex_price": 16945.685857147528}, "WETH": {"oracle": 1213.3, "cex_price": 1210.9050000000002, "dex_price": 1217.831958661457}, "FOX": {"oracle": 0.0284, "cex_price": 0.0286, "dex_price": 0.028475286996061538}, "USDT": {"oracle": 0.99996007, "cex_price": 1, "dex_price": 1.0004000009367746}}