{"USDC": {"WXDAI": {"volume": 3572029.9067497253, "llc": 1.05}, "LINK": {"volume": 1476.8366813659668, "llc": 1.05}, "GNO": {"volume": 66326.62534713745, "llc": 1.05}, "WBTC": {"volume": 18642.95721054077, "llc": 1.05}, "WETH": {"volume": 66326.62534713745, "llc": 1.05}, "FOX": {"volume": 3384.183406829834, "llc": 1.05}, "USDT": {"volume": 2401872.690677643, "llc": 1.05}}, "WXDAI": {"USDC": {"volume": 3612084.1879844666, "llc": 1.05}, "LINK": {"volume": 1476.8366813659668, "llc": 1.05}, "GNO": {"volume": 84446.41923904419, "llc": 1.05}, "WBTC": {"volume": 18642.95721054077, "llc": 1.05}, "WETH": {"volume": 67280.29870986938, "llc": 1.05}, "FOX": {"volume": 3384.183406829834, "llc": 1.05}, "USDT": {"volume": 2417131.4644813538, "llc": 1.05}}, "LINK": {"USDC": {"volume": 2430.5100440979004, "llc": 1.1}, "WXDAI": {"volume": 2430.5100440979004, "llc": 1.1}, "GNO": {"volume": 2430.5100440979004, "llc": 1.1}, "WBTC": {"volume": 2430.5100440979004, "llc": 1.1}, "WETH": {"volume": 2430.5100440979004, "llc": 1.1}, "FOX": {"volume": 2430.5100440979004, "llc": 1.1}, "USDT": {"volume": 2430.5100440979004, "llc": 1.1}}, "GNO": {"USDC": {"volume": 137852.12755203247, "llc": 1.1}, "WXDAI": {"volume": 175045.38869857788, "llc": 1.1}, "LINK": {"volume": 2430.5100440979004, "llc": 1.1}, "WBTC": {"volume": 38670.09782791138, "llc": 1.1}, "WETH": {"volume": 252292.9310798645, "llc": 1.1}, "FOX": {"volume": 5291.530132293701, "llc": 1.1}, "USDT": {"volume": 97797.84631729126, "llc": 1.1}}, "WBTC": {"USDC": {"volume": 35809.077739715576, "llc": 1.1}, "WXDAI": {"volume": 35809.077739715576, "llc": 1.1}, "LINK": {"volume": 2430.5100440979004, "llc": 1.1}, "GNO": {"volume": 39623.77119064331, "llc": 1.1}, "WETH": {"volume": 49160.50481796265, "llc": 1.1}, "FOX": {"volume": 5291.530132293701, "llc": 1.1}, "USDT": {"volume": 35809.077739715576, "llc": 1.1}}, "WETH": {"USDC": {"volume": 67280.29870986938, "llc": 1.05}, "WXDAI": {"volume": 67280.29870986938, "llc": 1.05}, "LINK": {"volume": 1476.8366813659668, "llc": 1.05}, "GNO": {"volume": 123547.02711105347, "llc": 1.05}, "WBTC": {"volume": 24364.997386932373, "llc": 1.05}, "FOX": {"volume": 3384.183406829834, "llc": 1.05}, "USDT": {"volume": 66326.62534713745, "llc": 1.05}}, "FOX": {"USDC": {"volume": 6245.203495025635, "llc": 1.1}, "WXDAI": {"volume": 8152.550220489502, "llc": 1.1}, "LINK": {"volume": 2430.5100440979004, "llc": 1.1}, "GNO": {"volume": 6245.203495025635, "llc": 1.1}, "WBTC": {"volume": 5291.530132293701, "llc": 1.1}, "WETH": {"volume": 7198.876857757568, "llc": 1.1}, "USDT": {"volume": 6245.203495025635, "llc": 1.1}}, "USDT": {"USDC": {"volume": 3405137.068271637, "llc": 1.05}, "WXDAI": {"volume": 3387017.27437973, "llc": 1.05}, "LINK": {"volume": 1476.8366813659668, "llc": 1.05}, "GNO": {"volume": 49160.50481796265, "llc": 1.05}, "WBTC": {"volume": 18642.95721054077, "llc": 1.05}, "WETH": {"volume": 66326.62534713745, "llc": 1.05}, "FOX": {"volume": 3384.183406829834, "llc": 1.05}}, "json_time": 1671983785}