{"ETH": {"BNB|bsc": {"volume": 10059.89694595337, "llc": 1.1}, "WBTC|eth": {"volume": 3384.183406829834, "llc": 1.1}, "pCKB": {"volume": 27226.017475128174, "llc": 1.1}, "USDC": {"volume": 20550.30393600464, "llc": 1.1}, "USDT": {"volume": 20550.30393600464, "llc": 1.1}}, "BNB|bsc": {"ETH": {"volume": 10059.89694595337, "llc": 1.1}, "WBTC|eth": {"volume": 3384.183406829834, "llc": 1.1}, "pCKB": {"volume": 13874.590396881104, "llc": 1.1}, "USDC": {"volume": 11967.243671417236, "llc": 1.1}, "USDT": {"volume": 11967.243671417236, "llc": 1.1}}, "WBTC|eth": {"ETH": {"volume": 3384.183406829834, "llc": 1.1}, "BNB|bsc": {"volume": 3384.183406829834, "llc": 1.1}, "pCKB": {"volume": 3384.183406829834, "llc": 1.1}, "USDC": {"volume": 3384.183406829834, "llc": 1.1}, "USDT": {"volume": 3384.183406829834, "llc": 1.1}}, "pCKB": {"ETH": {"volume": 27226.017475128174, "llc": 1.1}, "BNB|bsc": {"volume": 13874.590396881104, "llc": 1.1}, "WBTC|eth": {"volume": 3384.183406829834, "llc": 1.1}, "USDC": {"volume": 73002.33888626099, "llc": 1.1}, "USDT": {"volume": 73002.33888626099, "llc": 1.1}}, "USDC": {"ETH": {"volume": 20550.30393600464, "llc": 1.1}, "BNB|bsc": {"volume": 11967.243671417236, "llc": 1.1}, "WBTC|eth": {"volume": 3384.183406829834, "llc": 1.1}, "pCKB": {"volume": 73002.33888626099, "llc": 1.1}, "USDT": {"volume": 305698.6393928528, "llc": 1.1}}, "USDT": {"ETH": {"volume": 20550.30393600464, "llc": 1.1}, "BNB|bsc": {"volume": 11967.243671417236, "llc": 1.1}, "WBTC|eth": {"volume": 3384.183406829834, "llc": 1.1}, "pCKB": {"volume": 73002.33888626099, "llc": 1.1}, "USDC": {"volume": 388668.221950531, "llc": 1.1}}, "json_time": 1682689439}