{"json_time": 1693433337, "VST": {"oracle": 1.0007311134119512, "cex_price": 1, "dex_price": 1}, "ETH": {"oracle": 1706.07693, "cex_price": 1703.1149999999998, "dex_price": 1704.2262071691378}, "gOHM": {"oracle": 2917.028427183899, "cex_price": "NaN", "dex_price": 2911.4261441661065}, "GMX": {"oracle": 37.68425820888023, "cex_price": "NaN", "dex_price": 37.48509091488944}, "DPX": {"oracle": 77.72449069, "cex_price": "NaN", "dex_price": 77.77447131960638}, "sGLP": {"oracle": 0.958858852221946, "cex_price": "NaN", "dex_price": "NaN"}}