{"json_time": 1679930420, "data": [{"account": "0xaCCfAA3a39F3681E07F5D6ECC0A9cdd86c2eb775", "user_collateral_wo_looping": 0.00075704531435784, "user_debt_wo_looping": 0.008894538916523894}, {"account": "0x5ce561e048d2cd64523D6316228F97bd2537F92f", "user_collateral_wo_looping": 1.2707837311675747, "user_debt_wo_looping": 1.5477679837266078}, {"account": "0x7e1a061ca70838e1E79BCcBee306a56746f9e2F8", "user_collateral_wo_looping": 0.004158185130307133, "user_debt_wo_looping": 0.004975161903016615}, {"account": "0x9A4B0dA9E8e5c7135cd7188Bd2e84DAc513C594b", "user_collateral_wo_looping": 0.0013122639441373795, "user_debt_wo_looping": 0.0013851106110482026}]}