{"ETH": {"BNB|bsc": {"volume": 14828.263759613037, "llc": 1.1}, "WBTC|eth": {"volume": 3384.183406829834, "llc": 1.1}, "pCKB": {"volume": 26272.34411239624, "llc": 1.1}, "USDC": {"volume": 22457.650661468506, "llc": 1.1}, "USDT": {"volume": 22457.650661468506, "llc": 1.1}}, "BNB|bsc": {"ETH": {"volume": 14828.263759613037, "llc": 1.1}, "WBTC|eth": {"volume": 3384.183406829834, "llc": 1.1}, "pCKB": {"volume": 31994.38428878784, "llc": 1.1}, "USDC": {"volume": 26272.34411239624, "llc": 1.1}, "USDT": {"volume": 26272.34411239624, "llc": 1.1}}, "WBTC|eth": {"ETH": {"volume": 3384.183406829834, "llc": 1.1}, "BNB|bsc": {"volume": 3384.183406829834, "llc": 1.1}, "pCKB": {"volume": 3384.183406829834, "llc": 1.1}, "USDC": {"volume": 3384.183406829834, "llc": 1.1}, "USDT": {"volume": 3384.183406829834, "llc": 1.1}}, "pCKB": {"ETH": {"volume": 26272.34411239624, "llc": 1.1}, "BNB|bsc": {"volume": 31994.38428878784, "llc": 1.1}, "WBTC|eth": {"volume": 3384.183406829834, "llc": 1.1}, "USDC": {"volume": 138805.8009147644, "llc": 1.1}, "USDT": {"volume": 136898.45418930054, "llc": 1.1}}, "USDC": {"ETH": {"volume": 22457.650661468506, "llc": 1.1}, "BNB|bsc": {"volume": 26272.34411239624, "llc": 1.1}, "WBTC|eth": {"volume": 3384.183406829834, "llc": 1.1}, "pCKB": {"volume": 138805.8009147644, "llc": 1.1}, "USDT": {"volume": 443027.6036262512, "llc": 1.1}}, "USDT": {"ETH": {"volume": 22457.650661468506, "llc": 1.1}, "BNB|bsc": {"volume": 26272.34411239624, "llc": 1.1}, "WBTC|eth": {"volume": 3384.183406829834, "llc": 1.1}, "pCKB": {"volume": 137852.12755203247, "llc": 1.1}, "USDC": {"volume": 520275.14600753784, "llc": 1.1}}, "json_time": 1676378412}