{"json_time": 1680031444, "stabilityPoolVstBalance": {"ETH": 221401.5739627151, "gOHM": 64774.42363494134, "GMX": 31676.302158136314, "DPX": 28996.87136890508, "sGLP": 2155.2423451553714}, "stabilityPoolGemBalance": {"ETH": 23355.57121900926, "gOHM": 16174.118759317998, "GMX": 6756.118158840799, "DPX": 132.4504345519605, "sGLP": 0.0}, "bprotocolBalance": {"ETH": 107550.39360333707, "gOHM": 23257.771525713637, "DPX": 1106.265183460589, "GMX": 229.22058544666257, "sGLP": 0.0}, "bprotocolGemBalance": {"ETH": 0.025859471620181537, "gOHM": 0.0, "DPX": 0.001492251000255862, "GMX": 0.0974478373161398, "sGLP": 0.0}}