{"json_time": 1681469269, "ETH-VST": {"series_std_ratio": 1.0, "volume_for_slippage_10_percentss": [11211.94944769144], "trade_every": 1800, "collaterals": [464, 3574, 6683, 9793, 12902, 16012, 19121, 22231, 25340, 28450, 31559, 34669, 37778, 40888, 43997, 47107, 50216, 53326, 56435, 59545, 62654, 65764, 68873, 71983, 75092, 78202, 81311, 84421, 87530, 90640, 18750.0], "liquidation_incentives": [0.10000000000000009], "stability_pool_initial_balances": [0.29633265926421287, 0.14816632963210644, 0.5926653185284257], "share_institutionals": [0.4884467379751178, 0.2442233689875589, 0.9768934759502356, 1], "recovery_halflife_retails": [3.3333333333333335], "price_recovery_times": [0], "l_factors": [0.25, 0.5, 1, 1.5, 2], "json_time": 1681470518.9071832, "current_debt": 464.7252959899655}, "gOHM-VST": {"series_std_ratio": 0.5718399563684763, "volume_for_slippage_10_percentss": [253.05041819810867], "trade_every": 1800, "collaterals": [2823, 3198, 3572, 3947, 4321, 4696, 5071, 5445, 5820, 6195, 6569, 6944, 7319, 7693, 8068, 8442, 8817, 9192, 9566, 9941, 10316, 10690, 11065, 11440, 11814, 12189, 12563, 12938, 13313, 13687, 2812.5], "liquidation_incentives": [0.1499999999999999], "stability_pool_initial_balances": [0.02040432311041708, 0.01020216155520854, 0.04080864622083416], "share_institutionals": [0.252484681105144, 0.126242340552572, 0.504969362210288, 1], "recovery_halflife_retails": [3.3333333333333335], "price_recovery_times": [0], "l_factors": [0.25, 0.5, 1, 1.5, 2], "json_time": 1681470518.9071832, "current_debt": 2823.4343757529477}, "DPX-VST": {"series_std_ratio": 2.2756095294666916, "volume_for_slippage_10_percentss": [462.2625121474266], "trade_every": 1800, "collaterals": [522, 609, 695, 782, 869, 956, 1042, 1129, 1216, 1303, 1389, 1476, 1563, 1650, 1736, 1823, 1910, 1997, 2083, 2170, 2257, 2344, 2430, 2517, 2604, 2691, 2777, 2864, 2951, 3038, 625.0], "liquidation_incentives": [0.1499999999999999], "stability_pool_initial_balances": [0.036033731189847804, 0.018016865594923902, 0.07206746237969561], "share_institutionals": [0.18341305427029364, 0.09170652713514682, 0.3668261085405873, 1], "recovery_halflife_retails": [3.3333333333333335], "price_recovery_times": [2], "l_factors": [0.25, 0.5, 1, 1.5, 2], "json_time": 1681470518.9071832, "current_debt": 522.3407668879777}, "GMX-VST": {"series_std_ratio": 2.0308729755116706, "volume_for_slippage_10_percentss": [5037.510469853878], "trade_every": 1800, "collaterals": [46, 461, 876, 1291, 1706, 2121, 2537, 2952, 3367, 3782, 4197, 4612, 5027, 5442, 5858, 6273, 6688, 7103, 7518, 7933, 8348, 8763, 9179, 9594, 10009, 10424, 10839, 11254, 11669, 12084, 2500.0], "liquidation_incentives": [0.1499999999999999], "stability_pool_initial_balances": [0.4605457371034001, 0.23027286855170004, 0.9210914742068002], "share_institutionals": [0.006765204756065875, 0.0033826023780329376, 0.01353040951213175, 1], "recovery_halflife_retails": [3.3333333333333335], "price_recovery_times": [0], "l_factors": [0.25, 0.5, 1, 1.5, 2], "json_time": 1681470518.9071832, "current_debt": 46.25243731534686}, "sGLP-VST": {"series_std_ratio": 0.6132330529291525, "volume_for_slippage_10_percentss": [7272.08636790514], "trade_every": 1800, "collaterals": [324, 365, 406, 447, 489, 530, 571, 613, 654, 695, 736, 778, 819, 860, 901, 943, 984, 1025, 1067, 1108, 1149, 1190, 1232, 1273, 1314, 1356, 1397, 1438, 1479, 1521, 312.5], "liquidation_incentives": [0.10000000000000009], "stability_pool_initial_balances": [0.00010735716948163343, 5.367858474081672e-05, 0.00021471433896326687], "share_institutionals": [0.0, 0.0, 0.0, 1], "recovery_halflife_retails": [3.3333333333333335], "price_recovery_times": [0], "l_factors": [0.25, 0.5, 1, 1.5, 2], "json_time": 1681470518.9071832, "current_debt": 324.0504944162398}}