{"ADA": {"WRT": {"volume": 492.2788937886556, "llc": 1.1}, "Min": {"volume": 593359.2193921407, "llc": 1.1}, "MELD": {"volume": 115568.86466344197, "llc": 1.1}, "iUSD": {"volume": 3035.407861073812, "llc": 1.1}, "INDY": {"volume": 46268.60030492147, "llc": 1.1}, "HOSKY": {"volume": 22744.65735753377, "llc": 1.1}, "COPI": {"volume": 28148.80641301473, "llc": 1.1}, "C3": {"volume": 10982.685883839926, "llc": 1.1}, "WMT": {"volume": 168020.89961369833, "llc": 1.1}}, "WRT": {"ADA": {"volume": 492.2788937886556, "llc": 1.1}, "Min": {"volume": 492.2788937886556, "llc": 1.1}, "MELD": {"volume": 492.2788937886556, "llc": 1.1}, "iUSD": {"volume": 492.2788937886556, "llc": 1.1}, "INDY": {"volume": 492.2788937886556, "llc": 1.1}, "HOSKY": {"volume": 492.2788937886556, "llc": 1.1}, "COPI": {"volume": 492.2788937886556, "llc": 1.1}, "C3": {"volume": 492.2788937886556, "llc": 1.1}, "WMT": {"volume": 492.2788937886556, "llc": 1.1}}, "Min": {"ADA": {"volume": 593677.1105130514, "llc": 1.1}, "WRT": {"volume": 492.2788937886556, "llc": 1.1}, "MELD": {"volume": 97766.96189244588, "llc": 1.1}, "iUSD": {"volume": 3035.407861073812, "llc": 1.1}, "INDY": {"volume": 43407.58021672567, "llc": 1.1}, "HOSKY": {"volume": 22108.875115712483, "llc": 1.1}, "COPI": {"volume": 27195.133050282795, "llc": 1.1}, "C3": {"volume": 10664.794762929281, "llc": 1.1}, "WMT": {"volume": 132417.09407170615, "llc": 1.1}}, "MELD": {"ADA": {"volume": 115568.86466344197, "llc": 1.1}, "WRT": {"volume": 492.2788937886556, "llc": 1.1}, "Min": {"volume": 97131.17965062459, "llc": 1.1}, "iUSD": {"volume": 3035.407861073812, "llc": 1.1}, "INDY": {"volume": 33235.064347585045, "llc": 1.1}, "HOSKY": {"volume": 19247.85502751668, "llc": 1.1}, "COPI": {"volume": 23062.548478444416, "llc": 1.1}, "C3": {"volume": 10029.012521107992, "llc": 1.1}, "WMT": {"volume": 68838.86988957722, "llc": 1.1}}, "iUSD": {"ADA": {"volume": 3035.407861073812, "llc": 1.1}, "WRT": {"volume": 492.2788937886556, "llc": 1.1}, "Min": {"volume": 3035.407861073812, "llc": 1.1}, "MELD": {"volume": 3035.407861073812, "llc": 1.1}, "INDY": {"volume": 3035.407861073812, "llc": 1.1}, "HOSKY": {"volume": 2717.5167401631675, "llc": 1.1}, "COPI": {"volume": 3035.407861073812, "llc": 1.1}, "C3": {"volume": 2717.5167401631675, "llc": 1.1}, "WMT": {"volume": 3035.407861073812, "llc": 1.1}}, "INDY": {"ADA": {"volume": 46586.491425832115, "llc": 1.1}, "WRT": {"volume": 492.2788937886556, "llc": 1.1}, "Min": {"volume": 43089.689095815025, "llc": 1.1}, "MELD": {"volume": 33235.064347585045, "llc": 1.1}, "iUSD": {"volume": 3035.407861073812, "llc": 1.1}, "HOSKY": {"volume": 15433.16157658895, "llc": 1.1}, "COPI": {"volume": 17976.290543874104, "llc": 1.1}, "C3": {"volume": 9075.339158376059, "llc": 1.1}, "WMT": {"volume": 36731.866677602135, "llc": 1.1}}, "HOSKY": {"ADA": {"volume": 22744.65735753377, "llc": 1.1}, "WRT": {"volume": 492.2788937886556, "llc": 1.1}, "Min": {"volume": 21790.983994801838, "llc": 1.1}, "MELD": {"volume": 18929.963906606037, "llc": 1.1}, "iUSD": {"volume": 2717.5167401631675, "llc": 1.1}, "INDY": {"volume": 15433.16157658895, "llc": 1.1}, "COPI": {"volume": 12890.032609303793, "llc": 1.1}, "C3": {"volume": 7485.883553822835, "llc": 1.1}, "WMT": {"volume": 20201.528390248615, "llc": 1.1}}, "COPI": {"ADA": {"volume": 28466.697533925373, "llc": 1.1}, "WRT": {"volume": 492.2788937886556, "llc": 1.1}, "Min": {"volume": 27195.133050282795, "llc": 1.1}, "MELD": {"volume": 23062.548478444416, "llc": 1.1}, "iUSD": {"volume": 3035.407861073812, "llc": 1.1}, "INDY": {"volume": 17976.290543874104, "llc": 1.1}, "HOSKY": {"volume": 12890.032609303793, "llc": 1.1}, "C3": {"volume": 8121.665795644124, "llc": 1.1}, "WMT": {"volume": 24334.112962086994, "llc": 1.1}}, "C3": {"ADA": {"volume": 10982.685883839926, "llc": 1.1}, "WRT": {"volume": 492.2788937886556, "llc": 1.1}, "Min": {"volume": 10664.794762929281, "llc": 1.1}, "MELD": {"volume": 10029.012521107992, "llc": 1.1}, "iUSD": {"volume": 2717.5167401631675, "llc": 1.1}, "INDY": {"volume": 9075.339158376059, "llc": 1.1}, "HOSKY": {"volume": 7485.883553822835, "llc": 1.1}, "COPI": {"volume": 8121.665795644124, "llc": 1.1}, "WMT": {"volume": 10346.903642018637, "llc": 1.1}}, "WMT": {"ADA": {"volume": 168656.68185551962, "llc": 1.1}, "WRT": {"volume": 492.2788937886556, "llc": 1.1}, "Min": {"volume": 132099.2029507955, "llc": 1.1}, "MELD": {"volume": 69156.76101048787, "llc": 1.1}, "iUSD": {"volume": 3035.407861073812, "llc": 1.1}, "INDY": {"volume": 36731.866677602135, "llc": 1.1}, "HOSKY": {"volume": 20201.528390248615, "llc": 1.1}, "COPI": {"volume": 24334.112962086994, "llc": 1.1}, "C3": {"volume": 10346.903642018637, "llc": 1.1}}, "json_time": 1671959266.0106957}