{"json_time": 1665173452.5500345, "VST": {"total_collateral": "0.0", "median_collateral": "nan", "top_1_collateral": "0.0", "top_10_collateral": "0.0", "total_debt": "0.0", "median_debt": "nan", "top_1_debt": "nan", "top_10_debt": "0.0", "graph_data": {"ETH": {"4.9": 0, "4.800000000000001": 0, "4.7": 0, "4.6000000000000005": 0, "4.5": 0, "4.4": 0, "4.3": 0, "4.2": 0, "4.1000000000000005": 0, "4.0": 0, "3.9000000000000004": 0, "3.8000000000000003": 0, "3.7": 0, "3.6": 0, "3.5": 0, "3.4000000000000004": 0, "3.3000000000000003": 0, "3.2": 0, "3.1": 0, "3.0": 0, "2.9000000000000004": 0, "2.8000000000000003": 0, "2.7": 0, "2.6": 0, "2.5": 0, "2.4000000000000004": 0, "2.3000000000000003": 0, "2.2": 0, "2.1": 0, "2.0": 0, "1.9000000000000001": 0, "1.8": 0, "1.7000000000000002": 0, "1.6": 0, "1.5": 0, "1.4000000000000001": 0, "1.3": 0, "1.2000000000000002": 0}, "gOHM": {"4.9": 0, "4.800000000000001": 0, "4.7": 0, "4.6000000000000005": 0, "4.5": 0, "4.4": 0, "4.3": 0, "4.2": 0, "4.1000000000000005": 0, "4.0": 0, "3.9000000000000004": 0, "3.8000000000000003": 0, "3.7": 0, "3.6": 0, "3.5": 0, "3.4000000000000004": 0, "3.3000000000000003": 0, "3.2": 0, "3.1": 0, "3.0": 0, "2.9000000000000004": 0, "2.8000000000000003": 0, "2.7": 0, "2.6": 0, "2.5": 0, "2.4000000000000004": 0, "2.3000000000000003": 0, "2.2": 0, "2.1": 0, "2.0": 0, "1.9000000000000001": 0, "1.8": 0, "1.7000000000000002": 0}, "renBTC": {"4.9": 0, "4.800000000000001": 0, "4.7": 0, "4.6000000000000005": 0, "4.5": 0, "4.4": 0, "4.3": 0, "4.2": 0, "4.1000000000000005": 0, "4.0": 0, "3.9000000000000004": 0, "3.8000000000000003": 0, "3.7": 0, "3.6": 0, "3.5": 0, "3.4000000000000004": 0, "3.3000000000000003": 0, "3.2": 0, "3.1": 0, "3.0": 0, "2.9000000000000004": 0, "2.8000000000000003": 0, "2.7": 0, "2.6": 0, "2.5": 0, "2.4000000000000004": 0, "2.3000000000000003": 0, "2.2": 0, "2.1": 0, "2.0": 0, "1.9000000000000001": 0, "1.8": 0, "1.7000000000000002": 0, "1.6": 0, "1.5": 0, "1.4000000000000001": 0}, "GMX": {"4.9": 0, "4.800000000000001": 0, "4.7": 0, "4.6000000000000005": 0, "4.5": 0, "4.4": 0, "4.3": 0, "4.2": 0, "4.1000000000000005": 0, "4.0": 0, "3.9000000000000004": 0, "3.8000000000000003": 0, "3.7": 0, "3.6": 0, "3.5": 0, "3.4000000000000004": 0, "3.3000000000000003": 0, "3.2": 0, "3.1": 0, "3.0": 0, "2.9000000000000004": 0, "2.8000000000000003": 0, "2.7": 0, "2.6": 0, "2.5": 0, "2.4000000000000004": 0, "2.3000000000000003": 0, "2.2": 0, "2.1": 0, "2.0": 0, "1.9000000000000001": 0, "1.8": 0, "1.7000000000000002": 0, "1.6": 0, "1.5": 0, "1.4000000000000001": 0}, "DPX": {"4.9": 0, "4.800000000000001": 0, "4.7": 0, "4.6000000000000005": 0, "4.5": 0, "4.4": 0, "4.3": 0, "4.2": 0, "4.1000000000000005": 0, "4.0": 0, "3.9000000000000004": 0, "3.8000000000000003": 0, "3.7": 0, "3.6": 0, "3.5": 0, "3.4000000000000004": 0, "3.3000000000000003": 0, "3.2": 0, "3.1": 0, "3.0": 0, "2.9000000000000004": 0, "2.8000000000000003": 0, "2.7": 0, "2.6": 0, "2.5": 0, "2.4000000000000004": 0, "2.3000000000000003": 0, "2.2": 0, "2.1": 0, "2.0": 0, "1.9000000000000001": 0, "1.8": 0, "1.7000000000000002": 0, "1.6": 0}, "sGLP": {"4.9": 0, "4.800000000000001": 0, "4.7": 0, "4.6000000000000005": 0, "4.5": 0, "4.4": 0, "4.3": 0, "4.2": 0, "4.1000000000000005": 0, "4.0": 0, "3.9000000000000004": 0, "3.8000000000000003": 0, "3.7": 0, "3.6": 0, "3.5": 0, "3.4000000000000004": 0, "3.3000000000000003": 0, "3.2": 0, "3.1": 0, "3.0": 0, "2.9000000000000004": 0, "2.8000000000000003": 0, "2.7": 0, "2.6": 0, "2.5": 0, "2.4000000000000004": 0, "2.3000000000000003": 0, "2.2": 0, "2.1": 0, "2.0": 0, "1.9000000000000001": 0, "1.8": 0, "1.7000000000000002": 0, "1.6": 0, "1.5": 0, "1.4000000000000001": 0, "1.3": 0, "1.2000000000000002": 0, "1.1": 0}}}, "ETH": {"total_collateral": "1126025.7250648788", "median_collateral": "3066.8686966111763", "top_1_collateral": "79590.62051580001", "top_10_collateral": "521053.262310104", "total_debt": "509135.0180389882", "median_debt": "1227.944925", "top_1_debt": "37200.0", "top_10_debt": "217425.09387601961", "graph_data": {"VST": {"1061.2082735440001": 9021, "928.5572393510001": 55247, "795.9062051580001": 197851, "663.255170965": 360168, "530.6041367720001": 421078, "397.9531025790001": 454736, "265.30206838600003": 508550, "132.65103419300002": 508550, "0.0": 509100}}}, "gOHM": {"total_collateral": "14909556.862982292", "median_collateral": "23199.60469387748", "top_1_collateral": "2196697.2388326493", "top_10_collateral": "9862826.604298458", "total_debt": "4917848.784920467", "median_debt": "7919.850690691738", "top_1_debt": "898905.588004176", "top_10_debt": "3359057.655636571", "graph_data": {"VST": {"1554.6517537664565": 2129377, "1295.5431281387137": 3283937, "1036.434502510971": 4202421, "777.3258768832283": 4442044, "518.2172512554855": 4904622, "259.10862562774275": 4916802, "0.0": 4917802}}}, "renBTC": {"total_collateral": "195695.0549982236", "median_collateral": "7363.518431499504", "top_1_collateral": "51224.791710093756", "top_10_collateral": "193096.02692343746", "total_debt": "46841.14122510243", "median_debt": "1696.452998473329", "top_1_debt": "12894.515930352325", "top_10_debt": "46071.14565023147", "graph_data": {"VST": {"13629.598168683002": 438, "11682.512716014002": 438, "9735.427263345": 438, "7788.341810676": 438, "5841.256358007001": 438, "3894.170905338": 46504, "1947.085452669": 46835, "0.0": 46835}}}, "GMX": {"total_collateral": "205741.25927961915", "median_collateral": "7466.925569020639", "top_1_collateral": "45910.75599780028", "top_10_collateral": "193015.50512704038", "total_debt": "77850.05022562476", "median_debt": "2100.0", "top_1_debt": "19500.0", "top_10_debt": "73716.32", "graph_data": {"VST": {"29.89537599856763": 4330, "25.624607998772255": 38506, "21.353839998976877": 73750, "17.083071999181502": 75347, "12.812303999386128": 77447, "8.541535999590751": 77847, "4.270767999795376": 77847, "0.0": 77847}}}, "DPX": {"total_collateral": "1617346.1464718955", "median_collateral": "305751.40457273636", "top_1_collateral": "946702.3101082687", "top_10_collateral": "1617346.1464718955", "total_debt": "140118.0204033778", "median_debt": "28655.90317687394", "top_1_debt": "78289.82029802178", "top_10_debt": "140118.02040337783", "graph_data": {"VST": {"144.94485035400004": 340, "120.787375295": 340, "96.62990023600001": 340, "72.47242517700002": 340, "48.314950118000006": 340, "24.157475059000003": 138918, "0.0": 140114}}}, "sGLP": {"total_collateral": "6721389.868915172", "median_collateral": "4791.126941207765", "top_1_collateral": "1350226.6834312794", "top_10_collateral": "5076063.698513254", "total_debt": "4804982.56", "median_debt": "2800.0", "top_1_debt": "1000000.0", "top_10_debt": "3725020.2700000005", "graph_data": {"VST": {"0.7840025903794526": 1509601, "0.6968911914484024": 4338426, "0.609779792517352": 4652976, "0.5226683935863018": 4747201, "0.43555699465525144": 4788979, "0.3484455957242012": 4804634, "0.2613341967931509": 4804964, "0.1742227978621006": 4804964, "0.0871113989310503": 4804964, "0.0": 4804964}}}}