{"json_time": 1681675538, "ETH-VST": {"series_std_ratio": 1.0, "volume_for_slippage_10_percentss": [12020.783668458462], "trade_every": 1800, "collaterals": [478, 3587, 6696, 9805, 12914, 16023, 19132, 22241, 25350, 28459, 31568, 34677, 37786, 40896, 44005, 47114, 50223, 53332, 56441, 59550, 62659, 65768, 68877, 71986, 75095, 78204, 81313, 84422, 87531, 90640, 18750.0], "liquidation_incentives": [0.10000000000000009], "stability_pool_initial_balances": [0.20938864932968695, 0.10469432466484348, 0.4187772986593739], "share_institutionals": [0.296615052633028, 0.148307526316514, 0.593230105266056, 1], "recovery_halflife_retails": [3.3333333333333335], "price_recovery_times": [0], "l_factors": [0.25, 0.5, 1, 1.5, 2], "json_time": 1681676977.731485, "current_debt": 478.29968521477764}, "gOHM-VST": {"series_std_ratio": 0.5718399563684763, "volume_for_slippage_10_percentss": [251.85832649469376], "trade_every": 1800, "collaterals": [2822, 3197, 3571, 3946, 4321, 4695, 5070, 5445, 5819, 6194, 6569, 6943, 7318, 7693, 8067, 8442, 8817, 9191, 9566, 9941, 10315, 10690, 11065, 11439, 11814, 12189, 12563, 12938, 13313, 13687, 2812.5], "liquidation_incentives": [0.1499999999999999], "stability_pool_initial_balances": [0.024262480279895714, 0.012131240139947857, 0.04852496055979143], "share_institutionals": [0.39503806603456215, 0.19751903301728108, 0.7900761320691243, 1], "recovery_halflife_retails": [3.3333333333333335], "price_recovery_times": [0], "l_factors": [0.25, 0.5, 1, 1.5, 2], "json_time": 1681676977.731485, "current_debt": 2822.6781417784787}, "DPX-VST": {"series_std_ratio": 2.2756095294666916, "volume_for_slippage_10_percentss": [460.47437459230423], "trade_every": 1800, "collaterals": [530, 616, 703, 789, 876, 962, 1049, 1135, 1222, 1308, 1395, 1481, 1568, 1654, 1741, 1827, 1914, 2000, 2087, 2173, 2260, 2346, 2433, 2519, 2606, 2692, 2779, 2865, 2952, 3038, 625.0], "liquidation_incentives": [0.1499999999999999], "stability_pool_initial_balances": [0.057934753392945015, 0.028967376696472508, 0.11586950678589003], "share_institutionals": [0.49992193626764403, 0.24996096813382201, 0.9998438725352881, 1], "recovery_halflife_retails": [3.3333333333333335], "price_recovery_times": [2], "l_factors": [0.25, 0.5, 1, 1.5, 2], "json_time": 1681676977.731485, "current_debt": 530.4626370317624}, "GMX-VST": {"series_std_ratio": 2.0308729755116706, "volume_for_slippage_10_percentss": [4530.275450050831], "trade_every": 1800, "collaterals": [43, 459, 874, 1289, 1704, 2119, 2535, 2950, 3365, 3780, 4195, 4611, 5026, 5441, 5856, 6271, 6687, 7102, 7517, 7932, 8347, 8763, 9178, 9593, 10008, 10423, 10839, 11254, 11669, 12084, 2500.0], "liquidation_incentives": [0.1499999999999999], "stability_pool_initial_balances": [0.8445085074596298, 0.4222542537298149, 1.6890170149192596], "share_institutionals": [0.36485212176769527, 0.18242606088384763, 0.7297042435353905, 1], "recovery_halflife_retails": [3.3333333333333335], "price_recovery_times": [0], "l_factors": [0.25, 0.5, 1, 1.5, 2], "json_time": 1681676977.731485, "current_debt": 43.93192902077756}, "sGLP-VST": {"series_std_ratio": 0.6132330529291525, "volume_for_slippage_10_percentss": [7926.544713079929], "trade_every": 1800, "collaterals": [321, 362, 403, 445, 486, 528, 569, 610, 652, 693, 734, 776, 817, 859, 900, 941, 983, 1024, 1065, 1107, 1148, 1190, 1231, 1272, 1314, 1355, 1396, 1438, 1479, 1521, 312.5], "liquidation_incentives": [0.10000000000000009], "stability_pool_initial_balances": [0.00013012952814121372, 6.506476407060686e-05, 0.00026025905628242744], "share_institutionals": [0.0, 0.0, 0.0, 1], "recovery_halflife_retails": [3.3333333333333335], "price_recovery_times": [0], "l_factors": [0.25, 0.5, 1, 1.5, 2], "json_time": 1681676977.731485, "current_debt": 321.20535995467804}}