{"json_time": 1681675538, "stabilityPoolVstBalance": {"ETH": 160240.84009909877, "gOHM": 109576.27640222883, "GMX": 59361.4204914548, "DPX": 49171.555296970335, "sGLP": 66.87728308372954}, "stabilityPoolGemBalance": {"ETH": 27241.753510332732, "gOHM": 12241.820100873338, "GMX": 6950.372350785576, "DPX": 7084.874446964217, "sGLP": 0.0}, "bprotocolBalance": {"ETH": 47529.8400962772, "gOHM": 43286.80031320511, "DPX": 24581.471460651985, "GMX": 21658.04618260773, "sGLP": 0.0}, "bprotocolGemBalance": {"ETH": 0.005123677602799956, "gOHM": 0.0, "DPX": 0.4676727009528529, "GMX": 0.09403484390052415, "sGLP": 0.0}}