{"json_time": 1674747020, "ETH": {"oracle": 1608.121999999, "cex_price": 1607.9250000000002, "dex_price": 1605.5797162774245}, "BNB|bsc": {"oracle": 306.93, "cex_price": 306.65, "dex_price": 305.11353969455695}, "WBTC|eth": {"oracle": 23072.867237635, "cex_price": 23080.985, "dex_price": 23017.598252507047}, "pCKB": {"oracle": 0.004074716, "cex_price": 0.0039900000000000005, "dex_price": 0.004028585898267842}, "USDC": {"oracle": 1.0, "cex_price": 1, "dex_price": 1}, "USDT": {"oracle": 1.000089999, "cex_price": 1, "dex_price": 1.000832262901458}}