{"json_time": 1686080167, "ETH": {"VST": {"volume": 60589299.24440384, "llc": 1.1}}, "gOHM": {"VST": {"volume": 368641.0813331604, "llc": 1.15}}, "GMX": {"VST": {"volume": 7451573.146343231, "llc": 1.15}}, "DPX": {"VST": {"volume": 515506.7791938782, "llc": 1.15}}, "sGLP": {"VST": {"volume": 50294395.293712616, "llc": 1.1}}}