{"json_time": 1665057119.7262542, "glp_data": {"liquidTreasury": 297668755.33162254, "treasuryUtilization": 0.23405022387479807, "liquidStableTreasury": 148029312.43213832, "stableTreasuryUtilization": 0.2172534599309089, "liquidSolidAssetTreasury": 138222062.23038152, "solidTreasuryUtilization": 0.2506207085064113}}