{"json_time": 1671802737, "stabilityPoolVstBalance": {"ETH": 748503.9791753616, "gOHM": 1097755.7891467495, "GMX": 51242.040405688094, "DPX": 52932.62914871092, "sGLP": 2454224.68013896}, "stabilityPoolGemBalance": {"ETH": 16205.770422493602, "gOHM": 10706.522444337585, "GMX": 1457.5639126097346, "DPX": 188.24598144624866, "sGLP": 0.0}, "bprotocolBalance": {"ETH": 132689.03060553016, "gOHM": 6846.818218256358, "DPX": 2093.1446131533608, "GMX": 464.48423275706244, "sGLP": 0.0}, "bprotocolGemBalance": {"ETH": 0.09639606390905359, "gOHM": 0.0, "DPX": 0.0552519905950038, "GMX": 2.829152037797485, "sGLP": 0.0}}