{"json_time": 1671802737, "ETH": {"VST": {"volume": 22858166.32127762, "llc": 1.1}}, "gOHM": {"VST": {"volume": 337169.8603630066, "llc": 1.15}}, "GMX": {"VST": {"volume": 3178162.807941437, "llc": 1.15}}, "DPX": {"VST": {"volume": 629947.5827217102, "llc": 1.15}}, "sGLP": {"VST": {"volume": 22905849.989414215, "llc": 1.1}}}