{"json_time": 1680107458, "ETH-VST": {"series_std_ratio": 1.0, "volume_for_slippage_10_percentss": [20017.930860817432], "trade_every": 1800, "collaterals": [495, 3603, 6712, 9820, 12929, 16037, 19146, 22254, 25363, 28471, 31580, 34688, 37797, 40905, 44014, 47122, 50231, 53339, 56448, 59556, 62665, 65773, 68882, 71990, 75099, 78207, 81316, 84424, 87533, 90641, 18750.0], "liquidation_incentives": [0.10000000000000009], "stability_pool_initial_balances": [0.28227862446246277, 0.14113931223123138, 0.5645572489249255], "share_institutionals": [0.47858852548441383, 0.23929426274220691, 0.9571770509688277, 1], "recovery_halflife_retails": [3.3333333333333335], "price_recovery_times": [0], "l_factors": [0.25, 0.5, 1, 1.5, 2], "json_time": 1680110575.5462134, "current_debt": 495.19893355411244}, "gOHM-VST": {"series_std_ratio": 0.5718399563684763, "volume_for_slippage_10_percentss": [249.47414308786392], "trade_every": 1800, "collaterals": [2745, 3122, 3500, 3877, 4254, 4631, 5009, 5386, 5763, 6140, 6517, 6895, 7272, 7649, 8026, 8404, 8781, 9158, 9535, 9913, 10290, 10667, 11044, 11421, 11799, 12176, 12553, 12930, 13308, 13685, 2812.5], "liquidation_incentives": [0.1499999999999999], "stability_pool_initial_balances": [0.015308661210772548, 0.007654330605386274, 0.030617322421545096], "share_institutionals": [0.3454392859024454, 0.1727196429512227, 0.6908785718048908, 1], "recovery_halflife_retails": [3.3333333333333335], "price_recovery_times": [0], "l_factors": [0.25, 0.5, 1, 1.5, 2], "json_time": 1680110575.5462134, "current_debt": 2745.7271064506986}, "DPX-VST": {"series_std_ratio": 2.2756095294666916, "volume_for_slippage_10_percentss": [577.8954073786736], "trade_every": 1800, "collaterals": [535, 830, 1125, 1419, 1714, 2009, 2303, 2598, 2892, 3187, 3482, 3776, 4071, 4366, 4660, 4955, 5250, 5544, 5839, 6133, 6428, 6723, 7017, 7312, 7607, 7901, 8196, 8491, 8785, 9080, 1875.0], "liquidation_incentives": [0.1499999999999999], "stability_pool_initial_balances": [0.034014945982414786, 0.017007472991207393, 0.06802989196482957], "share_institutionals": [0.03789144857672058, 0.01894572428836029, 0.07578289715344116, 1], "recovery_halflife_retails": [3.3333333333333335], "price_recovery_times": [2], "l_factors": [0.25, 0.5, 1, 1.5, 2], "json_time": 1680110575.5462134, "current_debt": 535.8547036903774}, "GMX-VST": {"series_std_ratio": 2.0308729755116706, "volume_for_slippage_10_percentss": [8448.084833323956], "trade_every": 1800, "collaterals": [38, 453, 868, 1284, 1699, 2115, 2530, 2945, 3361, 3776, 4192, 4607, 5022, 5438, 5853, 6269, 6684, 7099, 7515, 7930, 8346, 8761, 9176, 9592, 10007, 10423, 10838, 11253, 11669, 12084, 2500.0], "liquidation_incentives": [0.1499999999999999], "stability_pool_initial_balances": [0.5568854839675098, 0.2784427419837549, 1.1137709679350196], "share_institutionals": [0.006740836199013858, 0.003370418099506929, 0.013481672398027717, 1], "recovery_halflife_retails": [3.3333333333333335], "price_recovery_times": [0], "l_factors": [0.25, 0.5, 1, 1.5, 2], "json_time": 1680110575.5462134, "current_debt": 38.1379155102408}, "sGLP-VST": {"series_std_ratio": 0.6132330529291525, "volume_for_slippage_10_percentss": [11184.531338512897], "trade_every": 1800, "collaterals": [322, 363, 404, 446, 487, 528, 570, 611, 652, 694, 735, 776, 818, 859, 900, 942, 983, 1025, 1066, 1107, 1149, 1190, 1231, 1273, 1314, 1355, 1397, 1438, 1479, 1521, 312.5], "liquidation_incentives": [0.10000000000000009], "stability_pool_initial_balances": [0.013881265707963344, 0.006940632853981672, 0.02776253141592669], "share_institutionals": [0.0, 0.0, 0.0, 1], "recovery_halflife_retails": [3.3333333333333335], "price_recovery_times": [0], "l_factors": [0.25, 0.5, 1, 1.5, 2], "json_time": 1680110575.5462134, "current_debt": 322.13909852697986}}