{"json_time": 1685633298, "glp_data": {"liquidTreasury": 376540321.15569973, "treasuryUtilization": 0.29498167593820085, "liquidStableTreasury": 223948741.91631967, "stableTreasuryUtilization": 0.10465415706978512, "liquidSolidAssetTreasury": 146608769.65324438, "solidTreasuryUtilization": 0.46798342818968247}}