{"json_time": 1671377961, "glp_data": {"liquidTreasury": 299722181.21561027, "treasuryUtilization": 0.32324378071837695, "liquidStableTreasury": 139472062.1981339, "stableTreasuryUtilization": 0.3822931081401468, "liquidSolidAssetTreasury": 147912558.22231433, "solidTreasuryUtilization": 0.2671502498786195}}