{"json_time": 1671377961, "VST": {"oracle": 0.984771742807617, "cex_price": 1, "dex_price": 1}, "ETH": {"oracle": 1174.20278364, "cex_price": 1174.585, "dex_price": 1175.9685290899752}, "gOHM": {"oracle": 2496.035325082982, "cex_price": "NaN", "dex_price": 2487.4487124065563}, "GMX": {"oracle": 46.7168971956158, "cex_price": "NaN", "dex_price": 46.59218203409759}, "DPX": {"oracle": 254.86402757, "cex_price": "NaN", "dex_price": 254.7502138589924}, "sGLP": {"oracle": 0.8221941977860986, "cex_price": "NaN", "dex_price": "NaN"}}