{"json_time": 1671377961, "stabilityPoolVstBalance": {"ETH": 750452.2823253485, "gOHM": 118671.74125490294, "GMX": 49245.947358641766, "DPX": 37921.770674624546, "sGLP": 3941099.8321806714}, "stabilityPoolGemBalance": {"ETH": 15622.118007683643, "gOHM": 10568.526587841709, "GMX": 1470.648564996968, "DPX": 245.9791537067666, "sGLP": 0.0}, "bprotocolBalance": {"ETH": 133123.12780697254, "gOHM": 6869.82773540043, "DPX": 2100.178865462405, "GMX": 466.04518524274084, "sGLP": 0.0}, "bprotocolGemBalance": {"ETH": 0.09641133071266543, "gOHM": 0.0, "DPX": 0.0552519905950038, "GMX": 2.829152037797485, "sGLP": 0.0}}