{"json_time": 1686079390, "USDC": {"oracle": 1.0000762153350735, "cex_price": 1, "dex_price": 1}, "WXDAI": {"oracle": 1.0, "cex_price": 1, "dex_price": 0.9998499481241266}, "LINK": {"oracle": 6.295290670346924, "cex_price": 6.3095, "dex_price": 6.671621018215019}, "GNO": {"oracle": 114.61339820787455, "cex_price": 114.75, "dex_price": 115.45067859334164}, "WBTC": {"oracle": 27098.06106526457, "cex_price": 27144.155, "dex_price": 26764.49625337199}, "WETH": {"oracle": 1891.409296030722, "cex_price": 1895.1750000000002, "dex_price": 1883.7902203839399}, "FOX": {"oracle": 0.023130519136339543, "cex_price": 0.023149999999999997, "dex_price": 0.023429172079795835}, "USDT": {"oracle": 1.000250427529927, "cex_price": 1, "dex_price": 1.0001024915034318}, "EURe": {"oracle": 1.0679047533327333, "cex_price": 1.0652499999999998, "dex_price": 1.0714267366856713}, "wstETH": {"oracle": 2132.3759466262636, "cex_price": "NaN", "dex_price": 7157.216491066739}}