{"json_time": 1689501235, "USDC": {"oracle": 0.9998968917513401, "cex_price": 1, "dex_price": 1}, "WXDAI": {"oracle": 1.0, "cex_price": 1, "dex_price": 1.0000590474668063}, "LINK": {"oracle": 6.812841137290984, "cex_price": 6.8075, "dex_price": 7.310642372118673}, "GNO": {"oracle": 116.09510028802305, "cex_price": 116.1, "dex_price": 118.06412022550579}, "WBTC": {"oracle": 30309.42375089007, "cex_price": 30300.934999999998, "dex_price": 30366.22886662302}, "WETH": {"oracle": 1931.3474107928635, "cex_price": 1929.7849999999999, "dex_price": 1934.1446681028744}, "FOX": {"oracle": 0.019725068005440435, "cex_price": 0.0196, "dex_price": 0.01948751558253701}, "USDT": {"oracle": 1.0004000320025601, "cex_price": 1, "dex_price": 1.000273806949724}, "EURe": {"oracle": 1.1233548683894712, "cex_price": 1.1180500000000002, "dex_price": 1.1223990262463408}, "wstETH": {"oracle": 2186.5514006820545, "cex_price": "NaN", "dex_price": 2186.5514006820545}}