{"json_time": 1677760628, "ETH-VST": {"series_std_ratio": 1.0, "volume_for_slippage_10_percentss": [37918.379879295826], "trade_every": 1800, "collaterals": [319, 3433, 6548, 9662, 12776, 15891, 19005, 22120, 25234, 28348, 31463, 34577, 37691, 40806, 43920, 47034, 50149, 53263, 56377, 59492, 62606, 65720, 68835, 71949, 75063, 78178, 81292, 84406, 87521, 90635, 18750.0], "liquidation_incentives": [0.10000000000000009], "stability_pool_initial_balances": [0.4531243834395862, 0.2265621917197931, 0.9062487668791724], "share_institutionals": [0.4684418945849196, 0.2342209472924598, 0.9368837891698392, 1], "recovery_halflife_retails": [3.3333333333333335], "price_recovery_times": [0], "l_factors": [0.25, 0.5, 1, 1.5, 2], "json_time": 1677764186.0303922, "current_debt": 319.59497760946886}, "gOHM-VST": {"series_std_ratio": 0.5718399563684763, "volume_for_slippage_10_percentss": [222.05603390932083], "trade_every": 1800, "collaterals": [3624, 4129, 4633, 5137, 5641, 6145, 6649, 7154, 7658, 8162, 8666, 9170, 9674, 10179, 10683, 11187, 11691, 12195, 12699, 13204, 13708, 14212, 14716, 15220, 15724, 16229, 16733, 17237, 17741, 18245, 3750.0], "liquidation_incentives": [0.1499999999999999], "stability_pool_initial_balances": [0.016756807759406217, 0.008378403879703109, 0.033513615518812434], "share_institutionals": [0.24429807578167295, 0.12214903789083648, 0.4885961515633459, 1], "recovery_halflife_retails": [3.3333333333333335], "price_recovery_times": [0], "l_factors": [0.25, 0.5, 1, 1.5, 2], "json_time": 1677764186.0303922, "current_debt": 3624.9749837389136}, "DPX-VST": {"series_std_ratio": 2.2756095294666916, "volume_for_slippage_10_percentss": [636.903946697712], "trade_every": 1800, "collaterals": [459, 757, 1054, 1351, 1648, 1945, 2242, 2540, 2837, 3134, 3431, 3728, 4025, 4323, 4620, 4917, 5214, 5511, 5808, 6106, 6403, 6700, 6997, 7294, 7591, 7889, 8186, 8483, 8780, 9077, 1875.0], "liquidation_incentives": [0.1499999999999999], "stability_pool_initial_balances": [0.050585314728378857, 0.025292657364189428, 0.10117062945675771], "share_institutionals": [0.0044868548022330675, 0.0022434274011165337, 0.008973709604466135, 1], "recovery_halflife_retails": [3.3333333333333335], "price_recovery_times": [2], "l_factors": [0.25, 0.5, 1, 1.5, 2], "json_time": 1677764186.0303922, "current_debt": 459.98665696668786}, "GMX-VST": {"series_std_ratio": 2.0308729755116706, "volume_for_slippage_10_percentss": [5787.932197153568], "trade_every": 1800, "collaterals": [97, 510, 923, 1337, 1750, 2164, 2577, 2991, 3404, 3817, 4231, 4644, 5058, 5471, 5885, 6298, 6711, 7125, 7538, 7952, 8365, 8779, 9192, 9605, 10019, 10432, 10846, 11259, 11673, 12086, 2500.0], "liquidation_incentives": [0.1499999999999999], "stability_pool_initial_balances": [0.31366084179861947, 0.15683042089930974, 0.6273216835972389], "share_institutionals": [0.0003813833141213026, 0.0001906916570606513, 0.0007627666282426052, 1], "recovery_halflife_retails": [3.3333333333333335], "price_recovery_times": [0], "l_factors": [0.25, 0.5, 1, 1.5, 2], "json_time": 1677764186.0303922, "current_debt": 97.0424456080073}, "sGLP-VST": {"series_std_ratio": 0.6132330529291525, "volume_for_slippage_10_percentss": [29506.98082000017], "trade_every": 1800, "collaterals": [840, 1541, 2242, 2943, 3644, 4345, 5047, 5748, 6449, 7150, 7851, 8552, 9254, 9955, 10656, 11357, 12058, 12759, 13461, 14162, 14863, 15564, 16265, 16966, 17668, 18369, 19070, 19771, 20472, 21173, 4375.0], "liquidation_incentives": [0.10000000000000009], "stability_pool_initial_balances": [0.01195241703484123, 0.005976208517420615, 0.02390483406968246], "share_institutionals": [0.0, 0.0, 0.0, 1], "recovery_halflife_retails": [3.3333333333333335], "price_recovery_times": [0], "l_factors": [0.25, 0.5, 1, 1.5, 2], "json_time": 1677764186.0303922, "current_debt": 840.0019251027384}}