{"json_time": 1691242630, "USDC": {"oracle": 1.0002174534906982, "cex_price": 1, "dex_price": 1}, "WXDAI": {"oracle": 1.0, "cex_price": 1, "dex_price": 0.9998543195888091}, "LINK": {"oracle": 7.198439687937587, "cex_price": 7.1985, "dex_price": 7.587158735789758}, "GNO": {"oracle": 110.85332266453291, "cex_price": 111.05, "dex_price": 111.13773079368187}, "WBTC": {"oracle": 29074.8, "cex_price": 29041.275, "dex_price": 29055.31580077467}, "WETH": {"oracle": 1828.635727145429, "cex_price": 1833.355, "dex_price": 1830.6273241741774}, "FOX": {"oracle": 0.01888241648329666, "cex_price": 0.01895, "dex_price": 0.018968585802681365}, "USDT": {"oracle": 0.9988397679535908, "cex_price": 1, "dex_price": 0.9989666598963033}, "EURe": {"oracle": 1.1013502700540108, "cex_price": 1.0833499999999998, "dex_price": 1.09782895504294}, "wstETH": {"oracle": 2074.907545889178, "cex_price": "NaN", "dex_price": 2074.907545889178}}