{"json_time": 1676476615, "USDC": {"oracle": 1.0000954191039366, "cex_price": 1, "dex_price": 1}, "WXDAI": {"oracle": 1.0, "cex_price": 1, "dex_price": 1.0002837460818743}, "LINK": {"oracle": 6.919660204780138, "cex_price": 6.9025, "dex_price": 7.33672742966662}, "GNO": {"oracle": 109.86848998262924, "cex_price": 110.15, "dex_price": 110.37265267945804}, "WBTC": {"oracle": 22871.78219673939, "cex_price": 22784.03, "dex_price": 22857.649643889246}, "WETH": {"oracle": 1582.8510198158006, "cex_price": 1577.165, "dex_price": 1584.4755252473801}, "FOX": {"oracle": 0.03263478368471136, "cex_price": 0.032600000000000004, "dex_price": 0.032135490633324104}, "USDT": {"oracle": 1.0004954572715783, "cex_price": 1, "dex_price": 1.001363265963916}}