{"json_time": 1686853406, "glp_data": {"liquidTreasury": 364892789.6993381, "treasuryUtilization": 0.21661746929490866, "liquidStableTreasury": 205934303.6159515, "stableTreasuryUtilization": 0.11503016926252102, "liquidSolidAssetTreasury": 147204071.40098655, "solidTreasuryUtilization": 0.3289319185756333}}