{"json_time": 1686853406, "ETH": {"VST": {"volume": 32027735.70394516, "llc": 1.1}}, "gOHM": {"VST": {"volume": 344799.24726486206, "llc": 1.15}}, "GMX": {"VST": {"volume": 4599136.118412018, "llc": 1.15}}, "DPX": {"VST": {"volume": 424907.8097343445, "llc": 1.15}}, "sGLP": {"VST": {"volume": 45124531.994342804, "llc": 1.1}}}