{"USDC": {"WXDAI": {"volume": 4048866.588115692, "llc": 1.05}, "LINK": {"volume": 1476.8366813659668, "llc": 1.05}, "GNO": {"volume": 68233.97207260132, "llc": 1.05}, "WBTC": {"volume": 25318.670749664307, "llc": 1.05}, "WETH": {"volume": 75863.35897445679, "llc": 1.05}, "FOX": {"volume": 3384.183406829834, "llc": 1.05}, "USDT": {"volume": 3542466.0325050354, "llc": 1.05}}, "WXDAI": {"USDC": {"volume": 4526656.942844391, "llc": 1.05}, "LINK": {"volume": 2430.5100440979004, "llc": 1.05}, "GNO": {"volume": 93983.15286636353, "llc": 1.05}, "WBTC": {"volume": 25318.670749664307, "llc": 1.05}, "WETH": {"volume": 75863.35897445679, "llc": 1.05}, "FOX": {"volume": 4337.856769561768, "llc": 1.05}, "USDT": {"volume": 3550095.419406891, "llc": 1.05}}, "LINK": {"USDC": {"volume": 5291.530132293701, "llc": 1.2}, "WXDAI": {"volume": 5291.530132293701, "llc": 1.2}, "GNO": {"volume": 5291.530132293701, "llc": 1.2}, "WBTC": {"volume": 5291.530132293701, "llc": 1.2}, "WETH": {"volume": 5291.530132293701, "llc": 1.2}, "FOX": {"volume": 4337.856769561768, "llc": 1.2}, "USDT": {"volume": 5291.530132293701, "llc": 1.2}}, "GNO": {"USDC": {"volume": 137852.12755203247, "llc": 1.1}, "WXDAI": {"volume": 186489.46905136108, "llc": 1.1}, "LINK": {"volume": 2430.5100440979004, "llc": 1.1}, "WBTC": {"volume": 58697.23844528198, "llc": 1.1}, "WETH": {"volume": 303791.2926673889, "llc": 1.1}, "FOX": {"volume": 6245.203495025635, "llc": 1.1}, "USDT": {"volume": 96844.17295455933, "llc": 1.1}}, "WBTC": {"USDC": {"volume": 51067.851543426514, "llc": 1.1}, "WXDAI": {"volume": 51067.851543426514, "llc": 1.1}, "LINK": {"volume": 2430.5100440979004, "llc": 1.1}, "GNO": {"volume": 57743.56508255005, "llc": 1.1}, "WETH": {"volume": 74909.68561172485, "llc": 1.1}, "FOX": {"volume": 6245.203495025635, "llc": 1.1}, "USDT": {"volume": 51067.851543426514, "llc": 1.1}}, "WETH": {"USDC": {"volume": 75863.35897445679, "llc": 1.05}, "WXDAI": {"volume": 75863.35897445679, "llc": 1.05}, "LINK": {"volume": 1476.8366813659668, "llc": 1.05}, "GNO": {"volume": 144527.841091156, "llc": 1.05}, "WBTC": {"volume": 37716.42446517944, "llc": 1.05}, "FOX": {"volume": 3384.183406829834, "llc": 1.05}, "USDT": {"volume": 75863.35897445679, "llc": 1.05}}, "FOX": {"USDC": {"volume": 7198.876857757568, "llc": 1.1}, "WXDAI": {"volume": 9106.223583221436, "llc": 1.1}, "LINK": {"volume": 2430.5100440979004, "llc": 1.1}, "GNO": {"volume": 7198.876857757568, "llc": 1.1}, "WBTC": {"volume": 6245.203495025635, "llc": 1.1}, "WETH": {"volume": 9106.223583221436, "llc": 1.1}, "USDT": {"volume": 7198.876857757568, "llc": 1.1}}, "USDT": {"USDC": {"volume": 4297775.335788727, "llc": 1.05}, "WXDAI": {"volume": 3847641.508579254, "llc": 1.05}, "LINK": {"volume": 1476.8366813659668, "llc": 1.05}, "GNO": {"volume": 49160.50481796265, "llc": 1.05}, "WBTC": {"volume": 25318.670749664307, "llc": 1.05}, "WETH": {"volume": 75863.35897445679, "llc": 1.05}, "FOX": {"volume": 3384.183406829834, "llc": 1.05}}, "json_time": 1674913460}