{"json_time": 1682509909, "stabilityPoolVstBalance": {"ETH": 159405.7543125703, "gOHM": 112264.66363326882, "GMX": 54929.99808536423, "DPX": 55012.385916960935, "sGLP": 69.92304532265123}, "stabilityPoolGemBalance": {"ETH": 24630.69258720812, "gOHM": 12341.036275176997, "GMX": 6004.379267545789, "DPX": 29570.939285968685, "sGLP": 0.0}, "bprotocolBalance": {"ETH": 47454.34893118075, "gOHM": 43217.55847631487, "DPX": 0.0, "GMX": 21172.472922777757, "sGLP": 0.0}, "bprotocolGemBalance": {"ETH": 0.005122211618893318, "gOHM": 0.0, "DPX": 115.34060321792242, "GMX": 0.09207386522042675, "sGLP": 0.0}}