{"json_time": 1682509909, "ETH": {"VST": {"volume": 26048203.719615936, "llc": 1.1}}, "gOHM": {"VST": {"volume": 388668.221950531, "llc": 1.15}}, "GMX": {"VST": {"volume": 13957532.826900482, "llc": 1.15}}, "DPX": {"VST": {"volume": 679538.5975837708, "llc": 1.15}}, "sGLP": {"VST": {"volume": 16027004.024028778, "llc": 1.1}}}