{"json_time": 1666544059, "auUSDC": {"oracle": 0.9999061, "cex_price": 1, "dex_price": 1}, "auETH": {"oracle": 1313.62, "cex_price": 1315.585, "dex_price": 1326.3948670056163}, "auWBTC": {"oracle": 19185.605, "cex_price": 19206.364999999998, "dex_price": 19369.840963920764}, "auUSDT": {"oracle": 1.00000522, "cex_price": 1, "dex_price": 0.9999289150534288}, "auWNEAR": {"oracle": 2.872, "cex_price": 2.9154999999999998, "dex_price": 2.921199027255357}, "auSTNEAR": {"oracle": 3.2505338, "cex_price": "NaN", "dex_price": 3.3264353187884965}}