{"json_time": 1666283399, "auUSDC": {"oracle": 1.0000042, "cex_price": 1, "dex_price": 1}, "auETH": {"oracle": 1294.83, "cex_price": 1290.4450000000002, "dex_price": 1298.7487154428045}, "auWBTC": {"oracle": 19173.26444095, "cex_price": 19173.23, "dex_price": 19299.639251143115}, "auUSDT": {"oracle": 1.0, "cex_price": 1, "dex_price": 0.9999310767507417}, "auWNEAR": {"oracle": 2.88806579, "cex_price": 2.8914999999999997, "dex_price": 2.9014520502744015}, "auSTNEAR": {"oracle": 3.26607694, "cex_price": "NaN", "dex_price": 3.2978248793148297}}