{"json_time": 1670750050, "ETH": {"VST": {"volume": 19558456.48622513, "llc": 1.1}}, "gOHM": {"VST": {"volume": 390575.5686759949, "llc": 1.15}}, "GMX": {"VST": {"volume": 3166718.7275886536, "llc": 1.15}}, "DPX": {"VST": {"volume": 658557.7836036682, "llc": 1.15}}, "sGLP": {"VST": {"volume": 19558456.48622513, "llc": 1.1}}}