{"json_time": 1671090153, "auUSDC": {"oracle": 1.00003671, "cex_price": 1, "dex_price": 1}, "auETH": {"oracle": 1287.57461867, "cex_price": 1287.165, "dex_price": 1296.4824785931423}, "auWBTC": {"oracle": 17698.74, "cex_price": 17667.735, "dex_price": 17932.31769467862}, "auUSDT": {"oracle": 1.00007397, "cex_price": 1, "dex_price": 0.9998519289282892}, "auWNEAR": {"oracle": 1.61779056, "cex_price": 1.6375, "dex_price": 1.6407369702212193}, "auSTNEAR": {"oracle": 1.85683122, "cex_price": "NaN", "dex_price": 1.907514201824375}}