{"auUSDC": {"auETH": {"volume": 22457.650661468506, "llc": 1.1}, "auWBTC": {"volume": 12920.91703414917, "llc": 1.1}, "auUSDT": {"volume": 2523942.8811073303, "llc": 1.1}, "auWNEAR": {"volume": 86353.76596450806, "llc": 1.1}, "auSTNEAR": {"volume": 78655.37047919999, "llc": 1.1}}, "auETH": {"auUSDC": {"volume": 22457.650661468506, "llc": 1.1}, "auWBTC": {"volume": 12920.91703414917, "llc": 1.1}, "auUSDT": {"volume": 20550.30393600464, "llc": 1.1}, "auWNEAR": {"volume": 37716.42446517944, "llc": 1.1}, "auSTNEAR": {"volume": 37716.42446517944, "llc": 1.1}}, "auWBTC": {"auUSDC": {"volume": 12920.91703414917, "llc": 1.1}, "auETH": {"volume": 12920.91703414917, "llc": 1.1}, "auUSDT": {"volume": 11013.570308685303, "llc": 1.1}, "auWNEAR": {"volume": 15781.93712234497, "llc": 1.1}, "auSTNEAR": {"volume": 15781.93712234497, "llc": 1.1}}, "auUSDT": {"auUSDC": {"volume": 2087160.4809761047, "llc": 1.1}, "auETH": {"volume": 20550.30393600464, "llc": 1.1}, "auWBTC": {"volume": 11013.570308685303, "llc": 1.1}, "auWNEAR": {"volume": 86353.76596450806, "llc": 1.1}, "auSTNEAR": {"volume": 78655.37047919999, "llc": 1.1}}, "auWNEAR": {"auUSDC": {"volume": 87307.43932723999, "llc": 1.1}, "auETH": {"volume": 37716.42446517944, "llc": 1.1}, "auWBTC": {"volume": 15781.93712234497, "llc": 1.1}, "auUSDT": {"volume": 87307.43932723999, "llc": 1.1}, "auSTNEAR": {"volume": 78655.37047919999, "llc": 1.1}}, "auSTNEAR": {"auUSDC": {"volume": 67280.29870986938, "llc": 1.1}, "auETH": {"volume": 49160.50481796265, "llc": 1.1}, "auWBTC": {"volume": 20550.30393600464, "llc": 1.1}, "auUSDT": {"volume": 67280.29870986938, "llc": 1.1}, "auWNEAR": {"volume": 82539.07251358032, "llc": 1.1}}, "json_time": 1671090153}