{"json_time": 1692861119, "glp_data": {"liquidTreasury": 315111053.69737566, "treasuryUtilization": 0.19964516104231333, "liquidStableTreasury": 144735353.7708375, "stableTreasuryUtilization": 0.04698928950306908, "liquidSolidAssetTreasury": 151271125.17416, "solidTreasuryUtilization": 0.2987948550684223}}