{"json_time": 1685721599, "stabilityPoolVstBalance": {"ETH": 102035.99954431645, "gOHM": 87077.35249394369, "GMX": 50968.16445249705, "DPX": 8895.752056437876, "sGLP": 443.19985336057323}, "stabilityPoolGemBalance": {"ETH": 21074.515846614187, "gOHM": 11037.540375105758, "GMX": 4044.134135945444, "DPX": 24406.371496261563, "sGLP": 0.0}, "bprotocolBalance": {"ETH": 47325.39924228059, "gOHM": 43094.60915159028, "DPX": 7982.405171973159, "GMX": 21111.342667745845, "sGLP": 0.0}, "bprotocolGemBalance": {"ETH": 0.06201534360359258, "gOHM": 0.0, "DPX": 91.57122841505588, "GMX": 1.7937993024434837, "sGLP": 0.0}}