{"json_time": 1672966495, "auUSDC": {"oracle": 0.99994164, "cex_price": 1, "dex_price": 1}, "auETH": {"oracle": 1250.83471885, "cex_price": 1248.835, "dex_price": 1259.4731495326362}, "auWBTC": {"oracle": 16819.04, "cex_price": 16803.735, "dex_price": 17026.327981220642}, "auUSDT": {"oracle": 0.9996, "cex_price": 1, "dex_price": 0.9996839319306094}, "auWNEAR": {"oracle": 1.51839537, "cex_price": 1.5045, "dex_price": 1.5161252091673907}, "auSTNEAR": {"oracle": 1.75254458, "cex_price": "NaN", "dex_price": 1.7759782231350012}}