{"json_time": 1683621544, "glp_data": {"liquidTreasury": 444131484.8229011, "treasuryUtilization": 0.24491662215712515, "liquidStableTreasury": 286081692.0773519, "stableTreasuryUtilization": 0.08619372778635294, "liquidSolidAssetTreasury": 151041587.42281628, "solidTreasuryUtilization": 0.43128958176788695}}