{"json_time": 1673454399.3774426, "C3": {"oracle": 0.1537, "cex_price": "NaN", "dex_price": 0.1545678018592298}, "WRT": {"oracle": 0.09179, "cex_price": 0.09255, "dex_price": 0.09341355552896857}, "iBTC": {"oracle": 16510.0, "cex_price": "NaN", "dex_price": 16346.941143491073}, "iUSD": {"oracle": 1.0, "cex_price": "NaN", "dex_price": 1}, "ADA": {"oracle": 0.30249, "cex_price": 0.30895, "dex_price": 0.30780136957764626}, "MELD": {"oracle": 0.022499, "cex_price": 0.022195, "dex_price": 0.02152707614004612}, "COPI": {"oracle": 0.01488, "cex_price": "NaN", "dex_price": 0.015870484989136457}, "MIN": {"oracle": 0.012537, "cex_price": "NaN", "dex_price": 0.012711604358628392}, "HOSKY": {"oracle": 2e-08, "cex_price": 2.094e-08, "dex_price": 1.979060471057892e-08}, "WMT": {"oracle": 0.19594, "cex_price": 0.199, "dex_price": 0.1975217687431723}}