{"json_time": 1673872316, "ETH": {"VST": {"volume": 43031218.96314621, "llc": 1.1}}, "gOHM": {"VST": {"volume": 363872.71451950073, "llc": 1.15}}, "GMX": {"VST": {"volume": 2824349.9903678894, "llc": 1.15}}, "DPX": {"VST": {"volume": 766322.8735923767, "llc": 1.15}}, "sGLP": {"VST": {"volume": 45676708.87136459, "llc": 1.1}}}