{"json_time": 1678816616, "ETH": {"oracle": 1741.199976, "cex_price": 1729.6550000000002, "dex_price": 1749.7790230531498}, "BNB|bsc": {"oracle": 313.93, "cex_price": 312.45, "dex_price": 316.5061500715511}, "WBTC|eth": {"oracle": 25374.6, "cex_price": 25031.045, "dex_price": 26035.457314297793}, "pCKB": {"oracle": 0.004616583, "cex_price": 0.004654999999999999, "dex_price": 0.004623171067740907}, "USDC": {"oracle": 0.99929445, "cex_price": 1, "dex_price": 1}, "USDT": {"oracle": 1.0031, "cex_price": 1, "dex_price": 1.0026900530428096}}