{"json_time":1671016832,"DAI":{"USDC":{"volume":2758616116.74899,"llc":1.0298539010729062}},"WETH":{"USDC":{"volume":65314715.676766,"llc":1.0399928056385281}},"stETH":{"USDC":{"volume":47402477.360595,"llc":1.0399937630408014}},"WBTC":{"USDC":{"volume":27289150.313502,"llc":1.039986181486824}},"USDT":{"USDC":{"volume":341076462.952051,"llc":1.0395512512156975}},"sUSD":{"USDC":{"volume":29910271.760738,"llc":1.0397725841229062}},"FRAX":{"USDC":{"volume":401081333.717447,"llc":1.0393761396409236}},"GUSD":{"USDC":{"volume":15779896.253644,"llc":1.0399832577927337}},"LUSD":{"USDC":{"volume":50095386.277098,"llc":1.0397247741873565}},"CVX":{"USDC":{"volume":877766.158672,"llc":1.0396748099843545}},"FXS":{"USDC":{"volume":1012663.2533779999,"llc":1.0399707475935327}},"LQTY":{"USDC":{"volume":1671713.480253,"llc":1.0190762244658278}},"CRV":{"USDC":{"volume":1479963.924365,"llc":1.0399721470015493}},"LDO":{"USDC":{"volume":1186782.743022,"llc":1.0399810532894667}},"SNX":{"USDC":{"volume":92684.678907,"llc":1.0399989852283942}},"wstETH":{"USDC":{"volume":59476970.627919,"llc":1.039972039844705}},"3Crv":{"USDC":{"volume":214519848.310525,"llc":1.0399179873489643}},"steCRV":{"USDC":{"volume":77950859.40943857,"llc":1.0399937630408014}},"FRAX3CRV-f":{"USDC":{"volume":547427638.8054631,"llc":1.0399179873489643}},"LUSD3CRV-f":{"USDC":{"volume":238482048.15293354,"llc":1.0399179873489643}},"crvPlain3andSUSD":{"USDC":{"volume":218081524.81391302,"llc":1.0397725841229062}},"gusd3CRV":{"USDC":{"volume":44798841.884845935,"llc":1.0399832577927337}},"crvFRAX":{"USDC":{"volume":401081333.717447,"llc":1.0393761396409236}},"cvxsteCRV":{"USDC":{"volume":77950859.40943857,"llc":1.0399937630408014}},"stkcvxsteCRV":{"USDC":{"volume":77950859.40943857,"llc":1.0399937630408014}},"cvx3Crv":{"USDC":{"volume":214519848.310525,"llc":1.0399179873489643}},"stkcvx3Crv":{"USDC":{"volume":214519848.310525,"llc":1.0399179873489643}},"cvxFRAX3CRV-f":{"USDC":{"volume":547427638.8054631,"llc":1.0399179873489643}},"stkcvxFRAX3CRV-f":{"USDC":{"volume":547427638.8054631,"llc":1.0399179873489643}},"cvxLUSD3CRV-f":{"USDC":{"volume":238482048.15293354,"llc":1.0399179873489643}},"stkcvxLUSD3CRV-f":{"USDC":{"volume":238482048.15293354,"llc":1.0399179873489643}},"cvxcrvPlain3andSUSD":{"USDC":{"volume":218081524.81391302,"llc":1.0397725841229062}},"stkcvxcrvPlain3andSUSD":{"USDC":{"volume":218081524.81391302,"llc":1.0397725841229062}},"cvxgusd3CRV":{"USDC":{"volume":44798841.884845935,"llc":1.0399832577927337}},"stkcvxgusd3CRV":{"USDC":{"volume":44798841.884845935,"llc":1.0399832577927337}},"yvDAI":{"USDC":{"volume":2758616116.74899,"llc":1.0298539010729062}},"yvUSDC":{"USDC":{"volume":999999999999,"llc":1}},"yvWETH":{"USDC":{"volume":65314715.676766,"llc":1.0399928056385281}},"yvWBTC":{"USDC":{"volume":27289150.313502,"llc":1.039986181486824}},"yvCurve-stETH":{"USDC":{"volume":77950859.40943857,"llc":1.0399937630408014}},"yvCurve-FRAX":{"USDC":{"volume":547427638.8054631,"llc":1.0399179873489643}},"cvxcrvFRAX":{"USDC":{"volume":401081333.717447,"llc":1.0393761396409236}},"stkcvxcrvFRAX":{"USDC":{"volume":401081333.717447,"llc":1.0393761396409236}}}