{"json_time": 1680349295, "ETH": {"oracle": 1824.674589069, "cex_price": 1824.915, "dex_price": 1804.216193233454}, "BNB|bsc": {"oracle": 314.10676, "cex_price": 314.15, "dex_price": 317.1786525660367}, "WBTC|eth": {"oracle": 28357.7, "cex_price": 28402.065000000002, "dex_price": 29882.443914605086}, "pCKB": {"oracle": 0.004883765, "cex_price": 0.0048850000000000005, "dex_price": 0.004914281564452009}, "USDC": {"oracle": 0.99991886, "cex_price": 1, "dex_price": 1}, "USDT": {"oracle": 1.000458617, "cex_price": 1, "dex_price": 0.99596108078803}}