{"ETH": {"BNB|bsc": {"volume": 11013.570308685303, "llc": 1.1}, "WBTC|eth": {"volume": 3384.183406829834, "llc": 1.1}, "pCKB": {"volume": 29133.36420059204, "llc": 1.1}, "USDC": {"volume": 21503.977298736572, "llc": 1.1}, "USDT": {"volume": 21503.977298736572, "llc": 1.1}}, "BNB|bsc": {"ETH": {"volume": 11013.570308685303, "llc": 1.1}, "WBTC|eth": {"volume": 3384.183406829834, "llc": 1.1}, "pCKB": {"volume": 15781.93712234497, "llc": 1.1}, "USDC": {"volume": 12920.91703414917, "llc": 1.1}, "USDT": {"volume": 12920.91703414917, "llc": 1.1}}, "WBTC|eth": {"ETH": {"volume": 4337.856769561768, "llc": 1.1}, "BNB|bsc": {"volume": 3384.183406829834, "llc": 1.1}, "pCKB": {"volume": 3384.183406829834, "llc": 1.1}, "USDC": {"volume": 3384.183406829834, "llc": 1.1}, "USDT": {"volume": 3384.183406829834, "llc": 1.1}}, "pCKB": {"ETH": {"volume": 29133.36420059204, "llc": 1.1}, "BNB|bsc": {"volume": 15781.93712234497, "llc": 1.1}, "WBTC|eth": {"volume": 3384.183406829834, "llc": 1.1}, "USDC": {"volume": 80631.72578811646, "llc": 1.1}, "USDT": {"volume": 77770.70569992065, "llc": 1.1}}, "USDC": {"ETH": {"volume": 21503.977298736572, "llc": 1.1}, "BNB|bsc": {"volume": 12920.91703414917, "llc": 1.1}, "WBTC|eth": {"volume": 3384.183406829834, "llc": 1.1}, "pCKB": {"volume": 80631.72578811646, "llc": 1.1}, "USDT": {"volume": 135944.7808265686, "llc": 1.1}}, "USDT": {"ETH": {"volume": 21503.977298736572, "llc": 1.1}, "BNB|bsc": {"volume": 12920.91703414917, "llc": 1.1}, "WBTC|eth": {"volume": 3384.183406829834, "llc": 1.1}, "pCKB": {"volume": 47253.15809249878, "llc": 1.1}, "USDC": {"volume": 53928.871631622314, "llc": 1.1}}, "json_time": 1680349295}