{"json_time": 1682610043, "ETH": {"oracle": 1897.26573855, "cex_price": 1896.315, "dex_price": 1921.2646292661552}, "BNB|bsc": {"oracle": 331.4, "cex_price": 331.85, "dex_price": 337.01719123724195}, "WBTC|eth": {"oracle": 29093.4, "cex_price": 29082.625, "dex_price": 29795.889104529662}, "pCKB": {"oracle": 0.003939437, "cex_price": 0.003985, "dex_price": 0.0038948933476743567}, "USDC": {"oracle": 0.999844986, "cex_price": 1, "dex_price": 1}, "USDT": {"oracle": 1.000089999, "cex_price": 1, "dex_price": 1.000468283125409}}