{"json_time": 1690029099, "stabilityPoolVstBalance": {"ETH": 51222.54987814013, "gOHM": 69835.72865561575, "GMX": 69128.66738704003, "DPX": 723.8560754912447, "sGLP": 646.815464402982}, "stabilityPoolGemBalance": {"ETH": 20518.250279737018, "gOHM": 11160.21545782515, "GMX": 29114.409490559752, "DPX": 11801.64093005514, "sGLP": 0.0}, "bprotocolBalance": {"ETH": 4839.801406537946, "gOHM": 41364.41701368792, "DPX": 6.487005607776971, "GMX": 42753.509900019286, "sGLP": 0.0}, "bprotocolGemBalance": {"ETH": 0.015567632995832883, "gOHM": 0.0, "DPX": 0.01969001542327342, "GMX": 15.6173822008897, "sGLP": 0.0}}