{"json_time": 1665173853.5831232, "stabilityPoolVstBalance": {"ETH": 444565.8706707543, "gOHM": 269421.73459551594, "renBTC": 44836.213279173775, "GMX": 51930.18142288835, "DPX": 79220.96655278558, "sGLP": 48929.259}, "stabilityPoolGemBalance": {"ETH": 24651.18525044499, "gOHM": 23139.4460165629, "renBTC": 504.01178069660006, "GMX": 279.0375104473425, "DPX": 201.42832243571186, "sGLP": 0.0}, "bprotocolBalance": {"ETH": 189449.6408493719, "gOHM": 152362.0650621556, "DPX": 3.6379731815896235, "GMX": 5118.743650197352, "renBTC": 43768.637903505034, "sGLP": 0.0}, "bprotocolGemBalance": {"ETH": 0.027740083388213457, "gOHM": 0.0, "DPX": 7.5720702787398e-05, "GMX": 0.006027675867295072, "renBTC": 0.0, "sGLP": 0.0}}