{"USDC": {"WXDAI": {"volume": 3003640.582561493, "llc": 1.05}, "LINK": {"volume": 1476.8366813659668, "llc": 1.05}, "GNO": {"volume": 68233.97207260132, "llc": 1.05}, "WBTC": {"volume": 17689.283847808838, "llc": 1.05}, "WETH": {"volume": 66326.62534713745, "llc": 1.05}, "FOX": {"volume": 3384.183406829834, "llc": 1.05}, "USDT": {"volume": 3072305.064678192, "llc": 1.05}}, "WXDAI": {"USDC": {"volume": 2809091.2165641785, "llc": 1.05}, "LINK": {"volume": 1476.8366813659668, "llc": 1.05}, "GNO": {"volume": 85400.09260177612, "llc": 1.05}, "WBTC": {"volume": 17689.283847808838, "llc": 1.05}, "WETH": {"volume": 66326.62534713745, "llc": 1.05}, "FOX": {"volume": 3384.183406829834, "llc": 1.05}, "USDT": {"volume": 3081841.7983055115, "llc": 1.05}}, "LINK": {"USDC": {"volume": 2430.5100440979004, "llc": 1.1}, "WXDAI": {"volume": 2430.5100440979004, "llc": 1.1}, "GNO": {"volume": 2430.5100440979004, "llc": 1.1}, "WBTC": {"volume": 2430.5100440979004, "llc": 1.1}, "WETH": {"volume": 2430.5100440979004, "llc": 1.1}, "FOX": {"volume": 2430.5100440979004, "llc": 1.1}, "USDT": {"volume": 2430.5100440979004, "llc": 1.1}}, "GNO": {"USDC": {"volume": 133083.7607383728, "llc": 1.1}, "WXDAI": {"volume": 170277.0218849182, "llc": 1.1}, "LINK": {"volume": 2430.5100440979004, "llc": 1.1}, "WBTC": {"volume": 38670.09782791138, "llc": 1.1}, "WETH": {"volume": 250385.58435440063, "llc": 1.1}, "FOX": {"volume": 5291.530132293701, "llc": 1.1}, "USDT": {"volume": 96844.17295455933, "llc": 1.1}}, "WBTC": {"USDC": {"volume": 35809.077739715576, "llc": 1.1}, "WXDAI": {"volume": 35809.077739715576, "llc": 1.1}, "LINK": {"volume": 2430.5100440979004, "llc": 1.1}, "GNO": {"volume": 38670.09782791138, "llc": 1.1}, "WETH": {"volume": 48206.83145523071, "llc": 1.1}, "FOX": {"volume": 5291.530132293701, "llc": 1.1}, "USDT": {"volume": 35809.077739715576, "llc": 1.1}}, "WETH": {"USDC": {"volume": 66326.62534713745, "llc": 1.05}, "WXDAI": {"volume": 66326.62534713745, "llc": 1.05}, "LINK": {"volume": 1476.8366813659668, "llc": 1.05}, "GNO": {"volume": 118778.6602973938, "llc": 1.05}, "WBTC": {"volume": 24364.997386932373, "llc": 1.05}, "FOX": {"volume": 3384.183406829834, "llc": 1.05}, "USDT": {"volume": 66326.62534713745, "llc": 1.05}}, "FOX": {"USDC": {"volume": 6245.203495025635, "llc": 1.1}, "WXDAI": {"volume": 6245.203495025635, "llc": 1.1}, "LINK": {"volume": 2430.5100440979004, "llc": 1.1}, "GNO": {"volume": 5291.530132293701, "llc": 1.1}, "WBTC": {"volume": 5291.530132293701, "llc": 1.1}, "WETH": {"volume": 5291.530132293701, "llc": 1.1}, "USDT": {"volume": 5291.530132293701, "llc": 1.1}}, "USDT": {"USDC": {"volume": 2623124.9108314514, "llc": 1.05}, "WXDAI": {"volume": 2813859.583377838, "llc": 1.05}, "LINK": {"volume": 1476.8366813659668, "llc": 1.05}, "GNO": {"volume": 47253.15809249878, "llc": 1.05}, "WBTC": {"volume": 18642.95721054077, "llc": 1.05}, "WETH": {"volume": 66326.62534713745, "llc": 1.05}, "FOX": {"volume": 3384.183406829834, "llc": 1.05}}, "json_time": 1672503535}