{"auUSDC": {"auETH": {"volume": 28179.690837860107, "llc": 1.1}, "auWBTC": {"volume": 11967.243671417236, "llc": 1.1}, "auUSDT": {"volume": 2564950.8357048035, "llc": 1.1}, "auWNEAR": {"volume": 86353.76596450806, "llc": 1.1}, "auSTNEAR": {"volume": 67349.72403641, "llc": 1.1}}, "auETH": {"auUSDC": {"volume": 27226.017475128174, "llc": 1.1}, "auWBTC": {"volume": 11967.243671417236, "llc": 1.1}, "auUSDT": {"volume": 26272.34411239624, "llc": 1.1}, "auWNEAR": {"volume": 40577.444553375244, "llc": 1.1}, "auSTNEAR": {"volume": 40577.444553375244, "llc": 1.1}}, "auWBTC": {"auUSDC": {"volume": 11967.243671417236, "llc": 1.1}, "auETH": {"volume": 11967.243671417236, "llc": 1.1}, "auUSDT": {"volume": 11967.243671417236, "llc": 1.1}, "auWNEAR": {"volume": 14828.263759613037, "llc": 1.1}, "auSTNEAR": {"volume": 14828.263759613037, "llc": 1.1}}, "auUSDT": {"auUSDC": {"volume": 2206369.6513175964, "llc": 1.1}, "auETH": {"volume": 26272.34411239624, "llc": 1.1}, "auWBTC": {"volume": 11967.243671417236, "llc": 1.1}, "auWNEAR": {"volume": 86353.76596450806, "llc": 1.1}, "auSTNEAR": {"volume": 67349.72403641, "llc": 1.1}}, "auWNEAR": {"auUSDC": {"volume": 87307.43932723999, "llc": 1.1}, "auETH": {"volume": 40577.444553375244, "llc": 1.1}, "auWBTC": {"volume": 14828.263759613037, "llc": 1.1}, "auUSDT": {"volume": 87307.43932723999, "llc": 1.1}, "auSTNEAR": {"volume": 67349.72403641, "llc": 1.1}}, "auSTNEAR": {"auUSDC": {"volume": 73956.01224899292, "llc": 1.1}, "auETH": {"volume": 52021.52490615845, "llc": 1.1}, "auWBTC": {"volume": 19596.630573272705, "llc": 1.1}, "auUSDT": {"volume": 73956.01224899292, "llc": 1.1}, "auWNEAR": {"volume": 93029.47950363159, "llc": 1.1}}, "json_time": 1673095542}