{"USDC": {"WXDAI": {"volume": 5925265.25592804, "llc": 1.05}, "LINK": {"volume": 1476.8366813659668, "llc": 1.05}, "GNO": {"volume": 68233.97207260132, "llc": 1.05}, "WBTC": {"volume": 25318.670749664307, "llc": 1.05}, "WETH": {"volume": 67280.29870986938, "llc": 1.05}, "FOX": {"volume": 2430.5100440979004, "llc": 1.05}}, "WXDAI": {"USDC": {"volume": 6600465.996742249, "llc": 1.05}, "LINK": {"volume": 4861.020088195801, "llc": 1.05}, "GNO": {"volume": 174614.87865447998, "llc": 1.05}, "WBTC": {"volume": 50637.34149932861, "llc": 1.05}, "WETH": {"volume": 134560.59741973877, "llc": 1.05}, "FOX": {"volume": 6768.366813659668, "llc": 1.05}}, "LINK": {"USDC": {"volume": 2430.5100440979004, "llc": 1.1}, "WXDAI": {"volume": 6768.366813659668, "llc": 1.1}, "GNO": {"volume": 3384.183406829834, "llc": 1.1}, "WBTC": {"volume": 3384.183406829834, "llc": 1.1}, "WETH": {"volume": 3384.183406829834, "llc": 1.1}, "FOX": {"volume": 2430.5100440979004, "llc": 1.1}}, "GNO": {"USDC": {"volume": 140713.14764022827, "llc": 1.1}, "WXDAI": {"volume": 363442.20447540283, "llc": 1.1}, "LINK": {"volume": 2430.5100440979004, "llc": 1.1}, "WBTC": {"volume": 60604.58517074585, "llc": 1.1}, "WETH": {"volume": 279949.4585990906, "llc": 1.1}, "FOX": {"volume": 5291.530132293701, "llc": 1.1}}, "WBTC": {"USDC": {"volume": 50114.17818069458, "llc": 1.1}, "WXDAI": {"volume": 100228.35636138916, "llc": 1.1}, "LINK": {"volume": 2430.5100440979004, "llc": 1.1}, "GNO": {"volume": 58697.23844528198, "llc": 1.1}, "WETH": {"volume": 79678.05242538452, "llc": 1.1}, "FOX": {"volume": 5291.530132293701, "llc": 1.1}}, "WETH": {"USDC": {"volume": 67280.29870986938, "llc": 1.05}, "WXDAI": {"volume": 134560.59741973877, "llc": 1.05}, "LINK": {"volume": 1476.8366813659668, "llc": 1.05}, "GNO": {"volume": 136898.45418930054, "llc": 1.05}, "WBTC": {"volume": 39623.77119064331, "llc": 1.05}, "FOX": {"volume": 3384.183406829834, "llc": 1.05}}, "FOX": {"USDC": {"volume": 5291.530132293701, "llc": 1.1}, "WXDAI": {"volume": 12490.40699005127, "llc": 1.1}, "LINK": {"volume": 2430.5100440979004, "llc": 1.1}, "GNO": {"volume": 5291.530132293701, "llc": 1.1}, "WBTC": {"volume": 5291.530132293701, "llc": 1.1}, "WETH": {"volume": 5291.530132293701, "llc": 1.1}}, "json_time": 1669559260}