{"json_time": 1670847674, "ETH": {"oracle": 1253.355, "cex_price": 1249.855, "dex_price": 1246.0878560252258}, "BNB|bsc": {"oracle": 283.14, "cex_price": 276.75, "dex_price": 276.2175401513438}, "WBTC|eth": {"oracle": 16982.23, "cex_price": 16977.405, "dex_price": 16878.5765389533}, "pCKB": {"oracle": 0.00243886, "cex_price": 0.002425, "dex_price": 0.002429737994290658}, "USDC": {"oracle": 0.99995, "cex_price": 1, "dex_price": 1}, "USDT": {"oracle": 1.0, "cex_price": 1, "dex_price": 24862.89509301118}}