{"json_time": 1696742090, "data": [{"account": "0x41374B389772D5aEd41240a57f5FFB087C6bfA93", "user_collateral_wo_looping": 0.002370996946199731, "user_debt_wo_looping": 0.002374022433600441}, {"account": "0x5420cFd7449ed4245936a71A761adF77Bd7D0071", "user_collateral_wo_looping": 0.007121473007539962, "user_debt_wo_looping": 0.007273644055873566}]}