{"USDC": {"WXDAI": {"volume": 3065629.3511390686, "llc": 1.05}, "LINK": {"volume": 1476.8366813659668, "llc": 1.05}, "GNO": {"volume": 23411.32402420044, "llc": 1.05}, "WBTC": {"volume": 7198.876857757568, "llc": 1.05}, "WETH": {"volume": 92578.5816440712, "llc": 1.05}, "FOX": {"volume": 3384.183406829834, "llc": 1.05}, "USDT": {"volume": 2105280.2748680115, "llc": 1.05}, "EURe": {"volume": 1430079.5340538025, "llc": 1.05}, "wstETH": {"volume": 99705.19304275513, "llc": 1.05}}, "WXDAI": {"USDC": {"volume": 3550095.419406891, "llc": 1.05}, "LINK": {"volume": 1476.8366813659668, "llc": 1.05}, "GNO": {"volume": 84446.41923904419, "llc": 1.05}, "WBTC": {"volume": 8152.550220489502, "llc": 1.05}, "WETH": {"volume": 103519.88649368286, "llc": 1.05}, "FOX": {"volume": 3384.183406829834, "llc": 1.05}, "USDT": {"volume": 2107187.6215934753, "llc": 1.05}, "EURe": {"volume": 1430079.5340538025, "llc": 1.05}, "wstETH": {"volume": 104473.5598564148, "llc": 1.05}}, "LINK": {"USDC": {"volume": 4337.856769561768, "llc": 1.2}, "WXDAI": {"volume": 4337.856769561768, "llc": 1.2}, "GNO": {"volume": 4337.856769561768, "llc": 1.2}, "WBTC": {"volume": 4337.856769561768, "llc": 1.2}, "WETH": {"volume": 4337.856769561768, "llc": 1.2}, "FOX": {"volume": 3384.183406829834, "llc": 1.2}, "USDT": {"volume": 4337.856769561768, "llc": 1.2}, "EURe": {"volume": 4337.856769561768, "llc": 1.2}, "wstETH": {"volume": 4337.856769561768, "llc": 1.2}}, "GNO": {"USDC": {"volume": 47253.15809249878, "llc": 1.1}, "WXDAI": {"volume": 46299.484729766846, "llc": 1.1}, "LINK": {"volume": 2430.5100440979004, "llc": 1.1}, "WBTC": {"volume": 48206.83145523071, "llc": 1.1}, "WETH": {"volume": 183628.44896316528, "llc": 1.1}, "FOX": {"volume": 5291.530132293701, "llc": 1.1}, "USDT": {"volume": 43438.464641571045, "llc": 1.1}, "EURe": {"volume": 43438.464641571045, "llc": 1.1}, "wstETH": {"volume": 503109.02547836304, "llc": 1.1}}, "WBTC": {"USDC": {"volume": 13874.590396881104, "llc": 1.1}, "WXDAI": {"volume": 13874.590396881104, "llc": 1.1}, "LINK": {"volume": 2430.5100440979004, "llc": 1.1}, "GNO": {"volume": 52021.52490615845, "llc": 1.1}, "WETH": {"volume": 73002.33888626099, "llc": 1.1}, "FOX": {"volume": 4337.856769561768, "llc": 1.1}, "USDT": {"volume": 13874.590396881104, "llc": 1.1}, "EURe": {"volume": 12920.91703414917, "llc": 1.1}, "wstETH": {"volume": 73002.33888626099, "llc": 1.1}}, "WETH": {"USDC": {"volume": 118037.45248917636, "llc": 1.05}, "WXDAI": {"volume": 117258.3273902379, "llc": 1.05}, "LINK": {"volume": 1476.8366813659668, "llc": 1.05}, "GNO": {"volume": 92075.80614089966, "llc": 1.05}, "WBTC": {"volume": 36762.75110244751, "llc": 1.05}, "FOX": {"volume": 2430.5100440979004, "llc": 1.05}, "USDT": {"volume": 118037.45248917636, "llc": 1.05}, "EURe": {"volume": 11013.570308685303, "llc": 1.05}, "wstETH": {"volume": 4869025.680065155, "llc": 1.05}}, "FOX": {"USDC": {"volume": 5291.530132293701, "llc": 1.1}, "WXDAI": {"volume": 5291.530132293701, "llc": 1.1}, "LINK": {"volume": 2430.5100440979004, "llc": 1.1}, "GNO": {"volume": 5291.530132293701, "llc": 1.1}, "WBTC": {"volume": 4337.856769561768, "llc": 1.1}, "WETH": {"volume": 4337.856769561768, "llc": 1.1}, "USDT": {"volume": 5291.530132293701, "llc": 1.1}, "EURe": {"volume": 5291.530132293701, "llc": 1.1}, "wstETH": {"volume": 5291.530132293701, "llc": 1.1}}, "USDT": {"USDC": {"volume": 3488106.650829315, "llc": 1.05}, "WXDAI": {"volume": 3011269.9694633484, "llc": 1.05}, "LINK": {"volume": 1476.8366813659668, "llc": 1.05}, "GNO": {"volume": 23411.32402420044, "llc": 1.05}, "WBTC": {"volume": 7198.876857757568, "llc": 1.05}, "WETH": {"volume": 92577.68523771047, "llc": 1.05}, "FOX": {"volume": 3384.183406829834, "llc": 1.05}, "EURe": {"volume": 1427218.5139656067, "llc": 1.05}, "wstETH": {"volume": 98751.5196800232, "llc": 1.05}}, "EURe": {"USDC": {"volume": 2752824.4881629944, "llc": 1.15}, "WXDAI": {"volume": 2528711.24792099, "llc": 1.15}, "LINK": {"volume": 3384.183406829834, "llc": 1.15}, "GNO": {"volume": 54882.54499435425, "llc": 1.15}, "WBTC": {"volume": 17689.283847808838, "llc": 1.15}, "WETH": {"volume": 21503.977298736572, "llc": 1.15}, "FOX": {"volume": 7198.876857757568, "llc": 1.15}, "USDT": {"volume": 2322717.8015708923, "llc": 1.15}, "wstETH": {"volume": 273273.74505996704, "llc": 1.15}}, "wstETH": {"USDC": {"volume": 198887.22276687622, "llc": 1.1}, "WXDAI": {"volume": 209377.6297569275, "llc": 1.1}, "LINK": {"volume": 2430.5100440979004, "llc": 1.1}, "GNO": {"volume": 495479.63857650757, "llc": 1.1}, "WBTC": {"volume": 73002.33888626099, "llc": 1.1}, "WETH": {"volume": 5297294.576585405, "llc": 1.1}, "FOX": {"volume": 5291.530132293701, "llc": 1.1}, "USDT": {"volume": 198887.22276687622, "llc": 1.1}, "EURe": {"volume": 190304.16250228882, "llc": 1.1}}, "json_time": 1696742090}