{"USDC": {"WXDAI": {"volume": 8238353.670597076, "llc": 1.05}, "LINK": {"volume": 1476.8366813659668, "llc": 1.05}, "GNO": {"volume": 59650.911808013916, "llc": 1.05}, "WBTC": {"volume": 13874.590396881104, "llc": 1.05}, "WETH": {"volume": 13874.590396881104, "llc": 1.05}, "FOX": {"volume": 3384.183406829834, "llc": 1.05}, "USDT": {"volume": 5407851.1300086975, "llc": 1.05}, "EURe": {"volume": 398204.95557785034, "llc": 1.05}}, "WXDAI": {"USDC": {"volume": 8777179.120540619, "llc": 1.05}, "LINK": {"volume": 1476.8366813659668, "llc": 1.05}, "GNO": {"volume": 59650.911808013916, "llc": 1.05}, "WBTC": {"volume": 14828.263759613037, "llc": 1.05}, "WETH": {"volume": 13874.590396881104, "llc": 1.05}, "FOX": {"volume": 3384.183406829834, "llc": 1.05}, "USDT": {"volume": 5410712.150096893, "llc": 1.05}, "EURe": {"volume": 397251.2822151184, "llc": 1.05}}, "LINK": {"USDC": {"volume": 4337.856769561768, "llc": 1.2}, "WXDAI": {"volume": 4337.856769561768, "llc": 1.2}, "GNO": {"volume": 4337.856769561768, "llc": 1.2}, "WBTC": {"volume": 4337.856769561768, "llc": 1.2}, "WETH": {"volume": 4337.856769561768, "llc": 1.2}, "FOX": {"volume": 4337.856769561768, "llc": 1.2}, "USDT": {"volume": 4337.856769561768, "llc": 1.2}, "EURe": {"volume": 4337.856769561768, "llc": 1.2}}, "GNO": {"USDC": {"volume": 118778.6602973938, "llc": 1.1}, "WXDAI": {"volume": 119732.33366012573, "llc": 1.1}, "LINK": {"volume": 2430.5100440979004, "llc": 1.1}, "WBTC": {"volume": 59650.911808013916, "llc": 1.1}, "WETH": {"volume": 373409.44814682007, "llc": 1.1}, "FOX": {"volume": 5291.530132293701, "llc": 1.1}, "USDT": {"volume": 118778.6602973938, "llc": 1.1}, "EURe": {"volume": 117824.98693466187, "llc": 1.1}}, "WBTC": {"USDC": {"volume": 28179.690837860107, "llc": 1.1}, "WXDAI": {"volume": 28179.690837860107, "llc": 1.1}, "LINK": {"volume": 2430.5100440979004, "llc": 1.1}, "GNO": {"volume": 62511.93189620972, "llc": 1.1}, "WETH": {"volume": 96844.17295455933, "llc": 1.1}, "FOX": {"volume": 5291.530132293701, "llc": 1.1}, "USDT": {"volume": 25318.670749664307, "llc": 1.1}, "EURe": {"volume": 25318.670749664307, "llc": 1.1}}, "WETH": {"USDC": {"volume": 13874.590396881104, "llc": 1.05}, "WXDAI": {"volume": 13874.590396881104, "llc": 1.05}, "LINK": {"volume": 1476.8366813659668, "llc": 1.05}, "GNO": {"volume": 190304.16250228882, "llc": 1.05}, "WBTC": {"volume": 47253.15809249878, "llc": 1.05}, "FOX": {"volume": 3384.183406829834, "llc": 1.05}, "USDT": {"volume": 13874.590396881104, "llc": 1.05}, "EURe": {"volume": 13874.590396881104, "llc": 1.05}}, "FOX": {"USDC": {"volume": 6245.203495025635, "llc": 1.1}, "WXDAI": {"volume": 6245.203495025635, "llc": 1.1}, "LINK": {"volume": 2430.5100440979004, "llc": 1.1}, "GNO": {"volume": 6245.203495025635, "llc": 1.1}, "WBTC": {"volume": 5291.530132293701, "llc": 1.1}, "WETH": {"volume": 5291.530132293701, "llc": 1.1}, "USDT": {"volume": 6245.203495025635, "llc": 1.1}, "EURe": {"volume": 5291.530132293701, "llc": 1.1}}, "USDT": {"USDC": {"volume": 8624591.38250351, "llc": 1.05}, "WXDAI": {"volume": 8096256.339550018, "llc": 1.05}, "LINK": {"volume": 1476.8366813659668, "llc": 1.05}, "GNO": {"volume": 58697.23844528198, "llc": 1.05}, "WBTC": {"volume": 13874.590396881104, "llc": 1.05}, "WETH": {"volume": 13874.590396881104, "llc": 1.05}, "FOX": {"volume": 3384.183406829834, "llc": 1.05}, "EURe": {"volume": 394390.2621269226, "llc": 1.05}}, "EURe": {"USDC": {"volume": 698056.15234375, "llc": 1.15}, "WXDAI": {"volume": 698056.15234375, "llc": 1.15}, "LINK": {"volume": 3438.96484375, "llc": 1.15}, "GNO": {"volume": 170264.16015625, "llc": 1.15}, "WBTC": {"volume": 36608.88671875, "llc": 1.15}, "WETH": {"volume": 40511.23046875, "llc": 1.15}, "FOX": {"volume": 7341.30859375, "llc": 1.15}, "USDT": {"volume": 698056.15234375, "llc": 1.15}}, "json_time": 1681313800}