{"auUSDC": {"auETH": {"volume": 37716.42446517944, "llc": 1.1}, "auWBTC": {"volume": 42484.79127883911, "llc": 1.1}, "auUSDT": {"volume": 2615495.523929596, "llc": 1.1}, "auWNEAR": {"volume": 121639.6803855896, "llc": 1.1}, "auSTNEAR": {"volume": 121639.6803855896, "llc": 1.1}}, "auETH": {"auUSDC": {"volume": 38670.09782791138, "llc": 1.1}, "auWBTC": {"volume": 48206.83145523071, "llc": 1.1}, "auUSDT": {"volume": 35809.077739715576, "llc": 1.1}, "auWNEAR": {"volume": 77770.70569992065, "llc": 1.1}, "auSTNEAR": {"volume": 77770.70569992065, "llc": 1.1}}, "auWBTC": {"auUSDC": {"volume": 42484.79127883911, "llc": 1.1}, "auETH": {"volume": 48206.83145523071, "llc": 1.1}, "auUSDT": {"volume": 39623.77119064331, "llc": 1.1}, "auWNEAR": {"volume": 102566.21313095093, "llc": 1.1}, "auSTNEAR": {"volume": 102566.21313095093, "llc": 1.1}}, "auUSDT": {"auUSDC": {"volume": 2640291.031360626, "llc": 1.1}, "auETH": {"volume": 34855.40437698364, "llc": 1.1}, "auWBTC": {"volume": 38670.09782791138, "llc": 1.1}, "auWNEAR": {"volume": 122593.35374832153, "llc": 1.1}, "auSTNEAR": {"volume": 122593.35374832153, "llc": 1.1}}, "auWNEAR": {"auUSDC": {"volume": 122593.35374832153, "llc": 1.1}, "auETH": {"volume": 77770.70569992065, "llc": 1.1}, "auWBTC": {"volume": 101612.539768219, "llc": 1.1}, "auUSDT": {"volume": 122593.35374832153, "llc": 1.1}, "auSTNEAR": {"volume": 177014.27813355002, "llc": 1.1}}, "auSTNEAR": {"auUSDC": {"volume": 96844.17295455933, "llc": 1.1}, "auETH": {"volume": 81585.39915084839, "llc": 1.1}, "auWBTC": {"volume": 91122.13277816772, "llc": 1.1}, "auUSDT": {"volume": 96844.17295455933, "llc": 1.1}, "auWNEAR": {"volume": 128315.39392471313, "llc": 1.1}}, "json_time": 1667281884}