{"json_time": 1680179844, "VST": {"oracle": 1.0170902925083736, "cex_price": 1, "dex_price": 1}, "ETH": {"oracle": 1802.07107132, "cex_price": 1799.7849999999999, "dex_price": 1801.1665742884536}, "gOHM": {"oracle": 2746.054208303481, "cex_price": "NaN", "dex_price": 2710.3092235328677}, "GMX": {"oracle": 75.69032741650567, "cex_price": "NaN", "dex_price": 75.28029433753949}, "DPX": {"oracle": 293.00250093, "cex_price": "NaN", "dex_price": 294.38924424433753}, "sGLP": {"oracle": 0.9677134777522346, "cex_price": "NaN", "dex_price": "NaN"}}