{"json_time": 1680179844, "stabilityPoolVstBalance": {"ETH": 229050.00481173504, "gOHM": 69019.8119614847, "GMX": 34704.99079554648, "DPX": 29913.646916987775, "sGLP": 7435.793636483115}, "stabilityPoolGemBalance": {"ETH": 24085.972459200613, "gOHM": 16263.4539080444, "GMX": 6153.512477193643, "DPX": 131.83651986624125, "sGLP": 0.0}, "bprotocolBalance": {"ETH": 108799.61879914417, "gOHM": 23624.212374015933, "DPX": 1123.1780911529672, "GMX": 233.53629854635514, "sGLP": 0.0}, "bprotocolGemBalance": {"ETH": 0.2627383666965887, "gOHM": 0.0, "DPX": 0.001492251000255862, "GMX": 0.0974478373161398, "sGLP": 0.0}}