{"json_time": 1680179844, "ETH": {"VST": {"volume": 33417237.793445587, "llc": 1.1}}, "gOHM": {"VST": {"volume": 449703.31716537476, "llc": 1.15}}, "GMX": {"VST": {"volume": 13723882.853031158, "llc": 1.15}}, "DPX": {"VST": {"volume": 920817.95835495, "llc": 1.15}}, "sGLP": {"VST": {"volume": 18888024.11222458, "llc": 1.1}}}