{"USDC": {"WXDAI": {"volume": 3489060.324192047, "llc": 1.05}, "LINK": {"volume": 1476.8366813659668, "llc": 1.05}, "GNO": {"volume": 73956.01224899292, "llc": 1.05}, "WBTC": {"volume": 12920.91703414917, "llc": 1.05}, "WETH": {"volume": 74909.68561172485, "llc": 1.05}, "FOX": {"volume": 3384.183406829834, "llc": 1.05}, "USDT": {"volume": 3218217.089176178, "llc": 1.05}}, "WXDAI": {"USDC": {"volume": 3568215.2132987976, "llc": 1.05}, "LINK": {"volume": 1476.8366813659668, "llc": 1.05}, "GNO": {"volume": 97797.84631729126, "llc": 1.05}, "WBTC": {"volume": 12920.91703414917, "llc": 1.05}, "WETH": {"volume": 74909.68561172485, "llc": 1.05}, "FOX": {"volume": 4337.856769561768, "llc": 1.05}, "USDT": {"volume": 3226800.1494407654, "llc": 1.05}}, "LINK": {"USDC": {"volume": 4337.856769561768, "llc": 1.2}, "WXDAI": {"volume": 5291.530132293701, "llc": 1.2}, "GNO": {"volume": 4337.856769561768, "llc": 1.2}, "WBTC": {"volume": 4337.856769561768, "llc": 1.2}, "WETH": {"volume": 4337.856769561768, "llc": 1.2}, "FOX": {"volume": 4337.856769561768, "llc": 1.2}, "USDT": {"volume": 5291.530132293701, "llc": 1.2}}, "GNO": {"USDC": {"volume": 147388.8611793518, "llc": 1.1}, "WXDAI": {"volume": 196026.20267868042, "llc": 1.1}, "LINK": {"volume": 2430.5100440979004, "llc": 1.1}, "WBTC": {"volume": 27226.017475128174, "llc": 1.1}, "WETH": {"volume": 304744.96603012085, "llc": 1.1}, "FOX": {"volume": 6245.203495025635, "llc": 1.1}, "USDT": {"volume": 105427.23321914673, "llc": 1.1}}, "WBTC": {"USDC": {"volume": 26272.34411239624, "llc": 1.1}, "WXDAI": {"volume": 26272.34411239624, "llc": 1.1}, "LINK": {"volume": 2430.5100440979004, "llc": 1.1}, "GNO": {"volume": 27226.017475128174, "llc": 1.1}, "WETH": {"volume": 31040.71092605591, "llc": 1.1}, "FOX": {"volume": 6245.203495025635, "llc": 1.1}, "USDT": {"volume": 26272.34411239624, "llc": 1.1}}, "WETH": {"USDC": {"volume": 74909.68561172485, "llc": 1.05}, "WXDAI": {"volume": 74909.68561172485, "llc": 1.05}, "LINK": {"volume": 1476.8366813659668, "llc": 1.05}, "GNO": {"volume": 147388.8611793518, "llc": 1.05}, "WBTC": {"volume": 15781.93712234497, "llc": 1.05}, "FOX": {"volume": 3384.183406829834, "llc": 1.05}, "USDT": {"volume": 74909.68561172485, "llc": 1.05}}, "FOX": {"USDC": {"volume": 7198.876857757568, "llc": 1.1}, "WXDAI": {"volume": 9106.223583221436, "llc": 1.1}, "LINK": {"volume": 2430.5100440979004, "llc": 1.1}, "GNO": {"volume": 8152.550220489502, "llc": 1.1}, "WBTC": {"volume": 6245.203495025635, "llc": 1.1}, "WETH": {"volume": 9106.223583221436, "llc": 1.1}, "USDT": {"volume": 7198.876857757568, "llc": 1.1}}, "USDT": {"USDC": {"volume": 3363175.440311432, "llc": 1.05}, "WXDAI": {"volume": 3296418.3049201965, "llc": 1.05}, "LINK": {"volume": 1476.8366813659668, "llc": 1.05}, "GNO": {"volume": 52975.19826889038, "llc": 1.05}, "WBTC": {"volume": 13874.590396881104, "llc": 1.05}, "WETH": {"volume": 74909.68561172485, "llc": 1.05}, "FOX": {"volume": 4337.856769561768, "llc": 1.05}}, "json_time": 1674151005}