{"json_time": 1665326741, "glp_data": {"liquidTreasury": 248668694.44140726, "treasuryUtilization": 0.36036860500578266, "liquidStableTreasury": 116482796.18912134, "stableTreasuryUtilization": 0.3910793346122617, "liquidSolidAssetTreasury": 118207422.89607556, "solidTreasuryUtilization": 0.3510452071629541}}