{"json_time": 1665326741, "ETH-VST": {"series_std_ratio": 1.0, "volume_for_slippage_10_percentss": [16069.723139107227], "trade_every": 1800, "collaterals": [314, 3428, 6543, 9657, 12772, 15886, 19001, 22115, 25230, 28344, 31459, 34573, 37688, 40803, 43917, 47032, 50146, 53261, 56375, 59490, 62604, 65719, 68833, 71948, 75062, 78177, 81291, 84406, 87520, 90635, 18750.0], "liquidation_incentives": [0.10000000000000009], "stability_pool_initial_balances": [0.8921040709360315, 0.44605203546801575, 1.784208141872063], "share_institutionals": [0.4225123166568952, 0.2112561583284476, 0.8450246333137904, 1], "recovery_halflife_retails": [3.3333333333333335], "price_recovery_times": [0], "l_factors": [0.25, 0.5, 1, 1.5, 2], "json_time": 1665330188.0340424, "current_debt": 314.1640737743676}, "renBTC-VST": {"series_std_ratio": 0.760706293780634, "volume_for_slippage_10_percentss": [3196.3248339295387], "trade_every": 1800, "collaterals": [26, 233, 441, 648, 856, 1063, 1270, 1478, 1685, 1893, 2100, 2308, 2515, 2723, 2930, 3138, 3345, 3553, 3760, 3967, 4175, 4382, 4590, 4797, 5005, 5212, 5420, 5627, 5835, 6042, 1250.0], "liquidation_incentives": [0.10000000000000009], "stability_pool_initial_balances": [0.8421830261636237, 0.42109151308181186, 1.6843660523272475], "share_institutionals": [0.9696377839200658, 0.4848188919600329, 1, 1], "recovery_halflife_retails": [3.3333333333333335], "price_recovery_times": [0], "l_factors": [0.25, 0.5, 1, 1.5, 2], "json_time": 1665330188.0340424, "current_debt": 26.244905487075588}, "gOHM-VST": {"series_std_ratio": 1.416911372280521, "volume_for_slippage_10_percentss": [275.7001605629921], "trade_every": 1800, "collaterals": [3099, 3620, 4142, 4664, 5186, 5707, 6229, 6751, 7272, 7794, 8316, 8837, 9359, 9881, 10402, 10924, 11446, 11968, 12489, 13011, 13533, 14054, 14576, 15098, 15619, 16141, 16663, 17184, 17706, 18228, 3750.0], "liquidation_incentives": [0.1499999999999999], "stability_pool_initial_balances": [0.0543350965486452, 0.0271675482743226, 0.1086701930972904], "share_institutionals": [0.5654843078971155, 0.28274215394855773, 1, 1], "recovery_halflife_retails": [3.3333333333333335], "price_recovery_times": [0], "l_factors": [0.25, 0.5, 1, 1.5, 2], "json_time": 1665330188.0340424, "current_debt": 3099.2550707337673}, "DPX-VST": {"series_std_ratio": 1.974078240475897, "volume_for_slippage_10_percentss": [420.5393025279045], "trade_every": 1800, "collaterals": [86, 500, 914, 1328, 1741, 2155, 2569, 2983, 3397, 3810, 4224, 4638, 5052, 5465, 5879, 6293, 6707, 7120, 7534, 7948, 8362, 8776, 9189, 9603, 10017, 10431, 10844, 11258, 11672, 12086, 2500.0], "liquidation_incentives": [0.1499999999999999], "stability_pool_initial_balances": [0.5712839410979712, 0.2856419705489856, 1.1425678821959424], "share_institutionals": [4.5795585865548117e-05, 2.2897792932774058e-05, 9.159117173109623e-05, 1], "recovery_halflife_retails": [3.3333333333333335], "price_recovery_times": [2], "l_factors": [0.25, 0.5, 1, 1.5, 2], "json_time": 1665330188.0340424, "current_debt": 86.91063326594762}, "GMX-VST": {"series_std_ratio": 2.081064798518858, "volume_for_slippage_10_percentss": [1179.9017176032066], "trade_every": 1800, "collaterals": [48, 463, 878, 1293, 1708, 2123, 2538, 2953, 3369, 3784, 4199, 4614, 5029, 5444, 5859, 6274, 6689, 7104, 7519, 7934, 8349, 8764, 9179, 9594, 10009, 10424, 10839, 11254, 11669, 12084, 2500.0], "liquidation_incentives": [0.1499999999999999], "stability_pool_initial_balances": [0.6290022620961168, 0.3145011310480584, 1.2580045241922335], "share_institutionals": [0.1045328545323128, 0.0522664272661564, 0.2090657090646256, 1], "recovery_halflife_retails": [3.3333333333333335], "price_recovery_times": [0], "l_factors": [0.25, 0.5, 1, 1.5, 2], "json_time": 1665330188.0340424, "current_debt": 48.656281391015476}, "sGLP-VST": {"series_std_ratio": 0.4707294016934606, "volume_for_slippage_10_percentss": [3196.3248339295387], "trade_every": 1800, "collaterals": [3001, 3422, 3842, 4263, 4684, 5105, 5526, 5946, 6367, 6788, 7209, 7629, 8050, 8471, 8892, 9313, 9733, 10154, 10575, 10996, 11417, 11837, 12258, 12679, 13100, 13521, 13941, 14362, 14783, 15204, 3125.0], "liquidation_incentives": [0.10000000000000009], "stability_pool_initial_balances": [0.010213899166319337, 0.0051069495831596685, 0.020427798332638674], "share_institutionals": [0.0, 0.0, 0.0, 1], "recovery_halflife_retails": [3.3333333333333335], "price_recovery_times": [0], "l_factors": [0.25, 0.5, 1, 1.5, 2], "json_time": 1665330188.0340424, "current_debt": 3001.3058187500005}}