{"json_time": 1665326741, "stabilityPoolVstBalance": {"ETH": 448427.27864953765, "gOHM": 269437.3175955159, "renBTC": 35364.82227917378, "GMX": 48967.857696214276, "DPX": 79441.0385527856, "sGLP": 49048.056000000004}, "stabilityPoolGemBalance": {"ETH": 24347.94990174122, "gOHM": 23723.946391866182, "renBTC": 505.31794962, "GMX": 304.0320843613889, "DPX": 205.9368452391422, "sGLP": 0.0}, "bprotocolBalance": {"ETH": 189466.02061751622, "gOHM": 152362.5750621556, "DPX": 3.6379731815896235, "GMX": 5118.743923523273, "renBTC": 34291.067903505034, "sGLP": 0.0}, "bprotocolGemBalance": {"ETH": 0.027736847034256863, "gOHM": 0.0, "DPX": 7.5720702787398e-05, "GMX": 0.006021794087511798, "renBTC": 0.0, "sGLP": 0.0}}