{"auUSDC": {"auETH": {"volume": 20550.30393600464, "llc": 1.1}, "auWBTC": {"volume": 11967.243671417236, "llc": 1.1}, "auUSDT": {"volume": 2492471.6601371765, "llc": 1.1}, "auWNEAR": {"volume": 77770.70569992065, "llc": 1.1}, "auSTNEAR": {"volume": 58004.3869776, "llc": 1.1}}, "auETH": {"auUSDC": {"volume": 19596.630573272705, "llc": 1.1}, "auWBTC": {"volume": 11967.243671417236, "llc": 1.1}, "auUSDT": {"volume": 18642.95721054077, "llc": 1.1}, "auWNEAR": {"volume": 32948.057651519775, "llc": 1.1}, "auSTNEAR": {"volume": 32948.057651519775, "llc": 1.1}}, "auWBTC": {"auUSDC": {"volume": 10059.89694595337, "llc": 1.1}, "auETH": {"volume": 11967.243671417236, "llc": 1.1}, "auUSDT": {"volume": 11967.243671417236, "llc": 1.1}, "auWNEAR": {"volume": 14828.263759613037, "llc": 1.1}, "auSTNEAR": {"volume": 14828.263759613037, "llc": 1.1}}, "auUSDT": {"auUSDC": {"volume": 2289339.2338752747, "llc": 1.1}, "auETH": {"volume": 18642.95721054077, "llc": 1.1}, "auWBTC": {"volume": 10059.89694595337, "llc": 1.1}, "auWNEAR": {"volume": 77770.70569992065, "llc": 1.1}, "auSTNEAR": {"volume": 58004.3869776, "llc": 1.1}}, "auWNEAR": {"auUSDC": {"volume": 77770.70569992065, "llc": 1.1}, "auETH": {"volume": 32948.057651519775, "llc": 1.1}, "auWBTC": {"volume": 13874.590396881104, "llc": 1.1}, "auUSDT": {"volume": 78724.37906265259, "llc": 1.1}, "auSTNEAR": {"volume": 58004.3869776, "llc": 1.1}}, "auSTNEAR": {"auUSDC": {"volume": 64419.278621673584, "llc": 1.1}, "auETH": {"volume": 42484.79127883911, "llc": 1.1}, "auWBTC": {"volume": 18642.95721054077, "llc": 1.1}, "auUSDT": {"volume": 64419.278621673584, "llc": 1.1}, "auWNEAR": {"volume": 80631.72578811646, "llc": 1.1}}, "json_time": 1671915704}