{"json_time": 1665055995.746443, "ETH-VST": {"series_std_ratio": 1.0, "volume_for_slippage_10_percentss": [15116.645822227001], "trade_every": 1800, "collaterals": [304, 3418, 6533, 9648, 12763, 15878, 18993, 22108, 25222, 28337, 31452, 34567, 37682, 40797, 43912, 47027, 50141, 53256, 56371, 59486, 62601, 65716, 68831, 71945, 75060, 78175, 81290, 84405, 87520, 90635, 18750.0], "liquidation_incentives": [0.10000000000000009], "stability_pool_initial_balances": [0.9544210920119998, 0.4772105460059999, 1.9088421840239995], "share_institutionals": [0.4585131852577257, 0.22925659262886286, 0.9170263705154514, 1], "recovery_halflife_retails": [3.3333333333333335], "price_recovery_times": [0], "l_factors": [0.25, 0.5, 1, 1.5, 2], "json_time": 1665055995.746443, "current_debt": 304.05624275095795}, "renBTC-VST": {"series_std_ratio": 0.760706293780634, "volume_for_slippage_10_percentss": [3226.723172366619], "trade_every": 1800, "collaterals": [30, 237, 445, 652, 859, 1067, 1274, 1481, 1689, 1896, 2103, 2310, 2518, 2725, 2932, 3140, 3347, 3554, 3762, 3969, 4176, 4384, 4591, 4798, 5006, 5213, 5420, 5628, 5835, 6042, 1250.0], "liquidation_incentives": [0.10000000000000009], "stability_pool_initial_balances": [1.0879858033861947, 0.5439929016930973, 2.1759716067723893], "share_institutionals": [0.9226015991414203, 0.46130079957071013, 1, 1], "recovery_halflife_retails": [3.3333333333333335], "price_recovery_times": [0], "l_factors": [0.25, 0.5, 1, 1.5, 2], "json_time": 1665055995.746443, "current_debt": 30.45875812105666}, "gOHM-VST": {"series_std_ratio": 1.416911372280521, "volume_for_slippage_10_percentss": [276.892252266407], "trade_every": 1800, "collaterals": [3387, 3899, 4411, 4923, 5435, 5947, 6460, 6972, 7484, 7996, 8508, 9020, 9532, 10044, 10556, 11068, 11580, 12092, 12605, 13117, 13629, 14141, 14653, 15165, 15677, 16189, 16701, 17213, 17725, 18237, 3750.0], "liquidation_incentives": [0.1499999999999999], "stability_pool_initial_balances": [0.07225961937957738, 0.03612980968978869, 0.14451923875915476], "share_institutionals": [0.7011289319731845, 0.35056446598659224, 1, 1], "recovery_halflife_retails": [3.3333333333333335], "price_recovery_times": [0], "l_factors": [0.25, 0.5, 1, 1.5, 2], "json_time": 1665055995.746443, "current_debt": 3387.5051339030324}, "DPX-VST": {"series_std_ratio": 1.974078240475897, "volume_for_slippage_10_percentss": [468.2229706645012], "trade_every": 1800, "collaterals": [95, 509, 922, 1336, 1749, 2162, 2576, 2989, 3403, 3816, 4230, 4643, 5057, 5470, 5884, 6297, 6711, 7124, 7538, 7951, 8365, 8778, 9192, 9605, 10019, 10432, 10846, 11259, 11673, 12086, 2500.0], "liquidation_incentives": [0.1499999999999999], "stability_pool_initial_balances": [0.5227519131988061, 0.26137595659940305, 1.0455038263976122], "share_institutionals": [4.550254961117427e-05, 2.2751274805587136e-05, 9.100509922234855e-05, 1], "recovery_halflife_retails": [3.3333333333333335], "price_recovery_times": [2], "l_factors": [0.25, 0.5, 1, 1.5, 2], "json_time": 1665055995.746443, "current_debt": 95.59104009723043}, "GMX-VST": {"series_std_ratio": 2.081064798518858, "volume_for_slippage_10_percentss": [1352.7550145983696], "trade_every": 1800, "collaterals": [48, 463, 878, 1293, 1708, 2123, 2539, 2954, 3369, 3784, 4199, 4614, 5029, 5444, 5859, 6274, 6689, 7104, 7519, 7934, 8349, 8764, 9179, 9594, 10009, 10424, 10839, 11254, 11669, 12084, 2500.0], "liquidation_incentives": [0.1499999999999999], "stability_pool_initial_balances": [0.6619700118556582, 0.3309850059278291, 1.3239400237113164], "share_institutionals": [0.09907432862390096, 0.04953716431195048, 0.19814865724780192, 1], "recovery_halflife_retails": [3.3333333333333335], "price_recovery_times": [0], "l_factors": [0.25, 0.5, 1, 1.5, 2], "json_time": 1665055995.746443, "current_debt": 48.77076897154803}, "sGLP-VST": {"series_std_ratio": 0.4707294016934606, "volume_for_slippage_10_percentss": [3226.723172366619], "trade_every": 1800, "collaterals": [3111, 3528, 3945, 4362, 4779, 5197, 5614, 6031, 6448, 6865, 7282, 7699, 8116, 8534, 8951, 9368, 9785, 10202, 10619, 11036, 11453, 11870, 12288, 12705, 13122, 13539, 13956, 14373, 14790, 15207, 3125.0], "liquidation_incentives": [0.10000000000000009], "stability_pool_initial_balances": [0.010472464809216637, 0.005236232404608319, 0.020944929618433274], "share_institutionals": [0.0, 0.0, 0.0, 1], "recovery_halflife_retails": [3.3333333333333335], "price_recovery_times": [0], "l_factors": [0.25, 0.5, 1, 1.5, 2], "json_time": 1665055995.746443, "current_debt": 3111.48186875}}