{"json_time": 1672588688, "ETH-VST": {"series_std_ratio": 1.0, "volume_for_slippage_10_percentss": [16764.712602198124], "trade_every": 1800, "collaterals": [269, 3385, 6501, 9617, 12733, 15849, 18965, 22081, 25197, 28313, 31429, 34545, 37661, 40777, 43893, 47009, 50125, 53241, 56357, 59473, 62589, 65705, 68821, 71937, 75053, 78169, 81285, 84401, 87517, 90633, 18750.0], "liquidation_incentives": [0.10000000000000009], "stability_pool_initial_balances": [1.7389885008102457, 0.8694942504051228, 3.4779770016204914], "share_institutionals": [0.17794268513507558, 0.08897134256753779, 0.35588537027015116, 1], "recovery_halflife_retails": [3.3333333333333335], "price_recovery_times": [0], "l_factors": [0.25, 0.5, 1, 1.5, 2], "json_time": 1672592428.5451813, "current_debt": 269.70346748718293}, "gOHM-VST": {"series_std_ratio": 0.5716868167571741, "volume_for_slippage_10_percentss": [195.83001643419266], "trade_every": 1800, "collaterals": [3342, 3856, 4370, 4883, 5397, 5910, 6424, 6937, 7451, 7965, 8478, 8992, 9505, 10019, 10532, 11046, 11560, 12073, 12587, 13100, 13614, 14127, 14641, 15155, 15668, 16182, 16695, 17209, 17722, 18236, 3750.0], "liquidation_incentives": [0.1499999999999999], "stability_pool_initial_balances": [0.18755622115021822, 0.09377811057510911, 0.37511244230043644], "share_institutionals": [0.0068637137330983386, 0.0034318568665491693, 0.013727427466196677, 1], "recovery_halflife_retails": [3.3333333333333335], "price_recovery_times": [0], "l_factors": [0.25, 0.5, 1, 1.5, 2], "json_time": 1672592428.5451813, "current_debt": 3342.9229972683006}, "DPX-VST": {"series_std_ratio": 2.2750001177686507, "volume_for_slippage_10_percentss": [376.4319095015526], "trade_every": 1800, "collaterals": [219, 628, 1038, 1447, 1856, 2266, 2675, 3085, 3494, 3903, 4313, 4722, 5131, 5541, 5950, 6359, 6769, 7178, 7587, 7997, 8406, 8815, 9225, 9634, 10043, 10453, 10862, 11271, 11681, 12090, 2500.0], "liquidation_incentives": [0.1499999999999999], "stability_pool_initial_balances": [0.16680200505921247, 0.08340100252960624, 0.33360401011842494], "share_institutionals": [0.10328548755392089, 0.051642743776960445, 0.20657097510784178, 1], "recovery_halflife_retails": [3.3333333333333335], "price_recovery_times": [2], "l_factors": [0.25, 0.5, 1, 1.5, 2], "json_time": 1672592428.5451813, "current_debt": 219.5787835921747}, "GMX-VST": {"series_std_ratio": 2.0303291046355447, "volume_for_slippage_10_percentss": [1663.2949033379555], "trade_every": 1800, "collaterals": [50, 465, 880, 1295, 1710, 2125, 2540, 2955, 3370, 3785, 4200, 4615, 5030, 5445, 5860, 6275, 6690, 7105, 7520, 7935, 8350, 8765, 9180, 9595, 10010, 10425, 10840, 11255, 11670, 12085, 2500.0], "liquidation_incentives": [0.1499999999999999], "stability_pool_initial_balances": [0.6502812844344835, 0.32514064221724176, 1.300562568868967], "share_institutionals": [0.008922769920752038, 0.004461384960376019, 0.017845539841504075, 1], "recovery_halflife_retails": [3.3333333333333335], "price_recovery_times": [0], "l_factors": [0.25, 0.5, 1, 1.5, 2], "json_time": 1672592428.5451813, "current_debt": 50.6198323060001}, "sGLP-VST": {"series_std_ratio": 0.6130688281835444, "volume_for_slippage_10_percentss": [16764.712602198124], "trade_every": 1800, "collaterals": [2266, 2919, 3573, 4226, 4880, 5534, 6187, 6841, 7495, 8148, 8802, 9456, 10109, 10763, 11416, 12070, 12724, 13377, 14031, 14685, 15338, 15992, 16645, 17299, 17953, 18606, 19260, 19914, 20567, 21221, 4375.0], "liquidation_incentives": [0.10000000000000009], "stability_pool_initial_balances": [0.6731325070480906, 0.3365662535240453, 1.3462650140961812], "share_institutionals": [0.0, 0.0, 0.0, 1], "recovery_halflife_retails": [3.3333333333333335], "price_recovery_times": [0], "l_factors": [0.25, 0.5, 1, 1.5, 2], "json_time": 1672592428.5451813, "current_debt": 2266.0637636460588}}