{"json_time": 1672588688, "ETH": {"VST": {"volume": 26823540.163517, "llc": 1.1}}, "gOHM": {"VST": {"volume": 313328.02629470825, "llc": 1.15}}, "GMX": {"VST": {"volume": 2661271.8453407288, "llc": 1.15}}, "DPX": {"VST": {"volume": 602291.0552024841, "llc": 1.15}}, "sGLP": {"VST": {"volume": 26823540.163517, "llc": 1.1}}}