{"json_time": 1676558517, "ETH": {"VST": {"volume": 9664095.347881317, "llc": 1.1}}, "gOHM": {"VST": {"volume": 359104.34770584106, "llc": 1.15}}, "GMX": {"VST": {"volume": 4251045.341014862, "llc": 1.15}}, "DPX": {"VST": {"volume": 819728.581905365, "llc": 1.15}}, "sGLP": {"VST": {"volume": 9665049.02124405, "llc": 1.1}}}