{"auUSDC": {"auETH": {"volume": 38670.09782791138, "llc": 1.1}, "auWBTC": {"volume": 42484.79127883911, "llc": 1.1}, "auUSDT": {"volume": 3318352.792263031, "llc": 1.1}, "auWNEAR": {"volume": 125454.37383651733, "llc": 1.1}, "auSTNEAR": {"volume": 125454.37383651733, "llc": 1.1}}, "auETH": {"auUSDC": {"volume": 39623.77119064331, "llc": 1.1}, "auWBTC": {"volume": 48206.83145523071, "llc": 1.1}, "auUSDT": {"volume": 35809.077739715576, "llc": 1.1}, "auWNEAR": {"volume": 79678.05242538452, "llc": 1.1}, "auSTNEAR": {"volume": 79678.05242538452, "llc": 1.1}}, "auWBTC": {"auUSDC": {"volume": 43438.464641571045, "llc": 1.1}, "auETH": {"volume": 48206.83145523071, "llc": 1.1}, "auUSDT": {"volume": 40577.444553375244, "llc": 1.1}, "auWNEAR": {"volume": 103519.88649368286, "llc": 1.1}, "auSTNEAR": {"volume": 103519.88649368286, "llc": 1.1}}, "auUSDT": {"auUSDC": {"volume": 3203911.988735199, "llc": 1.1}, "auETH": {"volume": 35809.077739715576, "llc": 1.1}, "auWBTC": {"volume": 39623.77119064331, "llc": 1.1}, "auWNEAR": {"volume": 125454.37383651733, "llc": 1.1}, "auSTNEAR": {"volume": 120686.00702285767, "llc": 1.1}}, "auWNEAR": {"auUSDC": {"volume": 124500.7004737854, "llc": 1.1}, "auETH": {"volume": 79678.05242538452, "llc": 1.1}, "auWBTC": {"volume": 102566.21313095093, "llc": 1.1}, "auUSDT": {"volume": 126408.04719924927, "llc": 1.1}, "auSTNEAR": {"volume": 185769.54110364002, "llc": 1.1}}, "auSTNEAR": {"auUSDC": {"volume": 93983.15286636353, "llc": 1.1}, "auETH": {"volume": 80631.72578811646, "llc": 1.1}, "auWBTC": {"volume": 88261.11268997192, "llc": 1.1}, "auUSDT": {"volume": 93983.15286636353, "llc": 1.1}, "auWNEAR": {"volume": 120686.00702285767, "llc": 1.1}}, "json_time": 1667545667}