{"json_time": 1691689610, "USDC": {"oracle": 1.0005663358270034, "cex_price": 1, "dex_price": 1}, "WXDAI": {"oracle": 1.0, "cex_price": 1, "dex_price": 1.000202462920509}, "LINK": {"oracle": 7.6305606022543735, "cex_price": 7.5915, "dex_price": 8.14716347232371}, "GNO": {"oracle": 111.77803555383147, "cex_price": 111.0, "dex_price": 112.51182395127124}, "WBTC": {"oracle": 29499.693313616503, "cex_price": 29402.004999999997, "dex_price": 29602.781003658605}, "WETH": {"oracle": 1853.7596859309665, "cex_price": 1847.375, "dex_price": 1860.4599168180919}, "FOX": {"oracle": 0.019535555411792818, "cex_price": 0.01965, "dex_price": 0.01909583309577538}, "USDT": {"oracle": 0.9997044595560685, "cex_price": 1, "dex_price": 0.9993693789338745}, "EURe": {"oracle": 1.0982746191251034, "cex_price": 1.08595, "dex_price": 1.0986461801218737}, "wstETH": {"oracle": 2104.521658379572, "cex_price": "NaN", "dex_price": 2104.521658379572}}