{"USDC": {"WXDAI": {"volume": 2331300.8618354797, "llc": 1.05}, "LINK": {"volume": 1476.8366813659668, "llc": 1.05}, "GNO": {"volume": 63465.60525894165, "llc": 1.05}, "WBTC": {"volume": 33901.73101425171, "llc": 1.05}, "WETH": {"volume": 55859.152289292135, "llc": 1.05}, "FOX": {"volume": 3384.183406829834, "llc": 1.05}, "USDT": {"volume": 3624481.9416999817, "llc": 1.05}, "EURe": {"volume": 1122996.7112541199, "llc": 1.05}, "wstETH": {"volume": 55859.152289292135, "llc": 1.05}}, "WXDAI": {"USDC": {"volume": 2337976.5753746033, "llc": 1.05}, "LINK": {"volume": 1476.8366813659668, "llc": 1.05}, "GNO": {"volume": 62511.93189620972, "llc": 1.05}, "WBTC": {"volume": 33901.73101425171, "llc": 1.05}, "WETH": {"volume": 62109.375, "llc": 1.05}, "FOX": {"volume": 3384.183406829834, "llc": 1.05}, "USDT": {"volume": 3624481.9416999817, "llc": 1.05}, "EURe": {"volume": 1122996.7112541199, "llc": 1.05}, "wstETH": {"volume": 62109.375, "llc": 1.05}}, "LINK": {"USDC": {"volume": 4337.856769561768, "llc": 1.2}, "WXDAI": {"volume": 4337.856769561768, "llc": 1.2}, "GNO": {"volume": 4337.856769561768, "llc": 1.2}, "WBTC": {"volume": 4337.856769561768, "llc": 1.2}, "WETH": {"volume": 4337.856769561768, "llc": 1.2}, "FOX": {"volume": 3384.183406829834, "llc": 1.2}, "USDT": {"volume": 4337.856769561768, "llc": 1.2}, "EURe": {"volume": 4337.856769561768, "llc": 1.2}, "wstETH": {"volume": 4337.856769561768, "llc": 1.2}}, "GNO": {"USDC": {"volume": 123547.02711105347, "llc": 1.1}, "WXDAI": {"volume": 124500.7004737854, "llc": 1.1}, "LINK": {"volume": 2430.5100440979004, "llc": 1.1}, "WBTC": {"volume": 61558.25853347778, "llc": 1.1}, "WETH": {"volume": 433490.8699989319, "llc": 1.1}, "FOX": {"volume": 4337.856769561768, "llc": 1.1}, "USDT": {"volume": 123547.02711105347, "llc": 1.1}, "EURe": {"volume": 123547.02711105347, "llc": 1.1}, "wstETH": {"volume": 433490.8699989319, "llc": 1.1}}, "WBTC": {"USDC": {"volume": 61558.25853347778, "llc": 1.1}, "WXDAI": {"volume": 68233.97207260132, "llc": 1.1}, "LINK": {"volume": 2430.5100440979004, "llc": 1.1}, "GNO": {"volume": 73956.01224899292, "llc": 1.1}, "WETH": {"volume": 126408.04719924927, "llc": 1.1}, "FOX": {"volume": 4337.856769561768, "llc": 1.1}, "USDT": {"volume": 55836.21835708618, "llc": 1.1}, "EURe": {"volume": 55836.21835708618, "llc": 1.1}, "wstETH": {"volume": 126408.04719924927, "llc": 1.1}}, "WETH": {"USDC": {"volume": 62955.41683392118, "llc": 1.05}, "WXDAI": {"volume": 62955.41683392118, "llc": 1.05}, "LINK": {"volume": 1476.8366813659668, "llc": 1.05}, "GNO": {"volume": 215099.6699333191, "llc": 1.05}, "WBTC": {"volume": 62511.93189620972, "llc": 1.05}, "FOX": {"volume": 2430.5100440979004, "llc": 1.05}, "USDT": {"volume": 62955.41683392118, "llc": 1.05}, "EURe": {"volume": 34855.40437698364, "llc": 1.05}, "wstETH": {"volume": 2425543.171557845, "llc": 1.05}}, "FOX": {"USDC": {"volume": 5291.530132293701, "llc": 1.1}, "WXDAI": {"volume": 5291.530132293701, "llc": 1.1}, "LINK": {"volume": 2430.5100440979004, "llc": 1.1}, "GNO": {"volume": 5291.530132293701, "llc": 1.1}, "WBTC": {"volume": 4337.856769561768, "llc": 1.1}, "WETH": {"volume": 4337.856769561768, "llc": 1.1}, "USDT": {"volume": 5291.530132293701, "llc": 1.1}, "EURe": {"volume": 4337.856769561768, "llc": 1.1}, "wstETH": {"volume": 4337.856769561768, "llc": 1.1}}, "USDT": {"USDC": {"volume": 2289339.2338752747, "llc": 1.05}, "WXDAI": {"volume": 2241655.565738678, "llc": 1.05}, "LINK": {"volume": 1476.8366813659668, "llc": 1.05}, "GNO": {"volume": 62511.93189620972, "llc": 1.05}, "WBTC": {"volume": 33901.73101425171, "llc": 1.05}, "WETH": {"volume": 55859.619155403416, "llc": 1.05}, "FOX": {"volume": 3384.183406829834, "llc": 1.05}, "EURe": {"volume": 1124904.0579795837, "llc": 1.05}, "wstETH": {"volume": 55859.619155403416, "llc": 1.05}}, "EURe": {"USDC": {"volume": 2201601.284503937, "llc": 1.15}, "WXDAI": {"volume": 2183481.49061203, "llc": 1.15}, "LINK": {"volume": 3384.183406829834, "llc": 1.15}, "GNO": {"volume": 186489.46905136108, "llc": 1.15}, "WBTC": {"volume": 64419.278621673584, "llc": 1.15}, "WETH": {"volume": 117824.98693466187, "llc": 1.15}, "FOX": {"volume": 7198.876857757568, "llc": 1.15}, "USDT": {"volume": 2234979.8521995544, "llc": 1.15}, "wstETH": {"volume": 117824.98693466187, "llc": 1.15}}, "wstETH": {"USDC": {"volume": 62955.41683392118, "llc": 1.05}, "WXDAI": {"volume": 62955.41683392118, "llc": 1.05}, "LINK": {"volume": 1476.8366813659668, "llc": 1.05}, "GNO": {"volume": 215099.6699333191, "llc": 1.05}, "WBTC": {"volume": 62511.93189620972, "llc": 1.05}, "WETH": {"volume": 2787044.3387127966, "llc": 1.1}, "FOX": {"volume": 2430.5100440979004, "llc": 1.05}, "USDT": {"volume": 62955.41683392118, "llc": 1.05}, "EURe": {"volume": 34855.40437698364, "llc": 1.05}}, "json_time": 1691689610}