{"json_time": 1669056969, "ETH-VST": {"series_std_ratio": 1.0, "volume_for_slippage_10_percentss": [16561.46096676588], "trade_every": 1800, "collaterals": [0], "liquidation_incentives": [0.10000000000000009], "stability_pool_initial_balances": [2.1097385522464336], "share_institutionals": [0.15429092398135633], "recovery_halflife_retails": [3.3333333333333335], "price_recovery_times": [0], "l_factors": [0], "json_time": 1669058728.6087737, "current_debt": 263.5149305829966, "collateral_factor": 0.9090909090909091}, "renBTC-VST": {"series_std_ratio": 0.760706293780634, "volume_for_slippage_10_percentss": [627.9632589221001], "trade_every": 1800, "collaterals": [0], "liquidation_incentives": [0.10000000000000009], "stability_pool_initial_balances": [9.837884196197662], "share_institutionals": [0.10997879224933126], "recovery_halflife_retails": [3.3333333333333335], "price_recovery_times": [0], "l_factors": [0], "json_time": 1669058728.6087737, "current_debt": 0.6394158015881409, "collateral_factor": 0.9090909090909091}, "gOHM-VST": {"series_std_ratio": 1.416911372280521, "volume_for_slippage_10_percentss": [245.89786797761917], "trade_every": 1800, "collaterals": [0], "liquidation_incentives": [0.1499999999999999], "stability_pool_initial_balances": [0.054335222110128346], "share_institutionals": [0.6119599032103873], "recovery_halflife_retails": [3.3333333333333335], "price_recovery_times": [0], "l_factors": [0], "json_time": 1669058728.6087737, "current_debt": 3392.4037448640865, "collateral_factor": 0.6666666666666666}, "DPX-VST": {"series_std_ratio": 1.974078240475897, "volume_for_slippage_10_percentss": [322.19173699617386], "trade_every": 1800, "collaterals": [0], "liquidation_incentives": [0.1499999999999999], "stability_pool_initial_balances": [0.07971574268140338], "share_institutionals": [0.0002021402754764522], "recovery_halflife_retails": [3.3333333333333335], "price_recovery_times": [2], "l_factors": [0], "json_time": 1669058728.6087737, "current_debt": 193.08219447015202, "collateral_factor": 0.6666666666666666}, "GMX-VST": {"series_std_ratio": 2.081064798518858, "volume_for_slippage_10_percentss": [1328.3171346783638], "trade_every": 1800, "collaterals": [0], "liquidation_incentives": [0.1499999999999999], "stability_pool_initial_balances": [0.3151750711432242], "share_institutionals": [0.011699218445906157], "recovery_halflife_retails": [3.3333333333333335], "price_recovery_times": [0], "l_factors": [0], "json_time": 1669058728.6087737, "current_debt": 80.32767484743113, "collateral_factor": 0.6666666666666666}, "sGLP-VST": {"series_std_ratio": 0.4707294016934606, "volume_for_slippage_10_percentss": [627.9632589221001], "trade_every": 1800, "collaterals": [0], "liquidation_incentives": [0.10000000000000009], "stability_pool_initial_balances": [0.9012602872592775], "share_institutionals": [0.0], "recovery_halflife_retails": [3.3333333333333335], "price_recovery_times": [0], "l_factors": [0], "json_time": 1669058728.6087737, "current_debt": 3124.999995399164, "collateral_factor": 0.8333333333333334}}