{"json_time": 1669056969, "glp_data": {"liquidTreasury": 266380649.53118765, "treasuryUtilization": 0.3275019888325657, "liquidStableTreasury": 97610504.3925491, "stableTreasuryUtilization": 0.503833387870201, "liquidSolidAssetTreasury": 157206104.43995434, "solidTreasuryUtilization": 0.14025664529912288}}