{"json_time": 1669056969, "VST": {"oracle": 0.9934345444831668, "cex_price": 1, "dex_price": 1}, "ETH": {"oracle": 1102.67974629, "cex_price": 1101.875, "dex_price": 1101.2679705581072}, "gOHM": {"oracle": 2083.014426058142, "cex_price": "NaN", "dex_price": 2081.5057025465712}, "renBTC": {"oracle": 15978.64051531, "cex_price": 15969.02, "dex_price": 15997.079573153123}, "GMX": {"oracle": 42.800983161472516, "cex_price": "NaN", "dex_price": 42.702986099200515}, "DPX": {"oracle": 181.3469236, "cex_price": "NaN", "dex_price": 181.29196898742683}, "sGLP": {"oracle": 0.7969245882571363, "cex_price": "NaN", "dex_price": "NaN"}}