{"json_time": 1670248321, "ETH-VST": {"series_std_ratio": 1.0, "volume_for_slippage_10_percentss": [16929.221257269382], "trade_every": 1800, "collaterals": [254, 3370, 6487, 9603, 12720, 15836, 18953, 22069, 25186, 28302, 31419, 34536, 37652, 40769, 43885, 47002, 50118, 53235, 56351, 59468, 62584, 65701, 68817, 71934, 75050, 78167, 81283, 84400, 87516, 90633, 18750.0], "liquidation_incentives": [0.10000000000000009], "stability_pool_initial_balances": [2.0803409451305437, 1.0401704725652718, 4.160681890261087], "share_institutionals": [0.15850337765500258, 0.07925168882750129, 0.31700675531000516, 1], "recovery_halflife_retails": [3.3333333333333335], "price_recovery_times": [0], "l_factors": [0.25, 0.5, 1, 1.5, 2], "json_time": 1670251435.2945156, "current_debt": 254.28517172139888}, "renBTC-VST": {"series_std_ratio": 0.760706293780634, "volume_for_slippage_10_percentss": [269.7397020459175], "trade_every": 1800, "collaterals": [208, 416, 625, 833, 1041, 1250, 1458, 1666, 1875, 2083, 2291, 2500, 2708, 2916, 3125, 3333, 3541, 3750, 3958, 4166, 4375, 4583, 4791, 5000, 5208, 5416, 5625, 5833, 6041, 1250.0], "liquidation_incentives": [0.10000000000000009], "stability_pool_initial_balances": [0], "share_institutionals": [0.15851701643661312, 0.07925850821830656, 0.31703403287322623, 1], "recovery_halflife_retails": [3.3333333333333335], "price_recovery_times": [0], "l_factors": [0.25, 0.5, 1, 1.5, 2], "json_time": 1670251435.2945156, "current_debt": 0.0}, "gOHM-VST": {"series_std_ratio": 1.416911372280521, "volume_for_slippage_10_percentss": [287.0250317454338], "trade_every": 1800, "collaterals": [3323, 3837, 4351, 4866, 5380, 5894, 6408, 6922, 7437, 7951, 8465, 8979, 9494, 10008, 10522, 11036, 11550, 12065, 12579, 13093, 13607, 14122, 14636, 15150, 15664, 16178, 16693, 17207, 17721, 18235, 3750.0], "liquidation_incentives": [0.1499999999999999], "stability_pool_initial_balances": [0.04776266234901092, 0.02388133117450546, 0.09552532469802184], "share_institutionals": [0.5525673776769974, 0.2762836888384987, 1, 1], "recovery_halflife_retails": [3.3333333333333335], "price_recovery_times": [0], "l_factors": [0.25, 0.5, 1, 1.5, 2], "json_time": 1670251435.2945156, "current_debt": 3323.4422290162615}, "DPX-VST": {"series_std_ratio": 1.974078240475897, "volume_for_slippage_10_percentss": [396.69746845960617], "trade_every": 1800, "collaterals": [199, 609, 1019, 1429, 1839, 2249, 2659, 3069, 3479, 3889, 4299, 4709, 5119, 5529, 5939, 6349, 6759, 7169, 7579, 7989, 8399, 8809, 9219, 9629, 10039, 10449, 10859, 11269, 11679, 12089, 2500.0], "liquidation_incentives": [0.1499999999999999], "stability_pool_initial_balances": [0.2407889405974174, 0.1203944702987087, 0.4815778811948348], "share_institutionals": [0.027675884347254653, 0.013837942173627327, 0.05535176869450931, 1], "recovery_halflife_retails": [3.3333333333333335], "price_recovery_times": [2], "l_factors": [0.25, 0.5, 1, 1.5, 2], "json_time": 1670251435.2945156, "current_debt": 199.83969607235173}, "GMX-VST": {"series_std_ratio": 2.081064798518858, "volume_for_slippage_10_percentss": [1824.8233291506767], "trade_every": 1800, "collaterals": [74, 488, 902, 1316, 1731, 2145, 2559, 2973, 3387, 3802, 4216, 4630, 5044, 5458, 5873, 6287, 6701, 7115, 7529, 7943, 8358, 8772, 9186, 9600, 10014, 10429, 10843, 11257, 11671, 12085, 2500.0], "liquidation_incentives": [0.1499999999999999], "stability_pool_initial_balances": [0.8280726056262214, 0.4140363028131107, 1.6561452112524429], "share_institutionals": [0.004774678424194306, 0.002387339212097153, 0.009549356848388611, 1], "recovery_halflife_retails": [3.3333333333333335], "price_recovery_times": [0], "l_factors": [0.25, 0.5, 1, 1.5, 2], "json_time": 1670251435.2945156, "current_debt": 74.38654494806038}, "sGLP-VST": {"series_std_ratio": 0.4707294016934606, "volume_for_slippage_10_percentss": [269.7397020459175], "trade_every": 1800, "collaterals": [3103, 3520, 3938, 4355, 4772, 5190, 5607, 6025, 6442, 6859, 7277, 7694, 8112, 8529, 8946, 9364, 9781, 10198, 10616, 11033, 11451, 11868, 12285, 12703, 13120, 13538, 13955, 14372, 14790, 15207, 3125.0], "liquidation_incentives": [0.10000000000000009], "stability_pool_initial_balances": [0.9012333049405873, 0.45061665247029364, 1.8024666098811746], "share_institutionals": [0.0, 0.0, 0.0, 1], "recovery_halflife_retails": [3.3333333333333335], "price_recovery_times": [0], "l_factors": [0.25, 0.5, 1, 1.5, 2], "json_time": 1670251435.2945156, "current_debt": 3103.4398751247777}}