{"ETH": {"BNB|bsc": {"volume": 9106.223583221436, "llc": 1.1}, "WBTC|eth": {"volume": 10059.89694595337, "llc": 1.1}, "pCKB": {"volume": 24364.997386932373, "llc": 1.1}, "USDC": {"volume": 18642.95721054077, "llc": 1.1}, "USDT": {"volume": 18642.95721054077, "llc": 1.1}}, "BNB|bsc": {"ETH": {"volume": 9106.223583221436, "llc": 1.1}, "WBTC|eth": {"volume": 5291.530132293701, "llc": 1.1}, "pCKB": {"volume": 13874.590396881104, "llc": 1.1}, "USDC": {"volume": 11967.243671417236, "llc": 1.1}, "USDT": {"volume": 11967.243671417236, "llc": 1.1}}, "WBTC|eth": {"ETH": {"volume": 10059.89694595337, "llc": 1.1}, "BNB|bsc": {"volume": 5291.530132293701, "llc": 1.1}, "pCKB": {"volume": 7198.876857757568, "llc": 1.1}, "USDC": {"volume": 7198.876857757568, "llc": 1.1}, "USDT": {"volume": 7198.876857757568, "llc": 1.1}}, "pCKB": {"ETH": {"volume": 24364.997386932373, "llc": 1.1}, "BNB|bsc": {"volume": 13874.590396881104, "llc": 1.1}, "WBTC|eth": {"volume": 7198.876857757568, "llc": 1.1}, "USDC": {"volume": 72048.66552352905, "llc": 1.1}, "USDT": {"volume": 71094.99216079712, "llc": 1.1}}, "USDC": {"ETH": {"volume": 18642.95721054077, "llc": 1.1}, "BNB|bsc": {"volume": 11967.243671417236, "llc": 1.1}, "WBTC|eth": {"volume": 7198.876857757568, "llc": 1.1}, "pCKB": {"volume": 72048.66552352905, "llc": 1.1}, "USDT": {"volume": 139759.47427749634, "llc": 1.1}}, "USDT": {"ETH": {"volume": 18642.95721054077, "llc": 1.1}, "BNB|bsc": {"volume": 11967.243671417236, "llc": 1.1}, "WBTC|eth": {"volume": 7198.876857757568, "llc": 1.1}, "pCKB": {"volume": 69187.64543533325, "llc": 1.1}, "USDC": {"volume": 109241.92667007446, "llc": 1.1}}, "json_time": 1678368586}