{"ETH": {"BNB|bsc": {"volume": 11013.570308685303, "llc": 1.1}, "WBTC|eth": {"volume": 4337.856769561768, "llc": 1.1}, "pCKB": {"volume": 31040.71092605591, "llc": 1.1}, "USDC": {"volume": 22457.650661468506, "llc": 1.1}, "USDT": {"volume": 22457.650661468506, "llc": 1.1}}, "BNB|bsc": {"ETH": {"volume": 11013.570308685303, "llc": 1.1}, "WBTC|eth": {"volume": 3384.183406829834, "llc": 1.1}, "pCKB": {"volume": 15781.93712234497, "llc": 1.1}, "USDC": {"volume": 13874.590396881104, "llc": 1.1}, "USDT": {"volume": 13874.590396881104, "llc": 1.1}}, "WBTC|eth": {"ETH": {"volume": 4337.856769561768, "llc": 1.1}, "BNB|bsc": {"volume": 3384.183406829834, "llc": 1.1}, "pCKB": {"volume": 3384.183406829834, "llc": 1.1}, "USDC": {"volume": 3384.183406829834, "llc": 1.1}, "USDT": {"volume": 3384.183406829834, "llc": 1.1}}, "pCKB": {"ETH": {"volume": 31040.71092605591, "llc": 1.1}, "BNB|bsc": {"volume": 15781.93712234497, "llc": 1.1}, "WBTC|eth": {"volume": 3384.183406829834, "llc": 1.1}, "USDC": {"volume": 79678.05242538452, "llc": 1.1}, "USDT": {"volume": 64419.278621673584, "llc": 1.1}}, "USDC": {"ETH": {"volume": 22457.650661468506, "llc": 1.1}, "BNB|bsc": {"volume": 13874.590396881104, "llc": 1.1}, "WBTC|eth": {"volume": 3384.183406829834, "llc": 1.1}, "pCKB": {"volume": 79678.05242538452, "llc": 1.1}, "USDT": {"volume": 72048.66552352905, "llc": 1.1}}, "USDT": {"ETH": {"volume": 22457.650661468506, "llc": 1.1}, "BNB|bsc": {"volume": 12920.91703414917, "llc": 1.1}, "WBTC|eth": {"volume": 3384.183406829834, "llc": 1.1}, "pCKB": {"volume": 74909.68561172485, "llc": 1.1}, "USDC": {"volume": 100658.86640548706, "llc": 1.1}}, "json_time": 1681854844}