{"USDC": {"WXDAI": {"volume": 5325835.220813751, "llc": 1.05}, "LINK": {"volume": 1476.8366813659668, "llc": 1.05}, "GNO": {"volume": 68233.97207260132, "llc": 1.05}, "WBTC": {"volume": 26272.34411239624, "llc": 1.05}, "WETH": {"volume": 77770.70569992065, "llc": 1.05}, "FOX": {"volume": 3384.183406829834, "llc": 1.05}, "USDT": {"volume": 2771897.955417633, "llc": 1.05}}, "WXDAI": {"USDC": {"volume": 4465621.847629547, "llc": 1.05}, "LINK": {"volume": 1476.8366813659668, "llc": 1.05}, "GNO": {"volume": 96844.17295455933, "llc": 1.05}, "WBTC": {"volume": 26272.34411239624, "llc": 1.05}, "WETH": {"volume": 77770.70569992065, "llc": 1.05}, "FOX": {"volume": 4337.856769561768, "llc": 1.05}, "USDT": {"volume": 2769990.608692169, "llc": 1.05}}, "LINK": {"USDC": {"volume": 4337.856769561768, "llc": 1.2}, "WXDAI": {"volume": 5291.530132293701, "llc": 1.2}, "GNO": {"volume": 5291.530132293701, "llc": 1.2}, "WBTC": {"volume": 5291.530132293701, "llc": 1.2}, "WETH": {"volume": 5291.530132293701, "llc": 1.2}, "FOX": {"volume": 4337.856769561768, "llc": 1.2}, "USDT": {"volume": 5291.530132293701, "llc": 1.2}}, "GNO": {"USDC": {"volume": 142620.49436569214, "llc": 1.1}, "WXDAI": {"volume": 201748.24285507202, "llc": 1.1}, "LINK": {"volume": 2430.5100440979004, "llc": 1.1}, "WBTC": {"volume": 60604.58517074585, "llc": 1.1}, "WETH": {"volume": 357197.0009803772, "llc": 1.1}, "FOX": {"volume": 6245.203495025635, "llc": 1.1}, "USDT": {"volume": 102566.21313095093, "llc": 1.1}}, "WBTC": {"USDC": {"volume": 51067.851543426514, "llc": 1.1}, "WXDAI": {"volume": 51067.851543426514, "llc": 1.1}, "LINK": {"volume": 2430.5100440979004, "llc": 1.1}, "GNO": {"volume": 60604.58517074585, "llc": 1.1}, "WETH": {"volume": 75863.35897445679, "llc": 1.1}, "FOX": {"volume": 6245.203495025635, "llc": 1.1}, "USDT": {"volume": 51067.851543426514, "llc": 1.1}}, "WETH": {"USDC": {"volume": 77770.70569992065, "llc": 1.05}, "WXDAI": {"volume": 77770.70569992065, "llc": 1.05}, "LINK": {"volume": 1476.8366813659668, "llc": 1.05}, "GNO": {"volume": 175999.0620613098, "llc": 1.05}, "WBTC": {"volume": 38670.09782791138, "llc": 1.05}, "FOX": {"volume": 3384.183406829834, "llc": 1.05}, "USDT": {"volume": 77770.70569992065, "llc": 1.05}}, "FOX": {"USDC": {"volume": 7198.876857757568, "llc": 1.1}, "WXDAI": {"volume": 7198.876857757568, "llc": 1.1}, "LINK": {"volume": 2430.5100440979004, "llc": 1.1}, "GNO": {"volume": 7198.876857757568, "llc": 1.1}, "WBTC": {"volume": 6245.203495025635, "llc": 1.1}, "WETH": {"volume": 8152.550220489502, "llc": 1.1}, "USDT": {"volume": 6245.203495025635, "llc": 1.1}}, "USDT": {"USDC": {"volume": 4291099.622249603, "llc": 1.05}, "WXDAI": {"volume": 5135100.5482673645, "llc": 1.05}, "LINK": {"volume": 2430.5100440979004, "llc": 1.05}, "GNO": {"volume": 50114.17818069458, "llc": 1.05}, "WBTC": {"volume": 26272.34411239624, "llc": 1.05}, "WETH": {"volume": 77770.70569992065, "llc": 1.05}, "FOX": {"volume": 3384.183406829834, "llc": 1.05}}, "json_time": 1677496185}