{"json_time": 1668405552, "auUSDC": {"oracle": 1.0002875, "cex_price": 1, "dex_price": 1}, "auETH": {"oracle": 1180.699, "cex_price": 1180.475, "dex_price": 1193.6818631729411}, "auWBTC": {"oracle": 15867.70554167, "cex_price": 15898.35, "dex_price": 15980.945598943468}, "auUSDT": {"oracle": 0.99878317, "cex_price": 1, "dex_price": 0.9977477301703092}, "auWNEAR": {"oracle": 1.8280704, "cex_price": 1.8185, "dex_price": 1.8289571258033526}, "auSTNEAR": {"oracle": 2.08078007, "cex_price": "NaN", "dex_price": 2.09336430178297}}