{"json_time": 1666715541, "stabilityPoolVstBalance": {"ETH": 429802.85211480514, "gOHM": 267782.902603848, "renBTC": 34881.21887478885, "GMX": 168187.37633121177, "DPX": 61867.06024741814, "sGLP": 51018.979}, "stabilityPoolGemBalance": {"ETH": 24957.90215382436, "gOHM": 17988.395319169635, "renBTC": 435.7145720424, "GMX": 221.41013657801693, "DPX": 217.35292888237035, "sGLP": 0.0}, "bprotocolBalance": {"ETH": 158707.94430452026, "gOHM": 152064.09616215562, "DPX": 3.6379731815896235, "GMX": 122718.34121697162, "renBTC": 34268.191403505036, "sGLP": 0.0}, "bprotocolGemBalance": {"ETH": 0.01469480615655188, "gOHM": 0.0, "DPX": 7.5720702787398e-05, "GMX": 0.000298704334042631, "renBTC": 0.0, "sGLP": 0.0}}