{"json_time": 1698667445, "USDC": {"oracle": 0.9999232225167659, "cex_price": 1, "dex_price": 1}, "WXDAI": {"oracle": 1.0, "cex_price": 1, "dex_price": 1.0001058962995089}, "LINK": {"oracle": 11.335228431212025, "cex_price": 11.3915, "dex_price": 11.82318431625598}, "GNO": {"oracle": 106.75502829017265, "cex_price": 106.1, "dex_price": 106.55756681909759}, "WBTC": {"oracle": 34673.561432656235, "cex_price": 34728.384999999995, "dex_price": 34550.32237178289}, "WETH": {"oracle": 1814.280527884296, "cex_price": 1817.475, "dex_price": 1825.2045518363727}, "FOX": {"oracle": 0.021877212864962286, "cex_price": 0.0219, "dex_price": 0.021852231444978595}, "USDT": {"oracle": 1.0000691877320262, "cex_price": 1, "dex_price": 1.0001455301759503}, "EURe": {"oracle": 1.058665296951566, "cex_price": 1.0580500000000002, "dex_price": 1.0580820871727674}, "wstETH": {"oracle": 2076.7137914019177, "cex_price": "NaN", "dex_price": 2081.006558907111}, "sDAI": {"oracle": 1.020521057319741, "cex_price": 1, "dex_price": 1.0205045647599824}}