{"json_time": 1677687120, "USDC": {"oracle": 1.0002700729196883, "cex_price": 1, "dex_price": 1}, "WXDAI": {"oracle": 1.0, "cex_price": 1, "dex_price": 1.0002591715039528}, "LINK": {"oracle": 7.389895271723366, "cex_price": 7.4165, "dex_price": 7.8646484048586025}, "GNO": {"oracle": 108.74349174277054, "cex_price": 108.65, "dex_price": 109.72131339503318}, "WBTC": {"oracle": 23595.47077710982, "cex_price": 23690.825, "dex_price": 23834.61257671468}, "WETH": {"oracle": 1655.4168625528894, "cex_price": 1655.9850000000001, "dex_price": 1659.1714510422444}, "FOX": {"oracle": 0.0388523401318356, "cex_price": 0.039150000000000004, "dex_price": 0.0405210534201236}, "USDT": {"oracle": 1.000310083722605, "cex_price": 1, "dex_price": 1.0009792149238537}}