{"json_time": 1685987285, "USDC": {"oracle": 1.0000513302660532, "cex_price": 1, "dex_price": 1}, "WXDAI": {"oracle": 1.0, "cex_price": 1, "dex_price": 0.9995347537602054}, "LINK": {"oracle": 6.091038207641528, "cex_price": 6.0655, "dex_price": 6.565333646585178}, "GNO": {"oracle": 110.76714361872375, "cex_price": 110.45, "dex_price": 112.55163983670187}, "WBTC": {"oracle": 25743.00763619724, "cex_price": 25735.455, "dex_price": 26164.770549352903}, "WETH": {"oracle": 1810.2120424084817, "cex_price": 1812.5949999999998, "dex_price": 1822.1392264474493}, "FOX": {"oracle": 0.022066633326665332, "cex_price": 0.022350000000000002, "dex_price": 0.023551315976352093}, "USDT": {"oracle": 1.0005401080216043, "cex_price": 1, "dex_price": 1.000019523381155}, "EURe": {"oracle": 1.0713442688537707, "cex_price": 1.06345, "dex_price": 1.0698685038631468}, "wstETH": {"oracle": 2040.5954547809563, "cex_price": "NaN", "dex_price": 2123.9363924402137}}