{"json_time": 1678205893, "stabilityPoolVstBalance": {"ETH": 236164.630432901, "gOHM": 56199.13937343948, "GMX": 39224.03498214765, "DPX": 40314.93717426451, "sGLP": 15815.338163710856}, "stabilityPoolGemBalance": {"ETH": 19658.30002540598, "gOHM": 9891.635244870602, "GMX": 1770.0379810122788, "DPX": 158.52472709453798, "sGLP": 0.0}, "bprotocolBalance": {"ETH": 106852.60005180912, "gOHM": 23374.120512582103, "DPX": 164.445909580642, "GMX": 18.360859254249267, "sGLP": 0.0}, "bprotocolGemBalance": {"ETH": 0.07190092483059118, "gOHM": 0.0, "DPX": 0.001492251000255862, "GMX": 0.023780600652191012, "sGLP": 0.0}}