{"json_time": 1685167940, "ETH": {"oracle": 1832.805164217, "cex_price": 1831.415, "dex_price": 1836.4828743372377}, "BNB|bsc": {"oracle": 306.88, "cex_price": 306.85, "dex_price": 309.77608910490557}, "WBTC|eth": {"oracle": 26741.9191622, "cex_price": 26726.595, "dex_price": 27839.87190351637}, "pCKB": {"oracle": 0.003330935, "cex_price": 0.003325, "dex_price": 0.003314248219968161}, "USDC": {"oracle": 0.999999955, "cex_price": 1, "dex_price": 1}, "USDT": {"oracle": 1.000389467, "cex_price": 1, "dex_price": 1.0016007284492032}}