{"json_time": 1674744236, "glp_data": {"liquidTreasury": 236172493.46358195, "treasuryUtilization": 0.4617827959241891, "liquidStableTreasury": 158441624.81852245, "stableTreasuryUtilization": 0.1152870654485308, "liquidSolidAssetTreasury": 66858798.81858873, "solidTreasuryUtilization": 0.7272115335471969}}