{"json_time": 1691006380, "USDC": {"oracle": 1.0002500350049006, "cex_price": 1, "dex_price": 1}, "WXDAI": {"oracle": 1.0, "cex_price": 1, "dex_price": 0.9998920608179267}, "LINK": {"oracle": 7.4110375452563355, "cex_price": 7.4045000000000005, "dex_price": 7.909183713420013}, "GNO": {"oracle": 111.9526733742724, "cex_price": 112.05, "dex_price": 111.65601270108212}, "WBTC": {"oracle": 29084.481827455846, "cex_price": 29155.004999999997, "dex_price": 29184.43512358441}, "WETH": {"oracle": 1835.8570199827975, "cex_price": 1843.435, "dex_price": 1835.3670905209071}, "FOX": {"oracle": 0.019006030844318202, "cex_price": 0.019, "dex_price": 0.01911172840794099}, "USDT": {"oracle": 0.9996465205128718, "cex_price": 1, "dex_price": 0.9998543062297678}, "EURe": {"oracle": 1.09400816114256, "cex_price": 1.0902500000000002, "dex_price": 1.1021615522711863}, "wstETH": {"oracle": 2082.4166129258097, "cex_price": "NaN", "dex_price": 2082.4166129258097}}