{"json_time": 1676725205, "USDC": {"oracle": 1.0002300529121697, "cex_price": 1, "dex_price": 1}, "WXDAI": {"oracle": 1.0, "cex_price": 1, "dex_price": 1.0004470187810282}, "LINK": {"oracle": 8.088300309071087, "cex_price": 8.058499999999999, "dex_price": 8.501471076058428}, "GNO": {"oracle": 110.22056604018924, "cex_price": 110.25, "dex_price": 110.53989253837514}, "WBTC": {"oracle": 24622.17370539224, "cex_price": 24619.095, "dex_price": 24597.371770826285}, "WETH": {"oracle": 1695.6844074137052, "cex_price": 1697.585, "dex_price": 1694.2428629281328}, "FOX": {"oracle": 0.03406946597717475, "cex_price": 0.03405, "dex_price": 0.03357615447080649}, "USDT": {"oracle": 1.0003532812546885, "cex_price": 1, "dex_price": 1.0009105794005202}}