{"json_time": 1672327940, "glp_data": {"liquidTreasury": 272683342.2500248, "treasuryUtilization": 0.33306553622768603, "liquidStableTreasury": 104571720.92187844, "stableTreasuryUtilization": 0.48423748620349477, "liquidSolidAssetTreasury": 152038900.37490508, "solidTreasuryUtilization": 0.19221671730012962}}