{"json_time": 1672327940, "VST": {"oracle": 0.9950656993870587, "cex_price": 1, "dex_price": 1}, "ETH": {"oracle": 1202.73853885, "cex_price": 1203.0549999999998, "dex_price": 1203.3034258758082}, "gOHM": {"oracle": 2500.3862199951623, "cex_price": "NaN", "dex_price": 2520.454233186102}, "GMX": {"oracle": 42.310010599668516, "cex_price": "NaN", "dex_price": 42.30979532627148}, "DPX": {"oracle": 237.13081124, "cex_price": "NaN", "dex_price": 237.6687292163943}, "sGLP": {"oracle": 0.8234274114024709, "cex_price": "NaN", "dex_price": "NaN"}}