{"json_time": 1689950135, "USDC": {"oracle": 0.9997206886721375, "cex_price": 1, "dex_price": 1}, "WXDAI": {"oracle": 1.0, "cex_price": 1, "dex_price": 1.0000308262831388}, "LINK": {"oracle": 8.169710250664746, "cex_price": 8.1585, "dex_price": 8.681917617302904}, "GNO": {"oracle": 118.01991237720604, "cex_price": 118.35, "dex_price": 119.00741100237568}, "WBTC": {"oracle": 29830.083892577524, "cex_price": 29846.004999999997, "dex_price": 30056.223171063793}, "WETH": {"oracle": 1895.4018518869925, "cex_price": 1892.6149999999998, "dex_price": 1905.1831181981922}, "FOX": {"oracle": 0.018792212507840602, "cex_price": 0.0189, "dex_price": 0.01949537499192417}, "USDT": {"oracle": 0.9997738575034928, "cex_price": 1, "dex_price": 1.0001354333397057}, "EURe": {"oracle": 1.1113165468461694, "cex_price": 1.10745, "dex_price": 1.1138861039597094}, "wstETH": {"oracle": 2147.0235671394867, "cex_price": "NaN", "dex_price": 2147.0235671394867}}