{"json_time": 1683994229, "ETH-VST": {"series_std_ratio": 1.0, "volume_for_slippage_10_percentss": [12892.798749506474], "trade_every": 1800, "collaterals": [0], "liquidation_incentives": [0.10000000000000009], "stability_pool_initial_balances": [0.18927910419948746], "share_institutionals": [0.3028259761216279], "recovery_halflife_retails": [3.3333333333333335], "price_recovery_times": [0], "l_factors": [0], "json_time": 1683994672.284387, "current_debt": 517.6596684361505, "collateral_factor": 0.9090909090909091, "delays_in_minutes": [0]}, "gOHM-VST": {"series_std_ratio": 0.5718399563684763, "volume_for_slippage_10_percentss": [271.5278396010399], "trade_every": 1800, "collaterals": [0], "liquidation_incentives": [0.1499999999999999], "stability_pool_initial_balances": [0.025177171308288063], "share_institutionals": [0.3899338658734915], "recovery_halflife_retails": [3.3333333333333335], "price_recovery_times": [0], "l_factors": [0], "json_time": 1683994672.284387, "current_debt": 2758.0540454813163, "collateral_factor": 0.6666666666666666, "delays_in_minutes": [0]}, "DPX-VST": {"series_std_ratio": 2.2756095294666916, "volume_for_slippage_10_percentss": [301.3301321864128], "trade_every": 1800, "collaterals": [0], "liquidation_incentives": [0.1499999999999999], "stability_pool_initial_balances": [0.06399853110941321], "share_institutionals": [0.19678927299751303], "recovery_halflife_retails": [3.3333333333333335], "price_recovery_times": [2], "l_factors": [0], "json_time": 1683994672.284387, "current_debt": 402.7798845148832, "collateral_factor": 0.6666666666666666, "delays_in_minutes": [0]}, "GMX-VST": {"series_std_ratio": 2.0308729755116706, "volume_for_slippage_10_percentss": [5443.417694866657], "trade_every": 1800, "collaterals": [0], "liquidation_incentives": [0.1499999999999999], "stability_pool_initial_balances": [0.27695441247125846], "share_institutionals": [0.3562652286835642], "recovery_halflife_retails": [3.3333333333333335], "price_recovery_times": [0], "l_factors": [0], "json_time": 1683994672.284387, "current_debt": 134.4411374130117, "collateral_factor": 0.6666666666666666, "delays_in_minutes": [0]}, "sGLP-VST": {"series_std_ratio": 0.6132330529291525, "volume_for_slippage_10_percentss": [8599.48047965765], "trade_every": 1800, "collaterals": [0], "liquidation_incentives": [0.10000000000000009], "stability_pool_initial_balances": [0.0008512077199038527], "share_institutionals": [0.0], "recovery_halflife_retails": [3.3333333333333335], "price_recovery_times": [0], "l_factors": [0], "json_time": 1683994672.284387, "current_debt": 324.31568062283304, "collateral_factor": 0.8333333333333334, "delays_in_minutes": [0]}}