{"json_time": 1670418845, "ETH": {"VST": {"volume": 23127102.209568024, "llc": 1.1}}, "gOHM": {"VST": {"volume": 454471.6839790344, "llc": 1.15}}, "renBTC": {"VST": {"volume": 415371.07610702515, "llc": 1.1}}, "GMX": {"VST": {"volume": 2708001.8401145935, "llc": 1.15}}, "DPX": {"VST": {"volume": 590846.9748497009, "llc": 1.15}}, "sGLP": {"VST": {"volume": 415371.07610702515, "llc": 1.1}}}