{"json_time": 1680842160, "USDC": {"oracle": 1.0003701739817714, "cex_price": 1, "dex_price": 1}, "WXDAI": {"oracle": 1.0, "cex_price": 1, "dex_price": 0.999854514155505}, "LINK": {"oracle": 7.202892599521776, "cex_price": 7.202500000000001, "dex_price": 7.626963029208381}, "GNO": {"oracle": 112.81826411413364, "cex_price": 112.55000000000001, "dex_price": 113.92916831384194}, "WBTC": {"oracle": 28094.004181965523, "cex_price": 28061.934999999998, "dex_price": 28216.131049256335}, "WETH": {"oracle": 1873.6005922783709, "cex_price": 1878.7350000000001, "dex_price": 1879.6281685422782}, "FOX": {"oracle": 0.03528379338288996, "cex_price": 0.03565, "dex_price": 0.035604101671676304}, "USDT": {"oracle": 1.0008774123838204, "cex_price": 1, "dex_price": 1.000383429962186}, "EURe": {"oracle": 1.0921933308655067, "cex_price": 1.08745, "dex_price": 1.096962136790351}}