{"USDC": {"WXDAI": {"volume": 7560291.909694672, "llc": 1.05}, "LINK": {"volume": 1476.8366813659668, "llc": 1.05}, "GNO": {"volume": 81585.39915084839, "llc": 1.05}, "WBTC": {"volume": 29133.36420059204, "llc": 1.05}, "WETH": {"volume": 82539.07251358032, "llc": 1.05}, "FOX": {"volume": 3384.183406829834, "llc": 1.05}, "USDT": {"volume": 4434150.626659393, "llc": 1.05}, "EURe": {"volume": 364826.38788223267, "llc": 1.05}}, "WXDAI": {"USDC": {"volume": 6718198.330402374, "llc": 1.05}, "LINK": {"volume": 1476.8366813659668, "llc": 1.05}, "GNO": {"volume": 99705.19304275513, "llc": 1.05}, "WBTC": {"volume": 30087.037563323975, "llc": 1.05}, "WETH": {"volume": 93983.15286636353, "llc": 1.05}, "FOX": {"volume": 3384.183406829834, "llc": 1.05}, "USDT": {"volume": 4432243.279933929, "llc": 1.05}, "EURe": {"volume": 364826.38788223267, "llc": 1.05}}, "LINK": {"USDC": {"volume": 5291.530132293701, "llc": 1.2}, "WXDAI": {"volume": 5291.530132293701, "llc": 1.2}, "GNO": {"volume": 4337.856769561768, "llc": 1.2}, "WBTC": {"volume": 5291.530132293701, "llc": 1.2}, "WETH": {"volume": 5291.530132293701, "llc": 1.2}, "FOX": {"volume": 4337.856769561768, "llc": 1.2}, "USDT": {"volume": 5291.530132293701, "llc": 1.2}, "EURe": {"volume": 4337.856769561768, "llc": 1.2}}, "GNO": {"USDC": {"volume": 154064.57471847534, "llc": 1.1}, "WXDAI": {"volume": 201748.24285507202, "llc": 1.1}, "LINK": {"volume": 2430.5100440979004, "llc": 1.1}, "WBTC": {"volume": 70141.31879806519, "llc": 1.1}, "WETH": {"volume": 396297.6088523865, "llc": 1.1}, "FOX": {"volume": 5291.530132293701, "llc": 1.1}, "USDT": {"volume": 118778.6602973938, "llc": 1.1}, "EURe": {"volume": 117824.98693466187, "llc": 1.1}}, "WBTC": {"USDC": {"volume": 64419.278621673584, "llc": 1.1}, "WXDAI": {"volume": 64419.278621673584, "llc": 1.1}, "LINK": {"volume": 2430.5100440979004, "llc": 1.1}, "GNO": {"volume": 66326.62534713745, "llc": 1.1}, "WETH": {"volume": 108288.25330734253, "llc": 1.1}, "FOX": {"volume": 6245.203495025635, "llc": 1.1}, "USDT": {"volume": 64419.278621673584, "llc": 1.1}, "EURe": {"volume": 64419.278621673584, "llc": 1.1}}, "WETH": {"USDC": {"volume": 93983.15286636353, "llc": 1.05}, "WXDAI": {"volume": 93983.15286636353, "llc": 1.05}, "LINK": {"volume": 1476.8366813659668, "llc": 1.05}, "GNO": {"volume": 202701.91621780396, "llc": 1.05}, "WBTC": {"volume": 54882.54499435425, "llc": 1.05}, "FOX": {"volume": 3384.183406829834, "llc": 1.05}, "USDT": {"volume": 93983.15286636353, "llc": 1.05}, "EURe": {"volume": 92075.80614089966, "llc": 1.05}}, "FOX": {"USDC": {"volume": 6245.203495025635, "llc": 1.1}, "WXDAI": {"volume": 6245.203495025635, "llc": 1.1}, "LINK": {"volume": 2430.5100440979004, "llc": 1.1}, "GNO": {"volume": 9106.223583221436, "llc": 1.1}, "WBTC": {"volume": 6245.203495025635, "llc": 1.1}, "WETH": {"volume": 9106.223583221436, "llc": 1.1}, "USDT": {"volume": 6245.203495025635, "llc": 1.1}, "EURe": {"volume": 5291.530132293701, "llc": 1.1}}, "USDT": {"USDC": {"volume": 6527463.657855988, "llc": 1.05}, "WXDAI": {"volume": 7347622.74980545, "llc": 1.05}, "LINK": {"volume": 1476.8366813659668, "llc": 1.05}, "GNO": {"volume": 81585.39915084839, "llc": 1.05}, "WBTC": {"volume": 29133.36420059204, "llc": 1.05}, "WETH": {"volume": 82539.07251358032, "llc": 1.05}, "FOX": {"volume": 3384.183406829834, "llc": 1.05}, "EURe": {"volume": 364826.38788223267, "llc": 1.05}}, "EURe": {"USDC": {"volume": 691936.3512992859, "llc": 1.15}, "WXDAI": {"volume": 690982.677936554, "llc": 1.15}, "LINK": {"volume": 3384.183406829834, "llc": 1.15}, "GNO": {"volume": 174091.71533584595, "llc": 1.15}, "WBTC": {"volume": 89214.78605270386, "llc": 1.15}, "WETH": {"volume": 247524.56426620483, "llc": 1.15}, "FOX": {"volume": 8152.550220489502, "llc": 1.15}, "USDT": {"volume": 690982.677936554, "llc": 1.15}}, "json_time": 1680842160}