{"USDC": {"WXDAI": {"volume": 3689331.730365753, "llc": 1.05}, "LINK": {"volume": 1476.8366813659668, "llc": 1.05}, "GNO": {"volume": 63465.60525894165, "llc": 1.05}, "WBTC": {"volume": 25318.670749664307, "llc": 1.05}, "WETH": {"volume": 44285.80873818364, "llc": 1.05}, "FOX": {"volume": 3384.183406829834, "llc": 1.05}, "USDT": {"volume": 2989335.482120514, "llc": 1.05}, "EURe": {"volume": 1367137.0921134949, "llc": 1.05}, "wstETH": {"volume": 44285.80873818364, "llc": 1.05}}, "WXDAI": {"USDC": {"volume": 4082245.15581131, "llc": 1.05}, "LINK": {"volume": 1476.8366813659668, "llc": 1.05}, "GNO": {"volume": 63465.60525894165, "llc": 1.05}, "WBTC": {"volume": 25318.670749664307, "llc": 1.05}, "WETH": {"volume": 44800, "llc": 1.05}, "FOX": {"volume": 3384.183406829834, "llc": 1.05}, "USDT": {"volume": 2990289.155483246, "llc": 1.05}, "EURe": {"volume": 1367137.0921134949, "llc": 1.05}, "wstETH": {"volume": 44800, "llc": 1.05}}, "LINK": {"USDC": {"volume": 4337.856769561768, "llc": 1.2}, "WXDAI": {"volume": 4337.856769561768, "llc": 1.2}, "GNO": {"volume": 4337.856769561768, "llc": 1.2}, "WBTC": {"volume": 4337.856769561768, "llc": 1.2}, "WETH": {"volume": 4337.856769561768, "llc": 1.2}, "FOX": {"volume": 3384.183406829834, "llc": 1.2}, "USDT": {"volume": 4337.856769561768, "llc": 1.2}, "EURe": {"volume": 3384.183406829834, "llc": 1.2}, "wstETH": {"volume": 4337.856769561768, "llc": 1.2}}, "GNO": {"USDC": {"volume": 125454.37383651733, "llc": 1.1}, "WXDAI": {"volume": 126408.04719924927, "llc": 1.1}, "LINK": {"volume": 2430.5100440979004, "llc": 1.1}, "WBTC": {"volume": 61558.25853347778, "llc": 1.1}, "WETH": {"volume": 385807.2018623352, "llc": 1.1}, "FOX": {"volume": 4337.856769561768, "llc": 1.1}, "USDT": {"volume": 125454.37383651733, "llc": 1.1}, "EURe": {"volume": 126408.04719924927, "llc": 1.1}, "wstETH": {"volume": 385807.2018623352, "llc": 1.1}}, "WBTC": {"USDC": {"volume": 47253.15809249878, "llc": 1.1}, "WXDAI": {"volume": 51067.851543426514, "llc": 1.1}, "LINK": {"volume": 2430.5100440979004, "llc": 1.1}, "GNO": {"volume": 69187.64543533325, "llc": 1.1}, "WETH": {"volume": 111149.27339553833, "llc": 1.1}, "FOX": {"volume": 4337.856769561768, "llc": 1.1}, "USDT": {"volume": 39623.77119064331, "llc": 1.1}, "EURe": {"volume": 39623.77119064331, "llc": 1.1}, "wstETH": {"volume": 111149.27339553833, "llc": 1.1}}, "WETH": {"USDC": {"volume": 60228.47117024649, "llc": 1.05}, "WXDAI": {"volume": 60228.47117024649, "llc": 1.05}, "LINK": {"volume": 1476.8366813659668, "llc": 1.05}, "GNO": {"volume": 185535.79568862915, "llc": 1.05}, "WBTC": {"volume": 55836.21835708618, "llc": 1.05}, "FOX": {"volume": 2430.5100440979004, "llc": 1.05}, "USDT": {"volume": 60228.47117024649, "llc": 1.05}, "EURe": {"volume": 27226.017475128174, "llc": 1.05}, "wstETH": {"volume": 2121069.3374141846, "llc": 1.05}}, "FOX": {"USDC": {"volume": 5291.530132293701, "llc": 1.1}, "WXDAI": {"volume": 5291.530132293701, "llc": 1.1}, "LINK": {"volume": 2430.5100440979004, "llc": 1.1}, "GNO": {"volume": 4337.856769561768, "llc": 1.1}, "WBTC": {"volume": 4337.856769561768, "llc": 1.1}, "WETH": {"volume": 4337.856769561768, "llc": 1.1}, "USDT": {"volume": 5291.530132293701, "llc": 1.1}, "EURe": {"volume": 4337.856769561768, "llc": 1.1}, "wstETH": {"volume": 4337.856769561768, "llc": 1.1}}, "USDT": {"USDC": {"volume": 3987831.4929008484, "llc": 1.05}, "WXDAI": {"volume": 3610176.8412590027, "llc": 1.05}, "LINK": {"volume": 1476.8366813659668, "llc": 1.05}, "GNO": {"volume": 63465.60525894165, "llc": 1.05}, "WBTC": {"volume": 25318.670749664307, "llc": 1.05}, "WETH": {"volume": 49927.01441132693, "llc": 1.05}, "FOX": {"volume": 3384.183406829834, "llc": 1.05}, "EURe": {"volume": 1367137.0921134949, "llc": 1.05}, "wstETH": {"volume": 49927.01441132693, "llc": 1.05}}, "EURe": {"USDC": {"volume": 1917406.6224098206, "llc": 1.15}, "WXDAI": {"volume": 1917406.6224098206, "llc": 1.15}, "LINK": {"volume": 3384.183406829834, "llc": 1.15}, "GNO": {"volume": 188396.81577682495, "llc": 1.15}, "WBTC": {"volume": 55836.21835708618, "llc": 1.15}, "WETH": {"volume": 112102.94675827026, "llc": 1.15}, "FOX": {"volume": 6245.203495025635, "llc": 1.15}, "USDT": {"volume": 1915499.2756843567, "llc": 1.15}, "wstETH": {"volume": 112102.94675827026, "llc": 1.15}}, "wstETH": {"USDC": {"volume": 60228.47117024649, "llc": 1.05}, "WXDAI": {"volume": 60228.47117024649, "llc": 1.05}, "LINK": {"volume": 1476.8366813659668, "llc": 1.05}, "GNO": {"volume": 185535.79568862915, "llc": 1.05}, "WBTC": {"volume": 55836.21835708618, "llc": 1.05}, "WETH": {"volume": 2649914.065473559, "llc": 1.1}, "FOX": {"volume": 2430.5100440979004, "llc": 1.05}, "USDT": {"volume": 60228.47117024649, "llc": 1.05}, "EURe": {"volume": 27226.017475128174, "llc": 1.05}}, "json_time": 1688925180}