{"json_time": 1671541380, "auUSDC": {"oracle": 0.99999423, "cex_price": 1, "dex_price": 1}, "auETH": {"oracle": 1214.85871357, "cex_price": 1211.9050000000002, "dex_price": 1223.7304783769962}, "auWBTC": {"oracle": 16829.56860733, "cex_price": 16808.515, "dex_price": 17051.807312531153}, "auUSDT": {"oracle": 1.00004, "cex_price": 1, "dex_price": 0.9996433442487089}, "auWNEAR": {"oracle": 1.33567323, "cex_price": 1.3265, "dex_price": 1.3351041676495279}, "auSTNEAR": {"oracle": 1.5351481, "cex_price": "NaN", "dex_price": 1.548273028019375}}