{"json_time": 1672143228, "VST": {"oracle": 0.9831336239206283, "cex_price": 1, "dex_price": 1}, "ETH": {"oracle": 1218.49376237, "cex_price": 1218.3449999999998, "dex_price": 1219.4742996299778}, "gOHM": {"oracle": 2498.9549664296205, "cex_price": "NaN", "dex_price": 2495.9608107684394}, "GMX": {"oracle": 44.91787300188588, "cex_price": "NaN", "dex_price": 44.919457602026874}, "DPX": {"oracle": 255.73363918, "cex_price": "NaN", "dex_price": 256.5640816539436}, "sGLP": {"oracle": 0.8305359142790466, "cex_price": "NaN", "dex_price": "NaN"}}