{"json_time": 1672143228, "stabilityPoolVstBalance": {"ETH": 749076.2939469883, "gOHM": 1099611.6321786444, "GMX": 51292.361566482614, "DPX": 59842.913892198776, "sGLP": 2458849.917418005}, "stabilityPoolGemBalance": {"ETH": 16160.6609429623, "gOHM": 10580.888715448169, "GMX": 1412.5821996718537, "DPX": 141.4506018421178, "sGLP": 0.0}, "bprotocolBalance": {"ETH": 132913.63727534135, "gOHM": 6858.400118142005, "DPX": 6028.826564454802, "GMX": 465.2699422225058, "sGLP": 0.0}, "bprotocolGemBalance": {"ETH": 0.09639540863797207, "gOHM": 0.0, "DPX": 0.0552519905950038, "GMX": 2.829152037797485, "sGLP": 0.0}}