{"json_time": 1692640219, "ETH-VST": {"series_std_ratio": 1.0, "volume_for_slippage_10_percentss": [30498.801117241383], "trade_every": 1800, "collaterals": [816, 1101, 1387, 1672, 1957, 2242, 2528, 2813, 3098, 3384, 3669, 3954, 4239, 4525, 4810, 5095, 5381, 5666, 5951, 6236, 6522, 6807, 7092, 7378, 7663, 7948, 8233, 8519, 8804, 9089, 1875.0], "liquidation_incentives": [0.10000000000000009], "stability_pool_initial_balances": [0.03795405605099746, 0.01897702802549873, 0.07590811210199493], "share_institutionals": [0.09853597890889143, 0.049267989454445715, 0.19707195781778286, 1], "recovery_halflife_retails": [3.3333333333333335], "price_recovery_times": [0], "l_factors": [0.25, 0.5, 1, 1.5, 2], "json_time": 1692643251.7657375, "current_debt": 816.4655519119457}, "gOHM-VST": {"series_std_ratio": 0.5718399563684763, "volume_for_slippage_10_percentss": [127.88078933954239], "trade_every": 1800, "collaterals": [1961, 2365, 2768, 3172, 3575, 3978, 4382, 4785, 5188, 5592, 5995, 6398, 6802, 7205, 7608, 8012, 8415, 8818, 9222, 9625, 10028, 10432, 10835, 11239, 11642, 12045, 12449, 12852, 13255, 13659, 2812.5], "liquidation_incentives": [0.1499999999999999], "stability_pool_initial_balances": [0.022454404259815892, 0.011227202129907946, 0.044908808519631783], "share_institutionals": [0.5925358139924807, 0.29626790699624034, 1, 1], "recovery_halflife_retails": [3.3333333333333335], "price_recovery_times": [0], "l_factors": [0.25, 0.5, 1, 1.5, 2], "json_time": 1692643251.7657375, "current_debt": 1961.9579402515938}, "DPX-VST": {"series_std_ratio": 2.2756095294666916, "volume_for_slippage_10_percentss": [180.33282428979874], "trade_every": 1800, "collaterals": [104, 208, 312, 417, 521, 625, 729, 833, 937, 1041, 1146, 1250, 1354, 1458, 1562, 1666, 1771, 1875, 1979, 2083, 2187, 2291, 2395, 2500, 2604, 2708, 2812, 2916, 3020, 625.0], "liquidation_incentives": [0.1499999999999999], "stability_pool_initial_balances": [0.0, 0.0, 0.0], "share_institutionals": [0, 0.0, 0, 1], "recovery_halflife_retails": [3.3333333333333335], "price_recovery_times": [2], "l_factors": [0.25, 0.5, 1, 1.5, 2], "json_time": 1692643251.7657375, "current_debt": 0.43916577225387554}, "GMX-VST": {"series_std_ratio": 2.0308729755116706, "volume_for_slippage_10_percentss": [2976.979960501194], "trade_every": 1800, "collaterals": [156, 255, 354, 453, 552, 650, 749, 848, 947, 1046, 1145, 1244, 1343, 1442, 1541, 1640, 1739, 1838, 1937, 2036, 2135, 2234, 2333, 2432, 2531, 2630, 2729, 2828, 2927, 3026, 625.0], "liquidation_incentives": [0.1499999999999999], "stability_pool_initial_balances": [0.3279150831216559, 0.16395754156082795, 0.6558301662433118], "share_institutionals": [0.9103274466320544, 0.4551637233160272, 1, 1], "recovery_halflife_retails": [3.3333333333333335], "price_recovery_times": [0], "l_factors": [0.25, 0.5, 1, 1.5, 2], "json_time": 1692643251.7657375, "current_debt": 156.16171379751455}, "sGLP-VST": {"series_std_ratio": 0.6132330529291525, "volume_for_slippage_10_percentss": [29741.226839721203], "trade_every": 1800, "collaterals": [305, 347, 389, 431, 473, 515, 557, 598, 640, 682, 724, 766, 808, 850, 892, 934, 975, 1017, 1059, 1101, 1143, 1185, 1227, 1269, 1311, 1353, 1394, 1436, 1478, 1520, 312.5], "liquidation_incentives": [0.10000000000000009], "stability_pool_initial_balances": [0.0011785433604585647, 0.0005892716802292823, 0.0023570867209171294], "share_institutionals": [0.0, 0.0, 0.0, 1], "recovery_halflife_retails": [3.3333333333333335], "price_recovery_times": [0], "l_factors": [0.25, 0.5, 1, 1.5, 2], "json_time": 1692643251.7657375, "current_debt": 305.6794135193588}}