{"json_time": 1692640219, "ETH": {"VST": {"volume": 48798081.78758621, "llc": 1.1}}, "gOHM": {"VST": {"volume": 204609.26294326782, "llc": 1.15}}, "GMX": {"VST": {"volume": 4763167.93680191, "llc": 1.15}}, "DPX": {"VST": {"volume": 288532.518863678, "llc": 1.15}}, "sGLP": {"VST": {"volume": 47585962.943553925, "llc": 1.1}}}