{"USDC": {"WXDAI": {"volume": 2745195.101261139, "llc": 1.05}, "LINK": {"volume": 1476.8366813659668, "llc": 1.05}, "GNO": {"volume": 74909.68561172485, "llc": 1.05}, "WBTC": {"volume": 33901.73101425171, "llc": 1.05}, "WETH": {"volume": 67280.29870986938, "llc": 1.05}, "FOX": {"volume": 4337.856769561768, "llc": 1.05}}, "WXDAI": {"USDC": {"volume": 2786203.055858612, "llc": 1.05}, "LINK": {"volume": 1476.8366813659668, "llc": 1.05}, "GNO": {"volume": 92075.80614089966, "llc": 1.05}, "WBTC": {"volume": 33901.73101425171, "llc": 1.05}, "WETH": {"volume": 68233.97207260132, "llc": 1.05}, "FOX": {"volume": 3384.183406829834, "llc": 1.05}}, "LINK": {"USDC": {"volume": 2430.5100440979004, "llc": 1.1}, "WXDAI": {"volume": 3384.183406829834, "llc": 1.1}, "GNO": {"volume": 2430.5100440979004, "llc": 1.1}, "WBTC": {"volume": 2430.5100440979004, "llc": 1.1}, "WETH": {"volume": 2430.5100440979004, "llc": 1.1}, "FOX": {"volume": 2430.5100440979004, "llc": 1.1}}, "GNO": {"USDC": {"volume": 143574.16772842407, "llc": 1.1}, "WXDAI": {"volume": 183628.44896316528, "llc": 1.1}, "LINK": {"volume": 2430.5100440979004, "llc": 1.1}, "WBTC": {"volume": 83492.74587631226, "llc": 1.1}, "WETH": {"volume": 286625.1721382141, "llc": 1.1}, "FOX": {"volume": 5291.530132293701, "llc": 1.1}}, "WBTC": {"USDC": {"volume": 67280.29870986938, "llc": 1.1}, "WXDAI": {"volume": 67280.29870986938, "llc": 1.1}, "LINK": {"volume": 2430.5100440979004, "llc": 1.1}, "GNO": {"volume": 84446.41923904419, "llc": 1.1}, "WETH": {"volume": 131176.41401290894, "llc": 1.1}, "FOX": {"volume": 5291.530132293701, "llc": 1.1}}, "WETH": {"USDC": {"volume": 68233.97207260132, "llc": 1.05}, "WXDAI": {"volume": 68233.97207260132, "llc": 1.05}, "LINK": {"volume": 1476.8366813659668, "llc": 1.05}, "GNO": {"volume": 142620.49436569214, "llc": 1.05}, "WBTC": {"volume": 66326.62534713745, "llc": 1.05}, "FOX": {"volume": 3384.183406829834, "llc": 1.05}}, "FOX": {"USDC": {"volume": 5291.530132293701, "llc": 1.1}, "WXDAI": {"volume": 6245.203495025635, "llc": 1.1}, "LINK": {"volume": 2430.5100440979004, "llc": 1.1}, "GNO": {"volume": 5291.530132293701, "llc": 1.1}, "WBTC": {"volume": 5291.530132293701, "llc": 1.1}, "WETH": {"volume": 5291.530132293701, "llc": 1.1}}, "json_time": 1668278305}