{"json_time": 1685678133, "VST": {"oracle": 0.996848592049454, "cex_price": 1, "dex_price": 1}, "ETH": {"oracle": 1878.408212, "cex_price": 1876.185, "dex_price": 1876.8567504914104}, "gOHM": {"oracle": 2817.343498862822, "cex_price": "NaN", "dex_price": 2822.748994011679}, "GMX": {"oracle": 53.7077724596174, "cex_price": "NaN", "dex_price": 54.1097904977264}, "DPX": {"oracle": 145.61804521, "cex_price": "NaN", "dex_price": 145.82125045578707}, "sGLP": {"oracle": 0.967242719845064, "cex_price": "NaN", "dex_price": "NaN"}}