{"json_time": 1685678133, "stabilityPoolVstBalance": {"ETH": 119594.70341927481, "gOHM": 88301.99579517273, "GMX": 50968.16227749555, "DPX": 8895.751676822987, "sGLP": 442.20307787837197}, "stabilityPoolGemBalance": {"ETH": 22528.368311188984, "gOHM": 11377.327025061604, "GMX": 3935.369151552308, "DPX": 24346.685330969383, "sGLP": 0.0}, "bprotocolBalance": {"ETH": 47325.39722272945, "gOHM": 43094.607312582724, "DPX": 7982.4048313341855, "GMX": 21111.341766846184, "sGLP": 0.0}, "bprotocolGemBalance": {"ETH": 0.06201534360359258, "gOHM": 0.0, "DPX": 91.57122841505588, "GMX": 1.7937993024434837, "sGLP": 0.0}}