{"json_time": 1685678133, "ETH": {"VST": {"volume": 78667131.50835037, "llc": 1.1}}, "gOHM": {"VST": {"volume": 377224.1415977478, "llc": 1.15}}, "GMX": {"VST": {"volume": 7200757.051944733, "llc": 1.15}}, "DPX": {"VST": {"volume": 524089.8394584656, "llc": 1.15}}, "sGLP": {"VST": {"volume": 53773395.72095871, "llc": 1.1}}}