{"json_time": 1678617786, "ETH": {"oracle": 1471.141648663, "cex_price": 1463.875, "dex_price": 1533.7263312634386}, "BNB|bsc": {"oracle": 277.259872, "cex_price": 275.65, "dex_price": 279.5143870120796}, "WBTC|eth": {"oracle": 20530.127897353, "cex_price": 20424.675, "dex_price": 21404.960440031406}, "pCKB": {"oracle": 0.003550805, "cex_price": 0.0035649999999999996, "dex_price": 0.003695716941539104}, "USDC": {"oracle": 0.957086591, "cex_price": 1, "dex_price": 1}, "USDT": {"oracle": 1.007835715, "cex_price": 1, "dex_price": 5.289530962230585}}