{"json_time": 1671127017, "auUSDC": {"oracle": 0.99994853, "cex_price": 1, "dex_price": 1}, "auETH": {"oracle": 1194.15535795, "cex_price": 1194.775, "dex_price": 1207.4057849029361}, "auWBTC": {"oracle": 16842.88024462, "cex_price": 16816.93, "dex_price": 17090.888146802525}, "auUSDT": {"oracle": 1.0, "cex_price": 1, "dex_price": 0.9998505573364478}, "auWNEAR": {"oracle": 1.49503896, "cex_price": 1.5025, "dex_price": 1.5049016830253088}, "auSTNEAR": {"oracle": 1.71648614, "cex_price": "NaN", "dex_price": 1.7533633696718598}}