{"json_time": 1675193491, "VST": {"oracle": 0.9871118903575063, "cex_price": 1, "dex_price": 1}, "ETH": {"oracle": 1589.8558, "cex_price": 1591.775, "dex_price": 1591.2531150127559}, "gOHM": {"oracle": 2581.6827726825686, "cex_price": "NaN", "dex_price": 2668.363649813154}, "GMX": {"oracle": 59.12555202274638, "cex_price": "NaN", "dex_price": 59.64198661884929}, "DPX": {"oracle": 304.62733037, "cex_price": "NaN", "dex_price": 303.72298053180566}, "sGLP": {"oracle": 0.9304524306869623, "cex_price": "NaN", "dex_price": "NaN"}}