{"json_time": 1678111795, "ETH": {"VST": {"volume": 42277817.00658798, "llc": 1.1}}, "gOHM": {"VST": {"volume": 349567.6140785217, "llc": 1.15}}, "GMX": {"VST": {"volume": 9866274.100780487, "llc": 1.15}}, "DPX": {"VST": {"volume": 1116320.9977149963, "llc": 1.15}}, "sGLP": {"VST": {"volume": 28931158.29515457, "llc": 1.1}}}