{"json_time": 1687106911, "ETH": {"VST": {"volume": 41501526.88932419, "llc": 1.1}}, "gOHM": {"VST": {"volume": 358150.67434310913, "llc": 1.15}}, "GMX": {"VST": {"volume": 4905265.2678489685, "llc": 1.15}}, "DPX": {"VST": {"volume": 441120.25690078735, "llc": 1.15}}, "sGLP": {"VST": {"volume": 54286471.99010849, "llc": 1.1}}}