{"json_time": 1671443191, "VST": {"oracle": 0.9853605604363891, "cex_price": 1, "dex_price": 1}, "ETH": {"oracle": 1187.83375193, "cex_price": 1186.585, "dex_price": 1187.798516998668}, "gOHM": {"oracle": 2496.745373542656, "cex_price": "NaN", "dex_price": 2501.878513070222}, "GMX": {"oracle": 45.5791132949358, "cex_price": "NaN", "dex_price": 45.856917872441784}, "DPX": {"oracle": 264.89093187, "cex_price": "NaN", "dex_price": 265.837653888898}, "sGLP": {"oracle": 0.8261776182961706, "cex_price": "NaN", "dex_price": "NaN"}}