{"json_time": 1682270997, "VST": {"oracle": 0.9995595085825858, "cex_price": 1, "dex_price": 1}, "ETH": {"oracle": 1863.9, "cex_price": 1863.395, "dex_price": 1863.3997510354861}, "gOHM": {"oracle": 2775.1773397340166, "cex_price": "NaN", "dex_price": 2762.289683554308}, "GMX": {"oracle": 73.88336787049558, "cex_price": "NaN", "dex_price": 73.10638589947821}, "DPX": {"oracle": 201.4465654, "cex_price": "NaN", "dex_price": 202.57518232431636}, "sGLP": {"oracle": 0.9701050621914639, "cex_price": "NaN", "dex_price": "NaN"}}