{"json_time": 1667744474, "glp_data": {"liquidTreasury": 362060821.33427346, "treasuryUtilization": 0.18684603449502882, "liquidStableTreasury": 165989622.49728996, "stableTreasuryUtilization": 0.19089442834675774, "liquidSolidAssetTreasury": 183122560.46240595, "solidTreasuryUtilization": 0.18300883855457994}}