{"json_time": 1667744474, "stabilityPoolVstBalance": {"ETH": 402061.2544510329, "gOHM": 267791.29660384805, "renBTC": 41041.47977478885, "GMX": 41714.74291242839, "DPX": 60258.845999912344, "sGLP": 1011924.968}, "stabilityPoolGemBalance": {"ETH": 28135.743428741698, "gOHM": 17759.045235071495, "renBTC": 466.90498794520005, "GMX": 241.55749369215687, "DPX": 245.4795024644897, "sGLP": 0.0}, "bprotocolBalance": {"ETH": 137528.06448431264, "gOHM": 152065.7361621556, "DPX": 3.9779731815896233, "GMX": 538.4757981882327, "renBTC": 34268.224303505034, "sGLP": 0.0}, "bprotocolGemBalance": {"ETH": 0.06640879231915223, "gOHM": 0.0, "DPX": 7.5720702787398e-05, "GMX": 1.310494182788e-06, "renBTC": 0.0, "sGLP": 0.0}}