{"json_time": 1667744474, "ETH": {"VST": {"volume": 13497862.26606369, "llc": 1.1}}, "gOHM": {"VST": {"volume": 554607.3870658875, "llc": 1.15}}, "renBTC": {"VST": {"volume": 4724067.328929901, "llc": 1.1}}, "GMX": {"VST": {"volume": 3274483.817577362, "llc": 1.15}}, "DPX": {"VST": {"volume": 813052.8683662415, "llc": 1.15}}, "sGLP": {"VST": {"volume": 4724067.328929901, "llc": 1.1}}}