{"json_time": 1688374030, "glp_data": {"liquidTreasury": 422674474.69096357, "treasuryUtilization": 0.2033768728657707, "liquidStableTreasury": 207463263.175395, "stableTreasuryUtilization": 0.15651590995842107, "liquidSolidAssetTreasury": 203000607.1612954, "solidTreasuryUtilization": 0.24613645938360693}}