{"json_time": 1688374030, "VST": {"oracle": 0.9942991171706456, "cex_price": 1, "dex_price": 1}, "ETH": {"oracle": 1962.99, "cex_price": 1961.725, "dex_price": 1962.5011411127302}, "gOHM": {"oracle": 2804.5240605651516, "cex_price": "NaN", "dex_price": 2856.5778646380763}, "GMX": {"oracle": 57.311470288430264, "cex_price": "NaN", "dex_price": 57.59248536291025}, "DPX": {"oracle": 120.5513449, "cex_price": "NaN", "dex_price": 121.77286358978436}, "sGLP": {"oracle": 1.0202773214107284, "cex_price": "NaN", "dex_price": "NaN"}}