{"json_time": 1688374030, "ETH": {"VST": {"volume": 33899796.514987946, "llc": 1.1}}, "gOHM": {"VST": {"volume": 389621.89531326294, "llc": 1.15}}, "GMX": {"VST": {"volume": 5869429.037570953, "llc": 1.15}}, "DPX": {"VST": {"volume": 465915.7643318176, "llc": 1.15}}, "sGLP": {"VST": {"volume": 37966259.73367691, "llc": 1.1}}}