{"json_time": 1686826940, "ETH": {"oracle": 1632.72526505, "cex_price": 1642.875, "dex_price": 1743.4150852167033}, "BNB|bsc": {"oracle": 233.51, "cex_price": 234.14999999999998, "dex_price": 280.5754309759806}, "WBTC|eth": {"oracle": 24860.32, "cex_price": 25020.475, "dex_price": 24438.126049987557}, "pCKB": {"oracle": 0.002622897, "cex_price": 0.0026249999999999997, "dex_price": 0.0026134171509367386}, "USDC": {"oracle": 0.99995, "cex_price": 1, "dex_price": 1}, "USDT": {"oracle": 0.997984, "cex_price": 1, "dex_price": 1.0013458744747104}}