{"json_time": 1686826940, "ETH-BNB|bsc": {"series_std_ratio": 0.5092360103276665, "volume_for_slippage_10_percentss": [0.9230229258537292], "trade_every": 1800, "collaterals": [625.0, 1250.0, 1875.0, 2500.0, 3125.0, 3750.0, 6250.0, 9375.0, 12500.0], "liquidation_incentives": [0.10000000000000009], "stability_pool_initial_balances": [0], "share_institutionals": [0], "recovery_halflife_retails": [0], "price_recovery_times": [0], "l_factors": [0.25, 0.5, 1, 1.5, 2], "json_time": 1686830289.3700109, "current_debt": 0.0}, "ETH-WBTC|eth": {"series_std_ratio": 0.4395117777819672, "volume_for_slippage_10_percentss": [2.1151146292686462], "trade_every": 1800, "collaterals": [625.0, 1250.0, 1875.0, 2500.0, 3125.0, 3750.0, 6250.0, 9375.0, 12500.0], "liquidation_incentives": [0.10000000000000009], "stability_pool_initial_balances": [0], "share_institutionals": [0], "recovery_halflife_retails": [0], "price_recovery_times": [0], "l_factors": [0.25, 0.5, 1, 1.5, 2], "json_time": 1686830289.3700109, "current_debt": 0.0}, "ETH-pCKB": {"series_std_ratio": 0.8824344497774251, "volume_for_slippage_10_percentss": [1.5190687775611877], "trade_every": 1800, "collaterals": [625.0, 1250.0, 1875.0, 2500.0, 3125.0, 3750.0, 6250.0, 9375.0, 12500.0], "liquidation_incentives": [0.10000000000000009], "stability_pool_initial_balances": [0], "share_institutionals": [0], "recovery_halflife_retails": [0], "price_recovery_times": [0], "l_factors": [0.25, 0.5, 1, 1.5, 2], "json_time": 1686830289.3700109, "current_debt": 0.0}, "ETH-USDC": {"series_std_ratio": 1.0, "volume_for_slippage_10_percentss": [1.5190687775611877], "trade_every": 1800, "collaterals": [625.0, 1250.0, 1875.0, 2500.0, 3125.0, 3750.0, 6250.0, 9375.0, 12500.0], "liquidation_incentives": [0.10000000000000009], "stability_pool_initial_balances": [0], "share_institutionals": [0], "recovery_halflife_retails": [0], "price_recovery_times": [0], "l_factors": [0.25, 0.5, 1, 1.5, 2], "json_time": 1686830289.3700109, "current_debt": 0.0}, "ETH-USDT": {"series_std_ratio": 1.0, "volume_for_slippage_10_percentss": [1.5190687775611877], "trade_every": 1800, "collaterals": [625.0, 1250.0, 1875.0, 2500.0, 3125.0, 3750.0, 6250.0, 9375.0, 12500.0], "liquidation_incentives": [0.10000000000000009], "stability_pool_initial_balances": [0], "share_institutionals": [0], "recovery_halflife_retails": [0], "price_recovery_times": [0], "l_factors": [0.25, 0.5, 1, 1.5, 2], "json_time": 1686830289.3700109, "current_debt": 0.0}, "BNB|bsc-ETH": {"series_std_ratio": 0.509181336137572, "volume_for_slippage_10_percentss": [0.9230229258537292], "trade_every": 1800, "collaterals": [625.0, 1250.0, 1875.0, 2500.0, 3125.0, 3750.0, 6250.0, 9375.0, 12500.0], "liquidation_incentives": [0.10000000000000009], "stability_pool_initial_balances": [0], "share_institutionals": [0], "recovery_halflife_retails": [0], "price_recovery_times": [0], "l_factors": [0.25, 0.5, 1, 1.5, 2], "json_time": 1686830289.3700109, "current_debt": 0.0}, "BNB|bsc-WBTC|eth": {"series_std_ratio": 0.47157634721093533, "volume_for_slippage_10_percentss": [0.9230229258537292], "trade_every": 1800, "collaterals": [625.0, 1250.0, 1875.0, 2500.0, 3125.0, 3750.0, 6250.0, 9375.0, 12500.0], "liquidation_incentives": [0.10000000000000009], "stability_pool_initial_balances": [0], "share_institutionals": [0], "recovery_halflife_retails": [0], "price_recovery_times": [0], "l_factors": [0.25, 0.5, 1, 1.5, 2], "json_time": 1686830289.3700109, "current_debt": 0.0}, "BNB|bsc-pCKB": {"series_std_ratio": 0.8517964655079131, "volume_for_slippage_10_percentss": [0.9230229258537292], "trade_every": 1800, "collaterals": [625.0, 1250.0, 1875.0, 2500.0, 3125.0, 3750.0, 6250.0, 9375.0, 12500.0], "liquidation_incentives": [0.10000000000000009], "stability_pool_initial_balances": [0], "share_institutionals": [0], "recovery_halflife_retails": [0], "price_recovery_times": [0], "l_factors": [0.25, 0.5, 1, 1.5, 2], "json_time": 1686830289.3700109, "current_debt": 0.0}, "BNB|bsc-USDC": {"series_std_ratio": 0.9075277062935161, "volume_for_slippage_10_percentss": [0.9230229258537292], "trade_every": 1800, "collaterals": [625.0, 1250.0, 1875.0, 2500.0, 3125.0, 3750.0, 6250.0, 9375.0, 12500.0], "liquidation_incentives": [0.10000000000000009], "stability_pool_initial_balances": [0], "share_institutionals": [0], "recovery_halflife_retails": [0], "price_recovery_times": [0], "l_factors": [0.25, 0.5, 1, 1.5, 2], "json_time": 1686830289.3700109, "current_debt": 0.0}, "BNB|bsc-USDT": {"series_std_ratio": 0.9075277062935161, "volume_for_slippage_10_percentss": [0.9230229258537292], "trade_every": 1800, "collaterals": [625.0, 1250.0, 1875.0, 2500.0, 3125.0, 3750.0, 6250.0, 9375.0, 12500.0], "liquidation_incentives": [0.10000000000000009], "stability_pool_initial_balances": [0], "share_institutionals": [0], "recovery_halflife_retails": [0], "price_recovery_times": [0], "l_factors": [0.25, 0.5, 1, 1.5, 2], "json_time": 1686830289.3700109, "current_debt": 0.0}, "WBTC|eth-ETH": {"series_std_ratio": 0.4396477338745114, "volume_for_slippage_10_percentss": [2.1151146292686462], "trade_every": 1800, "collaterals": [625.0, 1250.0, 1875.0, 2500.0, 3125.0, 3750.0, 6250.0, 9375.0, 12500.0], "liquidation_incentives": [0.10000000000000009], "stability_pool_initial_balances": [0], "share_institutionals": [0], "recovery_halflife_retails": [0], "price_recovery_times": [0], "l_factors": [0.25, 0.5, 1, 1.5, 2], "json_time": 1686830289.3700109, "current_debt": 0.0}, "WBTC|eth-BNB|bsc": {"series_std_ratio": 0.4717724328064051, "volume_for_slippage_10_percentss": [0.9230229258537292], "trade_every": 1800, "collaterals": [625.0, 1250.0, 1875.0, 2500.0, 3125.0, 3750.0, 6250.0, 9375.0, 12500.0], "liquidation_incentives": [0.10000000000000009], "stability_pool_initial_balances": [0], "share_institutionals": [0], "recovery_halflife_retails": [0], "price_recovery_times": [0], "l_factors": [0.25, 0.5, 1, 1.5, 2], "json_time": 1686830289.3700109, "current_debt": 0.0}, "WBTC|eth-pCKB": {"series_std_ratio": 0.8375662667796967, "volume_for_slippage_10_percentss": [1.5190687775611877], "trade_every": 1800, "collaterals": [625.0, 1250.0, 1875.0, 2500.0, 3125.0, 3750.0, 6250.0, 9375.0, 12500.0], "liquidation_incentives": [0.10000000000000009], "stability_pool_initial_balances": [0], "share_institutionals": [0], "recovery_halflife_retails": [0], "price_recovery_times": [0], "l_factors": [0.25, 0.5, 1, 1.5, 2], "json_time": 1686830289.3700109, "current_debt": 0.0}, "WBTC|eth-USDC": {"series_std_ratio": 0.760706293780634, "volume_for_slippage_10_percentss": [1.5190687775611877], "trade_every": 1800, "collaterals": [625.0, 1250.0, 1875.0, 2500.0, 3125.0, 3750.0, 6250.0, 9375.0, 12500.0], "liquidation_incentives": [0.10000000000000009], "stability_pool_initial_balances": [0], "share_institutionals": [0], "recovery_halflife_retails": [0], "price_recovery_times": [0], "l_factors": [0.25, 0.5, 1, 1.5, 2], "json_time": 1686830289.3700109, "current_debt": 0.0}, "WBTC|eth-USDT": {"series_std_ratio": 0.760706293780634, "volume_for_slippage_10_percentss": [1.5190687775611877], "trade_every": 1800, "collaterals": [625.0, 1250.0, 1875.0, 2500.0, 3125.0, 3750.0, 6250.0, 9375.0, 12500.0], "liquidation_incentives": [0.10000000000000009], "stability_pool_initial_balances": [0], "share_institutionals": [0], "recovery_halflife_retails": [0], "price_recovery_times": [0], "l_factors": [0.25, 0.5, 1, 1.5, 2], "json_time": 1686830289.3700109, "current_debt": 0.0}, "pCKB-ETH": {"series_std_ratio": 0.8844760880417059, "volume_for_slippage_10_percentss": [1.5190687775611877], "trade_every": 1800, "collaterals": [625.0, 1250.0, 1875.0, 2500.0, 3125.0, 3750.0, 6250.0, 9375.0, 12500.0], "liquidation_incentives": [0.10000000000000009], "stability_pool_initial_balances": [0], "share_institutionals": [0], "recovery_halflife_retails": [0], "price_recovery_times": [0], "l_factors": [0.25, 0.5, 1, 1.5, 2], "json_time": 1686830289.3700109, "current_debt": 4.919542763414321},