{"json_time": 1667846051, "glp_data": {"liquidTreasury": 364467496.528065, "treasuryUtilization": 0.18370129604348467, "liquidStableTreasury": 178360221.3138317, "stableTreasuryUtilization": 0.13760295272730033, "liquidSolidAssetTreasury": 172119502.09706184, "solidTreasuryUtilization": 0.22848617653607523}}