{"json_time": 1667846051, "ETH": {"VST": {"volume": 11117493.552684784, "llc": 1.1}}, "gOHM": {"VST": {"volume": 545070.6534385681, "llc": 1.15}}, "renBTC": {"VST": {"volume": 4600089.79177475, "llc": 1.1}}, "GMX": {"VST": {"volume": 2743287.754535675, "llc": 1.15}}, "DPX": {"VST": {"volume": 773952.2604942322, "llc": 1.15}}, "sGLP": {"VST": {"volume": 4600089.79177475, "llc": 1.1}}}