{"json_time": 1676725087, "glp_data": {"liquidTreasury": 313603301.1758987, "treasuryUtilization": 0.38895680625136286, "liquidStableTreasury": 186678007.9451416, "stableTreasuryUtilization": 0.19693170549698688, "liquidSolidAssetTreasury": 112083660.31418112, "solidTreasuryUtilization": 0.5746023681446496}}