{"json_time": 1676725087, "VST": {"oracle": 0.993884792367866, "cex_price": 1, "dex_price": 1}, "ETH": {"oracle": 1697.0993, "cex_price": 1697.3850000000002, "dex_price": 1696.4479878889929}, "gOHM": {"oracle": 2842.0379653724544, "cex_price": "NaN", "dex_price": 2844.2221710131207}, "GMX": {"oracle": 82.1976862172419, "cex_price": "NaN", "dex_price": 81.97098714718348}, "DPX": {"oracle": 389.74922161, "cex_price": "NaN", "dex_price": 386.3102176006294}, "sGLP": {"oracle": 0.9529608459259576, "cex_price": "NaN", "dex_price": "NaN"}}