{"json_time": 1676725087, "stabilityPoolVstBalance": {"ETH": 250998.80862708212, "gOHM": 32780.53587248539, "GMX": 49360.08950782749, "DPX": 32990.43049787035, "sGLP": 13658.75486000664}, "stabilityPoolGemBalance": {"ETH": 19374.90473071565, "gOHM": 11098.969401720988, "GMX": 4166.256219154929, "DPX": 182.73861139437435, "sGLP": 0.0}, "bprotocolBalance": {"ETH": 127672.37601650179, "gOHM": 3587.9913849083805, "DPX": 165.79464354586185, "GMX": 706.8791398749231, "sGLP": 0.0}, "bprotocolGemBalance": {"ETH": 0.020909926228998572, "gOHM": 0.0, "DPX": 0.001492251000255862, "GMX": 0.9653226968882413, "sGLP": 0.0}}