{"json_time": 1686333684, "glp_data": {"liquidTreasury": 348115579.81849813, "treasuryUtilization": 0.30195040399677825, "liquidStableTreasury": 215844487.32007715, "stableTreasuryUtilization": 0.12301715601050804, "liquidSolidAssetTreasury": 127744680.66478787, "solidTreasuryUtilization": 0.47863060535274465}}