{"json_time": 1686333684, "ETH-VST": {"series_std_ratio": 1.0, "volume_for_slippage_10_percentss": [32143.887667953968], "trade_every": 1800, "collaterals": [537, 3644, 6751, 9858, 12965, 16072, 19179, 22287, 25394, 28501, 31608, 34715, 37822, 40929, 44036, 47143, 50250, 53357, 56464, 59572, 62679, 65786, 68893, 72000, 75107, 78214, 81321, 84428, 87535, 90642, 18750.0], "liquidation_incentives": [0.10000000000000009], "stability_pool_initial_balances": [0.11588544416021261, 0.057942722080106306, 0.23177088832042522], "share_institutionals": [0.47480505483408475, 0.23740252741704237, 0.9496101096681695, 1], "recovery_halflife_retails": [3.3333333333333335], "price_recovery_times": [0], "l_factors": [0.25, 0.5, 1, 1.5, 2], "json_time": 1686336020.144423, "current_debt": 537.426309978094}, "gOHM-VST": {"series_std_ratio": 0.5718399563684763, "volume_for_slippage_10_percentss": [237.55322605371475], "trade_every": 1800, "collaterals": [2666, 3046, 3426, 3805, 4185, 4565, 4945, 5325, 5705, 6085, 6465, 6844, 7224, 7604, 7984, 8364, 8744, 9124, 9504, 9883, 10263, 10643, 11023, 11403, 11783, 12163, 12543, 12922, 13302, 13682, 2812.5], "liquidation_incentives": [0.1499999999999999], "stability_pool_initial_balances": [0.020359896271806368, 0.010179948135903184, 0.040719792543612736], "share_institutionals": [0.4960179473089196, 0.2480089736544598, 0.9920358946178393, 1], "recovery_halflife_retails": [3.3333333333333335], "price_recovery_times": [0], "l_factors": [0.25, 0.5, 1, 1.5, 2], "json_time": 1686336020.144423, "current_debt": 2666.3569329695792}, "DPX-VST": {"series_std_ratio": 2.2756095294666916, "volume_for_slippage_10_percentss": [302.5222238898277], "trade_every": 1800, "collaterals": [388, 479, 570, 662, 753, 844, 935, 1026, 1118, 1209, 1300, 1391, 1483, 1574, 1665, 1756, 1847, 1939, 2030, 2121, 2212, 2304, 2395, 2486, 2577, 2668, 2760, 2851, 2942, 3033, 625.0], "liquidation_incentives": [0.1499999999999999], "stability_pool_initial_balances": [0.014309078328958147, 0.007154539164479073, 0.028618156657916293], "share_institutionals": [0.907612009579485, 0.4538060047897425, 1, 1], "recovery_halflife_retails": [3.3333333333333335], "price_recovery_times": [2], "l_factors": [0.25, 0.5, 1, 1.5, 2], "json_time": 1686336020.144423, "current_debt": 388.45895688825146}, "GMX-VST": {"series_std_ratio": 2.0308729755116706, "volume_for_slippage_10_percentss": [4292.453155219555], "trade_every": 1800, "collaterals": [129, 541, 953, 1366, 1778, 2190, 2603, 3015, 3427, 3840, 4252, 4665, 5077, 5489, 5902, 6314, 6726, 7139, 7551, 7963, 8376, 8788, 9201, 9613, 10025, 10438, 10850, 11262, 11675, 12087, 2500.0], "liquidation_incentives": [0.1499999999999999], "stability_pool_initial_balances": [0.230096945458635, 0.1150484727293175, 0.46019389091727], "share_institutionals": [0.4142533756920688, 0.2071266878460344, 0.8285067513841377, 1], "recovery_halflife_retails": [3.3333333333333335], "price_recovery_times": [0], "l_factors": [0.25, 0.5, 1, 1.5, 2], "json_time": 1686336020.144423, "current_debt": 129.03490718538072}, "sGLP-VST": {"series_std_ratio": 0.6132330529291525, "volume_for_slippage_10_percentss": [33467.109458744526], "trade_every": 1800, "collaterals": [322, 363, 405, 446, 487, 529, 570, 611, 653, 694, 735, 777, 818, 859, 901, 942, 983, 1025, 1066, 1107, 1149, 1190, 1231, 1273, 1314, 1355, 1397, 1438, 1479, 1521, 312.5], "liquidation_incentives": [0.10000000000000009], "stability_pool_initial_balances": [0.000858435814166616, 0.000429217907083308, 0.001716871628333232], "share_institutionals": [0.0, 0.0, 0.0, 1], "recovery_halflife_retails": [3.3333333333333335], "price_recovery_times": [0], "l_factors": [0.25, 0.5, 1, 1.5, 2], "json_time": 1686336020.144423, "current_debt": 322.6040673134945}}