{"json_time": 0, "VST": {"oracle": 0.99235894434087, "cex_price": 1, "dex_price": 1}, "ETH": {"oracle": 1161.4554, "cex_price": 1200.4250000000002, "dex_price": 1200.2454204462715}, "gOHM": {"oracle": 2200.675355893563, "cex_price": "NaN", "dex_price": 2224.4282566210136}, "renBTC": {"oracle": 16453.6766485, "cex_price": 16601.885000000002, "dex_price": 16671.479166986206}, "GMX": {"oracle": 41.570702476013636, "cex_price": "NaN", "dex_price": 44.50521796615619}, "DPX": {"oracle": 191.36870375, "cex_price": "NaN", "dex_price": 202.65054190000808}, "sGLP": {"oracle": 0.8142076263668625, "cex_price": "NaN", "dex_price": "NaN"}}