{"json_time": 1678979242, "ETH": {"oracle": 1659.6467077, "cex_price": 1661.565, "dex_price": 1672.4666612652206}, "BNB|bsc": {"oracle": 325.68, "cex_price": 325.35, "dex_price": 327.80679607751125}, "WBTC|eth": {"oracle": 24872.12, "cex_price": 24878.045, "dex_price": 24586.6260452214}, "pCKB": {"oracle": 0.004255892, "cex_price": 0.00425, "dex_price": 0.004251445521175542}, "USDC": {"oracle": 0.999788216, "cex_price": 1, "dex_price": 1}, "USDT": {"oracle": 1.00245, "cex_price": 1, "dex_price": 1.0026383780750878}}