{"USDC": {"WXDAI": {"volume": 2353235.349178314, "llc": 1.05}, "LINK": {"volume": 1476.8366813659668, "llc": 1.05}, "GNO": {"volume": 59650.911808013916, "llc": 1.05}, "WBTC": {"volume": 31994.38428878784, "llc": 1.05}, "WETH": {"volume": 51953.01003889411, "llc": 1.05}, "FOX": {"volume": 3384.183406829834, "llc": 1.05}, "USDT": {"volume": 3422303.188800812, "llc": 1.05}, "EURe": {"volume": 1621767.8799629211, "llc": 1.05}, "wstETH": {"volume": 51953.01003889411, "llc": 1.05}}, "WXDAI": {"USDC": {"volume": 2142473.536014557, "llc": 1.05}, "LINK": {"volume": 1476.8366813659668, "llc": 1.05}, "GNO": {"volume": 37716.42446517944, "llc": 1.05}, "WBTC": {"volume": 31994.38428878784, "llc": 1.05}, "WETH": {"volume": 51953.125, "llc": 1.05}, "FOX": {"volume": 3384.183406829834, "llc": 1.05}, "USDT": {"volume": 3421349.51543808, "llc": 1.05}, "EURe": {"volume": 1622721.553325653, "llc": 1.05}, "wstETH": {"volume": 51953.125, "llc": 1.05}}, "LINK": {"USDC": {"volume": 4337.856769561768, "llc": 1.2}, "WXDAI": {"volume": 4337.856769561768, "llc": 1.2}, "GNO": {"volume": 4337.856769561768, "llc": 1.2}, "WBTC": {"volume": 4337.856769561768, "llc": 1.2}, "WETH": {"volume": 4337.856769561768, "llc": 1.2}, "FOX": {"volume": 3384.183406829834, "llc": 1.2}, "USDT": {"volume": 4337.856769561768, "llc": 1.2}, "EURe": {"volume": 4337.856769561768, "llc": 1.2}, "wstETH": {"volume": 4337.856769561768, "llc": 1.2}}, "GNO": {"USDC": {"volume": 117824.98693466187, "llc": 1.1}, "WXDAI": {"volume": 117824.98693466187, "llc": 1.1}, "LINK": {"volume": 2430.5100440979004, "llc": 1.1}, "WBTC": {"volume": 47253.15809249878, "llc": 1.1}, "WETH": {"volume": 171230.69524765015, "llc": 1.1}, "FOX": {"volume": 5291.530132293701, "llc": 1.1}, "USDT": {"volume": 116871.31357192993, "llc": 1.1}, "EURe": {"volume": 80631.72578811646, "llc": 1.1}, "wstETH": {"volume": 171230.69524765015, "llc": 1.1}}, "WBTC": {"USDC": {"volume": 58697.23844528198, "llc": 1.1}, "WXDAI": {"volume": 62511.93189620972, "llc": 1.1}, "LINK": {"volume": 2430.5100440979004, "llc": 1.1}, "GNO": {"volume": 65372.95198440552, "llc": 1.1}, "WETH": {"volume": 114010.29348373413, "llc": 1.1}, "FOX": {"volume": 5291.530132293701, "llc": 1.1}, "USDT": {"volume": 52021.52490615845, "llc": 1.1}, "EURe": {"volume": 52021.52490615845, "llc": 1.1}, "wstETH": {"volume": 114010.29348373413, "llc": 1.1}}, "WETH": {"USDC": {"volume": 69500.46020130604, "llc": 1.05}, "WXDAI": {"volume": 69500.46020130604, "llc": 1.05}, "LINK": {"volume": 1476.8366813659668, "llc": 1.05}, "GNO": {"volume": 84446.41923904419, "llc": 1.05}, "WBTC": {"volume": 58697.23844528198, "llc": 1.05}, "FOX": {"volume": 3384.183406829834, "llc": 1.05}, "USDT": {"volume": 69500.46020130604, "llc": 1.05}, "EURe": {"volume": 28179.690837860107, "llc": 1.05}, "wstETH": {"volume": 2390109.0465838974, "llc": 1.05}}, "FOX": {"USDC": {"volume": 6245.203495025635, "llc": 1.1}, "WXDAI": {"volume": 6245.203495025635, "llc": 1.1}, "LINK": {"volume": 2430.5100440979004, "llc": 1.1}, "GNO": {"volume": 5291.530132293701, "llc": 1.1}, "WBTC": {"volume": 5291.530132293701, "llc": 1.1}, "WETH": {"volume": 5291.530132293701, "llc": 1.1}, "USDT": {"volume": 6245.203495025635, "llc": 1.1}, "EURe": {"volume": 5291.530132293701, "llc": 1.1}, "wstETH": {"volume": 5291.530132293701, "llc": 1.1}}, "USDT": {"USDC": {"volume": 2102419.2547798157, "llc": 1.05}, "WXDAI": {"volume": 2259775.3596305847, "llc": 1.05}, "LINK": {"volume": 1476.8366813659668, "llc": 1.05}, "GNO": {"volume": 59650.911808013916, "llc": 1.05}, "WBTC": {"volume": 31994.38428878784, "llc": 1.05}, "WETH": {"volume": 51953.1232332908, "llc": 1.05}, "FOX": {"volume": 3384.183406829834, "llc": 1.05}, "EURe": {"volume": 1622721.553325653, "llc": 1.05}, "wstETH": {"volume": 51953.1232332908, "llc": 1.05}}, "EURe": {"USDC": {"volume": 1633211.9603157043, "llc": 1.15}, "WXDAI": {"volume": 1637026.653766632, "llc": 1.15}, "LINK": {"volume": 3384.183406829834, "llc": 1.15}, "GNO": {"volume": 57743.56508255005, "llc": 1.15}, "WBTC": {"volume": 57743.56508255005, "llc": 1.15}, "WETH": {"volume": 61558.25853347778, "llc": 1.15}, "FOX": {"volume": 7198.876857757568, "llc": 1.15}, "USDT": {"volume": 1641795.0205802917, "llc": 1.15}, "wstETH": {"volume": 61558.25853347778, "llc": 1.15}}, "wstETH": {"USDC": {"volume": 69500.46020130604, "llc": 1.05}, "WXDAI": {"volume": 69500.46020130604, "llc": 1.05}, "LINK": {"volume": 1476.8366813659668, "llc": 1.05}, "GNO": {"volume": 84446.41923904419, "llc": 1.05}, "WBTC": {"volume": 58697.23844528198, "llc": 1.05}, "WETH": {"volume": 2820200.2317724954, "llc": 1.1}, "FOX": {"volume": 3384.183406829834, "llc": 1.05}, "USDT": {"volume": 69500.46020130604, "llc": 1.05}, "EURe": {"volume": 28179.690837860107, "llc": 1.05}}, "json_time": 1692470520}