{"json_time": 1689500346, "ETH": {"VST": {"volume": 33306611.683368683, "llc": 1.1}}, "gOHM": {"VST": {"volume": 385807.2018623352, "llc": 1.15}}, "GMX": {"VST": {"volume": 6542722.4316596985, "llc": 1.15}}, "DPX": {"VST": {"volume": 461147.39751815796, "llc": 1.15}}, "sGLP": {"VST": {"volume": 42698386.959552765, "llc": 1.1}}}