{"json_time": 1679719745, "USDC": {"oracle": 1.0000624371233107, "cex_price": 1, "dex_price": 1}, "WXDAI": {"oracle": 1.0, "cex_price": 1, "dex_price": 0.9999000888677675}, "LINK": {"oracle": 7.225718924558017, "cex_price": 7.218500000000001, "dex_price": 7.631460682929895}, "GNO": {"oracle": 107.49685000661137, "cex_price": 107.25, "dex_price": 108.96390459828436}, "WBTC": {"oracle": 27607.47302635738, "cex_price": 27510.215, "dex_price": 27684.013561844567}, "WETH": {"oracle": 1760.3547156920438, "cex_price": 1752.855, "dex_price": 1764.2332891703873}, "FOX": {"oracle": 0.033946416662862515, "cex_price": 0.0341, "dex_price": 0.034155594268631316}, "USDT": {"oracle": 1.0018952333083015, "cex_price": 1, "dex_price": 1.0017896862548077}, "EURe": {"oracle": 1.0763648336473848, "cex_price": 1.06935, "dex_price": 1.0927273531121613}}