{"json_time": 1668346351, "VST": {"oracle": 0.9883999825065707, "cex_price": 1, "dex_price": 1}, "ETH": {"oracle": 1233.49, "cex_price": 1238.2150000000001, "dex_price": 1236.8236723122618}, "gOHM": {"oracle": 2428.071452111888, "cex_price": "NaN", "dex_price": 2415.9759836926937}, "renBTC": {"oracle": 16591.92, "cex_price": 16648.045, "dex_price": 16665.944475739383}, "GMX": {"oracle": 40.64896837930196, "cex_price": "NaN", "dex_price": 40.618121407679595}, "DPX": {"oracle": 183.60580316, "cex_price": "NaN", "dex_price": 185.5072284557393}, "sGLP": {"oracle": 0.8382528665248997, "cex_price": "NaN", "dex_price": "NaN"}}