{"json_time": 1668346351, "ETH-VST": {"series_std_ratio": 1.0, "volume_for_slippage_10_percentss": [26709.73763793707], "trade_every": 1800, "collaterals": [259, 3376, 6492, 9608, 12725, 15841, 18957, 22074, 25190, 28306, 31423, 34539, 37655, 40772, 43888, 47004, 50121, 53237, 56353, 59470, 62586, 65702, 68819, 71935, 75051, 78168, 81284, 84400, 87517, 90633, 18750.0], "liquidation_incentives": [0.10000000000000009], "stability_pool_initial_balances": [2.162186506973844, 1.081093253486922, 4.324373013947688], "share_institutionals": [0.15271916445686057, 0.07635958222843028, 0.30543832891372114, 1], "recovery_halflife_retails": [3.3333333333333335], "price_recovery_times": [0], "l_factors": [0.25, 0.5, 1, 1.5, 2], "json_time": 1668349874.9274194, "current_debt": 259.75613621947167}, "renBTC-VST": {"series_std_ratio": 0.760706293780634, "volume_for_slippage_10_percentss": [1373.6166194081306], "trade_every": 1800, "collaterals": [12, 220, 428, 636, 844, 1052, 1260, 1468, 1676, 1884, 2091, 2299, 2507, 2715, 2923, 3131, 3339, 3547, 3755, 3963, 4170, 4378, 4586, 4794, 5002, 5210, 5418, 5626, 5834, 6042, 1250.0], "liquidation_incentives": [0.10000000000000009], "stability_pool_initial_balances": [1.794789761406346, 0.897394880703173, 3.589579522812692], "share_institutionals": [0.9182174889960604, 0.4591087444980302, 1, 1], "recovery_halflife_retails": [3.3333333333333335], "price_recovery_times": [0], "l_factors": [0.25, 0.5, 1, 1.5, 2], "json_time": 1668349874.9274194, "current_debt": 12.997220683365411}, "gOHM-VST": {"series_std_ratio": 1.416911372280521, "volume_for_slippage_10_percentss": [282.8527107834816], "trade_every": 1800, "collaterals": [3491, 3999, 4508, 5017, 5525, 6034, 6542, 7051, 7560, 8068, 8577, 9086, 9594, 10103, 10611, 11120, 11629, 12137, 12646, 13155, 13663, 14172, 14680, 15189, 15698, 16206, 16715, 17224, 17732, 18241, 3750.0], "liquidation_incentives": [0.1499999999999999], "stability_pool_initial_balances": [0.04770882734282716, 0.02385441367141358, 0.09541765468565432], "share_institutionals": [0.5706019384633843, 0.2853009692316921, 1, 1], "recovery_halflife_retails": [3.3333333333333335], "price_recovery_times": [0], "l_factors": [0.25, 0.5, 1, 1.5, 2], "json_time": 1668349874.9274194, "current_debt": 3491.2375613433182}, "DPX-VST": {"series_std_ratio": 1.974078240475897, "volume_for_slippage_10_percentss": [347.2256627678871], "trade_every": 1800, "collaterals": [197, 607, 1017, 1427, 1838, 2248, 2658, 3068, 3478, 3888, 4298, 4708, 5118, 5528, 5938, 6348, 6758, 7169, 7579, 7989, 8399, 8809, 9219, 9629, 10039, 10449, 10859, 11269, 11679, 12089, 2500.0], "liquidation_incentives": [0.1499999999999999], "stability_pool_initial_balances": [0.1786249780127144, 0.0893124890063572, 0.3572499560254288], "share_institutionals": [8.81032039482614e-05, 4.40516019741307e-05, 0.0001762064078965228, 1], "recovery_halflife_retails": [3.3333333333333335], "price_recovery_times": [2], "l_factors": [0.25, 0.5, 1, 1.5, 2], "json_time": 1668349874.9274194, "current_debt": 197.69937003116993}, "GMX-VST": {"series_std_ratio": 2.081064798518858, "volume_for_slippage_10_percentss": [1049.9637219309807], "trade_every": 1800, "collaterals": [54, 469, 884, 1299, 1714, 2129, 2543, 2958, 3373, 3788, 4203, 4618, 5032, 5447, 5862, 6277, 6692, 7107, 7521, 7936, 8351, 8766, 9181, 9596, 10010, 10425, 10840, 11255, 11670, 12085, 2500.0], "liquidation_incentives": [0.1499999999999999], "stability_pool_initial_balances": [0.5097348924255559, 0.25486744621277796, 1.0194697848511118], "share_institutionals": [0.01056509568905287, 0.005282547844526435, 0.02113019137810574, 1], "recovery_halflife_retails": [3.3333333333333335], "price_recovery_times": [0], "l_factors": [0.25, 0.5, 1, 1.5, 2], "json_time": 1668349874.9274194, "current_debt": 54.84829557464334}, "sGLP-VST": {"series_std_ratio": 0.4707294016934606, "volume_for_slippage_10_percentss": [1373.6166194081306], "trade_every": 1800, "collaterals": [3124, 3541, 3958, 4374, 4791, 5208, 5624, 6041, 6458, 6874, 7291, 7708, 8124, 8541, 8958, 9374, 9791, 10208, 10624, 11041, 11458, 11874, 12291, 12708, 13124, 13541, 13958, 14374, 14791, 15208, 3125.0], "liquidation_incentives": [0.10000000000000009], "stability_pool_initial_balances": [0.8985759635368668, 0.4492879817684334, 1.7971519270737335], "share_institutionals": [0.0, 0.0, 0.0, 1], "recovery_halflife_retails": [3.3333333333333335], "price_recovery_times": [0], "l_factors": [0.25, 0.5, 1, 1.5, 2], "json_time": 1668349874.9274194, "current_debt": 3124.9994541256024}}