{"json_time": 1668346351, "stabilityPoolVstBalance": {"ETH": 898625.9405398424, "gOHM": 266500.5600430741, "renBTC": 37323.64577478885, "GMX": 44732.944071145466, "DPX": 56502.472999912345, "sGLP": 4492879.032868953}, "stabilityPoolGemBalance": {"ETH": 26471.834376501658, "gOHM": 10378.301302973709, "renBTC": 365.0109574944, "GMX": 5090.285082738442, "DPX": 144.6179807518527, "sGLP": 0.0}, "bprotocolBalance": {"ETH": 137237.30478290035, "gOHM": 152065.7361621556, "DPX": 4.977973181589624, "GMX": 469.7740515493398, "renBTC": 34271.224303505034, "sGLP": 0.0}, "bprotocolGemBalance": {"ETH": 0.09801560484407908, "gOHM": 0.0, "DPX": 7.5720702787398e-05, "GMX": 2.833783015362389, "renBTC": 0.0, "sGLP": 0.0}}