{"json_time": 1684591225, "data": [{"account": "0x5ce561e048d2cd64523D6316228F97bd2537F92f", "user_collateral_wo_looping": 0.9246671308429892, "user_debt_wo_looping": 1.5489621456}, {"account": "0x7e1a061ca70838e1E79BCcBee306a56746f9e2F8", "user_collateral_wo_looping": 0.00415841038490829, "user_debt_wo_looping": 0.0052896833532568984}]}