{"json_time": 1684591225, "USDC": {"oracle": 0.9998, "cex_price": 1, "dex_price": 1}, "WXDAI": {"oracle": 1.0, "cex_price": 1, "dex_price": 1.0000290686593813}, "LINK": {"oracle": 6.49719, "cex_price": 6.499499999999999, "dex_price": 6.970657490262119}, "GNO": {"oracle": 115.4804969, "cex_price": 115.1, "dex_price": 114.33012356968497}, "WBTC": {"oracle": 26853.636543, "cex_price": 26920.015, "dex_price": 27158.724821825188}, "WETH": {"oracle": 1818.14566, "cex_price": 1819.6149999999998, "dex_price": 1826.850753407222}, "FOX": {"oracle": 0.02391606, "cex_price": 0.0241, "dex_price": 0.023477371199205295}, "USDT": {"oracle": 1.00031295, "cex_price": 1, "dex_price": 1.0005059098153217}, "EURe": {"oracle": 1.0816, "cex_price": 1.07755, "dex_price": 1.0784347387514672}}