{"json_time": 1678540156, "ETH-VST": {"series_std_ratio": 1.0, "volume_for_slippage_10_percentss": [1492.229743897915], "trade_every": 1800, "collaterals": [299, 3414, 6529, 9644, 12759, 15874, 18989, 22104, 25219, 28334, 31449, 34564, 37679, 40794, 43909, 47024, 50139, 53254, 56369, 59484, 62599, 65714, 68829, 71944, 75059, 78174, 81289, 84404, 87519, 90634, 18750.0], "liquidation_incentives": [0.10000000000000009], "stability_pool_initial_balances": [0.48138120527905104, 0.24069060263952552, 0.9627624105581021], "share_institutionals": [0.4699183337184287, 0.23495916685921436, 0.9398366674368575, 1], "recovery_halflife_retails": [3.3333333333333335], "price_recovery_times": [0], "l_factors": [0.25, 0.5, 1, 1.5, 2], "json_time": 1678542842.5670583, "current_debt": 299.8036918024544}, "gOHM-VST": {"series_std_ratio": 0.5718399563684763, "volume_for_slippage_10_percentss": [210.13511687517166], "trade_every": 1800, "collaterals": [3288, 3804, 4319, 4834, 5350, 5865, 6380, 6896, 7411, 7927, 8442, 8957, 9473, 9988, 10503, 11019, 11534, 12050, 12565, 13080, 13596, 14111, 14626, 15142, 15657, 16173, 16688, 17203, 17719, 18234, 3750.0], "liquidation_incentives": [0.1499999999999999], "stability_pool_initial_balances": [0.00977766268812387, 0.004888831344061935, 0.01955532537624774], "share_institutionals": [0.47136116123960575, 0.23568058061980288, 0.9427223224792115, 1], "recovery_halflife_retails": [3.3333333333333335], "price_recovery_times": [0], "l_factors": [0.25, 0.5, 1, 1.5, 2], "json_time": 1678542842.5670583, "current_debt": 3288.6697194480807}, "DPX-VST": {"series_std_ratio": 2.2756095294666916, "volume_for_slippage_10_percentss": [425.90371519327164], "trade_every": 1800, "collaterals": [430, 729, 1027, 1325, 1623, 1921, 2219, 2517, 2816, 3114, 3412, 3710, 4008, 4306, 4604, 4902, 5201, 5499, 5797, 6095, 6393, 6691, 6989, 7288, 7586, 7884, 8182, 8480, 8778, 9076, 1875.0], "liquidation_incentives": [0.1499999999999999], "stability_pool_initial_balances": [0.022873811574632884, 0.011436905787316442, 0.04574762314926577], "share_institutionals": [0.010584559903364795, 0.005292279951682397, 0.02116911980672959, 1], "recovery_halflife_retails": [3.3333333333333335], "price_recovery_times": [2], "l_factors": [0.25, 0.5, 1, 1.5, 2], "json_time": 1678542842.5670583, "current_debt": 430.9203716720008}, "GMX-VST": {"series_std_ratio": 2.0308729755116706, "volume_for_slippage_10_percentss": [2011.9817265868187], "trade_every": 1800, "collaterals": [44, 459, 875, 1290, 1705, 2120, 2535, 2950, 3366, 3781, 4196, 4611, 5026, 5442, 5857, 6272, 6687, 7102, 7517, 7933, 8348, 8763, 9178, 9593, 10008, 10424, 10839, 11254, 11669, 12084, 2500.0], "liquidation_incentives": [0.1499999999999999], "stability_pool_initial_balances": [0.7026329016620637, 0.35131645083103186, 1.4052658033241274], "share_institutionals": [0.00029949662419856063, 0.00014974831209928032, 0.0005989932483971213, 1], "recovery_halflife_retails": [3.3333333333333335], "price_recovery_times": [0], "l_factors": [0.25, 0.5, 1, 1.5, 2], "json_time": 1678542842.5670583, "current_debt": 44.74994884774702}, "sGLP-VST": {"series_std_ratio": 0.6132330529291525, "volume_for_slippage_10_percentss": [2499.5472332835197], "trade_every": 1800, "collaterals": [441, 1155, 1870, 2584, 3299, 4013, 4728, 5442, 6157, 6871, 7585, 8300, 9014, 9729, 10443, 11158, 11872, 12587, 13301, 14016, 14730, 15444, 16159, 16873, 17588, 18302, 19017, 19731, 20446, 21160, 4375.0], "liquidation_incentives": [0.10000000000000009], "stability_pool_initial_balances": [0.09596496424616112, 0.04798248212308056, 0.19192992849232224], "share_institutionals": [0.0, 0.0, 0.0, 1], "recovery_halflife_retails": [3.3333333333333335], "price_recovery_times": [0], "l_factors": [0.25, 0.5, 1, 1.5, 2], "json_time": 1678542842.5670583, "current_debt": 441.4673618381163}}