{"json_time": 1683895775, "USDC": {"oracle": 1.0001266278051357, "cex_price": 1, "dex_price": 1}, "WXDAI": {"oracle": 1.0, "cex_price": 1, "dex_price": 0.9999080392039061}, "LINK": {"oracle": 6.460908468339733, "cex_price": 6.435499999999999, "dex_price": 6.857292010268061}, "GNO": {"oracle": 109.5620457392514, "cex_price": 109.85, "dex_price": 109.05736082872973}, "WBTC": {"oracle": 26417.7529322398, "cex_price": 26368.025, "dex_price": 26613.17064524697}, "WETH": {"oracle": 1771.808742487281, "cex_price": 1769.6149999999998, "dex_price": 1776.9673994240954}, "FOX": {"oracle": 0.02501719766816412, "cex_price": 0.02515, "dex_price": 0.025648747681531175}, "USDT": {"oracle": 1.001082342188135, "cex_price": 1, "dex_price": 1.0008415856708757}, "EURe": {"oracle": 1.0886030684774586, "cex_price": 1.08465, "dex_price": 1.0909861709244684}}