{"json_time": 1665410144, "ETH-VST": {"series_std_ratio": 1.0, "volume_for_slippage_10_percentss": [14542.653667032719], "trade_every": 1800, "collaterals": [314, 3428, 6543, 9657, 12772, 15886, 19001, 22115, 25230, 28344, 31459, 34573, 37688, 40803, 43917, 47032, 50146, 53261, 56375, 59490, 62604, 65719, 68833, 71948, 75062, 78177, 81291, 84406, 87520, 90635, 18750.0], "liquidation_incentives": [0.10000000000000009], "stability_pool_initial_balances": [1.0928242902445273, 0.5464121451222637, 2.1856485804890546], "share_institutionals": [0.5234421773889512, 0.2617210886944756, 1, 1], "recovery_halflife_retails": [3.3333333333333335], "price_recovery_times": [0], "l_factors": [0.25, 0.5, 1, 1.5, 2], "json_time": 1665413582.6244676, "current_debt": 314.1640737743676}, "renBTC-VST": {"series_std_ratio": 0.760706293780634, "volume_for_slippage_10_percentss": [3160.562082827091], "trade_every": 1800, "collaterals": [26, 233, 441, 648, 856, 1063, 1270, 1478, 1685, 1893, 2100, 2308, 2515, 2723, 2930, 3138, 3345, 3553, 3760, 3967, 4175, 4382, 4590, 4797, 5005, 5212, 5420, 5627, 5835, 6042, 1250.0], "liquidation_incentives": [0.10000000000000009], "stability_pool_initial_balances": [0.844246804996518, 0.422123402498259, 1.688493609993036], "share_institutionals": [0.9694497228111852, 0.4847248614055926, 1, 1], "recovery_halflife_retails": [3.3333333333333335], "price_recovery_times": [0], "l_factors": [0.25, 0.5, 1, 1.5, 2], "json_time": 1665413582.6244676, "current_debt": 26.168348424575594}, "gOHM-VST": {"series_std_ratio": 1.416911372280521, "volume_for_slippage_10_percentss": [279.8724815249443], "trade_every": 1800, "collaterals": [3120, 3641, 4162, 4683, 5204, 5725, 6246, 6767, 7288, 7809, 8330, 8851, 9372, 9893, 10414, 10935, 11456, 11977, 12498, 13019, 13540, 14061, 14582, 15103, 15624, 16145, 16666, 17187, 17708, 18229, 3750.0], "liquidation_incentives": [0.1499999999999999], "stability_pool_initial_balances": [0.05377142449371955, 0.026885712246859775, 0.1075428489874391], "share_institutionals": [0.5675673942385815, 0.28378369711929075, 1, 1], "recovery_halflife_retails": [3.3333333333333335], "price_recovery_times": [0], "l_factors": [0.25, 0.5, 1, 1.5, 2], "json_time": 1665413582.6244676, "current_debt": 3120.2496402953584}, "DPX-VST": {"series_std_ratio": 1.974078240475897, "volume_for_slippage_10_percentss": [444.38113659620285], "trade_every": 1800, "collaterals": [86, 499, 913, 1327, 1741, 2155, 2568, 2982, 3396, 3810, 4224, 4637, 5051, 5465, 5879, 6293, 6706, 7120, 7534, 7948, 8362, 8775, 9189, 9603, 10017, 10431, 10844, 11258, 11672, 12086, 2500.0], "liquidation_incentives": [0.1499999999999999], "stability_pool_initial_balances": [0.5769585663930867, 0.28847928319654337, 1.1539171327861735], "share_institutionals": [4.5795585865548117e-05, 2.2897792932774058e-05, 9.159117173109623e-05, 1], "recovery_halflife_retails": [3.3333333333333335], "price_recovery_times": [2], "l_factors": [0.25, 0.5, 1, 1.5, 2], "json_time": 1665413582.6244676, "current_debt": 86.05583136738383}, "GMX-VST": {"series_std_ratio": 2.081064798518858, "volume_for_slippage_10_percentss": [1241.2944403290749], "trade_every": 1800, "collaterals": [111, 524, 937, 1350, 1763, 2175, 2588, 3001, 3414, 3827, 4240, 4653, 5066, 5479, 5892, 6305, 6718, 7131, 7544, 7957, 8370, 8783, 9196, 9609, 10022, 10435, 10848, 11261, 11674, 12087, 2500.0], "liquidation_incentives": [0.1499999999999999], "stability_pool_initial_balances": [0.2668445693002487, 0.13342228465012435, 0.5336891386004974], "share_institutionals": [0.10784500113642757, 0.05392250056821379, 0.21569000227285515, 1], "recovery_halflife_retails": [3.3333333333333335], "price_recovery_times": [0], "l_factors": [0.25, 0.5, 1, 1.5, 2], "json_time": 1665413582.6244676, "current_debt": 111.17503139101545}, "sGLP-VST": {"series_std_ratio": 0.4707294016934606, "volume_for_slippage_10_percentss": [3160.562082827091], "trade_every": 1800, "collaterals": [3001, 3422, 3843, 4263, 4684, 5105, 5526, 5946, 6367, 6788, 7209, 7630, 8050, 8471, 8892, 9313, 9734, 10154, 10575, 10996, 11417, 11837, 12258, 12679, 13100, 13521, 13941, 14362, 14783, 15204, 3125.0], "liquidation_incentives": [0.10000000000000009], "stability_pool_initial_balances": [0.010213335383834008, 0.005106667691917004, 0.020426670767668017], "share_institutionals": [0.0, 0.0, 0.0, 1], "recovery_halflife_retails": [3.3333333333333335], "price_recovery_times": [0], "l_factors": [0.25, 0.5, 1, 1.5, 2], "json_time": 1665413582.6244676, "current_debt": 3001.4620687500005}}