{"json_time": 1665410144, "stabilityPoolVstBalance": {"ETH": 549321.8095084841, "gOHM": 268448.4286955159, "renBTC": 35348.071279173775, "GMX": 47466.32538956343, "DPX": 79441.0385527856, "sGLP": 49047.902}, "stabilityPoolGemBalance": {"ETH": 23294.162054527686, "gOHM": 24547.661577768376, "renBTC": 500.3848900556468, "GMX": 282.5739197131129, "DPX": 208.06595991414346, "sGLP": 0.0}, "bprotocolBalance": {"ETH": 287538.1763231578, "gOHM": 152362.5751621556, "DPX": 3.6379731815896235, "GMX": 5119.005616872432, "renBTC": 34268.177903505035, "sGLP": 0.0}, "bprotocolGemBalance": {"ETH": 0.027733201754606543, "gOHM": 0.0, "DPX": 7.5720702787398e-05, "GMX": 0.00029870707723556, "renBTC": 0.0, "sGLP": 0.0}}