{"json_time": 1666454502, "ETH": {"VST": {"volume": 24739763.865947723, "llc": 1.1}}, "gOHM": {"VST": {"volume": 469730.45778274536, "llc": 1.15}}, "renBTC": {"VST": {"volume": 5274336.859226227, "llc": 1.1}}, "GMX": {"VST": {"volume": 1705691.1358833313, "llc": 1.15}}, "DPX": {"VST": {"volume": 683353.2910346985, "llc": 1.15}}, "sGLP": {"VST": {"volume": 5274336.859226227, "llc": 1.1}}}