{"json_time": 1693578211, "VST": {"oracle": 1.000305316206405, "cex_price": 1, "dex_price": 1}, "ETH": {"oracle": 1628.96, "cex_price": 1632.7150000000001, "dex_price": 1631.5241299178883}, "gOHM": {"oracle": 2919.731219941951, "cex_price": "NaN", "dex_price": 2895.7148279572075}, "GMX": {"oracle": 33.85175131190072, "cex_price": "NaN", "dex_price": 34.183234674302795}, "DPX": {"oracle": 76.8851675, "cex_price": "NaN", "dex_price": 76.75549857211843}, "sGLP": {"oracle": 0.9391629068187293, "cex_price": "NaN", "dex_price": "NaN"}}