{"json_time": 1680349958, "ETH-VST": {"series_std_ratio": 1.0, "volume_for_slippage_10_percentss": [18428.27657431364], "trade_every": 1800, "collaterals": [0], "liquidation_incentives": [0.10000000000000009], "stability_pool_initial_balances": [0.2883269558251307], "share_institutionals": [0.47947849436679973], "recovery_halflife_retails": [3.3333333333333335], "price_recovery_times": [0], "l_factors": [0], "json_time": 1680352095.7549202, "current_debt": 484.0193400416917, "collateral_factor": 0.9090909090909091, "delays_in_minutes": [0]}, "gOHM-VST": {"series_std_ratio": 0.5718399563684763, "volume_for_slippage_10_percentss": [283.44875663518906], "trade_every": 1800, "collaterals": [0], "liquidation_incentives": [0.1499999999999999], "stability_pool_initial_balances": [0.015428077252886776], "share_institutionals": [0.34303206540276954], "recovery_halflife_retails": [3.3333333333333335], "price_recovery_times": [0], "l_factors": [0], "json_time": 1680352095.7549202, "current_debt": 2746.4076804466367, "collateral_factor": 0.6666666666666666, "delays_in_minutes": [0]}, "DPX-VST": {"series_std_ratio": 2.2756095294666916, "volume_for_slippage_10_percentss": [533.7880143523216], "trade_every": 1800, "collaterals": [0], "liquidation_incentives": [0.1499999999999999], "stability_pool_initial_balances": [0.03299740040757029], "share_institutionals": [0.03896628872690181], "recovery_halflife_retails": [3.3333333333333335], "price_recovery_times": [2], "l_factors": [0], "json_time": 1680352095.7549202, "current_debt": 539.6509253713716, "collateral_factor": 0.6666666666666666, "delays_in_minutes": [0]}, "GMX-VST": {"series_std_ratio": 2.0308729755116706, "volume_for_slippage_10_percentss": [8971.413091123104], "trade_every": 1800, "collaterals": [0], "liquidation_incentives": [0.1499999999999999], "stability_pool_initial_balances": [0.5320718911316872], "share_institutionals": [0.006955060818627247], "recovery_halflife_retails": [3.3333333333333335], "price_recovery_times": [0], "l_factors": [0], "json_time": 1680352095.7549202, "current_debt": 38.827066852639895, "collateral_factor": 0.6666666666666666, "delays_in_minutes": [0]}, "sGLP-VST": {"series_std_ratio": 0.6132330529291525, "volume_for_slippage_10_percentss": [6019.79403346777], "trade_every": 1800, "collaterals": [0], "liquidation_incentives": [0.10000000000000009], "stability_pool_initial_balances": [0.00011922272412056599], "share_institutionals": [0.0], "recovery_halflife_retails": [3.3333333333333335], "price_recovery_times": [0], "l_factors": [0], "json_time": 1680352095.7549202, "current_debt": 321.7380919703204, "collateral_factor": 0.8333333333333334, "delays_in_minutes": [0]}}