{"json_time": 1680349958, "ETH-VST": {"series_std_ratio": 1.0, "volume_for_slippage_10_percentss": [18428.27657431364], "trade_every": 1800, "collaterals": [484, 3592, 6701, 9810, 12919, 16028, 19137, 22246, 25354, 28463, 31572, 34681, 37790, 40899, 44008, 47117, 50225, 53334, 56443, 59552, 62661, 65770, 68879, 71987, 75096, 78205, 81314, 84423, 87532, 90641, 18750.0], "liquidation_incentives": [0.10000000000000009], "stability_pool_initial_balances": [0.2883269558251307, 0.14416347791256534, 0.5766539116502614], "share_institutionals": [0.47947849436679973, 0.23973924718339987, 0.9589569887335995, 1], "recovery_halflife_retails": [3.3333333333333335], "price_recovery_times": [0], "l_factors": [0.25, 0.5, 1, 1.5, 2], "json_time": 1680352095.7549202, "current_debt": 484.0193400416917}, "gOHM-VST": {"series_std_ratio": 0.5718399563684763, "volume_for_slippage_10_percentss": [283.44875663518906], "trade_every": 1800, "collaterals": [2746, 3123, 3500, 3878, 4255, 4632, 5009, 5386, 5764, 6141, 6518, 6895, 7272, 7650, 8027, 8404, 8781, 9158, 9536, 9913, 10290, 10667, 11044, 11422, 11799, 12176, 12553, 12930, 13308, 13685, 2812.5], "liquidation_incentives": [0.1499999999999999], "stability_pool_initial_balances": [0.015428077252886776, 0.007714038626443388, 0.03085615450577355], "share_institutionals": [0.34303206540276954, 0.17151603270138477, 0.6860641308055391, 1], "recovery_halflife_retails": [3.3333333333333335], "price_recovery_times": [0], "l_factors": [0.25, 0.5, 1, 1.5, 2], "json_time": 1680352095.7549202, "current_debt": 2746.4076804466367}, "DPX-VST": {"series_std_ratio": 2.2756095294666916, "volume_for_slippage_10_percentss": [533.7880143523216], "trade_every": 1800, "collaterals": [539, 834, 1128, 1423, 1717, 2012, 2306, 2601, 2895, 3190, 3484, 3779, 4073, 4368, 4662, 4957, 5251, 5546, 5840, 6135, 6429, 6724, 7018, 7313, 7607, 7902, 8196, 8491, 8785, 9080, 1875.0], "liquidation_incentives": [0.1499999999999999], "stability_pool_initial_balances": [0.03299740040757029, 0.016498700203785147, 0.06599480081514059], "share_institutionals": [0.03896628872690181, 0.019483144363450906, 0.07793257745380362, 1], "recovery_halflife_retails": [3.3333333333333335], "price_recovery_times": [2], "l_factors": [0.25, 0.5, 1, 1.5, 2], "json_time": 1680352095.7549202, "current_debt": 539.6509253713716}, "GMX-VST": {"series_std_ratio": 2.0308729755116706, "volume_for_slippage_10_percentss": [8971.413091123104], "trade_every": 1800, "collaterals": [38, 454, 869, 1284, 1700, 2115, 2531, 2946, 3361, 3777, 4192, 4607, 5023, 5438, 5854, 6269, 6684, 7100, 7515, 7930, 8346, 8761, 9177, 9592, 10007, 10423, 10838, 11253, 11669, 12084, 2500.0], "liquidation_incentives": [0.1499999999999999], "stability_pool_initial_balances": [0.5320718911316872, 0.2660359455658436, 1.0641437822633744], "share_institutionals": [0.006955060818627247, 0.0034775304093136233, 0.013910121637254493, 1], "recovery_halflife_retails": [3.3333333333333335], "price_recovery_times": [0], "l_factors": [0.25, 0.5, 1, 1.5, 2], "json_time": 1680352095.7549202, "current_debt": 38.827066852639895}, "sGLP-VST": {"series_std_ratio": 0.6132330529291525, "volume_for_slippage_10_percentss": [6019.79403346777], "trade_every": 1800, "collaterals": [321, 363, 404, 445, 487, 528, 569, 611, 652, 693, 735, 776, 818, 859, 900, 942, 983, 1024, 1066, 1107, 1148, 1190, 1231, 1272, 1314, 1355, 1397, 1438, 1479, 1521, 312.5], "liquidation_incentives": [0.10000000000000009], "stability_pool_initial_balances": [0.00011922272412056599, 5.9611362060282995e-05, 0.00023844544824113198], "share_institutionals": [0.0, 0.0, 0.0, 1], "recovery_halflife_retails": [3.3333333333333335], "price_recovery_times": [0], "l_factors": [0.25, 0.5, 1, 1.5, 2], "json_time": 1680352095.7549202, "current_debt": 321.7380919703204}}