{"json_time": 1675014315, "data": [{"account": "0xaCCfAA3a39F3681E07F5D6ECC0A9cdd86c2eb775", "user_collateral_wo_looping": 0.09667401826277194, "user_debt_wo_looping": 0.1250399585559103}, {"account": "0x7e1a061ca70838e1E79BCcBee306a56746f9e2F8", "user_collateral_wo_looping": 0.03138189885370086, "user_debt_wo_looping": 0.037581072224943696}, {"account": "0x5dA68351bD082aBDA73E42Ac981dB51d9364fe69", "user_collateral_wo_looping": 0.33415603880119754, "user_debt_wo_looping": 0.4141321274979685}, {"account": "0x0B58857708a6f84e7EE04BEAEF069a7E6D1D4A0b", "user_collateral_wo_looping": 4.003161725578389, "user_debt_wo_looping": 4.338052466623676}]}