{"json_time": 1690050828, "glp_data": {"liquidTreasury": 392034501.17861366, "treasuryUtilization": 0.22578040838793334, "liquidStableTreasury": 195059236.1555196, "stableTreasuryUtilization": 0.15853167225414705, "liquidSolidAssetTreasury": 179698077.2588662, "solidTreasuryUtilization": 0.29512598465260226}}