{"ETH": {"BNB|bsc": {"volume": 14828.263759613037, "llc": 1.1}, "WBTC|eth": {"volume": 7198.876857757568, "llc": 1.1}, "pCKB": {"volume": 21503.977298736572, "llc": 1.1}, "USDC": {"volume": 18642.95721054077, "llc": 1.1}}, "BNB|bsc": {"ETH": {"volume": 14828.263759613037, "llc": 1.1}, "WBTC|eth": {"volume": 8152.550220489502, "llc": 1.1}, "pCKB": {"volume": 41531.11791610718, "llc": 1.1}, "USDC": {"volume": 31040.71092605591, "llc": 1.1}}, "WBTC|eth": {"ETH": {"volume": 7198.876857757568, "llc": 1.1}, "BNB|bsc": {"volume": 8152.550220489502, "llc": 1.1}, "pCKB": {"volume": 10059.89694595337, "llc": 1.1}, "USDC": {"volume": 9106.223583221436, "llc": 1.1}}, "pCKB": {"ETH": {"volume": 21503.977298736572, "llc": 1.1}, "BNB|bsc": {"volume": 41531.11791610718, "llc": 1.1}, "WBTC|eth": {"volume": 10059.89694595337, "llc": 1.1}, "USDC": {"volume": 115917.640209198, "llc": 1.1}}, "USDC": {"ETH": {"volume": 18642.95721054077, "llc": 1.1}, "BNB|bsc": {"volume": 31040.71092605591, "llc": 1.1}, "WBTC|eth": {"volume": 9106.223583221436, "llc": 1.1}, "pCKB": {"volume": 114963.96684646606, "llc": 1.1}}, "json_time": 1668348777}