{"json_time": 1690740370, "USDC": {"oracle": 1.0001720158023704, "cex_price": 1, "dex_price": 1}, "WXDAI": {"oracle": 1.0, "cex_price": 1, "dex_price": 0.9997892303776164}, "LINK": {"oracle": 7.663023133470021, "cex_price": 7.673500000000001, "dex_price": 8.17928771682758}, "GNO": {"oracle": 115.89297074561185, "cex_price": 115.95, "dex_price": 116.64830955745738}, "WBTC": {"oracle": 29388.11512878932, "cex_price": 29378.445, "dex_price": 29358.47044717648}, "WETH": {"oracle": 1876.0517077561635, "cex_price": 1876.6950000000002, "dex_price": 1879.3140470402423}, "FOX": {"oracle": 0.01939467920188028, "cex_price": 0.01965, "dex_price": 0.019082778398297758}, "USDT": {"oracle": 1.0001500225033755, "cex_price": 1, "dex_price": 1.0000925195590769}, "EURe": {"oracle": 1.1018152622893433, "cex_price": 1.09565, "dex_price": 1.1036479373690866}, "wstETH": {"oracle": 2127.2431546431967, "cex_price": "NaN", "dex_price": 2127.2431546431967}}