{"USDC": {"WXDAI": {"volume": 3991646.186351776, "llc": 1.05}, "LINK": {"volume": 1476.8366813659668, "llc": 1.05}, "GNO": {"volume": 64419.278621673584, "llc": 1.05}, "WBTC": {"volume": 33901.73101425171, "llc": 1.05}, "WETH": {"volume": 0.5000860079011852, "llc": 1.05}, "FOX": {"volume": 3384.183406829834, "llc": 1.05}, "USDT": {"volume": 3923935.377597809, "llc": 1.05}, "EURe": {"volume": 1385256.8860054016, "llc": 1.05}, "wstETH": {"volume": 0.5000860079011852, "llc": 1.05}}, "WXDAI": {"USDC": {"volume": 3326935.8525276184, "llc": 1.05}, "LINK": {"volume": 1476.8366813659668, "llc": 1.05}, "GNO": {"volume": 63465.60525894165, "llc": 1.05}, "WBTC": {"volume": 34855.40437698364, "llc": 1.05}, "WETH": {"volume": 0.5, "llc": 1.05}, "FOX": {"volume": 3384.183406829834, "llc": 1.05}, "USDT": {"volume": 3921074.357509613, "llc": 1.05}, "EURe": {"volume": 1386210.5593681335, "llc": 1.05}, "wstETH": {"volume": 0.5, "llc": 1.05}}, "LINK": {"USDC": {"volume": 4337.856769561768, "llc": 1.2}, "WXDAI": {"volume": 4337.856769561768, "llc": 1.2}, "GNO": {"volume": 4337.856769561768, "llc": 1.2}, "WBTC": {"volume": 4337.856769561768, "llc": 1.2}, "WETH": {"volume": 4337.856769561768, "llc": 1.2}, "FOX": {"volume": 3384.183406829834, "llc": 1.2}, "USDT": {"volume": 4337.856769561768, "llc": 1.2}, "EURe": {"volume": 4337.856769561768, "llc": 1.2}, "wstETH": {"volume": 4337.856769561768, "llc": 1.2}}, "GNO": {"USDC": {"volume": 126408.04719924927, "llc": 1.1}, "WXDAI": {"volume": 126408.04719924927, "llc": 1.1}, "LINK": {"volume": 2430.5100440979004, "llc": 1.1}, "WBTC": {"volume": 60604.58517074585, "llc": 1.1}, "WETH": {"volume": 383899.85513687134, "llc": 1.1}, "FOX": {"volume": 4337.856769561768, "llc": 1.1}, "USDT": {"volume": 126408.04719924927, "llc": 1.1}, "EURe": {"volume": 126408.04719924927, "llc": 1.1}, "wstETH": {"volume": 383899.85513687134, "llc": 1.1}}, "WBTC": {"USDC": {"volume": 63465.60525894165, "llc": 1.1}, "WXDAI": {"volume": 68233.97207260132, "llc": 1.1}, "LINK": {"volume": 2430.5100440979004, "llc": 1.1}, "GNO": {"volume": 75863.35897445679, "llc": 1.1}, "WETH": {"volume": 125454.37383651733, "llc": 1.1}, "FOX": {"volume": 4337.856769561768, "llc": 1.1}, "USDT": {"volume": 55836.21835708618, "llc": 1.1}, "EURe": {"volume": 55836.21835708618, "llc": 1.1}, "wstETH": {"volume": 125454.37383651733, "llc": 1.1}}, "WETH": {"USDC": {"volume": 62378.71928289244, "llc": 1.05}, "WXDAI": {"volume": 56750.564159623944, "llc": 1.05}, "LINK": {"volume": 1476.8366813659668, "llc": 1.05}, "GNO": {"volume": 195072.5293159485, "llc": 1.05}, "WBTC": {"volume": 63465.60525894165, "llc": 1.05}, "FOX": {"volume": 2430.5100440979004, "llc": 1.05}, "USDT": {"volume": 62378.71928289244, "llc": 1.05}, "EURe": {"volume": 35809.077739715576, "llc": 1.05}, "wstETH": {"volume": 2469353.06033405, "llc": 1.05}}, "FOX": {"USDC": {"volume": 5291.530132293701, "llc": 1.1}, "WXDAI": {"volume": 5291.530132293701, "llc": 1.1}, "LINK": {"volume": 2430.5100440979004, "llc": 1.1}, "GNO": {"volume": 5291.530132293701, "llc": 1.1}, "WBTC": {"volume": 4337.856769561768, "llc": 1.1}, "WETH": {"volume": 4337.856769561768, "llc": 1.1}, "USDT": {"volume": 5291.530132293701, "llc": 1.1}, "EURe": {"volume": 5291.530132293701, "llc": 1.1}, "wstETH": {"volume": 4337.856769561768, "llc": 1.1}}, "USDT": {"USDC": {"volume": 3247780.963420868, "llc": 1.05}, "WXDAI": {"volume": 3901047.2168922424, "llc": 1.05}, "LINK": {"volume": 1476.8366813659668, "llc": 1.05}, "GNO": {"volume": 63465.60525894165, "llc": 1.05}, "WBTC": {"volume": 33901.73101425171, "llc": 1.05}, "WETH": {"volume": 0.5000750112516877, "llc": 1.05}, "FOX": {"volume": 3384.183406829834, "llc": 1.05}, "EURe": {"volume": 1383349.5392799377, "llc": 1.05}, "wstETH": {"volume": 0.5000750112516877, "llc": 1.05}}, "EURe": {"USDC": {"volume": 2539201.6549110413, "llc": 1.15}, "WXDAI": {"volume": 2542062.674999237, "llc": 1.15}, "LINK": {"volume": 3384.183406829834, "llc": 1.15}, "GNO": {"volume": 190304.16250228882, "llc": 1.15}, "WBTC": {"volume": 72048.66552352905, "llc": 1.15}, "WETH": {"volume": 114010.29348373413, "llc": 1.15}, "FOX": {"volume": 6245.203495025635, "llc": 1.15}, "USDT": {"volume": 2543970.021724701, "llc": 1.15}, "wstETH": {"volume": 114010.29348373413, "llc": 1.15}}, "wstETH": {"USDC": {"volume": 62378.71928289244, "llc": 1.05}, "WXDAI": {"volume": 56750.564159623944, "llc": 1.05}, "LINK": {"volume": 1476.8366813659668, "llc": 1.05}, "GNO": {"volume": 195072.5293159485, "llc": 1.05}, "WBTC": {"volume": 63465.60525894165, "llc": 1.05}, "WETH": {"volume": 2776318.222203702, "llc": 1.1}, "FOX": {"volume": 2430.5100440979004, "llc": 1.05}, "USDT": {"volume": 62378.71928289244, "llc": 1.05}, "EURe": {"volume": 35809.077739715576, "llc": 1.05}}, "json_time": 1690740370}