{"json_time": 1674323920, "USDC": {"oracle": 1.0000460746074606, "cex_price": 1, "dex_price": 1}, "WXDAI": {"oracle": 1.0, "cex_price": 1, "dex_price": 1.0004646839702935}, "LINK": {"oracle": 7.027827842784278, "cex_price": 7.0225, "dex_price": 7.512708007950115}, "GNO": {"oracle": 108.29833803380338, "cex_price": 108.25, "dex_price": 109.3904224808665}, "WBTC": {"oracle": 22720.011201120113, "cex_price": 22787.4, "dex_price": 22915.78631854226}, "WETH": {"oracle": 1635.4635463546354, "cex_price": 1635.005, "dex_price": 1638.0922393026522}, "FOX": {"oracle": 0.04188811881188119, "cex_price": 0.0417, "dex_price": 0.04233169128210298}, "USDT": {"oracle": 1.000217801780178, "cex_price": 1, "dex_price": 1.0005791382069316}}