{"json_time": 1683567275, "ETH-VST": {"series_std_ratio": 1.0, "volume_for_slippage_10_percentss": [10028.798432052135], "trade_every": 1800, "collaterals": [490, 3598, 6707, 9816, 12924, 16033, 19142, 22250, 25359, 28468, 31576, 34685, 37794, 40902, 44011, 47120, 50228, 53337, 56446, 59554, 62663, 65772, 68880, 71989, 75098, 78206, 81315, 84424, 87532, 90641, 18750.0], "liquidation_incentives": [0.10000000000000009], "stability_pool_initial_balances": [0.19998655933189388, 0.09999327966594694, 0.39997311866378776], "share_institutionals": [0.30258229046033347, 0.15129114523016673, 0.6051645809206669, 1], "recovery_halflife_retails": [3.3333333333333335], "price_recovery_times": [0], "l_factors": [0.25, 0.5, 1, 1.5, 2], "json_time": 1683569691.519091, "current_debt": 490.0127294997229}, "gOHM-VST": {"series_std_ratio": 0.5718399563684763, "volume_for_slippage_10_percentss": [287.0250317454338], "trade_every": 1800, "collaterals": [2766, 3142, 3519, 3895, 4272, 4648, 5025, 5402, 5778, 6155, 6531, 6908, 7284, 7661, 8037, 8414, 8790, 9167, 9544, 9920, 10297, 10673, 11050, 11426, 11803, 12179, 12556, 12932, 13309, 13685, 2812.5], "liquidation_incentives": [0.1499999999999999], "stability_pool_initial_balances": [0.02508826460947604, 0.01254413230473802, 0.05017652921895208], "share_institutionals": [0.38989381359725667, 0.19494690679862833, 0.7797876271945133, 1], "recovery_halflife_retails": [3.3333333333333335], "price_recovery_times": [0], "l_factors": [0.25, 0.5, 1, 1.5, 2], "json_time": 1683569691.519091, "current_debt": 2766.274322903875}, "DPX-VST": {"series_std_ratio": 2.2756095294666916, "volume_for_slippage_10_percentss": [330.5363789200783], "trade_every": 1800, "collaterals": [461, 550, 638, 727, 816, 905, 993, 1082, 1171, 1260, 1349, 1437, 1526, 1615, 1704, 1793, 1881, 1970, 2059, 2148, 2237, 2325, 2414, 2503, 2592, 2681, 2769, 2858, 2947, 3036, 625.0], "liquidation_incentives": [0.1499999999999999], "stability_pool_initial_balances": [0.04931188660909543, 0.024655943304547717, 0.09862377321819087], "share_institutionals": [0.2228816690611718, 0.1114408345305859, 0.4457633381223436, 1], "recovery_halflife_retails": [3.3333333333333335], "price_recovery_times": [2], "l_factors": [0.25, 0.5, 1, 1.5, 2], "json_time": 1683569691.519091, "current_debt": 461.2411383506242}, "GMX-VST": {"series_std_ratio": 2.0308729755116706, "volume_for_slippage_10_percentss": [4694.784105122089], "trade_every": 1800, "collaterals": [114, 527, 940, 1352, 1765, 2178, 2591, 3004, 3417, 3830, 4242, 4655, 5068, 5481, 5894, 6307, 6720, 7132, 7545, 7958, 8371, 8784, 9197, 9610, 10022, 10435, 10848, 11261, 11674, 12087, 2500.0], "liquidation_incentives": [0.1499999999999999], "stability_pool_initial_balances": [0.2939298475088086, 0.1469649237544043, 0.5878596950176171], "share_institutionals": [0.3943321252527748, 0.1971660626263874, 0.7886642505055496, 1], "recovery_halflife_retails": [3.3333333333333335], "price_recovery_times": [0], "l_factors": [0.25, 0.5, 1, 1.5, 2], "json_time": 1683569691.519091, "current_debt": 114.3719711000747}, "sGLP-VST": {"series_std_ratio": 0.6132330529291525, "volume_for_slippage_10_percentss": [9059.627877175808], "trade_every": 1800, "collaterals": [324, 365, 406, 448, 489, 530, 571, 613, 654, 695, 737, 778, 819, 860, 902, 943, 984, 1025, 1067, 1108, 1149, 1191, 1232, 1273, 1314, 1356, 1397, 1438, 1479, 1521, 312.5], "liquidation_incentives": [0.10000000000000009], "stability_pool_initial_balances": [0.0008121247775477655, 0.00040606238877388277, 0.001624249555095531], "share_institutionals": [0.0, 0.0, 0.0, 1], "recovery_halflife_retails": [3.3333333333333335], "price_recovery_times": [0], "l_factors": [0.25, 0.5, 1, 1.5, 2], "json_time": 1683569691.519091, "current_debt": 324.2845070208958}}