{"json_time": 1677860055, "USDC": {"oracle": 1.000272931757147, "cex_price": 1, "dex_price": 1}, "WXDAI": {"oracle": 1.0, "cex_price": 1, "dex_price": 1.0002124437831537}, "LINK": {"oracle": 6.888868376796921, "cex_price": 6.9085, "dex_price": 7.3668957676423705}, "GNO": {"oracle": 103.2290548885341, "cex_price": 102.95, "dex_price": 104.52486733781889}, "WBTC": {"oracle": 22396.808533125404, "cex_price": 22377.745000000003, "dex_price": 22528.474301882005}, "WETH": {"oracle": 1566.606828023692, "cex_price": 1569.9450000000002, "dex_price": 1574.9948748570414}, "FOX": {"oracle": 0.03549327295695654, "cex_price": 0.03585, "dex_price": 0.0377452660831286}, "USDT": {"oracle": 1.0003729690540524, "cex_price": 1, "dex_price": 1.0009455973095607}}