{"json_time": 1690181196, "ETH-VST": {"series_std_ratio": 1.0, "volume_for_slippage_10_percentss": [20409.532985389233], "trade_every": 1800, "collaterals": [852, 3949, 7045, 10142, 13239, 16335, 19432, 22528, 25625, 28721, 31818, 34915, 38011, 41108, 44204, 47301, 50397, 53494, 56591, 59687, 62784, 65880, 68977, 72073, 75170, 78267, 81363, 84460, 87556, 90653, 18750.0], "liquidation_incentives": [0.10000000000000009], "stability_pool_initial_balances": [0.0368493102359696, 0.0184246551179848, 0.0736986204719392], "share_institutionals": [0.09620751578999638, 0.04810375789499819, 0.19241503157999276, 1], "recovery_halflife_retails": [3.3333333333333335], "price_recovery_times": [0], "l_factors": [0.25, 0.5, 1, 1.5, 2], "json_time": 1690184849.7418654, "current_debt": 852.7847174124624}, "gOHM-VST": {"series_std_ratio": 0.5718399563684763, "volume_for_slippage_10_percentss": [136.82147711515427], "trade_every": 1800, "collaterals": [2087, 2486, 2885, 3284, 3683, 4083, 4482, 4881, 5280, 5679, 6078, 6478, 6877, 7276, 7675, 8074, 8474, 8873, 9272, 9671, 10070, 10469, 10869, 11268, 11667, 12066, 12465, 12864, 13264, 13663, 2812.5], "liquidation_incentives": [0.1499999999999999], "stability_pool_initial_balances": [0.020900028597808762, 0.010450014298904381, 0.041800057195617524], "share_institutionals": [0.5923221813076275, 0.29616109065381374, 1, 1], "recovery_halflife_retails": [3.3333333333333335], "price_recovery_times": [0], "l_factors": [0.25, 0.5, 1, 1.5, 2], "json_time": 1690184849.7418654, "current_debt": 2087.2326725147414}, "DPX-VST": {"series_std_ratio": 2.2756095294666916, "volume_for_slippage_10_percentss": [270.9317937493324], "trade_every": 1800, "collaterals": [363, 455, 547, 639, 731, 823, 915, 1007, 1099, 1191, 1284, 1376, 1468, 1560, 1652, 1744, 1836, 1928, 2020, 2112, 2204, 2296, 2388, 2480, 2572, 2664, 2756, 2848, 2940, 3032, 625.0], "liquidation_incentives": [0.1499999999999999], "stability_pool_initial_balances": [0.0012437778766903483, 0.0006218889383451742, 0.0024875557533806966], "share_institutionals": [0.0089889500519549, 0.00449447502597745, 0.0179779001039098, 1], "recovery_halflife_retails": [3.3333333333333335], "price_recovery_times": [2], "l_factors": [0.25, 0.5, 1, 1.5, 2], "json_time": 1690184849.7418654, "current_debt": 363.54504487741536}, "GMX-VST": {"series_std_ratio": 2.0308729755116706, "volume_for_slippage_10_percentss": [3829.3255284428596], "trade_every": 1800, "collaterals": [227, 324, 420, 517, 613, 710, 807, 903, 1000, 1096, 1193, 1289, 1386, 1483, 1579, 1676, 1772, 1869, 1966, 2062, 2159, 2255, 2352, 2448, 2545, 2642, 2738, 2835, 2931, 3028, 625.0], "liquidation_incentives": [0.1499999999999999], "stability_pool_initial_balances": [0.19008866069479033, 0.09504433034739516, 0.38017732138958066], "share_institutionals": [0.6177583282561363, 0.30887916412806815, 1, 1], "recovery_halflife_retails": [3.3333333333333335], "price_recovery_times": [0], "l_factors": [0.25, 0.5, 1, 1.5, 2], "json_time": 1690184849.7418654, "current_debt": 227.51209335059173}, "sGLP-VST": {"series_std_ratio": 0.6132330529291525, "volume_for_slippage_10_percentss": [27594.269681870937], "trade_every": 1800, "collaterals": [323, 364, 405, 447, 488, 529, 570, 612, 653, 694, 736, 777, 818, 860, 901, 942, 984, 1025, 1066, 1108, 1149, 1190, 1231, 1273, 1314, 1355, 1397, 1438, 1479, 1521, 312.5], "liquidation_incentives": [0.10000000000000009], "stability_pool_initial_balances": [0.0012506654020447928, 0.0006253327010223964, 0.0025013308040895857], "share_institutionals": [0.0, 0.0, 0.0, 1], "recovery_halflife_retails": [3.3333333333333335], "price_recovery_times": [0], "l_factors": [0.25, 0.5, 1, 1.5, 2], "json_time": 1690184849.7418654, "current_debt": 323.0636475881525}}