{"json_time": 1690181196, "ETH": {"VST": {"volume": 32655252.776622772, "llc": 1.1}}, "gOHM": {"VST": {"volume": 218914.36338424683, "llc": 1.15}}, "GMX": {"VST": {"volume": 6126920.845508575, "llc": 1.15}}, "DPX": {"VST": {"volume": 433490.8699989319, "llc": 1.15}}, "sGLP": {"VST": {"volume": 44150831.4909935, "llc": 1.1}}}