{"json_time": 1687527305, "USDC": {"oracle": 1.00029596917448, "cex_price": 1, "dex_price": 1}, "WXDAI": {"oracle": 1.0, "cex_price": 1, "dex_price": 0.9998436460882816}, "LINK": {"oracle": 5.804387518731979, "cex_price": 5.8165, "dex_price": 6.234432524237283}, "GNO": {"oracle": 115.5395034186725, "cex_price": 115.35, "dex_price": 114.95064066159783}, "WBTC": {"oracle": 30005.003985327498, "cex_price": 30072.475, "dex_price": 30009.510013723346}, "WETH": {"oracle": 1869.8674956617258, "cex_price": 1874.755, "dex_price": 1886.3803763898195}, "FOX": {"oracle": 0.020544339248742962, "cex_price": 0.020900000000000002, "dex_price": 0.020876010368187863}, "USDT": {"oracle": 1.0003824106158692, "cex_price": 1, "dex_price": 0.9997323316655199}, "EURe": {"oracle": 1.0895742160432356, "cex_price": 1.08655, "dex_price": 1.09291048228557}, "wstETH": {"oracle": 2111.7242873566747, "cex_price": "NaN", "dex_price": 2111.7242873566747}}