{"json_time": 1671477517, "auUSDC": {"oracle": 0.9999429, "cex_price": 1, "dex_price": 1}, "auETH": {"oracle": 1170.15057827, "cex_price": 1169.8249999999998, "dex_price": 1178.8839175708122}, "auWBTC": {"oracle": 16582.53110917, "cex_price": 16543.32, "dex_price": 16748.32872614724}, "auUSDT": {"oracle": 1.00012, "cex_price": 1, "dex_price": 0.9997269685665227}, "auWNEAR": {"oracle": 1.28854925, "cex_price": 1.2845, "dex_price": 1.2944078325869157}, "auSTNEAR": {"oracle": 1.48076353, "cex_price": "NaN", "dex_price": 1.5078700429083505}}