{"auUSDC": {"auETH": {"volume": 19596.630573272705, "llc": 1.1}, "auWBTC": {"volume": 11967.243671417236, "llc": 1.1}, "auUSDT": {"volume": 2276941.4801597595, "llc": 1.1}, "auWNEAR": {"volume": 77770.70569992065, "llc": 1.1}, "auSTNEAR": {"volume": 55461.99801615, "llc": 1.1}}, "auETH": {"auUSDC": {"volume": 20550.30393600464, "llc": 1.1}, "auWBTC": {"volume": 11967.243671417236, "llc": 1.1}, "auUSDT": {"volume": 18642.95721054077, "llc": 1.1}, "auWNEAR": {"volume": 32948.057651519775, "llc": 1.1}, "auSTNEAR": {"volume": 32948.057651519775, "llc": 1.1}}, "auWBTC": {"auUSDC": {"volume": 11967.243671417236, "llc": 1.1}, "auETH": {"volume": 11967.243671417236, "llc": 1.1}, "auUSDT": {"volume": 10059.89694595337, "llc": 1.1}, "auWNEAR": {"volume": 13874.590396881104, "llc": 1.1}, "auSTNEAR": {"volume": 13874.590396881104, "llc": 1.1}}, "auUSDT": {"auUSDC": {"volume": 2195879.244327545, "llc": 1.1}, "auETH": {"volume": 17689.283847808838, "llc": 1.1}, "auWBTC": {"volume": 10059.89694595337, "llc": 1.1}, "auWNEAR": {"volume": 76817.03233718872, "llc": 1.1}, "auSTNEAR": {"volume": 55461.99801615, "llc": 1.1}}, "auWNEAR": {"auUSDC": {"volume": 77770.70569992065, "llc": 1.1}, "auETH": {"volume": 31994.38428878784, "llc": 1.1}, "auWBTC": {"volume": 13874.590396881104, "llc": 1.1}, "auUSDT": {"volume": 77770.70569992065, "llc": 1.1}, "auSTNEAR": {"volume": 55461.99801615, "llc": 1.1}}, "auSTNEAR": {"auUSDC": {"volume": 63465.60525894165, "llc": 1.1}, "auETH": {"volume": 42484.79127883911, "llc": 1.1}, "auWBTC": {"volume": 18642.95721054077, "llc": 1.1}, "auUSDT": {"volume": 63465.60525894165, "llc": 1.1}, "auWNEAR": {"volume": 80631.72578811646, "llc": 1.1}}, "json_time": 1671477517}