{"USDC": {"WXDAI": {"volume": 2037569.4661140442, "llc": 1.05}, "LINK": {"volume": 1476.8366813659668, "llc": 1.05}, "GNO": {"volume": 62511.93189620972, "llc": 1.05}, "WBTC": {"volume": 33901.73101425171, "llc": 1.05}, "WETH": {"volume": 48046.89854118951, "llc": 1.05}, "FOX": {"volume": 3384.183406829834, "llc": 1.05}, "USDT": {"volume": 3906769.257068634, "llc": 1.05}, "EURe": {"volume": 1617953.1865119934, "llc": 1.05}, "wstETH": {"volume": 48046.89854118951, "llc": 1.05}}, "WXDAI": {"USDC": {"volume": 1707598.4826087952, "llc": 1.05}, "LINK": {"volume": 1476.8366813659668, "llc": 1.05}, "GNO": {"volume": 39623.77119064331, "llc": 1.05}, "WBTC": {"volume": 32948.057651519775, "llc": 1.05}, "WETH": {"volume": 48046.875, "llc": 1.05}, "FOX": {"volume": 3384.183406829834, "llc": 1.05}, "USDT": {"volume": 3904861.91034317, "llc": 1.05}, "EURe": {"volume": 1620814.2066001892, "llc": 1.05}, "wstETH": {"volume": 48046.875, "llc": 1.05}}, "LINK": {"USDC": {"volume": 4337.856769561768, "llc": 1.2}, "WXDAI": {"volume": 4337.856769561768, "llc": 1.2}, "GNO": {"volume": 4337.856769561768, "llc": 1.2}, "WBTC": {"volume": 4337.856769561768, "llc": 1.2}, "WETH": {"volume": 4337.856769561768, "llc": 1.2}, "FOX": {"volume": 4337.856769561768, "llc": 1.2}, "USDT": {"volume": 4337.856769561768, "llc": 1.2}, "EURe": {"volume": 4337.856769561768, "llc": 1.2}, "wstETH": {"volume": 4337.856769561768, "llc": 1.2}}, "GNO": {"USDC": {"volume": 121639.6803855896, "llc": 1.1}, "WXDAI": {"volume": 122593.35374832153, "llc": 1.1}, "LINK": {"volume": 2430.5100440979004, "llc": 1.1}, "WBTC": {"volume": 52021.52490615845, "llc": 1.1}, "WETH": {"volume": 187443.14241409302, "llc": 1.1}, "FOX": {"volume": 6245.203495025635, "llc": 1.1}, "USDT": {"volume": 122593.35374832153, "llc": 1.1}, "EURe": {"volume": 84446.41923904419, "llc": 1.1}, "wstETH": {"volume": 187443.14241409302, "llc": 1.1}}, "WBTC": {"USDC": {"volume": 62511.93189620972, "llc": 1.1}, "WXDAI": {"volume": 67280.29870986938, "llc": 1.1}, "LINK": {"volume": 2430.5100440979004, "llc": 1.1}, "GNO": {"volume": 72048.66552352905, "llc": 1.1}, "WETH": {"volume": 124500.7004737854, "llc": 1.1}, "FOX": {"volume": 5291.530132293701, "llc": 1.1}, "USDT": {"volume": 55836.21835708618, "llc": 1.1}, "EURe": {"volume": 55836.21835708618, "llc": 1.1}, "wstETH": {"volume": 124500.7004737854, "llc": 1.1}}, "WETH": {"USDC": {"volume": 75398.49358826084, "llc": 1.05}, "WXDAI": {"volume": 75398.49358826084, "llc": 1.05}, "LINK": {"volume": 1476.8366813659668, "llc": 1.05}, "GNO": {"volume": 93029.47950363159, "llc": 1.05}, "WBTC": {"volume": 63465.60525894165, "llc": 1.05}, "FOX": {"volume": 3384.183406829834, "llc": 1.05}, "USDT": {"volume": 75398.49358826084, "llc": 1.05}, "EURe": {"volume": 28179.690837860107, "llc": 1.05}, "wstETH": {"volume": 2547531.485435487, "llc": 1.05}}, "FOX": {"USDC": {"volume": 7198.876857757568, "llc": 1.1}, "WXDAI": {"volume": 7198.876857757568, "llc": 1.1}, "LINK": {"volume": 2430.5100440979004, "llc": 1.1}, "GNO": {"volume": 6245.203495025635, "llc": 1.1}, "WBTC": {"volume": 6245.203495025635, "llc": 1.1}, "WETH": {"volume": 6245.203495025635, "llc": 1.1}, "USDT": {"volume": 7198.876857757568, "llc": 1.1}, "EURe": {"volume": 6245.203495025635, "llc": 1.1}, "wstETH": {"volume": 6245.203495025635, "llc": 1.1}}, "USDT": {"USDC": {"volume": 1644656.0406684875, "llc": 1.05}, "WXDAI": {"volume": 1945063.1499290466, "llc": 1.05}, "LINK": {"volume": 1476.8366813659668, "llc": 1.05}, "GNO": {"volume": 63465.60525894165, "llc": 1.05}, "WBTC": {"volume": 33901.73101425171, "llc": 1.05}, "WETH": {"volume": 48047.03242304754, "llc": 1.05}, "FOX": {"volume": 3384.183406829834, "llc": 1.05}, "EURe": {"volume": 1622721.553325653, "llc": 1.05}, "wstETH": {"volume": 48047.03242304754, "llc": 1.05}}, "EURe": {"USDC": {"volume": 1611277.4729728699, "llc": 1.15}, "WXDAI": {"volume": 1657053.7943840027, "llc": 1.15}, "LINK": {"volume": 3384.183406829834, "llc": 1.15}, "GNO": {"volume": 125454.37383651733, "llc": 1.15}, "WBTC": {"volume": 61558.25853347778, "llc": 1.15}, "WETH": {"volume": 65372.95198440552, "llc": 1.15}, "FOX": {"volume": 8152.550220489502, "llc": 1.15}, "USDT": {"volume": 1668497.874736786, "llc": 1.15}, "wstETH": {"volume": 65372.95198440552, "llc": 1.15}}, "wstETH": {"USDC": {"volume": 75398.49358826084, "llc": 1.05}, "WXDAI": {"volume": 75398.49358826084, "llc": 1.05}, "LINK": {"volume": 1476.8366813659668, "llc": 1.05}, "GNO": {"volume": 93029.47950363159, "llc": 1.05}, "WBTC": {"volume": 63465.60525894165, "llc": 1.05}, "WETH": {"volume": 3055458.013522978, "llc": 1.1}, "FOX": {"volume": 3384.183406829834, "llc": 1.05}, "USDT": {"volume": 75398.49358826084, "llc": 1.05}, "EURe": {"volume": 28179.690837860107, "llc": 1.05}}, "json_time": 1692212090}