{"json_time": 1678112036, "ETH": {"oracle": 1570.0400444, "cex_price": 1570.085, "dex_price": 1563.1310811597693}, "BNB|bsc": {"oracle": 285.86, "cex_price": 286.05, "dex_price": 288.22025858996324}, "WBTC|eth": {"oracle": 22427.32, "cex_price": 22427.83, "dex_price": 21471.040909460375}, "pCKB": {"oracle": 0.00442594, "cex_price": 0.004435, "dex_price": 0.004433675794374153}, "USDC": {"oracle": 0.999995086, "cex_price": 1, "dex_price": 1}, "USDT": {"oracle": 0.99993, "cex_price": 1, "dex_price": 0.9992990521476871}}