{"ETH": {"BNB|bsc": {"volume": 10059.89694595337, "llc": 1.1}, "WBTC|eth": {"volume": 10059.89694595337, "llc": 1.1}, "pCKB": {"volume": 26272.34411239624, "llc": 1.1}, "USDC": {"volume": 19596.630573272705, "llc": 1.1}, "USDT": {"volume": 19596.630573272705, "llc": 1.1}}, "BNB|bsc": {"ETH": {"volume": 10059.89694595337, "llc": 1.1}, "WBTC|eth": {"volume": 5291.530132293701, "llc": 1.1}, "pCKB": {"volume": 14828.263759613037, "llc": 1.1}, "USDC": {"volume": 12920.91703414917, "llc": 1.1}, "USDT": {"volume": 12920.91703414917, "llc": 1.1}}, "WBTC|eth": {"ETH": {"volume": 10059.89694595337, "llc": 1.1}, "BNB|bsc": {"volume": 5291.530132293701, "llc": 1.1}, "pCKB": {"volume": 8152.550220489502, "llc": 1.1}, "USDC": {"volume": 7198.876857757568, "llc": 1.1}, "USDT": {"volume": 7198.876857757568, "llc": 1.1}}, "pCKB": {"ETH": {"volume": 25318.670749664307, "llc": 1.1}, "BNB|bsc": {"volume": 14828.263759613037, "llc": 1.1}, "WBTC|eth": {"volume": 7198.876857757568, "llc": 1.1}, "USDC": {"volume": 75863.35897445679, "llc": 1.1}, "USDT": {"volume": 73956.01224899292, "llc": 1.1}}, "USDC": {"ETH": {"volume": 19596.630573272705, "llc": 1.1}, "BNB|bsc": {"volume": 11967.243671417236, "llc": 1.1}, "WBTC|eth": {"volume": 7198.876857757568, "llc": 1.1}, "pCKB": {"volume": 75863.35897445679, "llc": 1.1}, "USDT": {"volume": 135944.7808265686, "llc": 1.1}}, "USDT": {"ETH": {"volume": 19596.630573272705, "llc": 1.1}, "BNB|bsc": {"volume": 11967.243671417236, "llc": 1.1}, "WBTC|eth": {"volume": 7198.876857757568, "llc": 1.1}, "pCKB": {"volume": 72048.66552352905, "llc": 1.1}, "USDC": {"volume": 108288.25330734253, "llc": 1.1}}, "json_time": 1678112036}