{"USDC": {"WXDAI": {"volume": 3540558.6857795715, "llc": 1.05}, "LINK": {"volume": 1476.8366813659668, "llc": 1.05}, "GNO": {"volume": 23411.32402420044, "llc": 1.05}, "WBTC": {"volume": 7198.876857757568, "llc": 1.05}, "WETH": {"volume": 113671.94787553162, "llc": 1.05}, "FOX": {"volume": 3384.183406829834, "llc": 1.05}, "USDT": {"volume": 2218767.4050331116, "llc": 1.05}, "EURe": {"volume": 1271769.7558403015, "llc": 1.05}, "wstETH": {"volume": 96844.17295455933, "llc": 1.05}}, "WXDAI": {"USDC": {"volume": 3181023.8280296326, "llc": 1.05}, "LINK": {"volume": 1476.8366813659668, "llc": 1.05}, "GNO": {"volume": 89214.78605270386, "llc": 1.05}, "WBTC": {"volume": 9106.223583221436, "llc": 1.05}, "WETH": {"volume": 121484.375, "llc": 1.05}, "FOX": {"volume": 3384.183406829834, "llc": 1.05}, "USDT": {"volume": 2217813.7316703796, "llc": 1.05}, "EURe": {"volume": 1272723.4292030334, "llc": 1.05}, "wstETH": {"volume": 101612.539768219, "llc": 1.05}}, "LINK": {"USDC": {"volume": 4337.856769561768, "llc": 1.2}, "WXDAI": {"volume": 4337.856769561768, "llc": 1.2}, "GNO": {"volume": 4337.856769561768, "llc": 1.2}, "WBTC": {"volume": 4337.856769561768, "llc": 1.2}, "WETH": {"volume": 4337.856769561768, "llc": 1.2}, "FOX": {"volume": 3384.183406829834, "llc": 1.2}, "USDT": {"volume": 4337.856769561768, "llc": 1.2}, "EURe": {"volume": 4337.856769561768, "llc": 1.2}, "wstETH": {"volume": 3384.183406829834, "llc": 1.2}}, "GNO": {"USDC": {"volume": 46299.484729766846, "llc": 1.1}, "WXDAI": {"volume": 45345.81136703491, "llc": 1.1}, "LINK": {"volume": 2430.5100440979004, "llc": 1.1}, "WBTC": {"volume": 47253.15809249878, "llc": 1.1}, "WETH": {"volume": 177906.40878677368, "llc": 1.1}, "FOX": {"volume": 5291.530132293701, "llc": 1.1}, "USDT": {"volume": 46299.484729766846, "llc": 1.1}, "EURe": {"volume": 41531.11791610718, "llc": 1.1}, "wstETH": {"volume": 484035.55822372437, "llc": 1.1}}, "WBTC": {"USDC": {"volume": 18642.95721054077, "llc": 1.1}, "WXDAI": {"volume": 23411.32402420044, "llc": 1.1}, "LINK": {"volume": 2430.5100440979004, "llc": 1.1}, "GNO": {"volume": 51067.851543426514, "llc": 1.1}, "WETH": {"volume": 73002.33888626099, "llc": 1.1}, "FOX": {"volume": 4337.856769561768, "llc": 1.1}, "USDT": {"volume": 13874.590396881104, "llc": 1.1}, "EURe": {"volume": 11967.243671417236, "llc": 1.1}, "wstETH": {"volume": 73002.33888626099, "llc": 1.1}}, "WETH": {"USDC": {"volume": 94691.65201642698, "llc": 1.05}, "WXDAI": {"volume": 102566.21313095093, "llc": 1.05}, "LINK": {"volume": 1476.8366813659668, "llc": 1.05}, "GNO": {"volume": 87307.43932723999, "llc": 1.05}, "WBTC": {"volume": 36762.75110244751, "llc": 1.05}, "FOX": {"volume": 2430.5100440979004, "llc": 1.05}, "USDT": {"volume": 93905.82917811637, "llc": 1.05}, "EURe": {"volume": 11013.570308685303, "llc": 1.05}, "wstETH": {"volume": 4521888.576030731, "llc": 1.05}}, "FOX": {"USDC": {"volume": 5291.530132293701, "llc": 1.1}, "WXDAI": {"volume": 5291.530132293701, "llc": 1.1}, "LINK": {"volume": 2430.5100440979004, "llc": 1.1}, "GNO": {"volume": 5291.530132293701, "llc": 1.1}, "WBTC": {"volume": 4337.856769561768, "llc": 1.1}, "WETH": {"volume": 4337.856769561768, "llc": 1.1}, "USDT": {"volume": 5291.530132293701, "llc": 1.1}, "EURe": {"volume": 5291.530132293701, "llc": 1.1}, "wstETH": {"volume": 3384.183406829834, "llc": 1.1}}, "USDT": {"USDC": {"volume": 3113313.0192756653, "llc": 1.05}, "WXDAI": {"volume": 3478569.917201996, "llc": 1.05}, "LINK": {"volume": 1476.8366813659668, "llc": 1.05}, "GNO": {"volume": 23411.32402420044, "llc": 1.05}, "WBTC": {"volume": 7198.876857757568, "llc": 1.05}, "WETH": {"volume": 113671.95173147145, "llc": 1.05}, "FOX": {"volume": 3384.183406829834, "llc": 1.05}, "EURe": {"volume": 1281306.4894676208, "llc": 1.05}, "wstETH": {"volume": 96844.17295455933, "llc": 1.05}}, "EURe": {"USDC": {"volume": 2865357.9449653625, "llc": 1.15}, "WXDAI": {"volume": 2948327.527523041, "llc": 1.15}, "LINK": {"volume": 3384.183406829834, "llc": 1.15}, "GNO": {"volume": 53928.871631622314, "llc": 1.15}, "WBTC": {"volume": 17689.283847808838, "llc": 1.15}, "WETH": {"volume": 21503.977298736572, "llc": 1.15}, "FOX": {"volume": 7198.876857757568, "llc": 1.15}, "USDT": {"volume": 2439065.951824188, "llc": 1.15}, "wstETH": {"volume": 270412.72497177124, "llc": 1.15}}, "wstETH": {"USDC": {"volume": 193165.18259048462, "llc": 1.1}, "WXDAI": {"volume": 202701.91621780396, "llc": 1.1}, "LINK": {"volume": 2430.5100440979004, "llc": 1.1}, "GNO": {"volume": 478313.51804733276, "llc": 1.1}, "WBTC": {"volume": 72048.66552352905, "llc": 1.1}, "WETH": {"volume": 5200728.329361814, "llc": 1.1}, "FOX": {"volume": 5291.530132293701, "llc": 1.1}, "USDT": {"volume": 193165.18259048462, "llc": 1.1}, "EURe": {"volume": 180767.42887496948, "llc": 1.1}}, "json_time": 1697013860}