{"json_time": 1671026519, "glp_data": {"liquidTreasury": 284466706.33067274, "treasuryUtilization": 0.35590072016766233, "liquidStableTreasury": 148420443.2952906, "stableTreasuryUtilization": 0.306117587906074, "liquidSolidAssetTreasury": 126354106.95787904, "solidTreasuryUtilization": 0.40830806194132213}}