{"USDC": {"WXDAI": {"volume": 2275034.1334342957, "llc": 1.05}, "LINK": {"volume": 1476.8366813659668, "llc": 1.05}, "GNO": {"volume": 62511.93189620972, "llc": 1.05}, "WBTC": {"volume": 33901.73101425171, "llc": 1.05}, "WETH": {"volume": 55859.16026723089, "llc": 1.05}, "FOX": {"volume": 3384.183406829834, "llc": 1.05}, "USDT": {"volume": 3764671.926021576, "llc": 1.05}, "EURe": {"volume": 1275584.4492912292, "llc": 1.05}, "wstETH": {"volume": 55859.16026723089, "llc": 1.05}}, "WXDAI": {"USDC": {"volume": 2068087.013721466, "llc": 1.05}, "LINK": {"volume": 1476.8366813659668, "llc": 1.05}, "GNO": {"volume": 62511.93189620972, "llc": 1.05}, "WBTC": {"volume": 33901.73101425171, "llc": 1.05}, "WETH": {"volume": 55078.125, "llc": 1.05}, "FOX": {"volume": 3384.183406829834, "llc": 1.05}, "USDT": {"volume": 3764671.926021576, "llc": 1.05}, "EURe": {"volume": 1275584.4492912292, "llc": 1.05}, "wstETH": {"volume": 55078.125, "llc": 1.05}}, "LINK": {"USDC": {"volume": 4337.856769561768, "llc": 1.2}, "WXDAI": {"volume": 4337.856769561768, "llc": 1.2}, "GNO": {"volume": 4337.856769561768, "llc": 1.2}, "WBTC": {"volume": 4337.856769561768, "llc": 1.2}, "WETH": {"volume": 4337.856769561768, "llc": 1.2}, "FOX": {"volume": 3384.183406829834, "llc": 1.2}, "USDT": {"volume": 4337.856769561768, "llc": 1.2}, "EURe": {"volume": 4337.856769561768, "llc": 1.2}, "wstETH": {"volume": 4337.856769561768, "llc": 1.2}}, "GNO": {"USDC": {"volume": 123547.02711105347, "llc": 1.1}, "WXDAI": {"volume": 124500.7004737854, "llc": 1.1}, "LINK": {"volume": 2430.5100440979004, "llc": 1.1}, "WBTC": {"volume": 59650.911808013916, "llc": 1.1}, "WETH": {"volume": 434444.5433616638, "llc": 1.1}, "FOX": {"volume": 5291.530132293701, "llc": 1.1}, "USDT": {"volume": 123547.02711105347, "llc": 1.1}, "EURe": {"volume": 123547.02711105347, "llc": 1.1}, "wstETH": {"volume": 434444.5433616638, "llc": 1.1}}, "WBTC": {"USDC": {"volume": 63465.60525894165, "llc": 1.1}, "WXDAI": {"volume": 68233.97207260132, "llc": 1.1}, "LINK": {"volume": 2430.5100440979004, "llc": 1.1}, "GNO": {"volume": 73956.01224899292, "llc": 1.1}, "WETH": {"volume": 126408.04719924927, "llc": 1.1}, "FOX": {"volume": 4337.856769561768, "llc": 1.1}, "USDT": {"volume": 55836.21835708618, "llc": 1.1}, "EURe": {"volume": 55836.21835708618, "llc": 1.1}, "wstETH": {"volume": 126408.04719924927, "llc": 1.1}}, "WETH": {"USDC": {"volume": 63646.771709503366, "llc": 1.05}, "WXDAI": {"volume": 63646.771709503366, "llc": 1.05}, "LINK": {"volume": 1476.8366813659668, "llc": 1.05}, "GNO": {"volume": 210331.30311965942, "llc": 1.05}, "WBTC": {"volume": 62511.93189620972, "llc": 1.05}, "FOX": {"volume": 2430.5100440979004, "llc": 1.05}, "USDT": {"volume": 63646.771709503366, "llc": 1.05}, "EURe": {"volume": 34855.40437698364, "llc": 1.05}, "wstETH": {"volume": 2422091.563889873, "llc": 1.05}}, "FOX": {"USDC": {"volume": 5291.530132293701, "llc": 1.1}, "WXDAI": {"volume": 5291.530132293701, "llc": 1.1}, "LINK": {"volume": 2430.5100440979004, "llc": 1.1}, "GNO": {"volume": 5291.530132293701, "llc": 1.1}, "WBTC": {"volume": 4337.856769561768, "llc": 1.1}, "WETH": {"volume": 5291.530132293701, "llc": 1.1}, "USDT": {"volume": 5291.530132293701, "llc": 1.1}, "EURe": {"volume": 4337.856769561768, "llc": 1.1}, "wstETH": {"volume": 5291.530132293701, "llc": 1.1}}, "USDT": {"USDC": {"volume": 1986071.1045265198, "llc": 1.05}, "WXDAI": {"volume": 2183481.49061203, "llc": 1.05}, "LINK": {"volume": 1476.8366813659668, "llc": 1.05}, "GNO": {"volume": 62511.93189620972, "llc": 1.05}, "WBTC": {"volume": 33901.73101425171, "llc": 1.05}, "WETH": {"volume": 59765.38002290691, "llc": 1.05}, "FOX": {"volume": 3384.183406829834, "llc": 1.05}, "EURe": {"volume": 1277491.796016693, "llc": 1.05}, "wstETH": {"volume": 59765.38002290691, "llc": 1.05}}, "EURe": {"USDC": {"volume": 1998468.858242035, "llc": 1.15}, "WXDAI": {"volume": 2034708.4460258484, "llc": 1.15}, "LINK": {"volume": 3384.183406829834, "llc": 1.15}, "GNO": {"volume": 186489.46905136108, "llc": 1.15}, "WBTC": {"volume": 64419.278621673584, "llc": 1.15}, "WETH": {"volume": 114963.96684646606, "llc": 1.15}, "FOX": {"volume": 7198.876857757568, "llc": 1.15}, "USDT": {"volume": 2072855.3805351257, "llc": 1.15}, "wstETH": {"volume": 114963.96684646606, "llc": 1.15}}, "wstETH": {"USDC": {"volume": 63646.771709503366, "llc": 1.05}, "WXDAI": {"volume": 63646.771709503366, "llc": 1.05}, "LINK": {"volume": 1476.8366813659668, "llc": 1.05}, "GNO": {"volume": 210331.30311965942, "llc": 1.05}, "WBTC": {"volume": 62511.93189620972, "llc": 1.05}, "WETH": {"volume": 2804952.9655349166, "llc": 1.1}, "FOX": {"volume": 2430.5100440979004, "llc": 1.05}, "USDT": {"volume": 63646.771709503366, "llc": 1.05}, "EURe": {"volume": 34855.40437698364, "llc": 1.05}}, "json_time": 1691862680}