{"auUSDC": {"auETH": {"volume": 23411.32402420044, "llc": 1.1}, "auWBTC": {"volume": 11967.243671417236, "llc": 1.1}, "auUSDT": {"volume": 2111002.315044403, "llc": 1.1}, "auWNEAR": {"volume": 88261.11268997192, "llc": 1.1}, "auSTNEAR": {"volume": 84080.81782476, "llc": 1.1}}, "auETH": {"auUSDC": {"volume": 23411.32402420044, "llc": 1.1}, "auWBTC": {"volume": 11967.243671417236, "llc": 1.1}, "auUSDT": {"volume": 21503.977298736572, "llc": 1.1}, "auWNEAR": {"volume": 39623.77119064331, "llc": 1.1}, "auSTNEAR": {"volume": 39623.77119064331, "llc": 1.1}}, "auWBTC": {"auUSDC": {"volume": 10059.89694595337, "llc": 1.1}, "auETH": {"volume": 11967.243671417236, "llc": 1.1}, "auUSDT": {"volume": 10059.89694595337, "llc": 1.1}, "auWNEAR": {"volume": 13874.590396881104, "llc": 1.1}, "auSTNEAR": {"volume": 13874.590396881104, "llc": 1.1}}, "auUSDT": {"auUSDC": {"volume": 1355693.0117607117, "llc": 1.1}, "auETH": {"volume": 21503.977298736572, "llc": 1.1}, "auWBTC": {"volume": 10059.89694595337, "llc": 1.1}, "auWNEAR": {"volume": 88261.11268997192, "llc": 1.1}, "auSTNEAR": {"volume": 84080.81782476, "llc": 1.1}}, "auWNEAR": {"auUSDC": {"volume": 88261.11268997192, "llc": 1.1}, "auETH": {"volume": 39623.77119064331, "llc": 1.1}, "auWBTC": {"volume": 13874.590396881104, "llc": 1.1}, "auUSDT": {"volume": 88261.11268997192, "llc": 1.1}, "auSTNEAR": {"volume": 84080.81782476, "llc": 1.1}}, "auSTNEAR": {"auUSDC": {"volume": 71094.99216079712, "llc": 1.1}, "auETH": {"volume": 50114.17818069458, "llc": 1.1}, "auWBTC": {"volume": 17689.283847808838, "llc": 1.1}, "auUSDT": {"volume": 71094.99216079712, "llc": 1.1}, "auWNEAR": {"volume": 89214.78605270386, "llc": 1.1}}, "json_time": 1669822342}