{"json_time": 1673370505.6174815, "ADA": {"WRT": 1.5482094684809975, "MIN": 0.041939046678372414, "MELD": 0.24686767159618833, "iUSD": 2.2445297797847763, "INDY": 0.5046317001633424, "HOSKY": 0.6509727549438435, "COPI": 0.5380455399761112, "C3": 0.3419329002492211, "WMT": 0.22366939962050536}, "WRT": {"ADA": 1.5656833220926456, "MIN": 1.6018582229916796, "MELD": 1.7806260536818879, "iUSD": 3.9539812717809326, "INDY": 2.300974919974609, "HOSKY": 2.16320031328721, "COPI": 2.0530995438249517, "C3": 1.8853435870468724, "WMT": 1.7655850457536757}, "MIN": {"ADA": 0.041939133131738304, "WRT": 1.5843987718751582, "MELD": 0.27138450729678526, "iUSD": 2.259494275023266, "INDY": 0.5289040077311393, "HOSKY": 0.6689058971028609, "COPI": 0.5607901658171023, "C3": 0.36916558255185805, "WMT": 0.24568691182986954}, "MELD": {"ADA": 0.2466147024559706, "WRT": 1.7627366225387326, "MIN": 0.2711327626529358, "iUSD": 2.4328052772314295, "INDY": 0.7516184537497523, "HOSKY": 0.8192556509515463, "COPI": 0.7132643788335096, "C3": 0.5368901236681387, "WMT": 0.40672519945851837}, "iUSD": {"ADA": 2.1847443738895382, "WRT": 3.8624895052146617, "MIN": 2.1996349901969054, "MELD": 2.373223126665315, "INDY": 2.4348197472164705, "HOSKY": 2.402698959438606, "COPI": 2.383610010850546, "C3": 2.319795106758629, "WMT": 2.301686564036876}, "INDY": {"ADA": 0.5042067367330897, "WRT": 2.27485178677103, "MIN": 0.528506171780303, "MELD": 0.7515637036875995, "iUSD": 2.4949842341908153, "HOSKY": 0.8356113210798801, "COPI": 0.8087888649954316, "C3": 0.6934058295208188, "WMT": 0.6824469558177295}, "HOSKY": {"ADA": 0.6514699449745206, "WRT": 2.145964793711077, "MIN": 0.6694960538847157, "MELD": 0.819930108207579, "iUSD": 2.455641699128023, "INDY": 0.8361095033282612, "COPI": 1.041900805928857, "C3": 0.886474466496718, "WMT": 0.7865234516660258}, "COPI": {"ADA": 0.5394135237374884, "WRT": 2.037210680488947, "MIN": 0.5621575221783831, "MELD": 0.7148915028409736, "iUSD": 2.4426314958645983, "INDY": 0.8092125414657947, "HOSKY": 1.0429956622291257, "C3": 0.8053185191850464, "WMT": 0.6815182026942962}, "C3": {"ADA": 0.3417873387367469, "WRT": 1.8676501637837553, "MIN": 0.3690120990847506, "MELD": 0.5369688810462726, "iUSD": 2.3785882741873996, "INDY": 0.6930349313873895, "HOSKY": 0.8859171202722187, "COPI": 0.8038660231351147, "WMT": 0.5134258426501139}, "WMT": {"ADA": 0.22393326447488418, "WRT": 1.7478758055168808, "MIN": 0.24595614340910216, "MELD": 0.4073143083688786, "iUSD": 2.362099621092286, "INDY": 0.6831172245818751, "HOSKY": 0.7862525754055162, "COPI": 0.6803732339691477, "C3": 0.5138332394531576}}