{"json_time": 1675191838.2508016, "ADA": {"WRT": 1.4973072918004562, "MIN": 0.050635914864527676, "MELD": 0.33305005647355124, "iUSD": 1.9144611683900243, "iBTC": 0.9735856994893004, "HOSKY": 0.6079064310786875, "COPI": 0.5479875621429368, "C3": 0.2689656229442148, "WMT": 0.2625821218540843}, "WRT": {"ADA": 1.5172728023411786, "MIN": 1.5608724308075796, "MELD": 1.8095760076298946, "iUSD": 3.328874287076528, "iBTC": 2.4368822610611587, "HOSKY": 2.0718494520406487, "COPI": 2.0090722286169473, "C3": 1.7624642996321507, "WMT": 1.7503827519238504}, "MIN": {"ADA": 0.05063577245144589, "WRT": 1.5409356154199132, "MELD": 0.3614701053840846, "iUSD": 1.9360069549738206, "iBTC": 1.0059392394166509, "HOSKY": 0.6305309894248348, "COPI": 0.5748603893326324, "C3": 0.30387349157992966, "WMT": 0.2887218345444516}, "MELD": {"ADA": 0.33229366806925253, "WRT": 1.7890864218826719, "MIN": 0.3607141421577465, "iUSD": 2.136418521084642, "iBTC": 1.2628756631776064, "HOSKY": 0.8356045545415902, "COPI": 0.7820097260247684, "C3": 0.5444909381029442, "WMT": 0.5076766573802104}, "iUSD": {"ADA": 1.8715979127022961, "WRT": 3.255471969384638, "MIN": 1.8931056969217626, "MELD": 2.0942835252236716, "iBTC": 2.2864422875268025, "HOSKY": 2.1502460798296243, "COPI": 2.1103732733888916, "C3": 2.0129419911570983, "WMT": 2.0022416152004365}, "iBTC": {"ADA": 0.9843791327359848, "WRT": 2.418851878367665, "MIN": 1.0167826292965823, "MELD": 1.2745908589183044, "iUSD": 2.2754539682382586, "HOSKY": 1.356986740892142, "COPI": 1.3218110399317011, "C3": 1.183347664339371, "WMT": 1.1917821385327039}, "HOSKY": {"ADA": 0.6088070629026514, "WRT": 2.052759601388433, "MIN": 0.631517845661961, "MELD": 0.8373147390958616, "iUSD": 2.188762322755838, "iBTC": 1.347035450690867, "COPI": 1.0056537474941245, "C3": 0.7930998541795267, "WMT": 0.77461353758301}, "COPI": {"ADA": 0.5494216776659318, "WRT": 1.9906388535251665, "MIN": 0.5762981476733932, "MELD": 0.7843359064368446, "iUSD": 2.1532933837839736, "iBTC": 1.3114018541022083, "HOSKY": 1.0064851610818386, "C3": 0.7389037310244863, "WMT": 0.7108922496831432}, "C3": {"ADA": 0.26835152528179873, "WRT": 1.7416788589629806, "MIN": 0.30325569856588025, "MELD": 0.5445763002923075, "iUSD": 2.055081122433382, "iBTC": 1.1723796541379738, "HOSKY": 0.7917243728307352, "COPI": 0.7369093012728232, "WMT": 0.47705291768647384}, "WMT": {"ADA": 0.2628515880311869, "WRT": 1.7301500245857364, "MIN": 0.2889879723606125, "MELD": 0.5087651859806493, "iUSD": 2.0455506674866557, "iBTC": 1.1808902838729345, "HOSKY": 0.7739552812535889, "COPI": 0.7096705896823994, "C3": 0.47795491429396464}}