{"json_time": 1675159903.1631947, "ADA": {"WRT": 1.50736559904503, "MIN": 0.049829382576875775, "MELD": 0.3327588686251844, "iUSD": 1.9121449430584732, "iBTC": 0.9764450446964483, "HOSKY": 0.6073680668503317, "COPI": 0.5477854362268083, "C3": 0.26964986365054183, "WMT": 0.26275333972739484}, "WRT": {"ADA": 1.529293834912275, "MIN": 1.5722888172085834, "MELD": 1.8135535914466643, "iUSD": 3.3346151265330755, "iBTC": 2.4478276967230257, "HOSKY": 2.0831253457274923, "COPI": 2.0226866675404502, "C3": 1.7668451743081333, "WMT": 1.7580763193905677}, "MIN": {"ADA": 0.04982917189785512, "WRT": 1.5503875028387861, "MELD": 0.36067014003157427, "iUSD": 1.933924154493615, "iBTC": 1.0083767278355678, "HOSKY": 0.6296940175250235, "COPI": 0.5741464337103662, "C3": 0.3038804280712785, "WMT": 0.288431974260622}, "MELD": {"ADA": 0.33200166374697304, "WRT": 1.7932752504456622, "MIN": 0.3599129319181854, "iUSD": 2.135217260908981, "iBTC": 1.266748313950697, "HOSKY": 0.8364284267721717, "COPI": 0.7817858671784224, "C3": 0.5451747208026743, "WMT": 0.5077905083579847}, "iUSD": {"ADA": 1.869020272482826, "WRT": 3.2608265113101766, "MIN": 1.8907532088887506, "MELD": 2.0928359637907374, "iBTC": 2.286060416171911, "HOSKY": 2.148109630539504, "COPI": 2.107876052288017, "C3": 2.0112449322963584, "WMT": 2.000116274176261}, "iBTC": {"ADA": 0.98728824129379, "WRT": 2.429695352869567, "MIN": 1.0192717819597445, "MELD": 1.2785239886678352, "iUSD": 2.2750047321352054, "HOSKY": 1.3596443868882695, "COPI": 1.3230497480095003, "C3": 1.1874442051870475, "WMT": 1.1948153603154998}, "HOSKY": {"ADA": 0.6082682278672165, "WRT": 2.0620673277225254, "MIN": 0.6306788896392039, "MELD": 0.8381393184816456, "iUSD": 2.1868776710599023, "iBTC": 1.3496490622898454, "COPI": 1.0043784413924126, "C3": 0.7932179805483769, "WMT": 0.7744396931135418}, "COPI": {"ADA": 0.5492497879252669, "WRT": 2.0023387915718307, "MIN": 0.5756132947880614, "MELD": 0.7841391331699201, "iUSD": 2.15105827010885, "iBTC": 1.3126107315923294, "HOSKY": 1.0052272498452406, "C3": 0.7391321299803627, "WMT": 0.7113023198928679}, "C3": {"ADA": 0.2690384029244502, "WRT": 1.7463053300362978, "MIN": 0.30326540994630785, "MELD": 0.5452593329426231, "iUSD": 2.053632893710334, "iBTC": 1.1764169139470189, "HOSKY": 0.7918427571476522, "COPI": 0.7371112940421213, "WMT": 0.47748875397578955}, "WMT": {"ADA": 0.263023795671575, "WRT": 1.7369550012415504, "MIN": 0.28869930275107175, "MELD": 0.5088819158049513, "iUSD": 2.0436833848423603, "iBTC": 1.1838695521271831, "HOSKY": 0.7737807832835353, "COPI": 0.7100624416406269, "C3": 0.47839010779500957}}