{"json_time": 1673428466.4965901, "data": [{"account": "5608c5c02575e79807b5793d70917b57bd23b4689823d8f1b62965ae", "user_collateral_wo_looping": 115.17245, "user_debt_wo_looping": 200.0}]}