{"json_time": 1675773079.0692775, "data": [{"account": "10c4f53440fd7fed10b4861ea0cd1dbd5d751ffd009c935fa01b4c73", "user_collateral_wo_looping": 255.47027957562625, "user_debt_wo_looping": 332.058582360496}]}