{"json_time": 1675191821.3762043, "C3": {"oracle": 0.1503391793, "cex_price": "NaN", "dex_price": 0.1470675682569601}, "WRT": {"oracle": 0.1356470545, "cex_price": 0.13995000000000002, "dex_price": 0.1438708816159087}, "ADA": {"oracle": 0.3877349089, "cex_price": 0.39005, "dex_price": 0.37964468484105124}, "MELD": {"oracle": 0.0232968699, "cex_price": 0.023239999999999997, "dex_price": 0.022715417988032005}, "COPI": {"oracle": 0.019803715, "cex_price": "NaN", "dex_price": 0.019109769846926996}, "MIN": {"oracle": 0.0188754534, "cex_price": "NaN", "dex_price": 0.01824264018572995}, "HOSKY": {"oracle": 3.42e-08, "cex_price": 3.602e-08, "dex_price": 3.458212260279982e-08}, "iUSD": {"oracle": 1.0251726334, "cex_price": "NaN", "dex_price": 1}, "iBTC": {"oracle": 23144.1837636121, "cex_price": "NaN", "dex_price": 24351.462028028633}, "WMT": {"oracle": 0.1949123471, "cex_price": 0.1894, "dex_price": 0.18522010734077224}}