{"json_time": 1673340344.940444, "C3": {"oracle": 0.015, "cex_price": "NaN", "dex_price": 0.15348583227023482}, "WRT": {"oracle": 0.09, "cex_price": 0.09355, "dex_price": 0.0916668742429465}, "iUSD": {"oracle": 1.0, "cex_price": "NaN", "dex_price": 1}, "ADA": {"oracle": 0.3, "cex_price": 0.31815, "dex_price": 0.3020619589369744}, "MELD": {"oracle": 0.02, "cex_price": 0.022875, "dex_price": 0.02203859481960535}, "COPI": {"oracle": 0.015, "cex_price": "NaN", "dex_price": 0.0150102733168751}, "MIN": {"oracle": 0.01, "cex_price": "NaN", "dex_price": 0.01253140950575471}, "HOSKY": {"oracle": 1e-06, "cex_price": 2.0335e-08, "dex_price": 2.0023435354232788e-08}, "INDY": {"oracle": 17000.0, "cex_price": "NaN", "dex_price": 1.8531934905331582}, "WMT": {"oracle": 0.2, "cex_price": 0.2031, "dex_price": 0.19638694869354367}}