{
  "json_time": 1675191786,
  "MELD": {
    "HOSKY": {
      "volume": 27188.124999999996,
      "llc": 1.099998518017985,
      "route": "MELD->ADA->HOSKY"
    },
    "iUSD": {
      "volume": 67591.875,
      "llc": 1.0999994504578072,
      "route": "MELD->ADA->iUSD"
    },
    "MIN": {
      "volume": 106505.625,
      "llc": 1.1000003427970027,
      "route": "MELD->ADA->MIN"
    },
    "WRT": {
      "volume": 50400.62499999999,
      "llc": 1.0999991564324725,
      "route": "MELD->ADA->WRT"
    },
    "COPI": {
      "volume": 36064.375,
      "llc": 1.100000889132763,
      "route": "MELD->ADA->COPI"
    },
    "C3": {
      "volume": 42458.125,
      "llc": 1.0999988081712369,
      "route": "MELD->ADA->C3"
    },
    "iBTC": {
      "volume": 23084.375,
      "llc": 1.099999567772544,
      "route": "MELD->ADA->iBTC"
    },
    "WMT": {
      "volume": 87358.125,
      "llc": 1.1000003810277836,
      "route": "MELD->ADA->WMT"
    },
    "ADA": {
      "volume": 123910.62499999997,
      "llc": 1.1000002955573085,
      "route": "MELD->ADA"
    }
  },
  "HOSKY": {
    "MELD": {
      "volume": 27188.125,
      "llc": 1.1000005830224615,
      "route": "HOSKY->ADA->MELD"
    },
    "iUSD": {
      "volume": 28219.375,
      "llc": 1.1000006543072174,
      "route": "HOSKY->ADA->iUSD"
    },
    "MIN": {
      "volume": 33295.625,
      "llc": 1.0999997218873974,
      "route": "HOSKY->ADA->MIN"
    },
    "WRT": {
      "volume": 24703.125000000007,
      "llc": 1.1000005482566293,
      "route": "HOSKY->ADA->WRT"
    },
    "COPI": {
      "volume": 20675.624999999996,
      "llc": 1.0999981690368696,
      "route": "HOSKY->ADA->COPI"
    },
    "C3": {
      "volume": 22629.375,
      "llc": 1.1000009290212471,
      "route": "HOSKY->ADA->C3"
    },
    "iBTC": {
      "volume": 15636.874999999998,
      "llc": 1.0999966579779303,
      "route": "HOSKY->ADA->iBTC"
    },
    "WMT": {
      "volume": 31161.875,
      "llc": 1.1000012916830748,
      "route": "HOSKY->ADA->WMT"
    },
    "ADA": {
      "volume": 34824.375,
      "llc": 1.1000002735106857,
      "route": "HOSKY->ADA"
    }
  },
  "iUSD": {
    "MELD": {
      "volume": 67593.125,
      "llc": 1.0999996354670145,
      "route": "iUSD->ADA->MELD"
    },
    "HOSKY": {
      "volume": 28220.625,
      "llc": 1.1000010976716927,
      "route": "iUSD->ADA->HOSKY"
    },
    "MIN": {
      "volume": 124313.125,
      "llc": 1.0999998874209322,
      "route": "iUSD->ADA->MIN"
    },
    "WRT": {
      "volume": 54065.625,
      "llc": 1.0999996076701106,
      "route": "iUSD->ADA->WRT"
    },
    "COPI": {
      "volume": 37901.875,
      "llc": 1.099999240991032,
      "route": "iUSD->ADA->COPI"
    },
    "C3": {
      "volume": 45029.375,
      "llc": 1.0999989980734237,
      "route": "iUSD->ADA->C3"
    },
    "iBTC": {
      "volume": 23824.375,
      "llc": 1.1000016218346798,
      "route": "iUSD->ADA->iBTC"
    },
    "WMT": {
      "volume": 98988.125,
      "llc": 1.0999997152616112,
      "route": "iUSD->ADA->WMT"
    },
    "ADA": {
      "volume": 148691.875,
      "llc": 1.1000000842354791,
      "route": "iUSD->ADA"
    }
  },
  "MIN": {
    "MELD": {
      "volume": 106505.62500000001,
      "llc": 1.0999996676257635,
      "route": "MIN->ADA->MELD"
    },
    "HOSKY": {
      "volume": 33296.87500000001,
      "llc": 1.1000003614217861,
      "route": "MIN->ADA->HOSKY"
    },
    "iUSD": {
      "volume": 124311.87499999999,
      "llc": 1.0999997868105662,
      "route": "MIN->ADA->iUSD"
    },
    "WRT": {
      "volume": 76386.87499999999,
      "llc": 1.0999998646913434,
      "route": "MIN->ADA->WRT"
    },
    "COPI": {
      "volume": 47664.37499999998,
      "llc": 1.099999825909737,
      "route": "MIN->ADA->COPI"
    },
    "C3": {
      "volume": 59511.87499999999,
      "llc": 1.09999926488653,
      "route": "MIN->ADA->C3"
    },
    "iBTC": {
      "volume": 27343.124999999993,
      "llc": 1.1000015136846395,
      "route": "MIN->ADA->iBTC"
    },
    "WMT": {
      "volume": 212929.37500000003,
      "llc": 1.099999770561117,
      "route": "MIN->ADA->WMT"
    },
    "ADA": {
      "volume": 758105.6249999998,
      "llc": 1.1000000696627303,
      "route": "MIN->ADA"
    }
  },
  "WRT": {
    "MELD": {
      "volume": 50400.62499999999,
      "llc": 1.0999995267028408,
      "route": "WRT->ADA->MELD"
    },
    "HOSKY": {
      "volume": 24703.125,
      "llc": 1.0999988535247511,
      "route": "WRT->ADA->HOSKY"
    },
    "iUSD": {
      "volume": 54064.375,
      "llc": 1.0999993763326648,
      "route": "WRT->ADA->iUSD"
    },
    "MIN": {
      "volume": 76385.62500000001,
      "llc": 1.0999994372464197,
      "route": "WRT->ADA->MIN"
    },
    "COPI": {
      "volume": 31818.125,
      "llc": 1.1000016692760028,
      "route": "WRT->ADA->COPI"
    },
    "C3": {
      "volume": 36693.12499999999,
      "llc": 1.1000010336449515,
      "route": "WRT->ADA->C3"
    },
    "iBTC": {
      "volume": 21268.125,
      "llc": 1.0999998875644672,
      "route": "WRT->ADA->iBTC"
    },
    "WMT": {
      "volume": 66010.62499999999,
      "llc": 1.1000007055649936,
      "route": "WRT->ADA->WMT"
    },
    "ADA": {
      "volume": 84943.12499999999,
      "llc": 1.1000004189553945,
      "route": "WRT->ADA"
    }
  },
  "COPI": {
    "MELD": {
      "volume": 36063.12500000001,
      "llc": 1.0999989281446276,
      "route": "COPI->ADA->MELD"
    },
    "HOSKY": {
      "volume": 20676.875,
      "llc": 1.1000027070485157,
      "route": "COPI->ADA->HOSKY"
    },
    "iUSD": {
      "volume": 37900.625,
      "llc": 1.099998910906952,
      "route": "COPI->ADA->iUSD"
    },
    "MIN": {
      "volume": 47663.12500000001,
      "llc": 1.0999992997491017,
      "route": "COPI->ADA->MIN"
    },
    "WRT": {
      "volume": 31816.875000000007,
      "llc": 1.0999989214531176,
      "route": "COPI->ADA->WRT"
    },
    "C3": {
      "volume": 28458.125,
      "llc": 1.1000017844820091,
      "route": "COPI->ADA->C3"
    },
    "iBTC": {
      "volume": 18214.375000000004,
      "llc": 1.100000572364606,
      "route": "COPI->ADA->iBTC"
    },
    "WMT": {
      "volume": 43406.875000000015,
      "llc": 1.100000223383791,
      "route": "COPI->ADA->WMT"
    },
    "ADA": {
      "volume": 50859.375000000015,
      "llc": 1.099999218212743,
      "route": "COPI->ADA"
    }
  },
  "C3": {
    "MELD": {
      "volume": 42458.12499999999,
      "llc": 1.099999549711311,
      "route": "C3->ADA->MELD"
    },
    "HOSKY": {
      "volume": 22629.374999999993,
      "llc": 1.0999996055574899,
      "route": "C3->ADA->HOSKY"
    },
    "iUSD": {
      "volume": 45029.37499999999,
      "llc": 1.1000012192352695,
      "route": "C3->ADA->iUSD"
    },
    "MIN": {
      "volume": 59511.875,
      "llc": 1.1000006816283299,
      "route": "C3->ADA->MIN"
    },
    "WRT": {
      "volume": 36693.125,
      "llc": 1.100001404925529,
      "route": "C3->ADA->WRT"
    },
    "COPI": {
      "volume": 28458.125000000004,
      "llc": 1.1000013666768012,
      "route": "C3->ADA->COPI"
    },
    "iBTC": {
      "volume": 19713.125000000004,
      "llc": 1.1000008650827886,
      "route": "C3->ADA->iBTC"
    },
    "WMT": {
      "volume": 53019.375,
      "llc": 1.100000543982956,
      "route": "C3->ADA->WMT"
    },
    "ADA": {
      "volume": 64579.37500000001,
      "llc": 1.1000001800033186,
      "route": "C3->ADA"
    }
  },
  "iBTC": {
    "MELD": {
      "volume": 23084.375000000004,
      "llc": 1.1000022871506738,
      "route": "iBTC->ADA->MELD"
    },
    "HOSKY": {
      "volume": 15636.874999999996,
      "llc": 1.0999973123031854,
      "route": "iBTC->ADA->HOSKY"
    },
    "iUSD": {
      "volume": 23823.125,
      "llc": 1.1000010965848972,
      "route": "iBTC->ADA->iUSD"
    },
    "MIN": {
      "volume": 27341.875000000007,
      "llc": 1.100000792218065,
      "route": "iBTC->ADA->MIN"
    },
    "WRT": {
      "volume": 21268.125000000004,