{"json_time": 1672823079, "ETH": {"oracle": 1250.3524115, "cex_price": 1250.665, "dex_price": 1252.9761538639707}, "BNB|bsc": {"oracle": 255.376675, "cex_price": 255.05, "dex_price": 256.1501413114971}, "WBTC|eth": {"oracle": 16855.081957999, "cex_price": 16853.96, "dex_price": 16960.37567169095}, "pCKB": {"oracle": 0.002285531, "cex_price": 0.002275, "dex_price": 0.002290835474669134}, "USDC": {"oracle": 1.0, "cex_price": 1, "dex_price": 1}, "USDT": {"oracle": 0.999595076, "cex_price": 1, "dex_price": 24862.8448265567}}