{"USDC": {"WXDAI": {"volume": 7886448.199748993, "llc": 1.05}, "LINK": {"volume": 1476.8366813659668, "llc": 1.05}, "GNO": {"volume": 63465.60525894165, "llc": 1.05}, "WBTC": {"volume": 25318.670749664307, "llc": 1.05}, "WETH": {"volume": 52994.08747676776, "llc": 1.05}, "FOX": {"volume": 3384.183406829834, "llc": 1.05}, "USDT": {"volume": 3527207.2587013245, "llc": 1.05}, "EURe": {"volume": 552700.0403404236, "llc": 1.05}}, "WXDAI": {"USDC": {"volume": 7355252.136707306, "llc": 1.05}, "LINK": {"volume": 1476.8366813659668, "llc": 1.05}, "GNO": {"volume": 63465.60525894165, "llc": 1.05}, "WBTC": {"volume": 25318.670749664307, "llc": 1.05}, "WETH": {"volume": 52992, "llc": 1.05}, "FOX": {"volume": 3384.183406829834, "llc": 1.05}, "USDT": {"volume": 3525299.9119758606, "llc": 1.05}, "EURe": {"volume": 553653.7137031555, "llc": 1.05}}, "LINK": {"USDC": {"volume": 4337.856769561768, "llc": 1.2}, "WXDAI": {"volume": 4337.856769561768, "llc": 1.2}, "GNO": {"volume": 4337.856769561768, "llc": 1.2}, "WBTC": {"volume": 4337.856769561768, "llc": 1.2}, "WETH": {"volume": 4337.856769561768, "llc": 1.2}, "FOX": {"volume": 3384.183406829834, "llc": 1.2}, "USDT": {"volume": 4337.856769561768, "llc": 1.2}, "EURe": {"volume": 4337.856769561768, "llc": 1.2}}, "GNO": {"USDC": {"volume": 126408.04719924927, "llc": 1.1}, "WXDAI": {"volume": 126408.04719924927, "llc": 1.1}, "LINK": {"volume": 2430.5100440979004, "llc": 1.1}, "WBTC": {"volume": 58697.23844528198, "llc": 1.1}, "WETH": {"volume": 394390.2621269226, "llc": 1.1}, "FOX": {"volume": 4337.856769561768, "llc": 1.1}, "USDT": {"volume": 126408.04719924927, "llc": 1.1}, "EURe": {"volume": 126408.04719924927, "llc": 1.1}}, "WBTC": {"USDC": {"volume": 45345.81136703491, "llc": 1.1}, "WXDAI": {"volume": 50114.17818069458, "llc": 1.1}, "LINK": {"volume": 2430.5100440979004, "llc": 1.1}, "GNO": {"volume": 64419.278621673584, "llc": 1.1}, "WETH": {"volume": 103519.88649368286, "llc": 1.1}, "FOX": {"volume": 4337.856769561768, "llc": 1.1}, "USDT": {"volume": 37716.42446517944, "llc": 1.1}, "EURe": {"volume": 37716.42446517944, "llc": 1.1}}, "WETH": {"USDC": {"volume": 56733.65975947086, "llc": 1.05}, "WXDAI": {"volume": 56733.65975947086, "llc": 1.05}, "LINK": {"volume": 1476.8366813659668, "llc": 1.05}, "GNO": {"volume": 182674.77560043335, "llc": 1.05}, "WBTC": {"volume": 52975.19826889038, "llc": 1.05}, "FOX": {"volume": 2430.5100440979004, "llc": 1.05}, "USDT": {"volume": 55811.16122679653, "llc": 1.05}, "EURe": {"volume": 27226.017475128174, "llc": 1.05}}, "FOX": {"USDC": {"volume": 5291.530132293701, "llc": 1.1}, "WXDAI": {"volume": 5291.530132293701, "llc": 1.1}, "LINK": {"volume": 2430.5100440979004, "llc": 1.1}, "GNO": {"volume": 5291.530132293701, "llc": 1.1}, "WBTC": {"volume": 5291.530132293701, "llc": 1.1}, "WETH": {"volume": 5291.530132293701, "llc": 1.1}, "USDT": {"volume": 5291.530132293701, "llc": 1.1}, "EURe": {"volume": 4337.856769561768, "llc": 1.1}}, "USDT": {"USDC": {"volume": 7296124.388217926, "llc": 1.05}, "WXDAI": {"volume": 7820644.7377204895, "llc": 1.05}, "LINK": {"volume": 1476.8366813659668, "llc": 1.05}, "GNO": {"volume": 63465.60525894165, "llc": 1.05}, "WBTC": {"volume": 25318.670749664307, "llc": 1.05}, "WETH": {"volume": 53045.62255630107, "llc": 1.05}, "FOX": {"volume": 3384.183406829834, "llc": 1.05}, "EURe": {"volume": 552700.0403404236, "llc": 1.05}}, "EURe": {"USDC": {"volume": 599521.97265625, "llc": 1.15}, "WXDAI": {"volume": 599521.97265625, "llc": 1.15}, "LINK": {"volume": 3438.96484375, "llc": 1.15}, "GNO": {"volume": 163435.05859375, "llc": 1.15}, "WBTC": {"volume": 55145.01953125, "llc": 1.15}, "WETH": {"volume": 105875.48828125, "llc": 1.15}, "FOX": {"volume": 6365.72265625, "llc": 1.15}, "USDT": {"volume": 598546.38671875, "llc": 1.15}}, "json_time": 1683623325}