{"json_time": 1699292355, "USDC": {"oracle": 1.0000686954956397, "cex_price": 1, "dex_price": 1}, "WXDAI": {"oracle": 1.0, "cex_price": 1, "dex_price": 0.999990857912145}, "LINK": {"oracle": 12.528166893351468, "cex_price": 12.456, "dex_price": 13.111591152937208}, "GNO": {"oracle": 114.56753241259301, "cex_price": 114.19999999999999, "dex_price": 114.43055498013706}, "WBTC": {"oracle": 34974.64768681495, "cex_price": 34918.604999999996, "dex_price": 35441.95228449964}, "WETH": {"oracle": 1898.9294950196015, "cex_price": 1892.0549999999998, "dex_price": 1913.298331439935}, "FOX": {"oracle": 0.021649291943355468, "cex_price": 0.0215, "dex_price": 0.022769397636334898}, "USDT": {"oracle": 1.0007600608048643, "cex_price": 1, "dex_price": 1.0006719472098637}, "EURe": {"oracle": 1.0745959676774142, "cex_price": 1.0721500000000002, "dex_price": 1.0750066848460171}, "wstETH": {"oracle": 2175.36902325186, "cex_price": "NaN", "dex_price": 2190.7750494520324}, "sDAI": {"oracle": 1.0219656572525802, "cex_price": 1, "dex_price": 1.0220443408787563}}