{"USDC": {"WXDAI": {"volume": 5920927.399158478, "llc": 1.05}, "LINK": {"volume": 1476.8366813659668, "llc": 1.05}, "GNO": {"volume": 80631.72578811646, "llc": 1.05}, "WBTC": {"volume": 27226.017475128174, "llc": 1.05}, "WETH": {"volume": 82539.07251358032, "llc": 1.05}, "FOX": {"volume": 3384.183406829834, "llc": 1.05}, "USDT": {"volume": 3394646.6612815857, "llc": 1.05}, "EURe": {"volume": 269459.0516090393, "llc": 1.05}}, "WXDAI": {"USDC": {"volume": 5343955.014705658, "llc": 1.05}, "LINK": {"volume": 2430.5100440979004, "llc": 1.05}, "GNO": {"volume": 97797.84631729126, "llc": 1.05}, "WBTC": {"volume": 28179.690837860107, "llc": 1.05}, "WETH": {"volume": 93029.47950363159, "llc": 1.05}, "FOX": {"volume": 3384.183406829834, "llc": 1.05}, "USDT": {"volume": 3392739.314556122, "llc": 1.05}, "EURe": {"volume": 269459.0516090393, "llc": 1.05}}, "LINK": {"USDC": {"volume": 5291.530132293701, "llc": 1.2}, "WXDAI": {"volume": 5291.530132293701, "llc": 1.2}, "GNO": {"volume": 5291.530132293701, "llc": 1.2}, "WBTC": {"volume": 5291.530132293701, "llc": 1.2}, "WETH": {"volume": 5291.530132293701, "llc": 1.2}, "FOX": {"volume": 4337.856769561768, "llc": 1.2}, "USDT": {"volume": 5291.530132293701, "llc": 1.2}, "EURe": {"volume": 4337.856769561768, "llc": 1.2}}, "GNO": {"USDC": {"volume": 156925.59480667114, "llc": 1.1}, "WXDAI": {"volume": 206516.6096687317, "llc": 1.1}, "LINK": {"volume": 2430.5100440979004, "llc": 1.1}, "WBTC": {"volume": 71094.99216079712, "llc": 1.1}, "WETH": {"volume": 401065.97566604614, "llc": 1.1}, "FOX": {"volume": 6245.203495025635, "llc": 1.1}, "USDT": {"volume": 121639.6803855896, "llc": 1.1}, "EURe": {"volume": 112102.94675827026, "llc": 1.1}}, "WBTC": {"USDC": {"volume": 66326.62534713745, "llc": 1.1}, "WXDAI": {"volume": 66326.62534713745, "llc": 1.1}, "LINK": {"volume": 2430.5100440979004, "llc": 1.1}, "GNO": {"volume": 66326.62534713745, "llc": 1.1}, "WETH": {"volume": 109241.92667007446, "llc": 1.1}, "FOX": {"volume": 6245.203495025635, "llc": 1.1}, "USDT": {"volume": 66326.62534713745, "llc": 1.1}, "EURe": {"volume": 64419.278621673584, "llc": 1.1}}, "WETH": {"USDC": {"volume": 93983.15286636353, "llc": 1.05}, "WXDAI": {"volume": 93983.15286636353, "llc": 1.05}, "LINK": {"volume": 1476.8366813659668, "llc": 1.05}, "GNO": {"volume": 195072.5293159485, "llc": 1.05}, "WBTC": {"volume": 54882.54499435425, "llc": 1.05}, "FOX": {"volume": 3384.183406829834, "llc": 1.05}, "USDT": {"volume": 93983.15286636353, "llc": 1.05}, "EURe": {"volume": 85400.09260177612, "llc": 1.05}}, "FOX": {"USDC": {"volume": 6245.203495025635, "llc": 1.1}, "WXDAI": {"volume": 6245.203495025635, "llc": 1.1}, "LINK": {"volume": 2430.5100440979004, "llc": 1.1}, "GNO": {"volume": 7198.876857757568, "llc": 1.1}, "WBTC": {"volume": 6245.203495025635, "llc": 1.1}, "WETH": {"volume": 8152.550220489502, "llc": 1.1}, "USDT": {"volume": 6245.203495025635, "llc": 1.1}, "EURe": {"volume": 5291.530132293701, "llc": 1.1}}, "USDT": {"USDC": {"volume": 5155127.688884735, "llc": 1.05}, "WXDAI": {"volume": 5713980.279445648, "llc": 1.05}, "LINK": {"volume": 1476.8366813659668, "llc": 1.05}, "GNO": {"volume": 80631.72578811646, "llc": 1.05}, "WBTC": {"volume": 27226.017475128174, "llc": 1.05}, "WETH": {"volume": 82539.07251358032, "llc": 1.05}, "FOX": {"volume": 3384.183406829834, "llc": 1.05}, "EURe": {"volume": 271366.3983345032, "llc": 1.05}}, "EURe": {"USDC": {"volume": 776813.280582428, "llc": 1.15}, "WXDAI": {"volume": 776813.280582428, "llc": 1.15}, "LINK": {"volume": 3384.183406829834, "llc": 1.15}, "GNO": {"volume": 179813.75551223755, "llc": 1.15}, "WBTC": {"volume": 88261.11268997192, "llc": 1.15}, "WETH": {"volume": 262783.3380699158, "llc": 1.15}, "FOX": {"volume": 8152.550220489502, "llc": 1.15}, "USDT": {"volume": 778720.6273078918, "llc": 1.15}}, "json_time": 1680616945}