{"json_time": 1693900511, "ETH-VST": {"series_std_ratio": 1.0, "volume_for_slippage_10_percentss": [39997.38781005144], "trade_every": 1800, "collaterals": [0], "liquidation_incentives": [0.10000000000000009], "stability_pool_initial_balances": [0.03628293546205718], "share_institutionals": [0.10247705604203279], "recovery_halflife_retails": [3.3333333333333335], "price_recovery_times": [0], "l_factors": [0], "json_time": 1693901679.5372925, "current_debt": 821.1070890597522, "collateral_factor": 0.9090909090909091, "delays_in_minutes": [0]}, "gOHM-VST": {"series_std_ratio": 0.5718399563684763, "volume_for_slippage_10_percentss": [105.82709282636642], "trade_every": 1800, "collaterals": [0], "liquidation_incentives": [0.1499999999999999], "stability_pool_initial_balances": [0.02217542098758894], "share_institutionals": [0.5999903547830162], "recovery_halflife_retails": [3.3333333333333335], "price_recovery_times": [0], "l_factors": [0], "json_time": 1693901679.5372925, "current_debt": 1961.6777005093033, "collateral_factor": 0.6666666666666666, "delays_in_minutes": [0]}, "DPX-VST": {"series_std_ratio": 2.2756095294666916, "volume_for_slippage_10_percentss": [93.90617579221725], "trade_every": 1800, "collaterals": [0], "liquidation_incentives": [0.1499999999999999], "stability_pool_initial_balances": [0], "share_institutionals": [0], "recovery_halflife_retails": [3.3333333333333335], "price_recovery_times": [2], "l_factors": [0], "json_time": 1693901679.5372925, "current_debt": 0.0, "collateral_factor": 0.6666666666666666, "delays_in_minutes": [0]}, "GMX-VST": {"series_std_ratio": 2.0308729755116706, "volume_for_slippage_10_percentss": [2350.535770356655], "trade_every": 1800, "collaterals": [0], "liquidation_incentives": [0.1499999999999999], "stability_pool_initial_balances": [0.3181384870215497], "share_institutionals": [0.9189641573048559], "recovery_halflife_retails": [3.3333333333333335], "price_recovery_times": [0], "l_factors": [0], "json_time": 1693901679.5372925, "current_debt": 159.42512991811373, "collateral_factor": 0.6666666666666666, "delays_in_minutes": [0]}, "sGLP-VST": {"series_std_ratio": 0.6132330529291525, "volume_for_slippage_10_percentss": [36682.776828706264], "trade_every": 1800, "collaterals": [0], "liquidation_incentives": [0.10000000000000009], "stability_pool_initial_balances": [0.0007638934101328007], "share_institutionals": [0.0], "recovery_halflife_retails": [3.3333333333333335], "price_recovery_times": [0], "l_factors": [0], "json_time": 1693901679.5372925, "current_debt": 307.4734647137746, "collateral_factor": 0.8333333333333334, "delays_in_minutes": [0]}}