{"json_time": 1682325365, "USDC": {"oracle": 0.9999983201155761, "cex_price": 1, "dex_price": 1}, "WXDAI": {"oracle": 1.0, "cex_price": 1, "dex_price": 1.0000411928474249}, "LINK": {"oracle": 7.168466809483507, "cex_price": 7.1165, "dex_price": 7.574829465781734}, "GNO": {"oracle": 106.71346097388499, "cex_price": 106.85, "dex_price": 107.24177322060537}, "WBTC": {"oracle": 27203.176699533073, "cex_price": 27283.614999999998, "dex_price": 27615.864430407608}, "WETH": {"oracle": 1841.5041965812752, "cex_price": 1839.1350000000002, "dex_price": 1867.0893553282656}, "FOX": {"oracle": 0.030685118863822167, "cex_price": 0.031149999999999997, "dex_price": 0.03253753863894273}, "USDT": {"oracle": 0.999951203357209, "cex_price": 1, "dex_price": 1.0004065291988313}, "EURe": {"oracle": 1.0989957390931504, "cex_price": 1.09715, "dex_price": 1.094946796486855}}