{"USDC": {"WXDAI": {"volume": 9374178.64561081, "llc": 1.05}, "LINK": {"volume": 1476.8366813659668, "llc": 1.05}, "GNO": {"volume": 55836.21835708618, "llc": 1.05}, "WBTC": {"volume": 12920.91703414917, "llc": 1.05}, "WETH": {"volume": 12920.91703414917, "llc": 1.05}, "FOX": {"volume": 3384.183406829834, "llc": 1.05}, "USDT": {"volume": 6185094.920635223, "llc": 1.05}, "EURe": {"volume": 315235.3730201721, "llc": 1.05}}, "WXDAI": {"USDC": {"volume": 8558787.920475006, "llc": 1.05}, "LINK": {"volume": 1476.8366813659668, "llc": 1.05}, "GNO": {"volume": 55836.21835708618, "llc": 1.05}, "WBTC": {"volume": 15781.93712234497, "llc": 1.05}, "WETH": {"volume": 31994.38428878784, "llc": 1.05}, "FOX": {"volume": 3384.183406829834, "llc": 1.05}, "USDT": {"volume": 6182233.900547028, "llc": 1.05}, "EURe": {"volume": 315235.3730201721, "llc": 1.05}}, "LINK": {"USDC": {"volume": 4337.856769561768, "llc": 1.2}, "WXDAI": {"volume": 4337.856769561768, "llc": 1.2}, "GNO": {"volume": 4337.856769561768, "llc": 1.2}, "WBTC": {"volume": 4337.856769561768, "llc": 1.2}, "WETH": {"volume": 4337.856769561768, "llc": 1.2}, "FOX": {"volume": 3384.183406829834, "llc": 1.2}, "USDT": {"volume": 4337.856769561768, "llc": 1.2}, "EURe": {"volume": 4337.856769561768, "llc": 1.2}}, "GNO": {"USDC": {"volume": 110195.6000328064, "llc": 1.1}, "WXDAI": {"volume": 110195.6000328064, "llc": 1.1}, "LINK": {"volume": 2430.5100440979004, "llc": 1.1}, "WBTC": {"volume": 58697.23844528198, "llc": 1.1}, "WETH": {"volume": 375316.79487228394, "llc": 1.1}, "FOX": {"volume": 5291.530132293701, "llc": 1.1}, "USDT": {"volume": 110195.6000328064, "llc": 1.1}, "EURe": {"volume": 106380.90658187866, "llc": 1.1}}, "WBTC": {"USDC": {"volume": 26272.34411239624, "llc": 1.1}, "WXDAI": {"volume": 26272.34411239624, "llc": 1.1}, "LINK": {"volume": 2430.5100440979004, "llc": 1.1}, "GNO": {"volume": 57743.56508255005, "llc": 1.1}, "WETH": {"volume": 90168.45941543579, "llc": 1.1}, "FOX": {"volume": 5291.530132293701, "llc": 1.1}, "USDT": {"volume": 22457.650661468506, "llc": 1.1}, "EURe": {"volume": 23411.32402420044, "llc": 1.1}}, "WETH": {"USDC": {"volume": 12920.91703414917, "llc": 1.05}, "WXDAI": {"volume": 12920.91703414917, "llc": 1.05}, "LINK": {"volume": 1476.8366813659668, "llc": 1.05}, "GNO": {"volume": 177906.40878677368, "llc": 1.05}, "WBTC": {"volume": 45345.81136703491, "llc": 1.05}, "FOX": {"volume": 3384.183406829834, "llc": 1.05}, "USDT": {"volume": 12920.91703414917, "llc": 1.05}, "EURe": {"volume": 12920.91703414917, "llc": 1.05}}, "FOX": {"USDC": {"volume": 6245.203495025635, "llc": 1.1}, "WXDAI": {"volume": 6245.203495025635, "llc": 1.1}, "LINK": {"volume": 2430.5100440979004, "llc": 1.1}, "GNO": {"volume": 5291.530132293701, "llc": 1.1}, "WBTC": {"volume": 5291.530132293701, "llc": 1.1}, "WETH": {"volume": 5291.530132293701, "llc": 1.1}, "USDT": {"volume": 6245.203495025635, "llc": 1.1}, "EURe": {"volume": 5291.530132293701, "llc": 1.1}}, "USDT": {"USDC": {"volume": 8419551.609516144, "llc": 1.05}, "WXDAI": {"volume": 9220637.234210968, "llc": 1.05}, "LINK": {"volume": 1476.8366813659668, "llc": 1.05}, "GNO": {"volume": 55836.21835708618, "llc": 1.05}, "WBTC": {"volume": 12920.91703414917, "llc": 1.05}, "WETH": {"volume": 12920.91703414917, "llc": 1.05}, "FOX": {"volume": 3384.183406829834, "llc": 1.05}, "EURe": {"volume": 315235.3730201721, "llc": 1.05}}, "EURe": {"USDC": {"volume": 827809.08203125, "llc": 1.15}, "WXDAI": {"volume": 827809.08203125, "llc": 1.15}, "LINK": {"volume": 3438.96484375, "llc": 1.15}, "GNO": {"volume": 165386.23046875, "llc": 1.15}, "WBTC": {"volume": 48315.91796875, "llc": 1.15}, "WETH": {"volume": 94168.45703125, "llc": 1.15}, "FOX": {"volume": 7341.30859375, "llc": 1.15}, "USDT": {"volume": 827809.08203125, "llc": 1.15}}, "json_time": 1682325365}