{"json_time": 1669150894, "VST": {"oracle": 0.9914023380409847, "cex_price": 1, "dex_price": 1}, "ETH": {"oracle": 1124.67038108, "cex_price": 1126.0349999999999, "dex_price": 1124.7073428390154}, "gOHM": {"oracle": 2170.204719673964, "cex_price": "NaN", "dex_price": 2198.013174467491}, "renBTC": {"oracle": 16096.71260675, "cex_price": 16126.41, "dex_price": 16149.8916665267}, "GMX": {"oracle": 40.27825503422227, "cex_price": "NaN", "dex_price": 40.56717503577808}, "DPX": {"oracle": 181.26363057, "cex_price": "NaN", "dex_price": 181.3540958224385}, "sGLP": {"oracle": 0.8061932391786191, "cex_price": "NaN", "dex_price": "NaN"}}