{"json_time": 1680617809, "VST": {"oracle": 1.0016840486296439, "cex_price": 1, "dex_price": 1}, "ETH": {"oracle": 1871.81268243, "cex_price": 1871.3249999999998, "dex_price": 1872.7782255871748}, "gOHM": {"oracle": 2730.8424510736777, "cex_price": "NaN", "dex_price": 2764.6748835613703}, "GMX": {"oracle": 74.34555478857655, "cex_price": "NaN", "dex_price": 74.7399144718015}, "DPX": {"oracle": 253.75005934, "cex_price": "NaN", "dex_price": 257.9053409152652}, "sGLP": {"oracle": 0.9710792072646659, "cex_price": "NaN", "dex_price": "NaN"}}