{"json_time": 1683057120, "VST": {"oracle": 1.0019132181994292, "cex_price": 1, "dex_price": 1}, "ETH": {"oracle": 1870.91, "cex_price": 1868.7649999999999, "dex_price": 1869.568424011399}, "gOHM": {"oracle": 2792.691348073739, "cex_price": "NaN", "dex_price": 2802.7122805134054}, "GMX": {"oracle": 70.72817345901893, "cex_price": "NaN", "dex_price": 70.18687568322171}, "DPX": {"oracle": 175.91971994, "cex_price": "NaN", "dex_price": 175.90872041943314}, "sGLP": {"oracle": 0.9787503607725627, "cex_price": "NaN", "dex_price": "NaN"}}