{"json_time": 1669208926, "glp_data": {"liquidTreasury": 250111200.14868122, "treasuryUtilization": 0.35254840928511827, "liquidStableTreasury": 134815849.31669858, "stableTreasuryUtilization": 0.30830787818679156, "liquidSolidAssetTreasury": 102182973.24034336, "solidTreasuryUtilization": 0.4095866711406379}}