{"json_time": 1671378246, "ETH": {"oracle": 1175.68, "cex_price": 1174.585, "dex_price": 1186.4894340077653}, "BNB|bsc": {"oracle": 245.75, "cex_price": 245.25, "dex_price": 247.419996266525}, "WBTC|eth": {"oracle": 16687.44, "cex_price": 16686.015, "dex_price": 16887.886635467406}, "pCKB": {"oracle": 0.002199577, "cex_price": 0.0021850000000000003, "dex_price": 0.0022176490129840686}, "USDC": {"oracle": 0.999984996, "cex_price": 1, "dex_price": 1}, "USDT": {"oracle": 1.000139943, "cex_price": 1, "dex_price": 24862.818341623562}}