{"json_time": 1691006233, "stabilityPoolVstBalance": {"ETH": 49972.93438018556, "gOHM": 70149.18653396265, "GMX": 71164.13190889897, "DPX": 719.0992553355588, "sGLP": 593.4398844833815}, "stabilityPoolGemBalance": {"ETH": 19973.500706790768, "gOHM": 11088.571059125436, "GMX": 28909.693444704735, "DPX": 9400.787294882886, "sGLP": 0.0}, "bprotocolBalance": {"ETH": 4862.034435788685, "gOHM": 41554.43644137822, "DPX": 6.444376250823317, "GMX": 42949.91052813077, "sGLP": 0.0}, "bprotocolGemBalance": {"ETH": 0.015567632995832883, "gOHM": 0.0, "DPX": 0.02055619184015257, "GMX": 15.6173822008897, "sGLP": 0.0}}