{"json_time": 1686852168, "ETH": {"oracle": 1642.44885105, "cex_price": 1652.995, "dex_price": 1760.017477357986}, "BNB|bsc": {"oracle": 232.57, "cex_price": 234.14999999999998, "dex_price": 281.52364280340305}, "WBTC|eth": {"oracle": 25048.866942, "cex_price": 25167.175, "dex_price": 24659.69107473067}, "pCKB": {"oracle": 0.00262457, "cex_price": 0.002615, "dex_price": 0.0026240723829405116}, "USDC": {"oracle": 1.000012457, "cex_price": 1, "dex_price": 1}, "USDT": {"oracle": 0.999, "cex_price": 1, "dex_price": 1.0013423868840459}}