{"json_time": 1681908946, "ETH": {"oracle": 1978.79786, "cex_price": 1985.9050000000002, "dex_price": 1977.4930992271582}, "BNB|bsc": {"oracle": 326.21, "cex_price": 327.55, "dex_price": 327.01981979552465}, "WBTC|eth": {"oracle": 29235.81, "cex_price": 29332.995000000003, "dex_price": 30385.693105248887}, "pCKB": {"oracle": 0.004369218, "cex_price": 0.004375, "dex_price": 0.004371166937921341}, "USDC": {"oracle": 0.99989999, "cex_price": 1, "dex_price": 1}, "USDT": {"oracle": 1.0001, "cex_price": 1, "dex_price": 0.9979390312879108}}