{"json_time": 1669750388, "auUSDC": {"oracle": 1.00010096, "cex_price": 1, "dex_price": 1}, "auETH": {"oracle": 1215.17, "cex_price": 1217.855, "dex_price": 1227.8547435229366}, "auWBTC": {"oracle": 16422.14, "cex_price": 16444.1, "dex_price": 16676.93131789283}, "auUSDT": {"oracle": 0.9996, "cex_price": 1, "dex_price": 0.9992507857428689}, "auWNEAR": {"oracle": 1.61082365, "cex_price": 1.6205, "dex_price": 1.6293378394703277}, "auSTNEAR": {"oracle": 1.84135089, "cex_price": "NaN", "dex_price": 1.8807662251481272}}