{"json_time": 1688547862, "glp_data": {"liquidTreasury": 405281248.53396904, "treasuryUtilization": 0.23286208460257965, "liquidStableTreasury": 215068519.55170456, "stableTreasuryUtilization": 0.12690884045561665, "liquidSolidAssetTreasury": 180650346.4318511, "solidTreasuryUtilization": 0.3289185811061711}}