{"json_time": 1688547862, "stabilityPoolVstBalance": {"ETH": 55130.37790715128, "gOHM": 79913.8348383914, "GMX": 61583.37280490261, "DPX": 722.0060404260631, "sGLP": 447.8012059747788}, "stabilityPoolGemBalance": {"ETH": 21081.63477937021, "gOHM": 11075.757625039192, "GMX": 16347.082412139518, "DPX": 13658.313553569475, "sGLP": 0.0}, "bprotocolBalance": {"ETH": 4851.593396734523, "gOHM": 43001.87484420639, "DPX": 6.50425529031199, "GMX": 42157.758186068306, "sGLP": 0.0}, "bprotocolGemBalance": {"ETH": 0.015567632995832883, "gOHM": 0.0, "DPX": 0.01969001542327342, "GMX": 0.04883313578840406, "sGLP": 0.0}}