{"json_time": 1693991049, "VST": {"oracle": 1.000924858721877, "cex_price": 1, "dex_price": 1}, "ETH": {"oracle": 1631.17, "cex_price": 1632.855, "dex_price": 1631.7428793545778}, "gOHM": {"oracle": 2965.601760149322, "cex_price": "NaN", "dex_price": 2935.3334735946496}, "GMX": {"oracle": 32.744933233845806, "cex_price": "NaN", "dex_price": 33.21426535093084}, "DPX": {"oracle": 68.01311298, "cex_price": "NaN", "dex_price": 67.99294219160934}, "sGLP": {"oracle": 0.9403191697053882, "cex_price": "NaN", "dex_price": "NaN"}}