{"json_time":1677157705,"DAI":{"USDC":{"volume":2520939273.375859,"llc":1.031898812699464}},"WETH":{"USDC":{"volume":83310878.317421,"llc":1.0399930791620153}},"stETH":{"USDC":{"volume":63467853.782123,"llc":1.0399805989707493}},"WBTC":{"USDC":{"volume":34742947.323134,"llc":1.0399726175474018}},"USDT":{"USDC":{"volume":349600363.348474,"llc":1.039786597614729}},"sUSD":{"USDC":{"volume":24124146.64271,"llc":1.039839713956252}},"FRAX":{"USDC":{"volume":389744203.695466,"llc":1.0397661894348484}},"GUSD":{"USDC":{"volume":33970485.114057,"llc":1.0399563099719313}},"LUSD":{"USDC":{"volume":24764133.683417,"llc":1.0395856925680858}},"CVX":{"USDC":{"volume":1593130.880003,"llc":1.039983152992357}},"FXS":{"USDC":{"volume":1965157.5241690003,"llc":1.0399707864161853}},"LQTY":{"USDC":{"volume":56302.303036,"llc":1.0399947840900639}},"CRV":{"USDC":{"volume":1536591.560376,"llc":1.0399617389808662}},"LDO":{"USDC":{"volume":2813021.305523,"llc":1.039997314893268}},"SNX":{"USDC":{"volume":234113.72149200004,"llc":1.039541867597277}},"wstETH":{"USDC":{"volume":77893329.595477,"llc":1.0399636038288795}},"3Crv":{"USDC":{"volume":185559205.262213,"llc":1.0399590375631353}},"steCRV":{"USDC":{"volume":124430817.18556684,"llc":1.0399805989707493}},"FRAX3CRV-f":{"USDC":{"volume":513976935.0037694,"llc":1.0399590375631353}},"LUSD3CRV-f":{"USDC":{"volume":73530764.99926847,"llc":1.0395856925680858}},"crvPlain3andSUSD":{"USDC":{"volume":89044352.04253644,"llc":1.039839713956252}},"gusd3CRV":{"USDC":{"volume":66691590.54568247,"llc":1.0399563099719313}},"crvFRAX":{"USDC":{"volume":389744203.695466,"llc":1.0397661894348484}},"cvxsteCRV":{"USDC":{"volume":124430817.18556684,"llc":1.0399805989707493}},"stkcvxsteCRV":{"USDC":{"volume":124430817.18556684,"llc":1.0399805989707493}},"cvx3Crv":{"USDC":{"volume":185559205.262213,"llc":1.0399590375631353}},"stkcvx3Crv":{"USDC":{"volume":185559205.262213,"llc":1.0399590375631353}},"cvxFRAX3CRV-f":{"USDC":{"volume":513976935.0037694,"llc":1.0399590375631353}},"stkcvxFRAX3CRV-f":{"USDC":{"volume":513976935.0037694,"llc":1.0399590375631353}},"cvxLUSD3CRV-f":{"USDC":{"volume":73530764.99926847,"llc":1.0395856925680858}},"stkcvxLUSD3CRV-f":{"USDC":{"volume":73530764.99926847,"llc":1.0395856925680858}},"cvxcrvPlain3andSUSD":{"USDC":{"volume":89044352.04253644,"llc":1.039839713956252}},"stkcvxcrvPlain3andSUSD":{"USDC":{"volume":89044352.04253644,"llc":1.039839713956252}},"cvxgusd3CRV":{"USDC":{"volume":66691590.54568247,"llc":1.0399563099719313}},"stkcvxgusd3CRV":{"USDC":{"volume":66691590.54568247,"llc":1.0399563099719313}},"yvDAI":{"USDC":{"volume":2520939273.375859,"llc":1.031898812699464}},"yvUSDC":{"USDC":{"volume":999999999999,"llc":1}},"yvWETH":{"USDC":{"volume":83310878.317421,"llc":1.0399930791620153}},"yvWBTC":{"USDC":{"volume":34742947.323134,"llc":1.0399726175474018}},"yvCurve-stETH":{"USDC":{"volume":124430817.18556684,"llc":1.0399805989707493}},"yvCurve-FRAX":{"USDC":{"volume":513976935.0037694,"llc":1.0399590375631353}},"cvxcrvFRAX":{"USDC":{"volume":389744203.695466,"llc":1.0397661894348484}},"stkcvxcrvFRAX":{"USDC":{"volume":389744203.695466,"llc":1.0397661894348484}}}