{"json_time": 1691343016, "stabilityPoolVstBalance": {"ETH": 49769.34306010852, "gOHM": 70168.6134013438, "GMX": 69461.46738747419, "DPX": 719.3782351468442, "sGLP": 573.6454773188858}, "stabilityPoolGemBalance": {"ETH": 19844.045938993233, "gOHM": 11088.571059125436, "GMX": 19030.09611985714, "DPX": 8911.06090985257, "sGLP": 0.0}, "bprotocolBalance": {"ETH": 4863.380910393075, "gOHM": 41565.944379898, "DPX": 6.44616093356826, "GMX": 42961.80492430396, "sGLP": 0.0}, "bprotocolGemBalance": {"ETH": 0.015567632995832883, "gOHM": 0.0, "DPX": 0.02055619184015257, "GMX": 15.6173822008897, "sGLP": 0.0}}