{"json_time": 1674042915, "USDC": {"oracle": 0.9999872983216003, "cex_price": 1, "dex_price": 1}, "WXDAI": {"oracle": 1.0, "cex_price": 1, "dex_price": 1.0004089752693355}, "LINK": {"oracle": 6.746091428521365, "cex_price": 6.7515, "dex_price": 7.194090899309962}, "GNO": {"oracle": 104.91449359118315, "cex_price": 104.5, "dex_price": 106.326653295424}, "WBTC": {"oracle": 21225.79226518992, "cex_price": 21208.300000000003, "dex_price": 21297.73034347276}, "WETH": {"oracle": 1579.2690546128765, "cex_price": 1576.315, "dex_price": 1580.2555648078912}, "FOX": {"oracle": 0.04022709560841369, "cex_price": 0.04095, "dex_price": 0.04117924520721477}, "USDT": {"oracle": 1.00025050310148, "cex_price": 1, "dex_price": 1.000432155677856}}