{"json_time": 1678903409, "ETH": {"oracle": 1626.815, "cex_price": 1642.2649999999999, "dex_price": 1605.4534236603768}, "BNB|bsc": {"oracle": 303.72, "cex_price": 305.25, "dex_price": 304.56241765425113}, "WBTC|eth": {"oracle": 24230.685, "cex_price": 24326.129999999997, "dex_price": 23587.665311853583}, "pCKB": {"oracle": 0.004088721, "cex_price": 0.004135, "dex_price": 0.004077604901498814}, "USDC": {"oracle": 0.999446297, "cex_price": 1, "dex_price": 1}, "USDT": {"oracle": 1.00204, "cex_price": 1, "dex_price": 1.0026315478392844}}