{"json_time": 1687940338, "ETH": {"VST": {"volume": 28195876.13248825, "llc": 1.1}}, "gOHM": {"VST": {"volume": 382946.1817741394, "llc": 1.15}}, "GMX": {"VST": {"volume": 5649130.490779877, "llc": 1.15}}, "DPX": {"VST": {"volume": 469730.45778274536, "llc": 1.15}}, "sGLP": {"VST": {"volume": 26850243.017673492, "llc": 1.1}}}