{"json_time": 1692291820, "ETH-VST": {"series_std_ratio": 1.0, "volume_for_slippage_10_percentss": [32311.376552283764], "trade_every": 1800, "collaterals": [848, 1132, 1417, 1701, 1985, 2269, 2553, 2838, 3122, 3406, 3690, 3975, 4259, 4543, 4827, 5111, 5396, 5680, 5964, 6248, 6532, 6817, 7101, 7385, 7669, 7953, 8238, 8522, 8806, 9090, 1875.0], "liquidation_incentives": [0.10000000000000009], "stability_pool_initial_balances": [0.03651274572940196, 0.01825637286470098, 0.07302549145880392], "share_institutionals": [0.09838064041553933, 0.049190320207769665, 0.19676128083107866, 1], "recovery_halflife_retails": [3.3333333333333335], "price_recovery_times": [0], "l_factors": [0.25, 0.5, 1, 1.5, 2], "json_time": 1692292887.0506725, "current_debt": 848.7031136159452}, "gOHM-VST": {"series_std_ratio": 0.5718399563684763, "volume_for_slippage_10_percentss": [129.0728810429573], "trade_every": 1800, "collaterals": [1958, 2362, 2765, 3169, 3572, 3976, 4379, 4783, 5186, 5589, 5993, 6396, 6800, 7203, 7607, 8010, 8414, 8817, 9221, 9624, 10027, 10431, 10834, 11238, 11641, 12045, 12448, 12852, 13255, 13659, 2812.5], "liquidation_incentives": [0.1499999999999999], "stability_pool_initial_balances": [0.022458812775993545, 0.011229406387996773, 0.04491762555198709], "share_institutionals": [0.5924195031372331, 0.29620975156861656, 1, 1], "recovery_halflife_retails": [3.3333333333333335], "price_recovery_times": [0], "l_factors": [0.25, 0.5, 1, 1.5, 2], "json_time": 1692292887.0506725, "current_debt": 1958.8840423226318}, "DPX-VST": {"series_std_ratio": 2.2756095294666916, "volume_for_slippage_10_percentss": [161.85540288686752], "trade_every": 1800, "collaterals": [2, 106, 211, 315, 419, 523, 627, 731, 835, 939, 1043, 1147, 1251, 1355, 1459, 1563, 1668, 1772, 1876, 1980, 2084, 2188, 2292, 2396, 2500, 2604, 2708, 2812, 2916, 3020, 625.0], "liquidation_incentives": [0.1499999999999999], "stability_pool_initial_balances": [0.0, 0.0, 0.0], "share_institutionals": [0, 0.0, 0, 1], "recovery_halflife_retails": [3.3333333333333335], "price_recovery_times": [2], "l_factors": [0.25, 0.5, 1, 1.5, 2], "json_time": 1692292887.0506725, "current_debt": 2.902160041222607}, "GMX-VST": {"series_std_ratio": 2.0308729755116706, "volume_for_slippage_10_percentss": [3022.279445230961], "trade_every": 1800, "collaterals": [200, 297, 395, 492, 590, 687, 785, 882, 980, 1077, 1175, 1272, 1370, 1467, 1565, 1662, 1760, 1857, 1955, 2052, 2150, 2247, 2345, 2442, 2540, 2637, 2735, 2832, 2930, 3027, 625.0], "liquidation_incentives": [0.1499999999999999], "stability_pool_initial_balances": [0.32564273464917465, 0.16282136732458732, 0.6512854692983493], "share_institutionals": [0.7132068609273389, 0.35660343046366944, 1, 1], "recovery_halflife_retails": [3.3333333333333335], "price_recovery_times": [0], "l_factors": [0.25, 0.5, 1, 1.5, 2], "json_time": 1692292887.0506725, "current_debt": 200.39910399589732}, "sGLP-VST": {"series_std_ratio": 0.6132330529291525, "volume_for_slippage_10_percentss": [31938.251849114895], "trade_every": 1800, "collaterals": [287, 329, 372, 414, 457, 499, 542, 584, 627, 669, 712, 754, 797, 839, 882, 924, 967, 1009, 1052, 1094, 1137, 1179, 1222, 1264, 1307, 1349, 1392, 1434, 1477, 1519, 312.5], "liquidation_incentives": [0.10000000000000009], "stability_pool_initial_balances": [0.00687500274150309, 0.003437501370751545, 0.01375000548300618], "share_institutionals": [0.0, 0.0, 0.0, 1], "recovery_halflife_retails": [3.3333333333333335], "price_recovery_times": [0], "l_factors": [0.25, 0.5, 1, 1.5, 2], "json_time": 1692292887.0506725, "current_debt": 287.1563839110754}}