{"json_time": 1692291820, "stabilityPoolVstBalance": {"ETH": 49581.5695795372, "gOHM": 70390.73593024864, "GMX": 104413.61959434935, "DPX": 0.0, "sGLP": 3158.7214826060117}, "stabilityPoolGemBalance": {"ETH": 18202.141772097646, "gOHM": 11213.495155644887, "GMX": 16160.988263872572, "DPX": 7789.109023496798, "sGLP": 0.0}, "bprotocolBalance": {"ETH": 4877.851004601329, "gOHM": 41700.84480526209, "DPX": 0.0, "GMX": 74463.19585074656, "sGLP": 0.0}, "bprotocolGemBalance": {"ETH": 0.015563441164030752, "gOHM": 0.0, "DPX": 0.11910192561432548, "GMX": 5.3140182006197065, "sGLP": 0.0}}