{"json_time": 1692291820, "ETH": {"VST": {"volume": 51698202.48365402, "llc": 1.1}}, "gOHM": {"VST": {"volume": 206516.6096687317, "llc": 1.15}}, "GMX": {"VST": {"volume": 4835647.112369537, "llc": 1.15}}, "DPX": {"VST": {"volume": 258968.64461898804, "llc": 1.15}}, "sGLP": {"VST": {"volume": 51101202.95858383, "llc": 1.1}}}