{"json_time": 1675095575, "ETH-VST": {"series_std_ratio": 1.0, "volume_for_slippage_10_percentss": [15666.796143352985], "trade_every": 1800, "collaterals": [282, 3398, 6513, 9629, 12744, 15860, 18976, 22091, 25207, 28322, 31438, 34554, 37669, 40785, 43900, 47016, 50131, 53247, 56363, 59478, 62594, 65709, 68825, 71940, 75056, 78172, 81287, 84403, 87518, 90634, 18750.0], "liquidation_incentives": [0.10000000000000009], "stability_pool_initial_balances": [1.670275823342566, 0.835137911671283, 3.340551646685132], "share_institutionals": [0.16643964395984945, 0.08321982197992472, 0.3328792879196989, 1], "recovery_halflife_retails": [3.3333333333333335], "price_recovery_times": [0], "l_factors": [0.25, 0.5, 1, 1.5, 2], "json_time": 1675097024.1955018, "current_debt": 282.6525251147503}, "gOHM-VST": {"series_std_ratio": 0.5718399563684763, "volume_for_slippage_10_percentss": [227.42044657468796], "trade_every": 1800, "collaterals": [3353, 3866, 4379, 4892, 5406, 5919, 6432, 6945, 7459, 7972, 8485, 8998, 9511, 10025, 10538, 11051, 11564, 12078, 12591, 13104, 13617, 14130, 14644, 15157, 15670, 16183, 16697, 17210, 17723, 18236, 3750.0], "liquidation_incentives": [0.1499999999999999], "stability_pool_initial_balances": [0.1858979055185103, 0.09294895275925515, 0.3717958110370206], "share_institutionals": [0.00263996889104814, 0.00131998444552407, 0.00527993778209628, 1], "recovery_halflife_retails": [3.3333333333333335], "price_recovery_times": [0], "l_factors": [0.25, 0.5, 1, 1.5, 2], "json_time": 1675097024.1955018, "current_debt": 3353.2780028139546}, "DPX-VST": {"series_std_ratio": 2.2756095294666916, "volume_for_slippage_10_percentss": [474.77947503328323], "trade_every": 1800, "collaterals": [404, 807, 1210, 1613, 2017, 2420, 2823, 3226, 3629, 4032, 4436, 4839, 5242, 5645, 6048, 6452, 6855, 7258, 7661, 8064, 8468, 8871, 9274, 9677, 10080, 10484, 10887, 11290, 11693, 12096, 2500.0], "liquidation_incentives": [0.1499999999999999], "stability_pool_initial_balances": [0.07353539440611027, 0.03676769720305514, 0.14707078881222055], "share_institutionals": [0.04428094327454421, 0.022140471637272105, 0.08856188654908842, 1], "recovery_halflife_retails": [3.3333333333333335], "price_recovery_times": [2], "l_factors": [0.25, 0.5, 1, 1.5, 2], "json_time": 1675097024.1955018, "current_debt": 404.2423735755719}, "GMX-VST": {"series_std_ratio": 2.0308729755116706, "volume_for_slippage_10_percentss": [1942.244361937046], "trade_every": 1800, "collaterals": [91, 505, 918, 1332, 1745, 2159, 2573, 2986, 3400, 3813, 4227, 4641, 5054, 5468, 5882, 6295, 6709, 7122, 7536, 7950, 8363, 8777, 9191, 9604, 10018, 10431, 10845, 11259, 11672, 12086, 2500.0], "liquidation_incentives": [0.1499999999999999], "stability_pool_initial_balances": [0.254676078999658, 0.127338039499829, 0.509352157999316], "share_institutionals": [0.030712685954304653, 0.015356342977152326, 0.061425371908609305, 1], "recovery_halflife_retails": [3.3333333333333335], "price_recovery_times": [0], "l_factors": [0.25, 0.5, 1, 1.5, 2], "json_time": 1675097024.1955018, "current_debt": 91.38450322172034}, "sGLP-VST": {"series_std_ratio": 0.6132330529291525, "volume_for_slippage_10_percentss": [15667.392189204693], "trade_every": 1800, "collaterals": [1599, 2275, 2951, 3627, 4303, 4978, 5654, 6330, 7006, 7682, 8358, 9033, 9709, 10385, 11061, 11737, 12413, 13089, 13764, 14440, 15116, 15792, 16468, 17144, 17819, 18495, 19171, 19847, 20523, 21199, 4375.0], "liquidation_incentives": [0.10000000000000009], "stability_pool_initial_balances": [0.9550257429637662, 0.4775128714818831, 1.9100514859275324], "share_institutionals": [0.0, 0.0, 0.0, 1], "recovery_halflife_retails": [3.3333333333333335], "price_recovery_times": [0], "l_factors": [0.25, 0.5, 1, 1.5, 2], "json_time": 1675097024.1955018, "current_debt": 1599.6477444668594}}