{"json_time": 1670628847, "auUSDC": {"oracle": 1.00000947, "cex_price": 1, "dex_price": 1}, "auETH": {"oracle": 1271.87236495, "cex_price": 1273.1149999999998, "dex_price": 1284.8520902073842}, "auWBTC": {"oracle": 17170.815, "cex_price": 17175.235, "dex_price": 17416.390007311402}, "auUSDT": {"oracle": 1.0, "cex_price": 1, "dex_price": 0.9995514462907198}, "auWNEAR": {"oracle": 1.729, "cex_price": 1.7185000000000001, "dex_price": 1.7227498306316}, "auSTNEAR": {"oracle": 1.98193596, "cex_price": "NaN", "dex_price": 1.9981765000138847}}