{"json_time": 1692969763, "VST": {"oracle": 1.0013857407200364, "cex_price": 1, "dex_price": 1}, "ETH": {"oracle": 1656.8442, "cex_price": 1655.005, "dex_price": 1655.0041978014463}, "gOHM": {"oracle": 2875.1127779078824, "cex_price": "NaN", "dex_price": 2884.6036149338743}, "GMX": {"oracle": 36.6810585109251, "cex_price": "NaN", "dex_price": 36.64123875736297}, "DPX": {"oracle": 73.19565982, "cex_price": "NaN", "dex_price": 73.57094472001707}, "sGLP": {"oracle": 0.9428470314565636, "cex_price": "NaN", "dex_price": "NaN"}}