{"json_time": 1692969763, "stabilityPoolVstBalance": {"ETH": 48055.316492536054, "gOHM": 70448.22758771577, "GMX": 81765.60757774484, "DPX": 0.0, "sGLP": 375.6481754932487}, "stabilityPoolGemBalance": {"ETH": 17303.678530905974, "gOHM": 11261.033025824325, "GMX": 13392.063051710096, "DPX": 7479.370232687884, "sGLP": 0.0}, "bprotocolBalance": {"ETH": 4882.793451075406, "gOHM": 41743.09787801468, "DPX": 0.0, "GMX": 74538.64513352167, "sGLP": 0.0}, "bprotocolGemBalance": {"ETH": 0.015563441164030752, "gOHM": 0.0, "DPX": 0.11910192561432548, "GMX": 5.3140182006197065, "sGLP": 0.0}}