{"json_time": 1673445625, "USDC": {"oracle": 1.0002878444152483, "cex_price": 1, "dex_price": 1}, "WXDAI": {"oracle": 1.0, "cex_price": 1, "dex_price": 1.000393852059239}, "LINK": {"oracle": 6.06945033807293, "cex_price": 6.0825, "dex_price": 6.524353461307863}, "GNO": {"oracle": 92.1962474380717, "cex_price": 91.75, "dex_price": 92.36095753463115}, "WBTC": {"oracle": 17410.00504451263, "cex_price": 17426.68, "dex_price": 17628.830612675905}, "WETH": {"oracle": 1329.7065917061127, "cex_price": 1333.775, "dex_price": 1334.7603715895507}, "FOX": {"oracle": 0.03036117048741801, "cex_price": 0.030100000000000002, "dex_price": 0.03131168775141258}, "USDT": {"oracle": 0.9999600780007063, "cex_price": 1, "dex_price": 1.0003946787098288}}