{"USDC": {"WXDAI": {"volume": 3419442.168712616, "llc": 1.05}, "LINK": {"volume": 1476.8366813659668, "llc": 1.05}, "GNO": {"volume": 70141.31879806519, "llc": 1.05}, "WBTC": {"volume": 11967.243671417236, "llc": 1.05}, "WETH": {"volume": 69187.64543533325, "llc": 1.05}, "FOX": {"volume": 3384.183406829834, "llc": 1.05}, "USDT": {"volume": 3213448.7223625183, "llc": 1.05}}, "WXDAI": {"USDC": {"volume": 3399415.0280952454, "llc": 1.05}, "LINK": {"volume": 1476.8366813659668, "llc": 1.05}, "GNO": {"volume": 91122.13277816772, "llc": 1.05}, "WBTC": {"volume": 11967.243671417236, "llc": 1.05}, "WETH": {"volume": 70141.31879806519, "llc": 1.05}, "FOX": {"volume": 3384.183406829834, "llc": 1.05}, "USDT": {"volume": 3222985.4559898376, "llc": 1.05}}, "LINK": {"USDC": {"volume": 4337.856769561768, "llc": 1.2}, "WXDAI": {"volume": 4337.856769561768, "llc": 1.2}, "GNO": {"volume": 4337.856769561768, "llc": 1.2}, "WBTC": {"volume": 4337.856769561768, "llc": 1.2}, "WETH": {"volume": 4337.856769561768, "llc": 1.2}, "FOX": {"volume": 4337.856769561768, "llc": 1.2}, "USDT": {"volume": 4337.856769561768, "llc": 1.2}}, "GNO": {"USDC": {"volume": 140713.14764022827, "llc": 1.1}, "WXDAI": {"volume": 179813.75551223755, "llc": 1.1}, "LINK": {"volume": 2430.5100440979004, "llc": 1.1}, "WBTC": {"volume": 23411.32402420044, "llc": 1.1}, "WETH": {"volume": 272320.0716972351, "llc": 1.1}, "FOX": {"volume": 5291.530132293701, "llc": 1.1}, "USDT": {"volume": 100658.86640548706, "llc": 1.1}}, "WBTC": {"USDC": {"volume": 22457.650661468506, "llc": 1.1}, "WXDAI": {"volume": 22457.650661468506, "llc": 1.1}, "LINK": {"volume": 2430.5100440979004, "llc": 1.1}, "GNO": {"volume": 23411.32402420044, "llc": 1.1}, "WETH": {"volume": 26272.34411239624, "llc": 1.1}, "FOX": {"volume": 5291.530132293701, "llc": 1.1}, "USDT": {"volume": 22457.650661468506, "llc": 1.1}}, "WETH": {"USDC": {"volume": 70141.31879806519, "llc": 1.05}, "WXDAI": {"volume": 70141.31879806519, "llc": 1.05}, "LINK": {"volume": 1476.8366813659668, "llc": 1.05}, "GNO": {"volume": 130222.740650177, "llc": 1.05}, "WBTC": {"volume": 13874.590396881104, "llc": 1.05}, "FOX": {"volume": 3384.183406829834, "llc": 1.05}, "USDT": {"volume": 70141.31879806519, "llc": 1.05}}, "FOX": {"USDC": {"volume": 6245.203495025635, "llc": 1.1}, "WXDAI": {"volume": 6245.203495025635, "llc": 1.1}, "LINK": {"volume": 2430.5100440979004, "llc": 1.1}, "GNO": {"volume": 5291.530132293701, "llc": 1.1}, "WBTC": {"volume": 5291.530132293701, "llc": 1.1}, "WETH": {"volume": 6245.203495025635, "llc": 1.1}, "USDT": {"volume": 6245.203495025635, "llc": 1.1}}, "USDT": {"USDC": {"volume": 3196282.6018333435, "llc": 1.05}, "WXDAI": {"volume": 3225846.4760780334, "llc": 1.05}, "LINK": {"volume": 1476.8366813659668, "llc": 1.05}, "GNO": {"volume": 51067.851543426514, "llc": 1.05}, "WBTC": {"volume": 11967.243671417236, "llc": 1.05}, "WETH": {"volume": 70141.31879806519, "llc": 1.05}, "FOX": {"volume": 3384.183406829834, "llc": 1.05}}, "json_time": 1673445625}