{"json_time": 1670510080, "stabilityPoolVstBalance": {"ETH": 847808.0368262383, "gOHM": 252856.20679413792, "GMX": 94425.66029246099, "DPX": 81556.15009639773, "sGLP": 4469912.5886061}, "stabilityPoolGemBalance": {"ETH": 25175.883451876078, "gOHM": 10047.763944935032, "GMX": 2148.537772645925, "DPX": 79.43078684463774, "sGLP": 0.0}, "bprotocolBalance": {"ETH": 134108.38308243232, "gOHM": 140260.8514135181, "DPX": 2129.460883443065, "GMX": 467.4461073921004, "sGLP": 0.0}, "bprotocolGemBalance": {"ETH": 0.09641446594397442, "gOHM": 0.0, "DPX": 7.5334901992581e-05, "GMX": 2.833783015362389, "sGLP": 0.0}}