{"json_time": 1683136720, "glp_data": {"liquidTreasury": 442258352.0456251, "treasuryUtilization": 0.24639018335487928, "liquidStableTreasury": 281385076.42454976, "stableTreasuryUtilization": 0.09267688812818953, "liquidSolidAssetTreasury": 152164413.30553806, "solidTreasuryUtilization": 0.42710104509083197}}