{"json_time": 1683136720, "ETH-VST": {"series_std_ratio": 1.0, "volume_for_slippage_10_percentss": [9721.238772571087], "trade_every": 1800, "collaterals": [487, 3595, 6704, 9813, 12922, 16030, 19139, 22248, 25357, 28465, 31574, 34683, 37792, 40901, 44009, 47118, 50227, 53336, 56444, 59553, 62662, 65771, 68879, 71988, 75097, 78206, 81314, 84423, 87532, 90641, 18750.0], "liquidation_incentives": [0.10000000000000009], "stability_pool_initial_balances": [0.20171148745090534, 0.10085574372545267, 0.40342297490181067], "share_institutionals": [0.3019127215290252, 0.1509563607645126, 0.6038254430580504, 1], "recovery_halflife_retails": [3.3333333333333335], "price_recovery_times": [0], "l_factors": [0.25, 0.5, 1, 1.5, 2], "json_time": 1683137543.7340796, "current_debt": 487.09365914674703}, "gOHM-VST": {"series_std_ratio": 0.5718399563684763, "volume_for_slippage_10_percentss": [285.23689419031143], "trade_every": 1800, "collaterals": [2768, 3144, 3521, 3897, 4274, 4650, 5027, 5403, 5780, 6156, 6533, 6909, 7285, 7662, 8038, 8415, 8791, 9168, 9544, 9921, 10297, 10674, 11050, 11427, 11803, 12180, 12556, 12933, 13309, 13686, 2812.5], "liquidation_incentives": [0.1499999999999999], "stability_pool_initial_balances": [0.025127653807450655, 0.012563826903725327, 0.05025530761490131], "share_institutionals": [0.3891590565730194, 0.1945795282865097, 0.7783181131460388, 1], "recovery_halflife_retails": [3.3333333333333335], "price_recovery_times": [0], "l_factors": [0.25, 0.5, 1, 1.5, 2], "json_time": 1683137543.7340796, "current_debt": 2768.2686969107344}, "DPX-VST": {"series_std_ratio": 2.2756095294666916, "volume_for_slippage_10_percentss": [374.04772609472275], "trade_every": 1800, "collaterals": [474, 563, 651, 739, 828, 916, 1004, 1093, 1181, 1269, 1358, 1446, 1534, 1623, 1711, 1799, 1888, 1976, 2064, 2153, 2241, 2329, 2418, 2506, 2594, 2683, 2771, 2859, 2948, 3036, 625.0], "liquidation_incentives": [0.1499999999999999], "stability_pool_initial_balances": [0.05803020947251358, 0.02901510473625679, 0.11606041894502717], "share_institutionals": [0.3257225205171321, 0.16286126025856604, 0.6514450410342641, 1], "recovery_halflife_retails": [3.3333333333333335], "price_recovery_times": [2], "l_factors": [0.25, 0.5, 1, 1.5, 2], "json_time": 1683137543.7340796, "current_debt": 474.9769262475405}, "GMX-VST": {"series_std_ratio": 2.0308729755116706, "volume_for_slippage_10_percentss": [6153.904350101948], "trade_every": 1800, "collaterals": [104, 517, 930, 1343, 1757, 2170, 2583, 2996, 3409, 3823, 4236, 4649, 5062, 5475, 5888, 6302, 6715, 7128, 7541, 7954, 8368, 8781, 9194, 9607, 10020, 10434, 10847, 11260, 11673, 12086, 2500.0], "liquidation_incentives": [0.1499999999999999], "stability_pool_initial_balances": [0.45844953169848873, 0.22922476584924437, 0.9168990633969775], "share_institutionals": [0.2772974883513035, 0.13864874417565176, 0.554594976702607, 1], "recovery_halflife_retails": [3.3333333333333335], "price_recovery_times": [0], "l_factors": [0.25, 0.5, 1, 1.5, 2], "json_time": 1683137543.7340796, "current_debt": 104.31892347418554}, "sGLP-VST": {"series_std_ratio": 0.6132330529291525, "volume_for_slippage_10_percentss": [6354.771802127361], "trade_every": 1800, "collaterals": [319, 360, 401, 443, 484, 526, 567, 609, 650, 692, 733, 774, 816, 857, 899, 940, 982, 1023, 1065, 1106, 1148, 1189, 1230, 1272, 1313, 1355, 1396, 1438, 1479, 1521, 312.5], "liquidation_incentives": [0.10000000000000009], "stability_pool_initial_balances": [0.0021021741889435284, 0.0010510870944717642, 0.004204348377887057], "share_institutionals": [0.0, 0.0, 0.0, 1], "recovery_halflife_retails": [3.3333333333333335], "price_recovery_times": [0], "l_factors": [0.25, 0.5, 1, 1.5, 2], "json_time": 1683137543.7340796, "current_debt": 319.066577493499}}