{"USDC": {"WXDAI": {"volume": 4695457.128047943, "llc": 1.05}, "LINK": {"volume": 1476.8366813659668, "llc": 1.05}, "GNO": {"volume": 71094.99216079712, "llc": 1.05}, "WBTC": {"volume": 26272.34411239624, "llc": 1.05}, "WETH": {"volume": 77770.70569992065, "llc": 1.05}, "FOX": {"volume": 4337.856769561768, "llc": 1.05}, "USDT": {"volume": 4125160.457134247, "llc": 1.05}}, "WXDAI": {"USDC": {"volume": 4900496.901035309, "llc": 1.05}, "LINK": {"volume": 1476.8366813659668, "llc": 1.05}, "GNO": {"volume": 93029.47950363159, "llc": 1.05}, "WBTC": {"volume": 26272.34411239624, "llc": 1.05}, "WETH": {"volume": 78724.37906265259, "llc": 1.05}, "FOX": {"volume": 3384.183406829834, "llc": 1.05}, "USDT": {"volume": 4128975.1505851746, "llc": 1.05}}, "LINK": {"USDC": {"volume": 4337.856769561768, "llc": 1.2}, "WXDAI": {"volume": 5291.530132293701, "llc": 1.2}, "GNO": {"volume": 5291.530132293701, "llc": 1.2}, "WBTC": {"volume": 5291.530132293701, "llc": 1.2}, "WETH": {"volume": 5291.530132293701, "llc": 1.2}, "FOX": {"volume": 4337.856769561768, "llc": 1.2}, "USDT": {"volume": 5291.530132293701, "llc": 1.2}}, "GNO": {"USDC": {"volume": 145481.51445388794, "llc": 1.1}, "WXDAI": {"volume": 201748.24285507202, "llc": 1.1}, "LINK": {"volume": 2430.5100440979004, "llc": 1.1}, "WBTC": {"volume": 60604.58517074585, "llc": 1.1}, "WETH": {"volume": 325725.7800102234, "llc": 1.1}, "FOX": {"volume": 6245.203495025635, "llc": 1.1}, "USDT": {"volume": 101612.539768219, "llc": 1.1}}, "WBTC": {"USDC": {"volume": 52975.19826889038, "llc": 1.1}, "WXDAI": {"volume": 52975.19826889038, "llc": 1.1}, "LINK": {"volume": 2430.5100440979004, "llc": 1.1}, "GNO": {"volume": 60604.58517074585, "llc": 1.1}, "WETH": {"volume": 78724.37906265259, "llc": 1.1}, "FOX": {"volume": 6245.203495025635, "llc": 1.1}, "USDT": {"volume": 52975.19826889038, "llc": 1.1}}, "WETH": {"USDC": {"volume": 77770.70569992065, "llc": 1.05}, "WXDAI": {"volume": 77770.70569992065, "llc": 1.05}, "LINK": {"volume": 1476.8366813659668, "llc": 1.05}, "GNO": {"volume": 158832.941532135, "llc": 1.05}, "WBTC": {"volume": 39623.77119064331, "llc": 1.05}, "FOX": {"volume": 3384.183406829834, "llc": 1.05}, "USDT": {"volume": 77770.70569992065, "llc": 1.05}}, "FOX": {"USDC": {"volume": 6245.203495025635, "llc": 1.1}, "WXDAI": {"volume": 7198.876857757568, "llc": 1.1}, "LINK": {"volume": 2430.5100440979004, "llc": 1.1}, "GNO": {"volume": 6245.203495025635, "llc": 1.1}, "WBTC": {"volume": 6245.203495025635, "llc": 1.1}, "WETH": {"volume": 6245.203495025635, "llc": 1.1}, "USDT": {"volume": 6245.203495025635, "llc": 1.1}}, "USDT": {"USDC": {"volume": 4668754.273891449, "llc": 1.05}, "WXDAI": {"volume": 4475158.581256866, "llc": 1.05}, "LINK": {"volume": 1476.8366813659668, "llc": 1.05}, "GNO": {"volume": 52021.52490615845, "llc": 1.05}, "WBTC": {"volume": 27226.017475128174, "llc": 1.05}, "WETH": {"volume": 78724.37906265259, "llc": 1.05}, "FOX": {"volume": 3384.183406829834, "llc": 1.05}}, "json_time": 1675515060}