{"json_time": 1678538306, "ETH": {"oracle": 1439.7663143, "cex_price": 1432.275, "dex_price": 1532.1810840306073}, "BNB|bsc": {"oracle": 275.89548, "cex_price": 273.45, "dex_price": 288.86904313355143}, "WBTC|eth": {"oracle": 20194.1917785, "cex_price": 20119.715, "dex_price": 21518.4878551761}, "pCKB": {"oracle": 0.003472409, "cex_price": 0.003475, "dex_price": 0.0038130809888712973}, "USDC": {"oracle": 0.9052, "cex_price": 1, "dex_price": 1}, "USDT": {"oracle": 1.00557, "cex_price": 1, "dex_price": 1.0005954477145393}}