{"json_time": 1670950452, "ETH-VST": {"series_std_ratio": 1.0, "volume_for_slippage_10_percentss": [7154.665335118771], "trade_every": 1800, "collaterals": [393, 3505, 6617, 9729, 12840, 15952, 19064, 22176, 25288, 28400, 31512, 34624, 37736, 40847, 43959, 47071, 50183, 53295, 56407, 59519, 62631, 65743, 68854, 71966, 75078, 78190, 81302, 84414, 87526, 90638, 18750.0], "liquidation_incentives": [0.10000000000000009], "stability_pool_initial_balances": [1.2529224218163573, 0.6264612109081786, 2.5058448436327145], "share_institutionals": [0.16927033902783234, 0.08463516951391617, 0.3385406780556647, 1], "recovery_halflife_retails": [3.3333333333333335], "price_recovery_times": [0], "l_factors": [0.25, 0.5, 1, 1.5, 2], "json_time": 1670952814.4542248, "current_debt": 393.33412481445373}, "gOHM-VST": {"series_std_ratio": 0.5716868167571741, "volume_for_slippage_10_percentss": [245.89786797761917], "trade_every": 1800, "collaterals": [3443, 3954, 4464, 4974, 5484, 5994, 6505, 7015, 7525, 8035, 8545, 9056, 9566, 10076, 10586, 11096, 11607, 12117, 12627, 13137, 13647, 14158, 14668, 15178, 15688, 16198, 16709, 17219, 17729, 18239, 3750.0], "liquidation_incentives": [0.1499999999999999], "stability_pool_initial_balances": [0.04568121860384775, 0.022840609301923876, 0.0913624372076955], "share_institutionals": [0.554534470447469, 0.2772672352237345, 1, 1], "recovery_halflife_retails": [3.3333333333333335], "price_recovery_times": [0], "l_factors": [0.25, 0.5, 1, 1.5, 2], "json_time": 1670952814.4542248, "current_debt": 3443.9224542404445}, "DPX-VST": {"series_std_ratio": 2.2750001177686507, "volume_for_slippage_10_percentss": [439.0167239308357], "trade_every": 1800, "collaterals": [200, 610, 1020, 1430, 1840, 2250, 2660, 3070, 3480, 3890, 4300, 4710, 5120, 5530, 5940, 6350, 6760, 7170, 7580, 7990, 8400, 8810, 9220, 9630, 10040, 10450, 10860, 11270, 11680, 12090, 2500.0], "liquidation_incentives": [0.1499999999999999], "stability_pool_initial_balances": [0.21458698651681452, 0.10729349325840726, 0.42917397303362903], "share_institutionals": [0.030628494174138706, 0.015314247087069353, 0.06125698834827741, 1], "recovery_halflife_retails": [3.3333333333333335], "price_recovery_times": [2], "l_factors": [0.25, 0.5, 1, 1.5, 2], "json_time": 1670952814.4542248, "current_debt": 200.30664542010868}, "GMX-VST": {"series_std_ratio": 2.0303291046355447, "volume_for_slippage_10_percentss": [2019.7303226590157], "trade_every": 1800, "collaterals": [90, 504, 917, 1331, 1745, 2158, 2572, 2986, 3399, 3813, 4227, 4640, 5054, 5468, 5881, 6295, 6708, 7122, 7536, 7949, 8363, 8777, 9190, 9604, 10018, 10431, 10845, 11259, 11672, 12086, 2500.0], "liquidation_incentives": [0.1499999999999999], "stability_pool_initial_balances": [0.5507373388822571, 0.27536866944112853, 1.1014746777645141], "share_institutionals": [0.0058865141869208415, 0.0029432570934604207, 0.011773028373841683, 1], "recovery_halflife_retails": [3.3333333333333335], "price_recovery_times": [0], "l_factors": [0.25, 0.5, 1, 1.5, 2], "json_time": 1670952814.4542248, "current_debt": 90.61598869224463}, "sGLP-VST": {"series_std_ratio": 0.6130688281835444, "volume_for_slippage_10_percentss": [7154.665335118771], "trade_every": 1800, "collaterals": [3781, 4384, 4987, 5590, 6193, 6796, 7399, 8003, 8606, 9209, 9812, 10415, 11018, 11621, 12224, 12828, 13431, 14034, 14637, 15240, 15843, 16446, 17049, 17653, 18256, 18859, 19462, 20065, 20668, 21271, 4375.0], "liquidation_incentives": [0.10000000000000009], "stability_pool_initial_balances": [0.7350223868209345, 0.36751119341046723, 1.470044773641869], "share_institutionals": [0.0, 0.0, 0.0, 1], "recovery_halflife_retails": [3.3333333333333335], "price_recovery_times": [0], "l_factors": [0.25, 0.5, 1, 1.5, 2], "json_time": 1670952814.4542248, "current_debt": 3781.2289109015915}}