{"json_time": 1670950452, "ETH": {"VST": {"volume": 11447464.536190033, "llc": 1.1}}, "gOHM": {"VST": {"volume": 393436.5887641907, "llc": 1.15}}, "GMX": {"VST": {"volume": 3231568.516254425, "llc": 1.15}}, "DPX": {"VST": {"volume": 702426.7582893372, "llc": 1.15}}, "sGLP": {"VST": {"volume": 11447464.536190033, "llc": 1.1}}}