{"json_time": 1672673250, "USDC": {"oracle": 1.0004568356835684, "cex_price": 1, "dex_price": 1}, "WXDAI": {"oracle": 1.0, "cex_price": 1, "dex_price": 1.0003242088059308}, "LINK": {"oracle": 5.692113591359136, "cex_price": 5.7044999999999995, "dex_price": 6.076992851381011}, "GNO": {"oracle": 83.98319831983198, "cex_price": 84.0, "dex_price": 84.95413768815219}, "WBTC": {"oracle": 16689.658315831584, "cex_price": 16739.25, "dex_price": 16839.86467484747}, "WETH": {"oracle": 1216.3835161116112, "cex_price": 1219.205, "dex_price": 1221.319162255501}, "FOX": {"oracle": 0.02413932393239324, "cex_price": 0.024149999999999998, "dex_price": 0.02442341275668109}, "USDT": {"oracle": 0.9996999699969997, "cex_price": 1, "dex_price": 1.0002433141873925}}