{"json_time": 1691303179, "glp_data": {"liquidTreasury": 370696840.480313, "treasuryUtilization": 0.20598273171092996, "liquidStableTreasury": 179766692.14943832, "stableTreasuryUtilization": 0.11545191778602869, "liquidSolidAssetTreasury": 175517784.67042577, "solidTreasuryUtilization": 0.27758610990275484}}