{"json_time": 1665093152.3434134, "ETH-BNB|bsc": {"series_std_ratio": 0.5092360103276665, "volume_for_slippage_10_percentss": [12.24789410829544], "trade_every": 1800, "collaterals": [625.0, 1250.0, 1875.0, 2500.0, 3125.0, 6250.0, 9375.0, 12500.0], "liquidation_incentives": [0.10000000000000009], "stability_pool_initial_balances": [0], "share_institutionals": [0], "recovery_halflife_retails": [0], "price_recovery_times": [0], "l_factors": [0.25, 0.5, 1, 1.5, 2], "json_time": 1665093152.3434143, "current_debt": 0.0}, "ETH-WBTC|eth": {"series_std_ratio": 0.4395117777819672, "volume_for_slippage_10_percentss": [5.691389739513397], "trade_every": 1800, "collaterals": [625.0, 1250.0, 1875.0, 2500.0, 3125.0, 6250.0, 9375.0, 12500.0], "liquidation_incentives": [0.10000000000000009], "stability_pool_initial_balances": [0], "share_institutionals": [0], "recovery_halflife_retails": [0], "price_recovery_times": [0], "l_factors": [0.25, 0.5, 1, 1.5, 2], "json_time": 1665093152.3434143, "current_debt": 0.0}, "ETH-pCKB": {"series_std_ratio": 0.8824344497774251, "volume_for_slippage_10_percentss": [15.824169218540192], "trade_every": 1800, "collaterals": [625.0, 1250.0, 1875.0, 2500.0, 3125.0, 6250.0, 9375.0, 12500.0], "liquidation_incentives": [0.10000000000000009], "stability_pool_initial_balances": [0], "share_institutionals": [0], "recovery_halflife_retails": [0], "price_recovery_times": [0], "l_factors": [0.25, 0.5, 1, 1.5, 2], "json_time": 1665093152.3434143, "current_debt": 0.0}, "ETH-USDC": {"series_std_ratio": 1.0, "volume_for_slippage_10_percentss": [13.439985811710358], "trade_every": 1800, "collaterals": [625.0, 1250.0, 1875.0, 2500.0, 3125.0, 6250.0, 9375.0, 12500.0], "liquidation_incentives": [0.10000000000000009], "stability_pool_initial_balances": [0], "share_institutionals": [0], "recovery_halflife_retails": [0], "price_recovery_times": [0], "l_factors": [0.25, 0.5, 1, 1.5, 2], "json_time": 1665093152.3434143, "current_debt": 0.0}, "BNB|bsc-ETH": {"series_std_ratio": 0.509181336137572, "volume_for_slippage_10_percentss": [12.24789410829544], "trade_every": 1800, "collaterals": [625.0, 1250.0, 1875.0, 2500.0, 3125.0, 6250.0, 9375.0, 12500.0], "liquidation_incentives": [0.10000000000000009], "stability_pool_initial_balances": [0], "share_institutionals": [0], "recovery_halflife_retails": [0], "price_recovery_times": [0], "l_factors": [0.25, 0.5, 1, 1.5, 2], "json_time": 1665093152.3434143, "current_debt": 0.0}, "BNB|bsc-WBTC|eth": {"series_std_ratio": 0.47157634721093533, "volume_for_slippage_10_percentss": [6.883481442928314], "trade_every": 1800, "collaterals": [625.0, 1250.0, 1875.0, 2500.0, 3125.0, 6250.0, 9375.0, 12500.0], "liquidation_incentives": [0.10000000000000009], "stability_pool_initial_balances": [0], "share_institutionals": [0], "recovery_halflife_retails": [0], "price_recovery_times": [0], "l_factors": [0.25, 0.5, 1, 1.5, 2], "json_time": 1665093152.3434143, "current_debt": 0.0}, "BNB|bsc-pCKB": {"series_std_ratio": 0.8517964655079131, "volume_for_slippage_10_percentss": [49.798782765865326], "trade_every": 1800, "collaterals": [625.0, 1250.0, 1875.0, 2500.0, 3125.0, 6250.0, 9375.0, 12500.0], "liquidation_incentives": [0.10000000000000009], "stability_pool_initial_balances": [0], "share_institutionals": [0], "recovery_halflife_retails": [0], "price_recovery_times": [0], "l_factors": [0.25, 0.5, 1, 1.5, 2], "json_time": 1665093152.3434143, "current_debt": 0.0}, "BNB|bsc-USDC": {"series_std_ratio": 0.9075277062935161, "volume_for_slippage_10_percentss": [31.91740721464157], "trade_every": 1800, "collaterals": [625.0, 1250.0, 1875.0, 2500.0, 3125.0, 6250.0, 9375.0, 12500.0], "liquidation_incentives": [0.10000000000000009], "stability_pool_initial_balances": [0], "share_institutionals": [0], "recovery_halflife_retails": [0], "price_recovery_times": [0], "l_factors": [0.25, 0.5, 1, 1.5, 2], "json_time": 1665093152.3434143, "current_debt": 0.0}, "WBTC|eth-ETH": {"series_std_ratio": 0.4396477338745114, "volume_for_slippage_10_percentss": [5.691389739513397], "trade_every": 1800, "collaterals": [625.0, 1250.0, 1875.0, 2500.0, 3125.0, 6250.0, 9375.0, 12500.0], "liquidation_incentives": [0.10000000000000009], "stability_pool_initial_balances": [0], "share_institutionals": [0], "recovery_halflife_retails": [0], "price_recovery_times": [0], "l_factors": [0.25, 0.5, 1, 1.5, 2], "json_time": 1665093152.3434143, "current_debt": 0.0}, "WBTC|eth-BNB|bsc": {"series_std_ratio": 0.4717724328064051, "volume_for_slippage_10_percentss": [6.883481442928314], "trade_every": 1800, "collaterals": [625.0, 1250.0, 1875.0, 2500.0, 3125.0, 6250.0, 9375.0, 12500.0], "liquidation_incentives": [0.10000000000000009], "stability_pool_initial_balances": [0], "share_institutionals": [0], "recovery_halflife_retails": [0], "price_recovery_times": [0], "l_factors": [0.25, 0.5, 1, 1.5, 2], "json_time": 1665093152.3434143, "current_debt": 0.0}, "WBTC|eth-pCKB": {"series_std_ratio": 0.8375662667796967, "volume_for_slippage_10_percentss": [8.075573146343231], "trade_every": 1800, "collaterals": [625.0, 1250.0, 1875.0, 2500.0, 3125.0, 6250.0, 9375.0, 12500.0], "liquidation_incentives": [0.10000000000000009], "stability_pool_initial_balances": [0], "share_institutionals": [0], "recovery_halflife_retails": [0], "price_recovery_times": [0], "l_factors": [0.25, 0.5, 1, 1.5, 2], "json_time": 1665093152.3434143, "current_debt": 0.0}, "WBTC|eth-USDC": {"series_std_ratio": 0.760706293780634, "volume_for_slippage_10_percentss": [7.479527294635773], "trade_every": 1800, "collaterals": [625.0, 1250.0, 1875.0, 2500.0, 3125.0, 6250.0, 9375.0, 12500.0], "liquidation_incentives": [0.10000000000000009], "stability_pool_initial_balances": [0], "share_institutionals": [0], "recovery_halflife_retails": [0], "price_recovery_times": [0], "l_factors": [0.25, 0.5, 1, 1.5, 2], "json_time": 1665093152.3434143, "current_debt": 0.0}, "pCKB-ETH": {"series_std_ratio": 0.8844760880417059, "volume_for_slippage_10_percentss": [15.824169218540192], "trade_every": 1800, "collaterals": [625.0, 1250.0, 1875.0, 2500.0, 3125.0, 6250.0, 9375.0, 12500.0], "liquidation_incentives": [0.10000000000000009], "stability_pool_initial_balances": [0], "share_institutionals": [0], "recovery_halflife_retails": [0], "price_recovery_times": [0], "l_factors": [0.25, 0.5, 1, 1.5, 2], "json_time": 1665093152.3434143, "current_debt": 0.00015529959837462978}, "pCKB-BNB|bsc": {"series_std_ratio": 0.8538216209404758, "volume_for_slippage_10_percentss": [49.798782765865326], "trade_every": 1800, "collaterals": [625.0, 1250.0, 1875.0, 2500.0, 3125.0, 6250.0, 9375.0, 12500.0], "liquidation_incentives": [0.10000000000000009], "stability_pool_initial_balances": [0], "share_institutionals": [0], "recovery_halflife_retails": [0], "price_recovery_times": [0], "l_factors": [0.25, 0.5, 1, 1.5, 2], "json_time": 1665093152.3434143, "current_debt": 0.00015529959837462978}, "pCKB-WBTC|eth": {"series_std_ratio": 0.8392145104454609, "volume_for_slippage_10_percentss": [8.075573146343231], "trade_every": 1800, "collaterals": [625.0, 1250.0, 1875.0, 2500.0, 3125.0, 6250.0, 9375.0, 12500.0], "liquidation_incentives": [0.10000000000000009], "stability_pool_initial_balances": [0], "share_institutionals": [0], "recovery_halflife_retails": [0], "price_recovery_times": [0], "l_factors": [0.25, 0.5, 1, 1.5, 2], "json_time": 1665093152.3434143, "current_debt": 0.00015529959837462978}, "pCKB-USDC": {"series_std_ratio": 1.1458163305074704, "volume_for_slippage_10_percentss": [86.1575797200203], "trade_every": 1800, "collaterals": [625.0, 1250.0, 1875.0, 2500.0, 3125.0, 6250.0, 9375.0, 12500.0], "liquidation_incentives": [0.10000000000000009], "stability_pool_initial_balances": [0], "share_institutionals": [0], "recovery_halflife_retails": [0], "price_recovery_times": [0], "l_factors": [0.25, 0.5, 1, 1.5, 2], "json_time": 1665093152.3434143, "current_debt": 0.00015529959837462978}, "USDC-ETH": {"series_std_ratio": 1.0,