{"json_time": 1670698140, "glp_data": {"liquidTreasury": 282720317.0935534, "treasuryUtilization": 0.3301305098150884, "liquidStableTreasury": 124763394.45771728, "stableTreasuryUtilization": 0.39050565066356113, "liquidSolidAssetTreasury": 146234557.17307717, "solidTreasuryUtilization": 0.2736324924957254}}