{"json_time": 1667283083, "stabilityPoolVstBalance": {"ETH": 418905.3551941064, "gOHM": 267780.369603848, "renBTC": 41042.69007478885, "GMX": 34277.986012424226, "DPX": 62451.88424741815, "sGLP": 1022560.898}, "stabilityPoolGemBalance": {"ETH": 27955.302791149104, "gOHM": 17835.369583517062, "renBTC": 452.92912793968003, "GMX": 255.02165354313772, "DPX": 268.6339299575201, "sGLP": 0.0}, "bprotocolBalance": {"ETH": 148444.04909111693, "gOHM": 152064.1161621556, "DPX": 3.7479731815896233, "GMX": 538.440898184063, "renBTC": 34268.20260350504, "sGLP": 0.0}, "bprotocolGemBalance": {"ETH": 0.07169579062644307, "gOHM": 0.0, "DPX": 7.5720702787398e-05, "GMX": 1.31059153389e-06, "renBTC": 0.0, "sGLP": 0.0}}