{"json_time": 1666367479, "ETH-VST": {"series_std_ratio": 1.0, "volume_for_slippage_10_percentss": [15003.993156254292], "trade_every": 1800, "collaterals": [291, 3406, 6521, 9637, 12752, 15867, 18983, 22098, 25213, 28328, 31444, 34559, 37674, 40790, 43905, 47020, 50135, 53251, 56366, 59481, 62597, 65712, 68827, 71942, 75058, 78173, 81288, 84404, 87519, 90634, 18750.0], "liquidation_incentives": [0.10000000000000009], "stability_pool_initial_balances": [0.9045058633333902, 0.4522529316666951, 1.8090117266667805], "share_institutionals": [0.37641855574070604, 0.18820927787035302, 0.7528371114814121, 1], "recovery_halflife_retails": [3.3333333333333335], "price_recovery_times": [0], "l_factors": [0.25, 0.5, 1, 1.5, 2], "json_time": 1666368013.0520847, "current_debt": 291.3139587776226}, "renBTC-VST": {"series_std_ratio": 0.760706293780634, "volume_for_slippage_10_percentss": [3274.406840503216], "trade_every": 1800, "collaterals": [17, 225, 433, 641, 848, 1056, 1264, 1472, 1679, 1887, 2095, 2302, 2510, 2718, 2926, 3133, 3341, 3549, 3757, 3964, 4172, 4380, 4588, 4795, 5003, 5211, 5419, 5626, 5834, 6042, 1250.0], "liquidation_incentives": [0.10000000000000009], "stability_pool_initial_balances": [1.2214772783649221, 0.6107386391824611, 2.4429545567298443], "share_institutionals": [0.981096772520846, 0.490548386260423, 1, 1], "recovery_halflife_retails": [3.3333333333333335], "price_recovery_times": [0], "l_factors": [0.25, 0.5, 1, 1.5, 2], "json_time": 1666368013.0520847, "current_debt": 17.87203315886907}, "gOHM-VST": {"series_std_ratio": 1.416911372280521, "volume_for_slippage_10_percentss": [285.23689419031143], "trade_every": 1800, "collaterals": [3130, 3650, 4171, 4692, 5212, 5733, 6254, 6774, 7295, 7816, 8336, 8857, 9378, 9898, 10419, 10940, 11460, 11981, 12502, 13022, 13543, 14064, 14584, 15105, 15626, 16146, 16667, 17188, 17708, 18229, 3750.0], "liquidation_incentives": [0.1499999999999999], "stability_pool_initial_balances": [0.05345807121254139, 0.026729035606270695, 0.10691614242508278], "share_institutionals": [0.5679643626309289, 0.28398218131546443, 1, 1], "recovery_halflife_retails": [3.3333333333333335], "price_recovery_times": [0], "l_factors": [0.25, 0.5, 1, 1.5, 2], "json_time": 1666368013.0520847, "current_debt": 3130.2017348719446}, "DPX-VST": {"series_std_ratio": 1.974078240475897, "volume_for_slippage_10_percentss": [408.0223396420479], "trade_every": 1800, "collaterals": [155, 566, 978, 1389, 1801, 2212, 2624, 3035, 3447, 3858, 4270, 4681, 5093, 5504, 5916, 6327, 6739, 7150, 7562, 7973, 8385, 8796, 9208, 9619, 10031, 10442, 10854, 11265, 11677, 12088, 2500.0], "liquidation_incentives": [0.1499999999999999], "stability_pool_initial_balances": [0.2047691378833035, 0.10238456894165175, 0.409538275766607], "share_institutionals": [7.153913449925981e-05, 3.576956724962991e-05, 0.00014307826899851963, 1], "recovery_halflife_retails": [3.3333333333333335], "price_recovery_times": [2], "l_factors": [0.25, 0.5, 1, 1.5, 2], "json_time": 1666368013.0520847, "current_debt": 155.21738640878309}, "GMX-VST": {"series_std_ratio": 2.081064798518858, "volume_for_slippage_10_percentss": [992.7433201670647], "trade_every": 1800, "collaterals": [46, 461, 877, 1292, 1707, 2122, 2537, 2952, 3367, 3782, 4197, 4613, 5028, 5443, 5858, 6273, 6688, 7103, 7518, 7933, 8348, 8764, 9179, 9594, 10009, 10424, 10839, 11254, 11669, 12084, 2500.0], "liquidation_incentives": [0.1499999999999999], "stability_pool_initial_balances": [2.0032368988498175, 1.0016184494249087, 4.006473797699635], "share_institutionals": [0.8172922554603234, 0.4086461277301617, 1, 1], "recovery_halflife_retails": [3.3333333333333335], "price_recovery_times": [0], "l_factors": [0.25, 0.5, 1, 1.5, 2], "json_time": 1666368013.0520847, "current_debt": 46.84678193868393}, "sGLP-VST": {"series_std_ratio": 0.4707294016934606, "volume_for_slippage_10_percentss": [3274.406840503216], "trade_every": 1800, "collaterals": [3081, 3499, 3917, 4335, 4753, 5172, 5590, 6008, 6426, 6844, 7262, 7680, 8098, 8517, 8935, 9353, 9771, 10189, 10607, 11025, 11443, 11861, 12280, 12698, 13116, 13534, 13952, 14370, 14788, 15206, 3125.0], "liquidation_incentives": [0.10000000000000009], "stability_pool_initial_balances": [0.010088879587688284, 0.005044439793844142, 0.020177759175376567], "share_institutionals": [0.0, 0.0, 0.0, 1], "recovery_halflife_retails": [3.3333333333333335], "price_recovery_times": [0], "l_factors": [0.25, 0.5, 1, 1.5, 2], "json_time": 1666368013.0520847, "current_debt": 3081.5102886091213}}