{"json_time": 1666367479, "ETH": {"VST": {"volume": 24006389.050006866, "llc": 1.1}}, "gOHM": {"VST": {"volume": 456379.0307044983, "llc": 1.15}}, "renBTC": {"VST": {"volume": 5239050.944805145, "llc": 1.1}}, "GMX": {"VST": {"volume": 1588389.3122673035, "llc": 1.15}}, "DPX": {"VST": {"volume": 652835.7434272766, "llc": 1.15}}, "sGLP": {"VST": {"volume": 5239050.944805145, "llc": 1.1}}}