{"json_time": 1693802790, "USDC": {"oracle": 1.00012635, "cex_price": 1, "dex_price": 1}, "WXDAI": {"oracle": 1.0, "cex_price": 1, "dex_price": 0.9997932427660954}, "LINK": {"oracle": 6.07078, "cex_price": 6.060499999999999, "dex_price": 6.449377035754262}, "GNO": {"oracle": 101.18579575, "cex_price": 100.6, "dex_price": 101.04874910900064}, "WBTC": {"oracle": 26014.83618112, "cex_price": 25954.004999999997, "dex_price": 26285.0567086956}, "WETH": {"oracle": 1639.175925, "cex_price": 1635.605, "dex_price": 1652.4832989170206}, "FOX": {"oracle": 0.02626138, "cex_price": 0.026250000000000002, "dex_price": 0.027027521494616163}, "USDT": {"oracle": 0.99998911, "cex_price": 1, "dex_price": 0.9995692446301498}, "EURe": {"oracle": 1.07744, "cex_price": 1.0768499999999999, "dex_price": 1.0799427478141344}, "wstETH": {"oracle": 1865.84804207, "cex_price": "NaN", "dex_price": 1865.84804207}}