{"USDC": {"WXDAI": {"volume": 3713173.5644340515, "llc": 1.05}, "LINK": {"volume": 1476.8366813659668, "llc": 1.05}, "GNO": {"volume": 24364.997386932373, "llc": 1.05}, "WBTC": {"volume": 7198.876857757568, "llc": 1.05}, "WETH": {"volume": 8152.550220489502, "llc": 1.05}, "FOX": {"volume": 3384.183406829834, "llc": 1.05}, "USDT": {"volume": 4606765.505313873, "llc": 1.05}, "EURe": {"volume": 2001329.8783302307, "llc": 1.05}, "wstETH": {"volume": 8152.550220489502, "llc": 1.05}}, "WXDAI": {"USDC": {"volume": 2837701.4174461365, "llc": 1.05}, "LINK": {"volume": 1476.8366813659668, "llc": 1.05}, "GNO": {"volume": 24364.997386932373, "llc": 1.05}, "WBTC": {"volume": 7198.876857757568, "llc": 1.05}, "WETH": {"volume": 9765.625, "llc": 1.05}, "FOX": {"volume": 3384.183406829834, "llc": 1.05}, "USDT": {"volume": 4601997.138500214, "llc": 1.05}, "EURe": {"volume": 2002283.5516929626, "llc": 1.05}, "wstETH": {"volume": 9765.625, "llc": 1.05}}, "LINK": {"USDC": {"volume": 4337.856769561768, "llc": 1.2}, "WXDAI": {"volume": 4337.856769561768, "llc": 1.2}, "GNO": {"volume": 4337.856769561768, "llc": 1.2}, "WBTC": {"volume": 4337.856769561768, "llc": 1.2}, "WETH": {"volume": 4337.856769561768, "llc": 1.2}, "FOX": {"volume": 3384.183406829834, "llc": 1.2}, "USDT": {"volume": 4337.856769561768, "llc": 1.2}, "EURe": {"volume": 3384.183406829834, "llc": 1.2}, "wstETH": {"volume": 4337.856769561768, "llc": 1.2}}, "GNO": {"USDC": {"volume": 47253.15809249878, "llc": 1.1}, "WXDAI": {"volume": 47253.15809249878, "llc": 1.1}, "LINK": {"volume": 2430.5100440979004, "llc": 1.1}, "WBTC": {"volume": 47253.15809249878, "llc": 1.1}, "WETH": {"volume": 177906.40878677368, "llc": 1.1}, "FOX": {"volume": 5291.530132293701, "llc": 1.1}, "USDT": {"volume": 47253.15809249878, "llc": 1.1}, "EURe": {"volume": 44392.13800430298, "llc": 1.1}, "wstETH": {"volume": 177906.40878677368, "llc": 1.1}}, "WBTC": {"USDC": {"volume": 13874.590396881104, "llc": 1.1}, "WXDAI": {"volume": 13874.590396881104, "llc": 1.1}, "LINK": {"volume": 2430.5100440979004, "llc": 1.1}, "GNO": {"volume": 48206.83145523071, "llc": 1.1}, "WETH": {"volume": 66326.62534713745, "llc": 1.1}, "FOX": {"volume": 4337.856769561768, "llc": 1.1}, "USDT": {"volume": 13874.590396881104, "llc": 1.1}, "EURe": {"volume": 12920.91703414917, "llc": 1.1}, "wstETH": {"volume": 66326.62534713745, "llc": 1.1}}, "WETH": {"USDC": {"volume": 11013.570308685303, "llc": 1.05}, "WXDAI": {"volume": 12920.91703414917, "llc": 1.05}, "LINK": {"volume": 1476.8366813659668, "llc": 1.05}, "GNO": {"volume": 90168.45941543579, "llc": 1.05}, "WBTC": {"volume": 33901.73101425171, "llc": 1.05}, "FOX": {"volume": 3384.183406829834, "llc": 1.05}, "USDT": {"volume": 11013.570308685303, "llc": 1.05}, "EURe": {"volume": 11013.570308685303, "llc": 1.05}, "wstETH": {"volume": 2917809.979915619, "llc": 1.05}}, "FOX": {"USDC": {"volume": 6245.203495025635, "llc": 1.1}, "WXDAI": {"volume": 6245.203495025635, "llc": 1.1}, "LINK": {"volume": 2430.5100440979004, "llc": 1.1}, "GNO": {"volume": 5291.530132293701, "llc": 1.1}, "WBTC": {"volume": 5291.530132293701, "llc": 1.1}, "WETH": {"volume": 5291.530132293701, "llc": 1.1}, "USDT": {"volume": 6245.203495025635, "llc": 1.1}, "EURe": {"volume": 5291.530132293701, "llc": 1.1}, "wstETH": {"volume": 5291.530132293701, "llc": 1.1}}, "USDT": {"USDC": {"volume": 2764268.5685157776, "llc": 1.05}, "WXDAI": {"volume": 3627342.9617881775, "llc": 1.05}, "LINK": {"volume": 1476.8366813659668, "llc": 1.05}, "GNO": {"volume": 24364.997386932373, "llc": 1.05}, "WBTC": {"volume": 7198.876857757568, "llc": 1.05}, "WETH": {"volume": 8152.550220489502, "llc": 1.05}, "FOX": {"volume": 3384.183406829834, "llc": 1.05}, "EURe": {"volume": 2002283.5516929626, "llc": 1.05}, "wstETH": {"volume": 8152.550220489502, "llc": 1.05}}, "EURe": {"USDC": {"volume": 1368090.7654762268, "llc": 1.15}, "WXDAI": {"volume": 1371905.4589271545, "llc": 1.15}, "LINK": {"volume": 3384.183406829834, "llc": 1.15}, "GNO": {"volume": 65372.95198440552, "llc": 1.15}, "WBTC": {"volume": 18642.95721054077, "llc": 1.15}, "WETH": {"volume": 21503.977298736572, "llc": 1.15}, "FOX": {"volume": 8152.550220489502, "llc": 1.15}, "USDT": {"volume": 1371905.4589271545, "llc": 1.15}, "wstETH": {"volume": 21503.977298736572, "llc": 1.15}}, "wstETH": {"USDC": {"volume": 11013.570308685303, "llc": 1.05}, "WXDAI": {"volume": 12920.91703414917, "llc": 1.05}, "LINK": {"volume": 1476.8366813659668, "llc": 1.05}, "GNO": {"volume": 90168.45941543579, "llc": 1.05}, "WBTC": {"volume": 33901.73101425171, "llc": 1.05}, "WETH": {"volume": 3270233.9632977345, "llc": 1.1}, "FOX": {"volume": 3384.183406829834, "llc": 1.05}, "USDT": {"volume": 11013.570308685303, "llc": 1.05}, "EURe": {"volume": 11013.570308685303, "llc": 1.05}}, "json_time": 1693802790}