{"json_time": 1686891938, "ETH": {"oracle": 1666.09607, "cex_price": 1670.355, "dex_price": 1758.5380893365016}, "BNB|bsc": {"oracle": 237.85, "cex_price": 237.95, "dex_price": 281.1780623391628}, "WBTC|eth": {"oracle": 25509.73473, "cex_price": 25489.965, "dex_price": 24673.89475662285}, "pCKB": {"oracle": 0.002523269, "cex_price": 0.0025250000000000003, "dex_price": 0.0025259844762290434}, "USDC": {"oracle": 1.000057506, "cex_price": 1, "dex_price": 1}, "USDT": {"oracle": 0.999173, "cex_price": 1, "dex_price": 1.0013468407551294}}