{"json_time": 1665328800, "ETH": {"oracle": 1325.62, "cex_price": 1324.6149999999998, "dex_price": 1328.567665170568}, "BNB|bsc": {"oracle": 278.64, "cex_price": 279.25, "dex_price": 279.2631609089546}, "WBTC|eth": {"oracle": 19521.03, "cex_price": 19516.97, "dex_price": 19782.088108666725}, "pCKB": {"oracle": 0.003787926, "cex_price": 0.003815, "dex_price": 0.003779930137822615}, "USDC": {"oracle": 1.0, "cex_price": 1, "dex_price": 1}}