{"json_time": 1669288722, "glp_data": {"liquidTreasury": 262108032.899894, "treasuryUtilization": 0.3348727971481939, "liquidStableTreasury": 144319528.34168622, "stableTreasuryUtilization": 0.2669641559292707, "liquidSolidAssetTreasury": 104601111.9647627, "solidTreasuryUtilization": 0.41607437367644867}}