{"json_time": 1669288722, "ETH-VST": {"series_std_ratio": 1.0, "volume_for_slippage_10_percentss": [16451.1924842], "trade_every": 1800, "collaterals": [249, 3366, 6482, 9599, 12716, 15832, 18949, 22066, 25182, 28299, 31416, 34533, 37649, 40766, 43883, 46999, 50116, 53233, 56349, 59466, 62583, 65699, 68816, 71933, 75049, 78166, 81283, 84399, 87516, 90633, 18750.0], "liquidation_incentives": [0.10000000000000009], "stability_pool_initial_balances": [2.1860279360485007, 1.0930139680242503, 4.372055872097001], "share_institutionals": [0.15614193351914174, 0.07807096675957087, 0.3122838670382835, 1], "recovery_halflife_retails": [3.3333333333333335], "price_recovery_times": [0], "l_factors": [0.25, 0.5, 1, 1.5, 2], "json_time": 1669291924.0263193, "current_debt": 249.5369739074755}, "renBTC-VST": {"series_std_ratio": 0.760706293780634, "volume_for_slippage_10_percentss": [586.8360951542854], "trade_every": 1800, "collaterals": [208, 416, 625, 833, 1041, 1250, 1458, 1666, 1875, 2083, 2291, 2500, 2708, 2916, 3125, 3333, 3541, 3750, 3958, 4166, 4375, 4583, 4791, 5000, 5208, 5416, 5625, 5833, 6041, 1250.0], "liquidation_incentives": [0.10000000000000009], "stability_pool_initial_balances": [0], "share_institutionals": [0.13131285687690772, 0.06565642843845386, 0.26262571375381544, 1], "recovery_halflife_retails": [3.3333333333333335], "price_recovery_times": [0], "l_factors": [0.25, 0.5, 1, 1.5, 2], "json_time": 1669291924.0263193, "current_debt": 0.0}, "gOHM-VST": {"series_std_ratio": 1.416911372280521, "volume_for_slippage_10_percentss": [272.7199313044548], "trade_every": 1800, "collaterals": [3355, 3868, 4381, 4895, 5408, 5921, 6434, 6947, 7460, 7973, 8487, 9000, 9513, 10026, 10539, 11052, 11565, 12079, 12592, 13105, 13618, 14131, 14644, 15157, 15671, 16184, 16697, 17210, 17723, 18236, 3750.0], "liquidation_incentives": [0.1499999999999999], "stability_pool_initial_balances": [0.05453861396235963, 0.027269306981179815, 0.10907722792471926], "share_institutionals": [0.6120086942142249, 0.30600434710711244, 1, 1], "recovery_halflife_retails": [3.3333333333333335], "price_recovery_times": [0], "l_factors": [0.25, 0.5, 1, 1.5, 2], "json_time": 1669291924.0263193, "current_debt": 3355.6904423169517}, "DPX-VST": {"series_std_ratio": 1.974078240475897, "volume_for_slippage_10_percentss": [337.6889291405678], "trade_every": 1800, "collaterals": [188, 599, 1009, 1419, 1830, 2240, 2650, 3061, 3471, 3882, 4292, 4702, 5113, 5523, 5933, 6344, 6754, 7165, 7575, 7985, 8396, 8806, 9216, 9627, 10037, 10448, 10858, 11268, 11679, 12089, 2500.0], "liquidation_incentives": [0.1499999999999999], "stability_pool_initial_balances": [0.11429617204602821, 0.057148086023014105, 0.22859234409205642], "share_institutionals": [0.000143246906662137, 7.16234533310685e-05, 0.000286493813324274, 1], "recovery_halflife_retails": [3.3333333333333335], "price_recovery_times": [2], "l_factors": [0.25, 0.5, 1, 1.5, 2], "json_time": 1669291924.0263193, "current_debt": 188.69218626686015}, "GMX-VST": {"series_std_ratio": 2.081064798518858, "volume_for_slippage_10_percentss": [1364.0798857808113], "trade_every": 1800, "collaterals": [71, 485, 899, 1314, 1728, 2142, 2557, 2971, 3385, 3799, 4214, 4628, 5042, 5457, 5871, 6285, 6699, 7114, 7528, 7942, 8357, 8771, 9185, 9599, 10014, 10428, 10842, 11257, 11671, 12085, 2500.0], "liquidation_incentives": [0.1499999999999999], "stability_pool_initial_balances": [0.3517420545674776, 0.1758710272837388, 0.7034841091349552], "share_institutionals": [0.01173023713731657, 0.005865118568658285, 0.02346047427463314, 1], "recovery_halflife_retails": [3.3333333333333335], "price_recovery_times": [0], "l_factors": [0.25, 0.5, 1, 1.5, 2], "json_time": 1669291924.0263193, "current_debt": 71.28413131942627}, "sGLP-VST": {"series_std_ratio": 0.4707294016934606, "volume_for_slippage_10_percentss": [586.8360951542854], "trade_every": 1800, "collaterals": [3102, 3520, 3937, 4355, 4772, 5189, 5607, 6024, 6442, 6859, 7276, 7694, 8111, 8529, 8946, 9363, 9781, 10198, 10616, 11033, 11450, 11868, 12285, 12703, 13120, 13537, 13955, 14372, 14790, 15207, 3125.0], "liquidation_incentives": [0.10000000000000009], "stability_pool_initial_balances": [0.901052571584795, 0.4505262857923975, 1.80210514316959], "share_institutionals": [0.0, 0.0, 0.0, 1], "recovery_halflife_retails": [3.3333333333333335], "price_recovery_times": [0], "l_factors": [0.25, 0.5, 1, 1.5, 2], "json_time": 1669291924.0263193, "current_debt": 3102.9934909544904}}