{"json_time": 1669288722, "stabilityPoolVstBalance": {"ETH": 872791.6736619956, "gOHM": 292823.5289771265, "renBTC": 8370.249060716911, "GMX": 40117.80289336459, "DPX": 34506.8713364772, "sGLP": 4473536.423416678}, "stabilityPoolGemBalance": {"ETH": 25206.57397777771, "gOHM": 9309.545284040993, "renBTC": 364.103045558, "GMX": 1836.664171869134, "DPX": 67.23607655119005, "sGLP": 0.0}, "bprotocolBalance": {"ETH": 136279.2814832882, "gOHM": 179210.54560449245, "DPX": 4.942926856835933, "GMX": 467.7575583519291, "renBTC": 1099.121316933991, "sGLP": 0.0}, "bprotocolGemBalance": {"ETH": 0.09800170357283276, "gOHM": 0.0, "DPX": 7.5720702787398e-05, "GMX": 2.833783015362389, "renBTC": 0.0, "sGLP": 0.0}}