{"json_time": 1681886531, "ETH-VST": {"series_std_ratio": 1.0, "volume_for_slippage_10_percentss": [15438.510582149029], "trade_every": 1800, "collaterals": [490, 3599, 6708, 9816, 12925, 16033, 19142, 22251, 25359, 28468, 31577, 34685, 37794, 40903, 44011, 47120, 50229, 53337, 56446, 59554, 62663, 65772, 68880, 71989, 75098, 78206, 81315, 84424, 87532, 90641, 18750.0], "liquidation_incentives": [0.10000000000000009], "stability_pool_initial_balances": [0.20394484284784203, 0.10197242142392102, 0.40788968569568407], "share_institutionals": [0.2967781327045202, 0.1483890663522601, 0.5935562654090404, 1], "recovery_halflife_retails": [3.3333333333333335], "price_recovery_times": [0], "l_factors": [0.25, 0.5, 1, 1.5, 2], "json_time": 1681889901.5580409, "current_debt": 490.7692343446399}, "gOHM-VST": {"series_std_ratio": 0.5718399563684763, "volume_for_slippage_10_percentss": [304.3103614449501], "trade_every": 1800, "collaterals": [2822, 3196, 3571, 3946, 4320, 4695, 5070, 5445, 5819, 6194, 6569, 6943, 7318, 7693, 8067, 8442, 8817, 9191, 9566, 9941, 10315, 10690, 11065, 11439, 11814, 12189, 12563, 12938, 13313, 13687, 2812.5], "liquidation_incentives": [0.1499999999999999], "stability_pool_initial_balances": [0.024840256579041847, 0.012420128289520924, 0.049680513158083695], "share_institutionals": [0.38587602590855963, 0.19293801295427981, 0.7717520518171193, 1], "recovery_halflife_retails": [3.3333333333333335], "price_recovery_times": [0], "l_factors": [0.25, 0.5, 1, 1.5, 2], "json_time": 1681889901.5580409, "current_debt": 2822.295721743743}, "DPX-VST": {"series_std_ratio": 2.2756095294666916, "volume_for_slippage_10_percentss": [480.7399335503578], "trade_every": 1800, "collaterals": [602, 686, 770, 854, 938, 1022, 1106, 1190, 1275, 1359, 1443, 1527, 1611, 1695, 1779, 1863, 1947, 2031, 2115, 2200, 2284, 2368, 2452, 2536, 2620, 2704, 2788, 2872, 2956, 3040, 625.0], "liquidation_incentives": [0.1499999999999999], "stability_pool_initial_balances": [0.0561676682202674, 0.0280838341101337, 0.1123353364405348], "share_institutionals": [0.4540974732920211, 0.22704873664601055, 0.9081949465840422, 1], "recovery_halflife_retails": [3.3333333333333335], "price_recovery_times": [2], "l_factors": [0.25, 0.5, 1, 1.5, 2], "json_time": 1681889901.5580409, "current_debt": 602.3259395909425}, "GMX-VST": {"series_std_ratio": 2.0308729755116706, "volume_for_slippage_10_percentss": [7750.711186826229], "trade_every": 1800, "collaterals": [43, 459, 874, 1289, 1704, 2119, 2535, 2950, 3365, 3780, 4195, 4611, 5026, 5441, 5856, 6271, 6687, 7102, 7517, 7932, 8347, 8763, 9178, 9593, 10008, 10423, 10839, 11254, 11669, 12084, 2500.0], "liquidation_incentives": [0.1499999999999999], "stability_pool_initial_balances": [0.8521036612682771, 0.42605183063413854, 1.7042073225365542], "share_institutionals": [0.3550256287156486, 0.1775128143578243, 0.7100512574312972, 1], "recovery_halflife_retails": [3.3333333333333335], "price_recovery_times": [0], "l_factors": [0.25, 0.5, 1, 1.5, 2], "json_time": 1681889901.5580409, "current_debt": 43.8094195432738}, "sGLP-VST": {"series_std_ratio": 0.6132330529291525, "volume_for_slippage_10_percentss": [8663.853431642056], "trade_every": 1800, "collaterals": [324, 366, 407, 448, 489, 531, 572, 613, 654, 696, 737, 778, 819, 861, 902, 943, 984, 1026, 1067, 1108, 1149, 1191, 1232, 1273, 1314, 1356, 1397, 1438, 1479, 1521, 312.5], "liquidation_incentives": [0.10000000000000009], "stability_pool_initial_balances": [0.00012889542139598334, 6.444771069799167e-05, 0.0002577908427919667], "share_institutionals": [0.0, 0.0, 0.0, 1], "recovery_halflife_retails": [3.3333333333333335], "price_recovery_times": [0], "l_factors": [0.25, 0.5, 1, 1.5, 2], "json_time": 1681889901.5580409, "current_debt": 324.8124002325428}}