{"json_time": 1677161130, "USDC": {"oracle": 1.0002026410550777, "cex_price": 1, "dex_price": 1}, "WXDAI": {"oracle": 1.0, "cex_price": 1, "dex_price": 1.0002295470694356}, "LINK": {"oracle": 7.999620723158512, "cex_price": 7.9645, "dex_price": 8.420604642672274}, "GNO": {"oracle": 107.96924855975821, "cex_price": 107.85, "dex_price": 108.48750898654302}, "WBTC": {"oracle": 24044.37138964354, "cex_price": 23941.46, "dex_price": 24177.423605385764}, "WETH": {"oracle": 1657.1335352542426, "cex_price": 1655.8049999999998, "dex_price": 1663.6047046718097}, "FOX": {"oracle": 0.04164610750137978, "cex_price": 0.041550000000000004, "dex_price": 0.0432394005255888}, "USDT": {"oracle": 1.0003176843628518, "cex_price": 1, "dex_price": 1.0010794990616207}}