{"json_time": 1684142569, "VST": {"oracle": 1.0805699198618388, "cex_price": 1, "dex_price": 1}, "ETH": {"oracle": 1827.97466052, "cex_price": 1828.6149999999998, "dex_price": 1829.773392150839}, "gOHM": {"oracle": 2797.7657107329005, "cex_price": "NaN", "dex_price": 2820.6810132676355}, "GMX": {"oracle": 62.491633501466616, "cex_price": "NaN", "dex_price": 63.074497300230576}, "DPX": {"oracle": 143.84656015, "cex_price": "NaN", "dex_price": 144.88547077525308}, "sGLP": {"oracle": 0.9662044097583706, "cex_price": "NaN", "dex_price": "NaN"}}