{"json_time": 1677862069, "VST": {"oracle": 1.009769202858602, "cex_price": 1, "dex_price": 1}, "ETH": {"oracle": 1566.57454072, "cex_price": 1567.1550000000002, "dex_price": 1567.9414835733494}, "gOHM": {"oracle": 2692.5922837933094, "cex_price": "NaN", "dex_price": 2727.6161900507163}, "GMX": {"oracle": 69.04115583067659, "cex_price": "NaN", "dex_price": 68.85850263046467}, "DPX": {"oracle": 363.77749012, "cex_price": "NaN", "dex_price": 363.5612375583356}, "sGLP": {"oracle": 0.913074005406412, "cex_price": "NaN", "dex_price": "NaN"}}