{"json_time": 1677862069, "ETH-VST": {"series_std_ratio": 1.0, "volume_for_slippage_10_percentss": [23580.496916472912], "trade_every": 1800, "collaterals": [321, 3435, 6550, 9664, 12778, 15893, 19007, 22121, 25235, 28350, 31464, 34578, 37692, 40807, 43921, 47035, 50150, 53264, 56378, 59492, 62607, 65721, 68835, 71950, 75064, 78178, 81292, 84407, 87521, 90635, 18750.0], "liquidation_incentives": [0.10000000000000009], "stability_pool_initial_balances": [0.4666583280473944, 0.2333291640236972, 0.9333166560947888], "share_institutionals": [0.45218484381429436, 0.22609242190714718, 0.9043696876285887, 1], "recovery_halflife_retails": [3.3333333333333335], "price_recovery_times": [0], "l_factors": [0.25, 0.5, 1, 1.5, 2], "json_time": 1677865093.8582346, "current_debt": 321.6111271929017}, "gOHM-VST": {"series_std_ratio": 0.5718399563684763, "volume_for_slippage_10_percentss": [223.24812561273575], "trade_every": 1800, "collaterals": [3642, 4145, 4649, 5152, 5656, 6160, 6663, 7167, 7670, 8174, 8678, 9181, 9685, 10188, 10692, 11196, 11699, 12203, 12706, 13210, 13714, 14217, 14721, 15224, 15728, 16232, 16735, 17239, 17742, 18246, 3750.0], "liquidation_incentives": [0.1499999999999999], "stability_pool_initial_balances": [0.010447344590467332, 0.005223672295233666, 0.020894689180934664], "share_institutionals": [0.39043154618217, 0.195215773091085, 0.78086309236434, 1], "recovery_halflife_retails": [3.3333333333333335], "price_recovery_times": [0], "l_factors": [0.25, 0.5, 1, 1.5, 2], "json_time": 1677865093.8582346, "current_debt": 3642.0998579450134}, "DPX-VST": {"series_std_ratio": 2.2756095294666916, "volume_for_slippage_10_percentss": [625.5790755152702], "trade_every": 1800, "collaterals": [460, 757, 1054, 1351, 1649, 1946, 2243, 2540, 2837, 3134, 3432, 3729, 4026, 4323, 4620, 4917, 5214, 5512, 5809, 6106, 6403, 6700, 6997, 7294, 7592, 7889, 8186, 8483, 8780, 9077, 1875.0], "liquidation_incentives": [0.1499999999999999], "stability_pool_initial_balances": [0.050578475782854244, 0.025289237891427122, 0.10115695156570849], "share_institutionals": [0.004487461445392904, 0.002243730722696452, 0.008974922890785808, 1], "recovery_halflife_retails": [3.3333333333333335], "price_recovery_times": [2], "l_factors": [0.25, 0.5, 1, 1.5, 2], "json_time": 1677865093.8582346, "current_debt": 460.5020372610425}, "GMX-VST": {"series_std_ratio": 2.0308729755116706, "volume_for_slippage_10_percentss": [5873.166753947735], "trade_every": 1800, "collaterals": [46, 461, 876, 1291, 1706, 2121, 2536, 2952, 3367, 3782, 4197, 4612, 5027, 5442, 5857, 6273, 6688, 7103, 7518, 7933, 8348, 8763, 9178, 9594, 10009, 10424, 10839, 11254, 11669, 12084, 2500.0], "liquidation_incentives": [0.1499999999999999], "stability_pool_initial_balances": [0.528928186715907, 0.2644640933579535, 1.057856373431814], "share_institutionals": [0.00047629169547826775, 0.00023814584773913387, 0.0009525833909565355, 1], "recovery_halflife_retails": [3.3333333333333335], "price_recovery_times": [0], "l_factors": [0.25, 0.5, 1, 1.5, 2], "json_time": 1677865093.8582346, "current_debt": 46.13172598225475}, "sGLP-VST": {"series_std_ratio": 0.6132330529291525, "volume_for_slippage_10_percentss": [13542.488727867603], "trade_every": 1800, "collaterals": [842, 1543, 2244, 2945, 3646, 4347, 5048, 5750, 6451, 7152, 7853, 8554, 9255, 9956, 10657, 11358, 12059, 12760, 13461, 14163, 14864, 15565, 16266, 16967, 17668, 18369, 19070, 19771, 20472, 21173, 4375.0], "liquidation_incentives": [0.10000000000000009], "stability_pool_initial_balances": [0.011930488737645958, 0.005965244368822979, 0.023860977475291915], "share_institutionals": [0.0, 0.0, 0.0, 1], "recovery_halflife_retails": [3.3333333333333335], "price_recovery_times": [0], "l_factors": [0.25, 0.5, 1, 1.5, 2], "json_time": 1677865093.8582346, "current_debt": 842.4887413319556}}