{"json_time": 1671377085, "data": [{"account": "0x5ce561e048d2cd64523D6316228F97bd2537F92f", "user_collateral_wo_looping": 1.1016809169614412, "user_debt_wo_looping": 1.543090845888722}, {"account": "0x9A4B0dA9E8e5c7135cd7188Bd2e84DAc513C594b", "user_collateral_wo_looping": 0.0010530840534947383, "user_debt_wo_looping": 0.0013808925159698709}]}