{"json_time": 1666887893, "VST": {"total_collateral": "0.0", "median_collateral": "nan", "top_1_collateral": "0.0", "top_10_collateral": "0.0", "total_debt": "0.0", "median_debt": "nan", "top_1_debt": "nan", "top_10_debt": "0.0", "graph_data": {"ETH": {"4.9": 0, "4.800000000000001": 0, "4.7": 0, "4.6000000000000005": 0, "4.5": 0, "4.4": 0, "4.3": 0, "4.2": 0, "4.1000000000000005": 0, "4.0": 0, "3.9000000000000004": 0, "3.8000000000000003": 0, "3.7": 0, "3.6": 0, "3.5": 0, "3.4000000000000004": 0, "3.3000000000000003": 0, "3.2": 0, "3.1": 0, "3.0": 0, "2.9000000000000004": 0, "2.8000000000000003": 0, "2.7": 0, "2.6": 0, "2.5": 0, "2.4000000000000004": 0, "2.3000000000000003": 0, "2.2": 0, "2.1": 0, "2.0": 0, "1.9000000000000001": 0, "1.8": 0, "1.7000000000000002": 0, "1.6": 0, "1.5": 0, "1.4000000000000001": 0, "1.3": 0}, "gOHM": {"4.9": 0, "4.800000000000001": 0, "4.7": 0, "4.6000000000000005": 0, "4.5": 0, "4.4": 0, "4.3": 0, "4.2": 0, "4.1000000000000005": 0, "4.0": 0, "3.9000000000000004": 0, "3.8000000000000003": 0, "3.7": 0, "3.6": 0, "3.5": 0, "3.4000000000000004": 0, "3.3000000000000003": 0, "3.2": 0, "3.1": 0, "3.0": 0, "2.9000000000000004": 0, "2.8000000000000003": 0, "2.7": 0, "2.6": 0, "2.5": 0, "2.4000000000000004": 0, "2.3000000000000003": 0, "2.2": 0, "2.1": 0, "2.0": 0, "1.9000000000000001": 0, "1.8": 0}, "renBTC": {"4.9": 0, "4.800000000000001": 0, "4.7": 0, "4.6000000000000005": 0, "4.5": 0, "4.4": 0, "4.3": 0, "4.2": 0, "4.1000000000000005": 0, "4.0": 0, "3.9000000000000004": 0, "3.8000000000000003": 0, "3.7": 0, "3.6": 0, "3.5": 0, "3.4000000000000004": 0, "3.3000000000000003": 0, "3.2": 0, "3.1": 0, "3.0": 0, "2.9000000000000004": 0, "2.8000000000000003": 0, "2.7": 0, "2.6": 0, "2.5": 0, "2.4000000000000004": 0, "2.3000000000000003": 0}, "GMX": {"4.9": 0, "4.800000000000001": 0, "4.7": 0, "4.6000000000000005": 0, "4.5": 0, "4.4": 0, "4.3": 0, "4.2": 0, "4.1000000000000005": 0, "4.0": 0, "3.9000000000000004": 0, "3.8000000000000003": 0, "3.7": 0, "3.6": 0, "3.5": 0, "3.4000000000000004": 0, "3.3000000000000003": 0, "3.2": 0, "3.1": 0, "3.0": 0, "2.9000000000000004": 0, "2.8000000000000003": 0, "2.7": 0, "2.6": 0, "2.5": 0, "2.4000000000000004": 0, "2.3000000000000003": 0, "2.2": 0, "2.1": 0, "2.0": 0, "1.9000000000000001": 0, "1.8": 0, "1.7000000000000002": 0, "1.6": 0}, "DPX": {"4.9": 0, "4.800000000000001": 0, "4.7": 0, "4.6000000000000005": 0, "4.5": 0, "4.4": 0, "4.3": 0, "4.2": 0}, "sGLP": {"4.9": 0, "4.800000000000001": 0, "4.7": 0, "4.6000000000000005": 0, "4.5": 0, "4.4": 0, "4.3": 0, "4.2": 0, "4.1000000000000005": 0, "4.0": 0, "3.9000000000000004": 0, "3.8000000000000003": 0, "3.7": 0, "3.6": 0, "3.5": 0, "3.4000000000000004": 0, "3.3000000000000003": 0, "3.2": 0, "3.1": 0, "3.0": 0, "2.9000000000000004": 0, "2.8000000000000003": 0, "2.7": 0, "2.6": 0, "2.5": 0, "2.4000000000000004": 0, "2.3000000000000003": 0, "2.2": 0, "2.1": 0, "2.0": 0, "1.9000000000000001": 0, "1.8": 0, "1.7000000000000002": 0, "1.6": 0, "1.5": 0, "1.4000000000000001": 0, "1.3": 0, "1.2000000000000002": 0, "1.1": 0}}}, "ETH": {"total_collateral": "1219606.42803914", "median_collateral": "3093.0678", "top_1_collateral": "92792.034", "top_10_collateral": "601292.38032", "total_debt": "475467.1361125287", "median_debt": "1219.88985", "top_1_debt": "37200.0", "top_10_debt": "218363.9589008785", "graph_data": {"VST": {"1237.22712": 1201, "1082.57373": 5721, "927.9203400000001": 68201, "773.26695": 195371, "618.61356": 368757, "463.96017000000006": 398420, "309.30678": 472649, "154.65339": 474885, "0.0": 475435}}}, "gOHM": {"total_collateral": "15544155.230272597", "median_collateral": "25220.900418800502", "top_1_collateral": "2235039.4697952177", "top_10_collateral": "10324791.147570228", "total_debt": "4977524.700308432", "median_debt": "8803.884062582203", "top_1_debt": "872249.0978056177", "top_10_debt": "3404009.363729185", "graph_data": {"VST": {"1333.7899233600842": 3316245, "1067.0319386880674": 4273429, "800.2739540160507": 4501286, "533.5159693440337": 4964299, "266.75798467201685": 4976479, "0.0": 4977479}}}, "renBTC": {"total_collateral": "128994.09864499", "median_collateral": "9353.79136159525", "top_1_collateral": "40158.27610436099", "top_10_collateral": "128994.09864499", "total_debt": "30151.255574284194", "median_debt": "2921.2743268061363", "top_1_debt": "9057.597790678888", "top_10_debt": "30151.255574284187", "graph_data": {"VST": {"8225.539999999999": 3775, "6169.155000000001": 3775, "4112.7699999999995": 29817, "2056.3849999999998": 30148, "0.0": 30148}}}, "GMX": {"total_collateral": "181614.4302423951", "median_collateral": "9516.33385559173", "top_1_collateral": "40130.408686111696", "top_10_collateral": "178589.82217715136", "total_debt": "72318.83986495674", "median_debt": "3997.6453704049645", "top_1_debt": "17546.8704", "top_10_debt": "71423.10986495673", "graph_data": {"VST": {"23.578364105434236": 60893, "19.64863675452853": 69036, "15.718909403622824": 69816, "11.789182052717118": 71916, "7.859454701811412": 72316, "3.929727350905706": 72316, "0.0": 72316}}}, "DPX": {"total_collateral": "1986105.2941286722", "median_collateral": "401906.4976134654", "top_1_collateral": "1165588.6453079504", "top_10_collateral": "1986105.2941286725", "total_debt": "239721.08997879407", "median_debt": "26472.922783563103", "top_1_debt": "185174.5571207407", "top_10_debt": "239721.08997879407", "graph_data": {"VST": {"60.364731346": 185174, "30.182365673": 212042, "0.0": 239718}}}, "sGLP": {"total_collateral": "7504399.100955927", "median_collateral": "5498.528255215118", "top_1_collateral": "1444528.609420921", "top_10_collateral": "5448197.105706048", "total_debt": "4999778.5136753265", "median_debt": "3200.0000011419907", "top_1_debt": "1000000.0", "top_10_debt": "3736898.227007641", "graph_data": {"VST": {"0.8387585474056961": 346516, "0.7455631532495076": 3196753, "0.6523677590933192": 4775444, "0.5591723649371307": 4889747, "0.46597697078094225": 4978883, "0.3727815766247538": 4994417, "0.27958618246856537": 4995735, "0.1863907883123769": 4995735, "0.09319539415618845": 4999765, "0.0": 4999765}}}}