{"json_time": 1666887893, "VST": {"oracle": 0.9867225611753614, "cex_price": 1, "dex_price": 1}, "ETH": {"oracle": 1546.5339, "cex_price": 1540.605, "dex_price": 1543.921371895745}, "gOHM": {"oracle": 2667.5798467201685, "cex_price": "NaN", "dex_price": 2650.0761606788174}, "renBTC": {"oracle": 20563.85, "cex_price": 20530.114999999998, "dex_price": 20630.46707377455}, "GMX": {"oracle": 39.29727350905706, "cex_price": "NaN", "dex_price": 39.69394661066105}, "DPX": {"oracle": 301.82365673, "cex_price": "NaN", "dex_price": 299.1148862398142}, "sGLP": {"oracle": 0.9319539415618845, "cex_price": "NaN", "dex_price": "NaN"}}