{"json_time": 1677425434, "ETH": {"oracle": 1605.445, "cex_price": 1602.7849999999999, "dex_price": 1593.1990938221124}, "BNB|bsc": {"oracle": 304.06483, "cex_price": 304.15, "dex_price": 303.4709146101425}, "WBTC|eth": {"oracle": 23234.81, "cex_price": 23224.22, "dex_price": 32738.100113637138}, "pCKB": {"oracle": 0.004862, "cex_price": 0.004895, "dex_price": 0.004877379046058912}, "USDC": {"oracle": 0.99995, "cex_price": 1, "dex_price": 1}, "USDT": {"oracle": 1.000089999, "cex_price": 1, "dex_price": 1.0005336503017719}}