{"ETH": {"BNB|bsc": {"volume": 10059.89694595337, "llc": 1.1}, "WBTC|eth": {"volume": 1476.8366813659668, "llc": 1.1}, "pCKB": {"volume": 27226.017475128174, "llc": 1.1}, "USDC": {"volume": 20550.30393600464, "llc": 1.1}, "USDT": {"volume": 20550.30393600464, "llc": 1.1}}, "BNB|bsc": {"ETH": {"volume": 10059.89694595337, "llc": 1.1}, "WBTC|eth": {"volume": 1476.8366813659668, "llc": 1.1}, "pCKB": {"volume": 15781.93712234497, "llc": 1.1}, "USDC": {"volume": 12920.91703414917, "llc": 1.1}, "USDT": {"volume": 12920.91703414917, "llc": 1.1}}, "WBTC|eth": {"ETH": {"volume": 1476.8366813659668, "llc": 1.1}, "BNB|bsc": {"volume": 1476.8366813659668, "llc": 1.1}, "pCKB": {"volume": 1476.8366813659668, "llc": 1.1}, "USDC": {"volume": 1476.8366813659668, "llc": 1.1}, "USDT": {"volume": 1476.8366813659668, "llc": 1.1}}, "pCKB": {"ETH": {"volume": 27226.017475128174, "llc": 1.1}, "BNB|bsc": {"volume": 15781.93712234497, "llc": 1.1}, "WBTC|eth": {"volume": 1476.8366813659668, "llc": 1.1}, "USDC": {"volume": 79678.05242538452, "llc": 1.1}, "USDT": {"volume": 78724.37906265259, "llc": 1.1}}, "USDC": {"ETH": {"volume": 20550.30393600464, "llc": 1.1}, "BNB|bsc": {"volume": 12920.91703414917, "llc": 1.1}, "WBTC|eth": {"volume": 1476.8366813659668, "llc": 1.1}, "pCKB": {"volume": 79678.05242538452, "llc": 1.1}, "USDT": {"volume": 443027.6036262512, "llc": 1.1}}, "USDT": {"ETH": {"volume": 20550.30393600464, "llc": 1.1}, "BNB|bsc": {"volume": 12920.91703414917, "llc": 1.1}, "WBTC|eth": {"volume": 1476.8366813659668, "llc": 1.1}, "pCKB": {"volume": 78724.37906265259, "llc": 1.1}, "USDC": {"volume": 520275.14600753784, "llc": 1.1}}, "json_time": 1677425434}