{"json_time": 1680286400, "USDC": {"oracle": 1.0001077307730772, "cex_price": 1, "dex_price": 1}, "WXDAI": {"oracle": 1.0, "cex_price": 1, "dex_price": 0.9996232314135678}, "LINK": {"oracle": 7.593359335933593, "cex_price": 7.6035, "dex_price": 7.985491132892951}, "GNO": {"oracle": 113.34676543654365, "cex_price": 113.45, "dex_price": 113.49532351798797}, "WBTC": {"oracle": 28331.327812781277, "cex_price": 28390.175, "dex_price": 28474.193269156298}, "WETH": {"oracle": 1825.3409220422043, "cex_price": 1824.625, "dex_price": 1834.6001971300564}, "FOX": {"oracle": 0.033726312631263126, "cex_price": 0.0342, "dex_price": 0.03457295648887755}, "USDT": {"oracle": 1.0003300330033003, "cex_price": 1, "dex_price": 1.000691910408998}, "EURe": {"oracle": 1.0864986498649865, "cex_price": 1.08285, "dex_price": 1.087774375464049}}