{"USDC": {"WXDAI": {"volume": 5507033.159732819, "llc": 1.05}, "LINK": {"volume": 1476.8366813659668, "llc": 1.05}, "GNO": {"volume": 81585.39915084839, "llc": 1.05}, "WBTC": {"volume": 27226.017475128174, "llc": 1.05}, "WETH": {"volume": 81585.39915084839, "llc": 1.05}, "FOX": {"volume": 3384.183406829834, "llc": 1.05}, "USDT": {"volume": 2729936.327457428, "llc": 1.05}, "EURe": {"volume": 206516.6096687317, "llc": 1.05}}, "WXDAI": {"USDC": {"volume": 4812758.951663971, "llc": 1.05}, "LINK": {"volume": 2430.5100440979004, "llc": 1.05}, "GNO": {"volume": 99705.19304275513, "llc": 1.05}, "WBTC": {"volume": 29133.36420059204, "llc": 1.05}, "WETH": {"volume": 91122.13277816772, "llc": 1.05}, "FOX": {"volume": 3384.183406829834, "llc": 1.05}, "USDT": {"volume": 2728982.654094696, "llc": 1.05}, "EURe": {"volume": 207470.28303146362, "llc": 1.05}}, "LINK": {"USDC": {"volume": 5291.530132293701, "llc": 1.2}, "WXDAI": {"volume": 5291.530132293701, "llc": 1.2}, "GNO": {"volume": 5291.530132293701, "llc": 1.2}, "WBTC": {"volume": 5291.530132293701, "llc": 1.2}, "WETH": {"volume": 5291.530132293701, "llc": 1.2}, "FOX": {"volume": 4337.856769561768, "llc": 1.2}, "USDT": {"volume": 5291.530132293701, "llc": 1.2}, "EURe": {"volume": 4337.856769561768, "llc": 1.2}}, "GNO": {"USDC": {"volume": 155971.9214439392, "llc": 1.1}, "WXDAI": {"volume": 202701.91621780396, "llc": 1.1}, "LINK": {"volume": 2430.5100440979004, "llc": 1.1}, "WBTC": {"volume": 70141.31879806519, "llc": 1.1}, "WETH": {"volume": 399158.6289405823, "llc": 1.1}, "FOX": {"volume": 6245.203495025635, "llc": 1.1}, "USDT": {"volume": 121639.6803855896, "llc": 1.1}, "EURe": {"volume": 106380.90658187866, "llc": 1.1}}, "WBTC": {"USDC": {"volume": 65372.95198440552, "llc": 1.1}, "WXDAI": {"volume": 65372.95198440552, "llc": 1.1}, "LINK": {"volume": 2430.5100440979004, "llc": 1.1}, "GNO": {"volume": 66326.62534713745, "llc": 1.1}, "WETH": {"volume": 107334.5799446106, "llc": 1.1}, "FOX": {"volume": 5291.530132293701, "llc": 1.1}, "USDT": {"volume": 63465.60525894165, "llc": 1.1}, "EURe": {"volume": 61558.25853347778, "llc": 1.1}}, "WETH": {"USDC": {"volume": 92075.80614089966, "llc": 1.05}, "WXDAI": {"volume": 92075.80614089966, "llc": 1.05}, "LINK": {"volume": 1476.8366813659668, "llc": 1.05}, "GNO": {"volume": 192211.5092277527, "llc": 1.05}, "WBTC": {"volume": 54882.54499435425, "llc": 1.05}, "FOX": {"volume": 3384.183406829834, "llc": 1.05}, "USDT": {"volume": 92075.80614089966, "llc": 1.05}, "EURe": {"volume": 79678.05242538452, "llc": 1.05}}, "FOX": {"USDC": {"volume": 6245.203495025635, "llc": 1.1}, "WXDAI": {"volume": 6245.203495025635, "llc": 1.1}, "LINK": {"volume": 2430.5100440979004, "llc": 1.1}, "GNO": {"volume": 6245.203495025635, "llc": 1.1}, "WBTC": {"volume": 6245.203495025635, "llc": 1.1}, "WETH": {"volume": 9106.223583221436, "llc": 1.1}, "USDT": {"volume": 6245.203495025635, "llc": 1.1}, "EURe": {"volume": 5291.530132293701, "llc": 1.1}}, "USDT": {"USDC": {"volume": 4635375.706195831, "llc": 1.05}, "WXDAI": {"volume": 5300086.040019989, "llc": 1.05}, "LINK": {"volume": 1476.8366813659668, "llc": 1.05}, "GNO": {"volume": 83492.74587631226, "llc": 1.05}, "WBTC": {"volume": 29133.36420059204, "llc": 1.05}, "WETH": {"volume": 81585.39915084839, "llc": 1.05}, "FOX": {"volume": 3384.183406829834, "llc": 1.05}, "EURe": {"volume": 206516.6096687317, "llc": 1.05}}, "EURe": {"USDC": {"volume": 599430.0351142883, "llc": 1.15}, "WXDAI": {"volume": 598476.3617515564, "llc": 1.15}, "LINK": {"volume": 3384.183406829834, "llc": 1.15}, "GNO": {"volume": 175999.0620613098, "llc": 1.15}, "WBTC": {"volume": 88261.11268997192, "llc": 1.15}, "WETH": {"volume": 244663.54417800903, "llc": 1.15}, "FOX": {"volume": 8152.550220489502, "llc": 1.15}, "USDT": {"volume": 599430.0351142883, "llc": 1.15}}, "json_time": 1680286400}