{"json_time": 1685559205, "data": [{"account": "0x5ce561e048d2cd64523D6316228F97bd2537F92f", "user_collateral_wo_looping": 0.9065708565437105, "user_debt_wo_looping": 1.5496522208996946}, {"account": "0x7e1a061ca70838e1E79BCcBee306a56746f9e2F8", "user_collateral_wo_looping": 0.00415847727972398, "user_debt_wo_looping": 0.005419329355383948}, {"account": "0x4F1fdB46D6B90b33896c79D390cC348Ec8B73B39", "user_collateral_wo_looping": 0.008027966479340913, "user_debt_wo_looping": 0.008297941563258545}]}