{"json_time": 1679499267, "glp_data": {"liquidTreasury": 323041834.65680164, "treasuryUtilization": 0.3511494362900536, "liquidStableTreasury": 201704778.96151704, "stableTreasuryUtilization": 0.20032131456784194, "liquidSolidAssetTreasury": 115078409.16992992, "solidTreasuryUtilization": 0.5153603247005104}}