{"json_time": 1679499267, "ETH": {"VST": {"volume": 27863044.128894806, "llc": 1.1}}, "gOHM": {"VST": {"volume": 378177.81496047974, "llc": 1.15}}, "GMX": {"VST": {"volume": 13783010.601520538, "llc": 1.15}}, "DPX": {"VST": {"volume": 1195475.8868217468, "llc": 1.15}}, "sGLP": {"VST": {"volume": 15985996.069431305, "llc": 1.1}}}