{"json_time": 1681570599, "VST": {"oracle": 0.9902853349875009, "cex_price": 1, "dex_price": 1}, "ETH": {"oracle": 2104.26, "cex_price": 2102.705, "dex_price": 2105.1430481017096}, "gOHM": {"oracle": 2781.9400445456045, "cex_price": "NaN", "dex_price": 2789.7469488854326}, "GMX": {"oracle": 88.52434153652477, "cex_price": "NaN", "dex_price": 88.47833030250789}, "DPX": {"oracle": 250.16373244, "cex_price": "NaN", "dex_price": 250.2454485167182}, "sGLP": {"oracle": 1.0021586309462063, "cex_price": "NaN", "dex_price": "NaN"}}