{"json_time": 1673096195, "USDC": {"oracle": 1.0002833602702974, "cex_price": 1, "dex_price": 1}, "WXDAI": {"oracle": 1.0, "cex_price": 1, "dex_price": 1.0003760460444766}, "LINK": {"oracle": 5.768627136695283, "cex_price": 5.7684999999999995, "dex_price": 6.19413240527706}, "GNO": {"oracle": 87.57271038739854, "cex_price": 87.45, "dex_price": 87.56614226862015}, "WBTC": {"oracle": 16897.467277530377, "cex_price": 16915.940000000002, "dex_price": 17167.140308067766}, "WETH": {"oracle": 1263.2978670197695, "cex_price": 1263.565, "dex_price": 1271.0089189401167}, "FOX": {"oracle": 0.02378233706044248, "cex_price": 0.0236, "dex_price": 0.02406229720443687}, "USDT": {"oracle": 0.9999478552284291, "cex_price": 1, "dex_price": 1.0003260993060912}}