{"json_time": 1672074417, "VST": {"oracle": 0.9828533010326688, "cex_price": 1, "dex_price": 1}, "ETH": {"oracle": 1215.05, "cex_price": 1215.105, "dex_price": 1215.8326666211017}, "gOHM": {"oracle": 2512.474710446914, "cex_price": "NaN", "dex_price": 2495.8970870789444}, "GMX": {"oracle": 44.943464757865435, "cex_price": "NaN", "dex_price": 45.018760536581446}, "DPX": {"oracle": 254.35, "cex_price": "NaN", "dex_price": 255.38417569379138}, "sGLP": {"oracle": 0.8296040662883958, "cex_price": "NaN", "dex_price": "NaN"}}