{"json_time": 1672074417, "ETH-VST": {"series_std_ratio": 1.0, "volume_for_slippage_10_percentss": [14453.842835128307], "trade_every": 1800, "collaterals": [299, 3414, 6529, 9644, 12759, 15874, 18989, 22104, 25219, 28334, 31449, 34564, 37679, 40794, 43909, 47024, 50139, 53254, 56369, 59484, 62599, 65714, 68829, 71944, 75059, 78174, 81289, 84404, 87519, 90634, 18750.0], "liquidation_incentives": [0.10000000000000009], "stability_pool_initial_balances": [1.561163903993848, 0.780581951996924, 3.122327807987696], "share_institutionals": [0.17740293064070609, 0.08870146532035304, 0.35480586128141217, 1], "recovery_halflife_retails": [3.3333333333333335], "price_recovery_times": [0], "l_factors": [0.25, 0.5, 1, 1.5, 2], "json_time": 1672076814.6224422, "current_debt": 299.85875614506745}, "gOHM-VST": {"series_std_ratio": 0.5716868167571741, "volume_for_slippage_10_percentss": [211.32720857858658], "trade_every": 1800, "collaterals": [2964, 3490, 4016, 4542, 5069, 5595, 6121, 6647, 7173, 7699, 8226, 8752, 9278, 9804, 10330, 10857, 11383, 11909, 12435, 12961, 13488, 14014, 14540, 15066, 15592, 16119, 16645, 17171, 17697, 18223, 3750.0], "liquidation_incentives": [0.1499999999999999], "stability_pool_initial_balances": [0.23178099101845204, 0.11589049550922602, 0.4635619820369041], "share_institutionals": [0.006237112253350787, 0.0031185561266753935, 0.012474224506701574, 1], "recovery_halflife_retails": [3.3333333333333335], "price_recovery_times": [0], "l_factors": [0.25, 0.5, 1, 1.5, 2], "json_time": 1672076814.6224422, "current_debt": 2964.2689901191416}, "DPX-VST": {"series_std_ratio": 2.2750001177686507, "volume_for_slippage_10_percentss": [402.0618811249733], "trade_every": 1800, "collaterals": [219, 629, 1038, 1447, 1857, 2266, 2675, 3085, 3494, 3903, 4313, 4722, 5131, 5541, 5950, 6359, 6769, 7178, 7587, 7997, 8406, 8815, 9225, 9634, 10043, 10453, 10862, 11271, 11681, 12090, 2500.0], "liquidation_incentives": [0.1499999999999999], "stability_pool_initial_balances": [0.16220052358063564, 0.08110026179031782, 0.32440104716127127], "share_institutionals": [0.10560389833840786, 0.05280194916920393, 0.21120779667681572, 1], "recovery_halflife_retails": [3.3333333333333335], "price_recovery_times": [2], "l_factors": [0.25, 0.5, 1, 1.5, 2], "json_time": 1672076814.6224422, "current_debt": 219.91798009744292}, "GMX-VST": {"series_std_ratio": 2.0303291046355447, "volume_for_slippage_10_percentss": [2248.0158838629723], "trade_every": 1800, "collaterals": [63, 477, 892, 1306, 1721, 2136, 2550, 2965, 3379, 3794, 4208, 4623, 5037, 5452, 5867, 6281, 6696, 7110, 7525, 7939, 8354, 8768, 9183, 9598, 10012, 10427, 10841, 11256, 11670, 12085, 2500.0], "liquidation_incentives": [0.1499999999999999], "stability_pool_initial_balances": [0.516322496709603, 0.2581612483548015, 1.032644993419206], "share_institutionals": [0.008952570019619122, 0.004476285009809561, 0.017905140039238245, 1], "recovery_halflife_retails": [3.3333333333333335], "price_recovery_times": [0], "l_factors": [0.25, 0.5, 1, 1.5, 2], "json_time": 1672076814.6224422, "current_debt": 63.274095162711006}, "sGLP-VST": {"series_std_ratio": 0.6130688281835444, "volume_for_slippage_10_percentss": [14453.842835128307], "trade_every": 1800, "collaterals": [3617, 4225, 4834, 5442, 6051, 6660, 7268, 7877, 8485, 9094, 9703, 10311, 10920, 11528, 12137, 12746, 13354, 13963, 14571, 15180, 15789, 16397, 17006, 17614, 18223, 18832, 19440, 20049, 20657, 21266, 4375.0], "liquidation_incentives": [0.10000000000000009], "stability_pool_initial_balances": [0.4246889281158463, 0.21234446405792315, 0.8493778562316926], "share_institutionals": [0.0, 0.0, 0.0, 1], "recovery_halflife_retails": [3.3333333333333335], "price_recovery_times": [0], "l_factors": [0.25, 0.5, 1, 1.5, 2], "json_time": 1672076814.6224422, "current_debt": 3617.1386768159805}}