{"json_time": 1672074417, "stabilityPoolVstBalance": {"ETH": 749005.8662242764, "gOHM": 1099297.926680129, "GMX": 52271.74206632314, "DPX": 57073.298426561676, "sGLP": 2457853.996005359}, "stabilityPoolGemBalance": {"ETH": 16116.946681194475, "gOHM": 10638.133007094093, "GMX": 1413.3870120224642, "DPX": 146.56987043903152, "sGLP": 0.0}, "bprotocolBalance": {"ETH": 132875.73933985864, "gOHM": 6856.444568579747, "DPX": 6027.107552885637, "GMX": 465.13727885843076, "sGLP": 0.0}, "bprotocolGemBalance": {"ETH": 0.09639540863797207, "gOHM": 0.0, "DPX": 0.0552519905950038, "GMX": 2.829152037797485, "sGLP": 0.0}}