{"json_time": 1672074417, "ETH": {"VST": {"volume": 23126148.53620529, "llc": 1.1}}, "gOHM": {"VST": {"volume": 338123.5337257385, "llc": 1.15}}, "GMX": {"VST": {"volume": 3596825.4141807556, "llc": 1.15}}, "DPX": {"VST": {"volume": 643299.0097999573, "llc": 1.15}}, "sGLP": {"VST": {"volume": 23126148.53620529, "llc": 1.1}}}