{"json_time": 1684999540, "VST": {"oracle": 1.1633193113441576, "cex_price": 1, "dex_price": 1}, "ETH": {"oracle": 1783.58392027, "cex_price": 1783.795, "dex_price": 1783.7584038860819}, "gOHM": {"oracle": 2774.7437039503857, "cex_price": "NaN", "dex_price": 2773.9339188049794}, "GMX": {"oracle": 53.00868937949919, "cex_price": "NaN", "dex_price": 53.091950631536264}, "DPX": {"oracle": 146.76693682, "cex_price": "NaN", "dex_price": 145.97924214965445}, "sGLP": {"oracle": 0.9532116143513529, "cex_price": "NaN", "dex_price": "NaN"}}