{
  "json_time": 1669803275,
  "WBTC": {
    "USDC": {
      "volume": 24727266.526508,
      "llc": 1.0399806741665372
    }
  },
  "USDT": {
    "USDC": {
      "volume": 314773561.936089,
      "llc": 1.0398143991155888
    }
  },
  "WETH": {
    "USDC": {
      "volume": 61449107.435273,
      "llc": 1.0399805991981992
    }
  },
  "sUSD": {
    "USDC": {
      "volume": 17494503.696731,
      "llc": 1.039932091077516
    }
  },
  "GUSD": {
    "USDC": {
      "volume": 21801223.844409,
      "llc": 1.0264380031873523
    }
  },
  "LUSD": {
    "USDC": {
      "volume": 60510758.130168,
      "llc": 1.039936759063111
    }
  },
  "FRAX": {
    "USDC": {
      "volume": 366060322.395217,
      "llc": 1.039920442859046
    }
  },
  "DAI": {
    "USDC": {
      "volume": 2639000198.576199,
      "llc": 1.0380396668033514
    }
  },
  "SNX": {
    "USDC": {
      "volume": 60771.549101,
      "llc": 1.0396594709965434
    }
  },
  "LDO": {
    "USDC": {
      "volume": 943831.519329,
      "llc": 1.039995593943579
    }
  },
  "FXS": {
    "USDC": {
      "volume": 1019707.9386309999,
      "llc": 1.0399819345993961
    }
  },
  "CVX": {
    "USDC": {
      "volume": 895306.456343,
      "llc": 1.0399964279257037
    }
  },
  "CRV": {
    "USDC": {
      "volume": 1066169.809628,
      "llc": 1.0399934182238821
    }
  },
  "stETH": {
    "USDC": {
      "volume": 44509129.407442,
      "llc": 1.039979603051218
    }
  },
  "3Crv": {
    "USDC": {
      "volume": 195560546.208822,
      "llc": 1.039558464333941
    }
  },
  "wstETH": {
    "USDC": {
      "volume": 52000532.829013,
      "llc": 1.0399906362382205
    }
  },
  "LQTY": {
    "USDC": {
      "volume": 859776.741893,
      "llc": 1.0399861913128468
    }
  },
  "yvUSDC": {
    "USDC": {
      "volume": 999999999999,
      "llc": 1
    }
  },
  "yvDAI": {
    "USDC": {
      "volume": 2639000198.576199,
      "llc": 1.0380396668033514
    }
  },
  "yvWETH": {
    "USDC": {
      "volume": 61449107.435273,
      "llc": 1.0399805991981992
    }
  },
  "yvWBTC": {
    "USDC": {
      "volume": 24727266.526508,
      "llc": 1.0399806741665372
    }
  },
  "stkcvx3Crv": {
    "USDC": {
      "volume": 195560546.208822,
      "llc": 1.039558464333941
    }
  },
  "cvx3Crv": {
    "USDC": {
      "volume": 195560546.208822,
      "llc": 1.039558464333941
    }
  },
  "steCRV": {
    "USDC": {
      "volume": 71654304.30904901,
      "llc": 1.039979603051218
    }
  },
  "cvxsteCRV": {
    "USDC": {
      "volume": 71654304.30904901,
      "llc": 1.039979603051218
    }
  },
  "stkcvxsteCRV": {
    "USDC": {
      "volume": 71654304.30904901,
      "llc": 1.039979603051218
    }
  },
  "yvCurve-stETH": {
    "USDC": {
      "volume": 71654304.30904901,
      "llc": 1.039979603051218
    }
  },
  "FRAX3CRV-f": {
    "USDC": {
      "volume": 439743719.4689572,
      "llc": 1.039558464333941
    }
  },
  "cvxFRAX3CRV-f": {
    "USDC": {
      "volume": 439743719.4689572,
      "llc": 1.039558464333941
    }
  },
  "stkcvxFRAX3CRV-f": {
    "USDC": {
      "volume": 439743719.4689572,
      "llc": 1.039558464333941
    }
  },
  "yvCurve-FRAX": {
    "USDC": {
      "volume": 439743719.4689572,
      "llc": 1.039558464333941
    }
  },
  "LUSD3CRV-f": {
    "USDC": {
      "volume": 213176030.6042879,
      "llc": 1.039558464333941
    }
  },
  "cvxLUSD3CRV-f": {
    "USDC": {
      "volume": 213176030.6042879,
      "llc": 1.039558464333941
    }
  },
  "stkcvxLUSD3CRV-f": {
    "USDC": {
      "volume": 213176030.6042879,
      "llc": 1.039558464333941
    }
  },
  "crvPlain3andSUSD": {
    "USDC": {
      "volume": 96376878.05564591,
      "llc": 1.039932091077516
    }
  },
  "cvxcrvPlain3andSUSD": {
    "USDC": {
      "volume": 96376878.05564591,
      "llc": 1.039932091077516
    }
  },
  "stkcvxcrvPlain3andSUSD": {
    "USDC": {
      "volume": 96376878.05564591,
      "llc": 1.039932091077516
    }
  },
  "gusd3CRV": {
    "USDC": {
      "volume": 67455324.11751148,
      "llc": 1.0264380031873523
    }
  },
  "cvxgusd3CRV": {
    "USDC": {
      "volume": 67455324.11751148,
      "llc": 1.0264380031873523
    }
  },
  "stkcvxgusd3CRV": {
    "USDC": {
      "volume": 67455324.11751148,
      "llc": 1.0264380031873523
    }
  },
  "crvFRAX": {
    "USDC": {
      "volume": 507525167.44871557,
      "llc": 1.039920442859046
    }
  },
  "cvxcrvFRAX": {
    "USDC": {
      "volume": 507525167.44871557,
      "llc": 1.039920442859046
    }
  },
  "stkcvxcrvFRAX": {
    "USDC": {
      "volume": 507525167.44871557,
      "llc": 1.039920442859046
    }
  }
}