{"json_time": 1671510882, "auUSDC": {"oracle": 0.9999429, "cex_price": 1, "dex_price": 1}, "auETH": {"oracle": 1209.81264598, "cex_price": 1205.025, "dex_price": 1218.6496164740877}, "auWBTC": {"oracle": 16801.569566, "cex_price": 16769.504999999997, "dex_price": 17083.693870456056}, "auUSDT": {"oracle": 1.00004, "cex_price": 1, "dex_price": 0.999619991461386}, "auWNEAR": {"oracle": 1.30895241, "cex_price": 1.3165, "dex_price": 1.3260395480563383}, "auSTNEAR": {"oracle": 1.50421025, "cex_price": "NaN", "dex_price": 1.544608078927879}}