{"json_time": 1670953660, "USDC": {"oracle": 1.0013832407118926, "cex_price": 1, "dex_price": 1}, "WXDAI": {"oracle": 1.0, "cex_price": 1, "dex_price": 1.0004489621602173}, "LINK": {"oracle": 6.84756571795318, "cex_price": 6.834, "dex_price": 7.296906457154871}, "GNO": {"oracle": 92.78178670542981, "cex_price": 92.1, "dex_price": 92.78874624949944}, "WBTC": {"oracle": 17730.009697004763, "cex_price": 17659.33, "dex_price": 17741.323694353894}, "WETH": {"oracle": 1314.0724496869261, "cex_price": 1310.685, "dex_price": 1314.6428265663396}, "FOX": {"oracle": 0.0320858211072701, "cex_price": 0.032100000000000004, "dex_price": 0.03230031827937919}, "USDT": {"oracle": 1.001403268376707, "cex_price": 1, "dex_price": 1.0003864232652604}}