{"USDC": {"WXDAI": {"volume": 3057046.290874481, "llc": 1.05}, "LINK": {"volume": 1476.8366813659668, "llc": 1.05}, "GNO": {"volume": 68233.97207260132, "llc": 1.05}, "WBTC": {"volume": 19596.630573272705, "llc": 1.05}, "WETH": {"volume": 70141.31879806519, "llc": 1.05}, "FOX": {"volume": 3384.183406829834, "llc": 1.05}, "USDT": {"volume": 3045602.210521698, "llc": 1.05}}, "WXDAI": {"USDC": {"volume": 3208680.3555488586, "llc": 1.05}, "LINK": {"volume": 1476.8366813659668, "llc": 1.05}, "GNO": {"volume": 88261.11268997192, "llc": 1.05}, "WBTC": {"volume": 19596.630573272705, "llc": 1.05}, "WETH": {"volume": 70141.31879806519, "llc": 1.05}, "FOX": {"volume": 3384.183406829834, "llc": 1.05}, "USDT": {"volume": 3062768.331050873, "llc": 1.05}}, "LINK": {"USDC": {"volume": 3384.183406829834, "llc": 1.1}, "WXDAI": {"volume": 3384.183406829834, "llc": 1.1}, "GNO": {"volume": 2430.5100440979004, "llc": 1.1}, "WBTC": {"volume": 2430.5100440979004, "llc": 1.1}, "WETH": {"volume": 2430.5100440979004, "llc": 1.1}, "FOX": {"volume": 2430.5100440979004, "llc": 1.1}, "USDT": {"volume": 3384.183406829834, "llc": 1.1}}, "GNO": {"USDC": {"volume": 143574.16772842407, "llc": 1.1}, "WXDAI": {"volume": 183628.44896316528, "llc": 1.1}, "LINK": {"volume": 2430.5100440979004, "llc": 1.1}, "WBTC": {"volume": 41531.11791610718, "llc": 1.1}, "WETH": {"volume": 273273.74505996704, "llc": 1.1}, "FOX": {"volume": 5291.530132293701, "llc": 1.1}, "USDT": {"volume": 100658.86640548706, "llc": 1.1}}, "WBTC": {"USDC": {"volume": 37716.42446517944, "llc": 1.1}, "WXDAI": {"volume": 37716.42446517944, "llc": 1.1}, "LINK": {"volume": 2430.5100440979004, "llc": 1.1}, "GNO": {"volume": 41531.11791610718, "llc": 1.1}, "WETH": {"volume": 51067.851543426514, "llc": 1.1}, "FOX": {"volume": 5291.530132293701, "llc": 1.1}, "USDT": {"volume": 37716.42446517944, "llc": 1.1}}, "WETH": {"USDC": {"volume": 70141.31879806519, "llc": 1.05}, "WXDAI": {"volume": 70141.31879806519, "llc": 1.05}, "LINK": {"volume": 1476.8366813659668, "llc": 1.05}, "GNO": {"volume": 137852.12755203247, "llc": 1.05}, "WBTC": {"volume": 26272.34411239624, "llc": 1.05}, "FOX": {"volume": 3384.183406829834, "llc": 1.05}, "USDT": {"volume": 70141.31879806519, "llc": 1.05}}, "FOX": {"USDC": {"volume": 6245.203495025635, "llc": 1.1}, "WXDAI": {"volume": 6245.203495025635, "llc": 1.1}, "LINK": {"volume": 2430.5100440979004, "llc": 1.1}, "GNO": {"volume": 5291.530132293701, "llc": 1.1}, "WBTC": {"volume": 5291.530132293701, "llc": 1.1}, "WETH": {"volume": 5291.530132293701, "llc": 1.1}, "USDT": {"volume": 6245.203495025635, "llc": 1.1}}, "USDT": {"USDC": {"volume": 3002686.909198761, "llc": 1.05}, "WXDAI": {"volume": 2874894.678592682, "llc": 1.05}, "LINK": {"volume": 1476.8366813659668, "llc": 1.05}, "GNO": {"volume": 51067.851543426514, "llc": 1.05}, "WBTC": {"volume": 19596.630573272705, "llc": 1.05}, "WETH": {"volume": 70141.31879806519, "llc": 1.05}, "FOX": {"volume": 3384.183406829834, "llc": 1.05}}, "json_time": 1670953660}