{"json_time": 1666113630, "ETH-VST": {"series_std_ratio": 1.0, "volume_for_slippage_10_percentss": [11791.30601555109], "trade_every": 1800, "collaterals": [293, 3409, 6524, 9639, 12754, 15869, 18985, 22100, 25215, 28330, 31445, 34561, 37676, 40791, 43906, 47021, 50137, 53252, 56367, 59482, 62597, 65713, 68828, 71943, 75058, 78173, 81289, 84404, 87519, 90634, 18750.0], "liquidation_incentives": [0.10000000000000009], "stability_pool_initial_balances": [1.1124372414511303, 0.5562186207255652, 2.2248744829022606], "share_institutionals": [0.49075013591947697, 0.24537506795973849, 0.9815002718389539, 1], "recovery_halflife_retails": [3.3333333333333335], "price_recovery_times": [0], "l_factors": [0.25, 0.5, 1, 1.5, 2], "json_time": 1666115123.6769667, "current_debt": 293.9381784013425}, "renBTC-VST": {"series_std_ratio": 0.760706293780634, "volume_for_slippage_10_percentss": [3325.0707378983498], "trade_every": 1800, "collaterals": [17, 225, 433, 640, 848, 1056, 1264, 1471, 1679, 1887, 2095, 2302, 2510, 2718, 2926, 3133, 3341, 3549, 3757, 3964, 4172, 4380, 4588, 4795, 5003, 5211, 5419, 5626, 5834, 6042, 1250.0], "liquidation_incentives": [0.10000000000000009], "stability_pool_initial_balances": [1.25199636223539, 0.625998181117695, 2.50399272447078], "share_institutionals": [0.96730097591965, 0.483650487959825, 1, 1], "recovery_halflife_retails": [3.3333333333333335], "price_recovery_times": [0], "l_factors": [0.25, 0.5, 1, 1.5, 2], "json_time": 1666115123.6769667, "current_debt": 17.68505881056238}, "gOHM-VST": {"series_std_ratio": 1.416911372280521, "volume_for_slippage_10_percentss": [292.9854902625084], "trade_every": 1800, "collaterals": [3120, 3641, 4162, 4683, 5204, 5725, 6246, 6767, 7288, 7809, 8330, 8851, 9372, 9893, 10414, 10935, 11456, 11977, 12498, 13019, 13540, 14061, 14582, 15103, 15624, 16145, 16666, 17187, 17708, 18229, 3750.0], "liquidation_incentives": [0.1499999999999999], "stability_pool_initial_balances": [0.05348091299116801, 0.026740456495584004, 0.10696182598233601], "share_institutionals": [0.5705898921085459, 0.28529494605427297, 1, 1], "recovery_halflife_retails": [3.3333333333333335], "price_recovery_times": [0], "l_factors": [0.25, 0.5, 1, 1.5, 2], "json_time": 1666115123.6769667, "current_debt": 3120.61174806358}, "DPX-VST": {"series_std_ratio": 1.974078240475897, "volume_for_slippage_10_percentss": [419.94325667619705], "trade_every": 1800, "collaterals": [159, 571, 982, 1393, 1805, 2216, 2627, 3039, 3450, 3861, 4273, 4684, 5095, 5507, 5918, 6329, 6741, 7152, 7563, 7975, 8386, 8797, 9209, 9620, 10031, 10443, 10854, 11265, 11677, 12088, 2500.0], "liquidation_incentives": [0.1499999999999999], "stability_pool_initial_balances": [0.20394382968225655, 0.10197191484112827, 0.4078876593645131], "share_institutionals": [6.977983346012245e-05, 3.4889916730061224e-05, 0.0001395596669202449, 1], "recovery_halflife_retails": [3.3333333333333335], "price_recovery_times": [2], "l_factors": [0.25, 0.5, 1, 1.5, 2], "json_time": 1666115123.6769667, "current_debt": 159.77471478915723}, "GMX-VST": {"series_std_ratio": 2.081064798518858, "volume_for_slippage_10_percentss": [1526.20435744524], "trade_every": 1800, "collaterals": [46, 461, 876, 1291, 1706, 2121, 2536, 2952, 3367, 3782, 4197, 4612, 5027, 5442, 5857, 6273, 6688, 7103, 7518, 7933, 8348, 8763, 9178, 9594, 10009, 10424, 10839, 11254, 11669, 12084, 2500.0], "liquidation_incentives": [0.1499999999999999], "stability_pool_initial_balances": [0.7655044288957128, 0.3827522144478564, 1.5310088577914256], "share_institutionals": [0.4354011167715427, 0.21770055838577135, 0.8708022335430854, 1], "recovery_halflife_retails": [3.3333333333333335], "price_recovery_times": [0], "l_factors": [0.25, 0.5, 1, 1.5, 2], "json_time": 1666115123.6769667, "current_debt": 46.24441450919397}, "sGLP-VST": {"series_std_ratio": 0.4707294016934606, "volume_for_slippage_10_percentss": [3325.0707378983498], "trade_every": 1800, "collaterals": [3024, 3444, 3864, 4284, 4704, 5124, 5544, 5964, 6384, 6804, 7224, 7644, 8064, 8484, 8904, 9324, 9744, 10164, 10584, 11004, 11424, 11844, 12264, 12684, 13104, 13524, 13944, 14364, 14784, 15204, 3125.0], "liquidation_incentives": [0.10000000000000009], "stability_pool_initial_balances": [0.0097544583849472, 0.0048772291924736, 0.0195089167698944], "share_institutionals": [0.0, 0.0, 0.0, 1], "recovery_halflife_retails": [3.3333333333333335], "price_recovery_times": [0], "l_factors": [0.25, 0.5, 1, 1.5, 2], "json_time": 1666115123.6769667, "current_debt": 3024.5160172631863}}