{"json_time": 1666113630, "ETH": {"VST": {"volume": 18866089.624881744, "llc": 1.1}}, "gOHM": {"VST": {"volume": 468776.7844200134, "llc": 1.15}}, "renBTC": {"VST": {"volume": 5320113.18063736, "llc": 1.1}}, "GMX": {"VST": {"volume": 2441926.971912384, "llc": 1.15}}, "DPX": {"VST": {"volume": 671909.2106819153, "llc": 1.15}}, "sGLP": {"VST": {"volume": 5320113.18063736, "llc": 1.1}}}