{"json_time": 1685888205, "VST": {"oracle": 0.9968794985237327, "cex_price": 1, "dex_price": 1}, "ETH": {"oracle": 1906.35078633, "cex_price": 1905.5949999999998, "dex_price": 1907.536414936053}, "gOHM": {"oracle": 2817.343498862822, "cex_price": "NaN", "dex_price": 2850.678857243051}, "GMX": {"oracle": 56.04317908530762, "cex_price": "NaN", "dex_price": 55.67591724231214}, "DPX": {"oracle": 144.89673824, "cex_price": "NaN", "dex_price": 144.70026536838455}, "sGLP": {"oracle": 0.9717286275559782, "cex_price": "NaN", "dex_price": "NaN"}}