{"json_time": 1685888205, "stabilityPoolVstBalance": {"ETH": 99708.53449374548, "gOHM": 87083.73929274616, "GMX": 50020.987577621825, "DPX": 8896.384159631856, "sGLP": 443.23134569996216}, "stabilityPoolGemBalance": {"ETH": 21236.976445095366, "gOHM": 11037.540375105758, "GMX": 4105.31040107042, "DPX": 24226.0860343623, "sGLP": 0.0}, "bprotocolBalance": {"ETH": 47328.76203115191, "gOHM": 43097.671314284926, "DPX": 7982.972375709599, "GMX": 20166.388438244863, "sGLP": 0.0}, "bprotocolGemBalance": {"ETH": 0.06201534360359258, "gOHM": 0.0, "DPX": 91.57122841505588, "GMX": 1.7133862031557272, "sGLP": 0.0}}