{"json_time": 1693675989, "VST": {"oracle": 0.9996403407615725, "cex_price": 1, "dex_price": 1}, "ETH": {"oracle": 1632.58, "cex_price": 1632.335, "dex_price": 1632.218834947281}, "gOHM": {"oracle": 2905.0178039995712, "cex_price": "NaN", "dex_price": 2905.8509354003054}, "GMX": {"oracle": 33.388493898655604, "cex_price": "NaN", "dex_price": 33.12185156006195}, "DPX": {"oracle": 76.83967381, "cex_price": "NaN", "dex_price": 76.93247112212927}, "sGLP": {"oracle": 0.940293233477121, "cex_price": "NaN", "dex_price": "NaN"}}