{"USDC": {"WXDAI": {"volume": 3024621.3965415955, "llc": 1.05}, "LINK": {"volume": 1476.8366813659668, "llc": 1.05}, "GNO": {"volume": 62511.93189620972, "llc": 1.05}, "WBTC": {"volume": 25318.670749664307, "llc": 1.05}, "WETH": {"volume": 53504.534991850735, "llc": 1.05}, "FOX": {"volume": 3384.183406829834, "llc": 1.05}, "USDT": {"volume": 4626792.645931244, "llc": 1.05}, "EURe": {"volume": 1612231.1463356018, "llc": 1.05}, "wstETH": {"volume": 53504.534991850735, "llc": 1.05}}, "WXDAI": {"USDC": {"volume": 3325982.1791648865, "llc": 1.05}, "LINK": {"volume": 1476.8366813659668, "llc": 1.05}, "GNO": {"volume": 62511.93189620972, "llc": 1.05}, "WBTC": {"volume": 25318.670749664307, "llc": 1.05}, "WETH": {"volume": 53504, "llc": 1.05}, "FOX": {"volume": 3384.183406829834, "llc": 1.05}, "USDT": {"volume": 4628699.992656708, "llc": 1.05}, "EURe": {"volume": 1612231.1463356018, "llc": 1.05}, "wstETH": {"volume": 53504, "llc": 1.05}}, "LINK": {"USDC": {"volume": 4337.856769561768, "llc": 1.2}, "WXDAI": {"volume": 4337.856769561768, "llc": 1.2}, "GNO": {"volume": 4337.856769561768, "llc": 1.2}, "WBTC": {"volume": 4337.856769561768, "llc": 1.2}, "WETH": {"volume": 4337.856769561768, "llc": 1.2}, "FOX": {"volume": 3384.183406829834, "llc": 1.2}, "USDT": {"volume": 4337.856769561768, "llc": 1.2}, "EURe": {"volume": 3384.183406829834, "llc": 1.2}, "wstETH": {"volume": 4337.856769561768, "llc": 1.2}}, "GNO": {"USDC": {"volume": 124500.7004737854, "llc": 1.1}, "WXDAI": {"volume": 124500.7004737854, "llc": 1.1}, "LINK": {"volume": 2430.5100440979004, "llc": 1.1}, "WBTC": {"volume": 59650.911808013916, "llc": 1.1}, "WETH": {"volume": 381992.50841140747, "llc": 1.1}, "FOX": {"volume": 4337.856769561768, "llc": 1.1}, "USDT": {"volume": 123547.02711105347, "llc": 1.1}, "EURe": {"volume": 125454.37383651733, "llc": 1.1}, "wstETH": {"volume": 381992.50841140747, "llc": 1.1}}, "WBTC": {"USDC": {"volume": 46299.484729766846, "llc": 1.1}, "WXDAI": {"volume": 50114.17818069458, "llc": 1.1}, "LINK": {"volume": 2430.5100440979004, "llc": 1.1}, "GNO": {"volume": 66326.62534713745, "llc": 1.1}, "WETH": {"volume": 107334.5799446106, "llc": 1.1}, "FOX": {"volume": 4337.856769561768, "llc": 1.1}, "USDT": {"volume": 38670.09782791138, "llc": 1.1}, "EURe": {"volume": 38670.09782791138, "llc": 1.1}, "wstETH": {"volume": 107334.5799446106, "llc": 1.1}}, "WETH": {"USDC": {"volume": 54884.5928866402, "llc": 1.05}, "WXDAI": {"volume": 54884.5928866402, "llc": 1.05}, "LINK": {"volume": 1476.8366813659668, "llc": 1.05}, "GNO": {"volume": 179813.75551223755, "llc": 1.05}, "WBTC": {"volume": 53928.871631622314, "llc": 1.05}, "FOX": {"volume": 2430.5100440979004, "llc": 1.05}, "USDT": {"volume": 55791.77624013839, "llc": 1.05}, "EURe": {"volume": 27226.017475128174, "llc": 1.05}, "wstETH": {"volume": 1476.8366813659668, "llc": 1.05}}, "FOX": {"USDC": {"volume": 5291.530132293701, "llc": 1.1}, "WXDAI": {"volume": 5291.530132293701, "llc": 1.1}, "LINK": {"volume": 2430.5100440979004, "llc": 1.1}, "GNO": {"volume": 4337.856769561768, "llc": 1.1}, "WBTC": {"volume": 4337.856769561768, "llc": 1.1}, "WETH": {"volume": 4337.856769561768, "llc": 1.1}, "USDT": {"volume": 5291.530132293701, "llc": 1.1}, "EURe": {"volume": 4337.856769561768, "llc": 1.1}, "wstETH": {"volume": 4337.856769561768, "llc": 1.1}}, "USDT": {"USDC": {"volume": 3233475.862979889, "llc": 1.05}, "WXDAI": {"volume": 2939744.4672584534, "llc": 1.05}, "LINK": {"volume": 1476.8366813659668, "llc": 1.05}, "GNO": {"volume": 62511.93189620972, "llc": 1.05}, "WBTC": {"volume": 25318.670749664307, "llc": 1.05}, "WETH": {"volume": 52987.761021508064, "llc": 1.05}, "FOX": {"volume": 3384.183406829834, "llc": 1.05}, "EURe": {"volume": 1613184.8196983337, "llc": 1.05}, "wstETH": {"volume": 52987.761021508064, "llc": 1.05}}, "EURe": {"USDC": {"volume": 1616045.8397865295, "llc": 1.15}, "WXDAI": {"volume": 1615092.1664237976, "llc": 1.15}, "LINK": {"volume": 2430.5100440979004, "llc": 1.15}, "GNO": {"volume": 184582.12232589722, "llc": 1.15}, "WBTC": {"volume": 57743.56508255005, "llc": 1.15}, "WETH": {"volume": 109241.92667007446, "llc": 1.15}, "FOX": {"volume": 6245.203495025635, "llc": 1.15}, "USDT": {"volume": 1616999.5131492615, "llc": 1.15}, "wstETH": {"volume": 109241.92667007446, "llc": 1.15}}, "wstETH": {"USDC": {"volume": 54884.5928866402, "llc": 1.05}, "WXDAI": {"volume": 54884.5928866402, "llc": 1.05}, "LINK": {"volume": 1476.8366813659668, "llc": 1.05}, "GNO": {"volume": 179813.75551223755, "llc": 1.05}, "WBTC": {"volume": 53928.871631622314, "llc": 1.05}, "WETH": {"volume": 1476.8366813659668, "llc": 1.1}, "FOX": {"volume": 2430.5100440979004, "llc": 1.05}, "USDT": {"volume": 55791.77624013839, "llc": 1.05}, "EURe": {"volume": 27226.017475128174, "llc": 1.05}}, "json_time": 1687339050}