{"json_time": 1682624110, "USDC": {"oracle": 0.999980000399992, "cex_price": 1, "dex_price": 1}, "WXDAI": {"oracle": 1.0, "cex_price": 1, "dex_price": 0.9999743105594356}, "LINK": {"oracle": 7.179856402871943, "cex_price": 7.1745, "dex_price": 7.588070071951763}, "GNO": {"oracle": 110.00999014019719, "cex_price": 109.7, "dex_price": 110.28136605938707}, "WBTC": {"oracle": 29619.625219585607, "cex_price": 29568.905, "dex_price": 29466.12971520691}, "WETH": {"oracle": 1911.1617767644648, "cex_price": 1916.995, "dex_price": 1915.892496569403}, "FOX": {"oracle": 0.030777134457310854, "cex_price": 0.031149999999999997, "dex_price": 0.03239072488005331}, "USDT": {"oracle": 1.000339993200136, "cex_price": 1, "dex_price": 1.0003738727285765}, "EURe": {"oracle": 1.101927961440771, "cex_price": 1.1003500000000002, "dex_price": 1.1038542097723525}}