{"json_time": 1677688255, "glp_data": {"liquidTreasury": 387452715.2927493, "treasuryUtilization": 0.26710155195042207, "liquidStableTreasury": 149431622.5545202, "stableTreasuryUtilization": 0.3785354793616887, "liquidSolidAssetTreasury": 224061782.56620318, "solidTreasuryUtilization": 0.17193315865897063}}