{"json_time": 1677688255, "stabilityPoolVstBalance": {"ETH": 231355.7247029885, "gOHM": 45645.14599461023, "GMX": 51807.46685216238, "DPX": 37198.86858362574, "sGLP": 16063.607586544395}, "stabilityPoolGemBalance": {"ETH": 19824.759946825143, "gOHM": 9903.419232156495, "GMX": 1907.793063841573, "DPX": 179.6191436139236, "sGLP": 0.0}, "bprotocolBalance": {"ETH": 108537.56047133573, "gOHM": 23742.334234882783, "DPX": 167.03785086066694, "GMX": 18.549593596146476, "sGLP": 0.0}, "bprotocolGemBalance": {"ETH": 0.029673711324504456, "gOHM": 0.0, "DPX": 0.001492251000255862, "GMX": 0.023780600652191012, "sGLP": 0.0}}