{"json_time": 1677688255, "ETH": {"VST": {"volume": 34828674.37028885, "llc": 1.1}}, "gOHM": {"VST": {"volume": 367687.40797042847, "llc": 1.15}}, "GMX": {"VST": {"volume": 3841919.4684028625, "llc": 1.15}}, "DPX": {"VST": {"volume": 886485.7172966003, "llc": 1.15}}, "sGLP": {"VST": {"volume": 34817230.289936066, "llc": 1.1}}}