{"json_time": 1675014567, "ETH": {"oracle": 1613.06279718, "cex_price": 1616.335, "dex_price": 1621.2627051064583}, "BNB|bsc": {"oracle": 317.783545102, "cex_price": 317.35, "dex_price": 317.36708376791273}, "WBTC|eth": {"oracle": 23572.3, "cex_price": 23565.765, "dex_price": 23724.968409385827}, "pCKB": {"oracle": 0.00385502, "cex_price": 0.003855, "dex_price": 0.0038541036399953716}, "USDC": {"oracle": 1.0, "cex_price": 1, "dex_price": 1}, "USDT": {"oracle": 1.0002, "cex_price": 1, "dex_price": 1.0008325099060236}}