{"ETH": {"BNB|bsc": {"volume": 19596.630573272705, "llc": 1.1}, "WBTC|eth": {"volume": 10059.89694595337, "llc": 1.1}, "pCKB": {"volume": 29133.36420059204, "llc": 1.1}, "USDC": {"volume": 24364.997386932373, "llc": 1.1}, "USDT": {"volume": 24364.997386932373, "llc": 1.1}}, "BNB|bsc": {"ETH": {"volume": 19596.630573272705, "llc": 1.1}, "WBTC|eth": {"volume": 11013.570308685303, "llc": 1.1}, "pCKB": {"volume": 54882.54499435425, "llc": 1.1}, "USDC": {"volume": 39623.77119064331, "llc": 1.1}, "USDT": {"volume": 39623.77119064331, "llc": 1.1}}, "WBTC|eth": {"ETH": {"volume": 10059.89694595337, "llc": 1.1}, "BNB|bsc": {"volume": 11013.570308685303, "llc": 1.1}, "pCKB": {"volume": 13874.590396881104, "llc": 1.1}, "USDC": {"volume": 12920.91703414917, "llc": 1.1}, "USDT": {"volume": 12920.91703414917, "llc": 1.1}}, "pCKB": {"ETH": {"volume": 29133.36420059204, "llc": 1.1}, "BNB|bsc": {"volume": 54882.54499435425, "llc": 1.1}, "WBTC|eth": {"volume": 13874.590396881104, "llc": 1.1}, "USDC": {"volume": 140713.14764022827, "llc": 1.1}, "USDT": {"volume": 139759.47427749634, "llc": 1.1}}, "USDC": {"ETH": {"volume": 24364.997386932373, "llc": 1.1}, "BNB|bsc": {"volume": 39623.77119064331, "llc": 1.1}, "WBTC|eth": {"volume": 11967.243671417236, "llc": 1.1}, "pCKB": {"volume": 140713.14764022827, "llc": 1.1}, "USDT": {"volume": 611827.7888298035, "llc": 1.1}}, "USDT": {"ETH": {"volume": 24364.997386932373, "llc": 1.1}, "BNB|bsc": {"volume": 39623.77119064331, "llc": 1.1}, "WBTC|eth": {"volume": 11967.243671417236, "llc": 1.1}, "pCKB": {"volume": 139759.47427749634, "llc": 1.1}, "USDC": {"volume": 785396.3408470154, "llc": 1.1}}, "json_time": 1675014567}