{"ETH": {"BNB|bsc": {"volume": 18642.95721054077, "llc": 1.1}, "WBTC|eth": {"volume": 9106.223583221436, "llc": 1.1}, "pCKB": {"volume": 27226.017475128174, "llc": 1.1}, "USDC": {"volume": 22457.650661468506, "llc": 1.1}, "USDT": {"volume": 1476.8366813659668, "llc": 1.1}}, "BNB|bsc": {"ETH": {"volume": 17689.283847808838, "llc": 1.1}, "WBTC|eth": {"volume": 10059.89694595337, "llc": 1.1}, "pCKB": {"volume": 50114.17818069458, "llc": 1.1}, "USDC": {"volume": 36762.75110244751, "llc": 1.1}, "USDT": {"volume": 1476.8366813659668, "llc": 1.1}}, "WBTC|eth": {"ETH": {"volume": 9106.223583221436, "llc": 1.1}, "BNB|bsc": {"volume": 10059.89694595337, "llc": 1.1}, "pCKB": {"volume": 11967.243671417236, "llc": 1.1}, "USDC": {"volume": 11013.570308685303, "llc": 1.1}, "USDT": {"volume": 1476.8366813659668, "llc": 1.1}}, "pCKB": {"ETH": {"volume": 27226.017475128174, "llc": 1.1}, "BNB|bsc": {"volume": 50114.17818069458, "llc": 1.1}, "WBTC|eth": {"volume": 11967.243671417236, "llc": 1.1}, "USDC": {"volume": 132130.08737564087, "llc": 1.1}, "USDT": {"volume": 1476.8366813659668, "llc": 1.1}}, "USDC": {"ETH": {"volume": 22457.650661468506, "llc": 1.1}, "BNB|bsc": {"volume": 36762.75110244751, "llc": 1.1}, "WBTC|eth": {"volume": 11013.570308685303, "llc": 1.1}, "pCKB": {"volume": 132130.08737564087, "llc": 1.1}, "USDT": {"volume": 1476.8366813659668, "llc": 1.1}}, "USDT": {"ETH": {"volume": 1476.8366813659668, "llc": 1.1}, "BNB|bsc": {"volume": 1476.8366813659668, "llc": 1.1}, "WBTC|eth": {"volume": 1476.8366813659668, "llc": 1.1}, "pCKB": {"volume": 1476.8366813659668, "llc": 1.1}, "USDC": {"volume": 1476.8366813659668, "llc": 1.1}}, "json_time": 1673871522}