{"json_time": 1674564501, "VST": {"oracle": 0.9978838787856544, "cex_price": 1, "dex_price": 1}, "ETH": {"oracle": 1628.16218814, "cex_price": 1629.665, "dex_price": 1629.1230266242783}, "gOHM": {"oracle": 2578.2831450305944, "cex_price": "NaN", "dex_price": 2588.0923147715757}, "GMX": {"oracle": 52.840532613222756, "cex_price": "NaN", "dex_price": 53.06535040496344}, "DPX": {"oracle": 307.99896614, "cex_price": "NaN", "dex_price": 309.1644971631777}, "sGLP": {"oracle": 0.9343937817330382, "cex_price": "NaN", "dex_price": "NaN"}}