{"json_time": 1670340210, "auUSDC": {"oracle": 0.99996915, "cex_price": 1, "dex_price": 1}, "auETH": {"oracle": 1253.599, "cex_price": 1255.3449999999998, "dex_price": 1264.9921740402278}, "auWBTC": {"oracle": 17003.27, "cex_price": 17005.7, "dex_price": 17235.982664738076}, "auUSDT": {"oracle": 1.00008, "cex_price": 1, "dex_price": 0.9993321493226041}, "auWNEAR": {"oracle": 1.7455891, "cex_price": 1.7585, "dex_price": 1.7587534454365081}, "auSTNEAR": {"oracle": 1.99878994, "cex_price": "NaN", "dex_price": 2.0352394214292224}}