{"ETH": {"BNB|bsc": {"volume": 9106.223583221436, "llc": 1.1}, "WBTC|eth": {"volume": 3384.183406829834, "llc": 1.1}, "pCKB": {"volume": 27226.017475128174, "llc": 1.1}, "USDC": {"volume": 19596.630573272705, "llc": 1.1}, "USDT": {"volume": 19596.630573272705, "llc": 1.1}}, "BNB|bsc": {"ETH": {"volume": 9106.223583221436, "llc": 1.1}, "WBTC|eth": {"volume": 3384.183406829834, "llc": 1.1}, "pCKB": {"volume": 13874.590396881104, "llc": 1.1}, "USDC": {"volume": 11967.243671417236, "llc": 1.1}, "USDT": {"volume": 11967.243671417236, "llc": 1.1}}, "WBTC|eth": {"ETH": {"volume": 3384.183406829834, "llc": 1.1}, "BNB|bsc": {"volume": 3384.183406829834, "llc": 1.1}, "pCKB": {"volume": 3384.183406829834, "llc": 1.1}, "USDC": {"volume": 3384.183406829834, "llc": 1.1}, "USDT": {"volume": 3384.183406829834, "llc": 1.1}}, "pCKB": {"ETH": {"volume": 26272.34411239624, "llc": 1.1}, "BNB|bsc": {"volume": 13874.590396881104, "llc": 1.1}, "WBTC|eth": {"volume": 3384.183406829834, "llc": 1.1}, "USDC": {"volume": 73002.33888626099, "llc": 1.1}, "USDT": {"volume": 72048.66552352905, "llc": 1.1}}, "USDC": {"ETH": {"volume": 19596.630573272705, "llc": 1.1}, "BNB|bsc": {"volume": 11967.243671417236, "llc": 1.1}, "WBTC|eth": {"volume": 3384.183406829834, "llc": 1.1}, "pCKB": {"volume": 72048.66552352905, "llc": 1.1}, "USDT": {"volume": 299976.5992164612, "llc": 1.1}}, "USDT": {"ETH": {"volume": 19596.630573272705, "llc": 1.1}, "BNB|bsc": {"volume": 11967.243671417236, "llc": 1.1}, "WBTC|eth": {"volume": 3384.183406829834, "llc": 1.1}, "pCKB": {"volume": 72048.66552352905, "llc": 1.1}, "USDC": {"volume": 392482.91540145874, "llc": 1.1}}, "json_time": 1683056066}