{"json_time": 1669640629, "ETH": {"oracle": 1169.27813135, "cex_price": 1170.8649999999998, "dex_price": 1171.2100970872589}, "BNB|bsc": {"oracle": 293.6815423, "cex_price": 294.45, "dex_price": 292.1625511173664}, "WBTC|eth": {"oracle": 16174.0, "cex_price": 16203.27, "dex_price": 16322.164695672722}, "pCKB": {"oracle": 0.002434097, "cex_price": 0.0024349999999999997, "dex_price": 0.0024493318459255457}, "USDC": {"oracle": 1.0, "cex_price": 1, "dex_price": 1}}