{"json_time": 1676830225, "ETH": {"VST": {"volume": 10324990.988254547, "llc": 1.1}}, "gOHM": {"VST": {"volume": 379131.48832321167, "llc": 1.15}}, "GMX": {"VST": {"volume": 3956360.2719306946, "llc": 1.15}}, "DPX": {"VST": {"volume": 833080.0089836121, "llc": 1.15}}, "sGLP": {"VST": {"volume": 10323083.641529083, "llc": 1.1}}}