{"json_time":1676727453,"DAI":{"USDC":{"volume":2478609485.57057,"llc":1.0371499049543562}},"WETH":{"USDC":{"volume":83442137.301121,"llc":1.0399672364219255}},"stETH":{"USDC":{"volume":63875184.057857,"llc":1.0399950257915203}},"WBTC":{"USDC":{"volume":36119766.998211,"llc":1.0399721390852354}},"USDT":{"USDC":{"volume":374067187.574729,"llc":1.039698612636605}},"sUSD":{"USDC":{"volume":26166685.246394,"llc":1.0395768730610735}},"FRAX":{"USDC":{"volume":392395346.858226,"llc":1.0397675228325274}},"GUSD":{"USDC":{"volume":35230789.568316,"llc":1.0394955887850639}},"LUSD":{"USDC":{"volume":24243490.812943,"llc":1.0305443876812015}},"CVX":{"USDC":{"volume":1236161.92253,"llc":1.0399650027466403}},"FXS":{"USDC":{"volume":1768394.165079,"llc":1.0399700398032108}},"LQTY":{"USDC":{"volume":77591.195133,"llc":1.0399619321353417}},"CRV":{"USDC":{"volume":2460600.264206,"llc":1.0399528557025013}},"LDO":{"USDC":{"volume":3297527.075121,"llc":1.039980081289967}},"SNX":{"USDC":{"volume":167987.233319,"llc":1.039881763832371}},"wstETH":{"USDC":{"volume":77664119.958494,"llc":1.039979543821039}},"3Crv":{"USDC":{"volume":193430748.774945,"llc":1.0391615805302692}},"steCRV":{"USDC":{"volume":126526342.46646546,"llc":1.0399950257915203}},"FRAX3CRV-f":{"USDC":{"volume":540638705.5492922,"llc":1.0391615805302692}},"LUSD3CRV-f":{"USDC":{"volume":67549010.93399478,"llc":1.0305443876812015}},"crvPlain3andSUSD":{"USDC":{"volume":105855505.14568897,"llc":1.0395768730610735}},"gusd3CRV":{"USDC":{"volume":71524735.412146,"llc":1.0394955887850639}},"crvFRAX":{"USDC":{"volume":392395346.858226,"llc":1.0397675228325274}},"cvxsteCRV":{"USDC":{"volume":126526342.46646546,"llc":1.0399950257915203}},"stkcvxsteCRV":{"USDC":{"volume":126526342.46646546,"llc":1.0399950257915203}},"cvx3Crv":{"USDC":{"volume":193430748.774945,"llc":1.0391615805302692}},"stkcvx3Crv":{"USDC":{"volume":193430748.774945,"llc":1.0391615805302692}},"cvxFRAX3CRV-f":{"USDC":{"volume":540638705.5492922,"llc":1.0391615805302692}},"stkcvxFRAX3CRV-f":{"USDC":{"volume":540638705.5492922,"llc":1.0391615805302692}},"cvxLUSD3CRV-f":{"USDC":{"volume":67549010.93399478,"llc":1.0305443876812015}},"stkcvxLUSD3CRV-f":{"USDC":{"volume":67549010.93399478,"llc":1.0305443876812015}},"cvxcrvPlain3andSUSD":{"USDC":{"volume":105855505.14568897,"llc":1.0395768730610735}},"stkcvxcrvPlain3andSUSD":{"USDC":{"volume":105855505.14568897,"llc":1.0395768730610735}},"cvxgusd3CRV":{"USDC":{"volume":71524735.412146,"llc":1.0394955887850639}},"stkcvxgusd3CRV":{"USDC":{"volume":71524735.412146,"llc":1.0394955887850639}},"yvDAI":{"USDC":{"volume":2478609485.57057,"llc":1.0371499049543562}},"yvUSDC":{"USDC":{"volume":999999999999,"llc":1}},"yvWETH":{"USDC":{"volume":83442137.301121,"llc":1.0399672364219255}},"yvWBTC":{"USDC":{"volume":36119766.998211,"llc":1.0399721390852354}},"yvCurve-stETH":{"USDC":{"volume":126526342.46646546,"llc":1.0399950257915203}},"yvCurve-FRAX":{"USDC":{"volume":540638705.5492922,"llc":1.0391615805302692}},"cvxcrvFRAX":{"USDC":{"volume":392395346.858226,"llc":1.0397675228325274}},"stkcvxcrvFRAX":{"USDC":{"volume":392395346.858226,"llc":1.0397675228325274}}}