{"json_time": 1668069937, "VST": {"oracle": 1.0039933630111975, "cex_price": 1, "dex_price": 1}, "ETH": {"oracle": 1193.81837792, "cex_price": 1212.9850000000001, "dex_price": 1204.0814344149999}, "gOHM": {"oracle": 2319.442228379949, "cex_price": "NaN", "dex_price": 2341.9791703075452}, "renBTC": {"oracle": 16721.39320545, "cex_price": 16803.824999999997, "dex_price": 16757.950013381225}, "GMX": {"oracle": 29.805965960711934, "cex_price": "NaN", "dex_price": 30.006531784118934}, "DPX": {"oracle": 192.87025472, "cex_price": "NaN", "dex_price": 195.56155725157004}, "sGLP": {"oracle": 0.8314247354616798, "cex_price": "NaN", "dex_price": "NaN"}}