{"json_time": 1668069937, "ETH-VST": {"series_std_ratio": 1.0, "volume_for_slippage_10_percentss": [28629.601326286793], "trade_every": 1800, "collaterals": [246, 3363, 6479, 9596, 12713, 15830, 18947, 22063, 25180, 28297, 31414, 34530, 37647, 40764, 43881, 46998, 50114, 53231, 56348, 59465, 62582, 65698, 68815, 71932, 75049, 78166, 81282, 84399, 87516, 90633, 18750.0], "liquidation_incentives": [0.10000000000000009], "stability_pool_initial_balances": [2.280641276039202, 1.140320638019601, 4.561282552078404], "share_institutionals": [0.15269045839084258, 0.07634522919542129, 0.30538091678168516, 1], "recovery_halflife_retails": [3.3333333333333335], "price_recovery_times": [0], "l_factors": [0.25, 0.5, 1, 1.5, 2], "json_time": 1668071908.8088622, "current_debt": 246.30346277395634}, "renBTC-VST": {"series_std_ratio": 0.760706293780634, "volume_for_slippage_10_percentss": [2196.1598947644234], "trade_every": 1800, "collaterals": [13, 221, 429, 637, 845, 1053, 1261, 1468, 1676, 1884, 2092, 2300, 2508, 2716, 2924, 3131, 3339, 3547, 3755, 3963, 4171, 4379, 4587, 4794, 5002, 5210, 5418, 5626, 5834, 6042, 1250.0], "liquidation_incentives": [0.10000000000000009], "stability_pool_initial_balances": [1.6441743683145071, 0.8220871841572536, 3.2883487366290143], "share_institutionals": [0.9442863024952036, 0.4721431512476018, 1, 1], "recovery_halflife_retails": [3.3333333333333335], "price_recovery_times": [0], "l_factors": [0.25, 0.5, 1, 1.5, 2], "json_time": 1668071908.8088622, "current_debt": 13.794947586668876}, "gOHM-VST": {"series_std_ratio": 1.416911372280521, "volume_for_slippage_10_percentss": [273.31597715616226], "trade_every": 1800, "collaterals": [3396, 3908, 4419, 4931, 5443, 5955, 6467, 6978, 7490, 8002, 8514, 9026, 9537, 10049, 10561, 11073, 11584, 12096, 12608, 13120, 13632, 14143, 14655, 15167, 15679, 16191, 16702, 17214, 17726, 18238, 3750.0], "liquidation_incentives": [0.1499999999999999], "stability_pool_initial_balances": [0.04920212581645776, 0.02460106290822888, 0.09840425163291552], "share_institutionals": [0.5687466800212646, 0.2843733400106323, 1, 1], "recovery_halflife_retails": [3.3333333333333335], "price_recovery_times": [0], "l_factors": [0.25, 0.5, 1, 1.5, 2], "json_time": 1668071908.8088622, "current_debt": 3396.320326692581}, "DPX-VST": {"series_std_ratio": 1.974078240475897, "volume_for_slippage_10_percentss": [333.51660817861557], "trade_every": 1800, "collaterals": [208, 618, 1028, 1438, 1847, 2257, 2667, 3076, 3486, 3896, 4305, 4715, 5125, 5535, 5944, 6354, 6764, 7173, 7583, 7993, 8402, 8812, 9222, 9632, 10041, 10451, 10861, 11270, 11680, 12090, 2500.0], "liquidation_incentives": [0.1499999999999999], "stability_pool_initial_balances": [0.16740463402624786, 0.08370231701312393, 0.3348092680524957], "share_institutionals": [7.107873596220962e-05, 3.553936798110481e-05, 0.00014215747192441924, 1], "recovery_halflife_retails": [3.3333333333333335], "price_recovery_times": [2], "l_factors": [0.25, 0.5, 1, 1.5, 2], "json_time": 1668071908.8088622, "current_debt": 208.9502828186985}, "GMX-VST": {"series_std_ratio": 2.081064798518858, "volume_for_slippage_10_percentss": [984.9947240948677], "trade_every": 1800, "collaterals": [50, 465, 880, 1295, 1710, 2125, 2540, 2955, 3370, 3785, 4200, 4615, 5030, 5445, 5860, 6275, 6690, 7105, 7520, 7935, 8350, 8765, 9180, 9595, 10010, 10425, 10840, 11255, 11670, 12085, 2500.0], "liquidation_incentives": [0.1499999999999999], "stability_pool_initial_balances": [0.4265825585342747, 0.21329127926713734, 0.8531651170685494], "share_institutionals": [0.013558792352743917, 0.006779396176371959, 0.027117584705487835, 1], "recovery_halflife_retails": [3.3333333333333335], "price_recovery_times": [0], "l_factors": [0.25, 0.5, 1, 1.5, 2], "json_time": 1668071908.8088622, "current_debt": 50.9911259773604}, "sGLP-VST": {"series_std_ratio": 0.4707294016934606, "volume_for_slippage_10_percentss": [2196.1598947644234], "trade_every": 1800, "collaterals": [2671, 3102, 3534, 3966, 4398, 4830, 5261, 5693, 6125, 6557, 6989, 7420, 7852, 8284, 8716, 9148, 9579, 10011, 10443, 10875, 11307, 11738, 12170, 12602, 13034, 13466, 13897, 14329, 14761, 15193, 3125.0], "liquidation_incentives": [0.10000000000000009], "stability_pool_initial_balances": [1.0536455341673256, 0.5268227670836628, 2.1072910683346513], "share_institutionals": [0.0, 0.0, 0.0, 1], "recovery_halflife_retails": [3.3333333333333335], "price_recovery_times": [0], "l_factors": [0.25, 0.5, 1, 1.5, 2], "json_time": 1668071908.8088622, "current_debt": 2671.04090822123}}