{"json_time": 1669902750, "data": [{"account": "0x5ce561e048d2cd64523D6316228F97bd2537F92f", "user_collateral_wo_looping": 1.2684884350663852, "user_debt_wo_looping": 1.5421809629068393}, {"account": "0x9A4B0dA9E8e5c7135cd7188Bd2e84DAc513C594b", "user_collateral_wo_looping": 0.0011282195791945005, "user_debt_wo_looping": 0.0013806022999529855}]}