{"USDC": {"WXDAI": {"volume": 3746552.132129669, "llc": 1.05}, "LINK": {"volume": 1476.8366813659668, "llc": 1.05}, "GNO": {"volume": 72048.66552352905, "llc": 1.05}, "WBTC": {"volume": 26272.34411239624, "llc": 1.05}, "WETH": {"volume": 68233.97207260132, "llc": 1.05}, "FOX": {"volume": 3384.183406829834, "llc": 1.05}}, "WXDAI": {"USDC": {"volume": 3951591.905117035, "llc": 1.05}, "LINK": {"volume": 2430.5100440979004, "llc": 1.05}, "GNO": {"volume": 91122.13277816772, "llc": 1.05}, "WBTC": {"volume": 26272.34411239624, "llc": 1.05}, "WETH": {"volume": 68233.97207260132, "llc": 1.05}, "FOX": {"volume": 3384.183406829834, "llc": 1.05}}, "LINK": {"USDC": {"volume": 3384.183406829834, "llc": 1.1}, "WXDAI": {"volume": 3384.183406829834, "llc": 1.1}, "GNO": {"volume": 3384.183406829834, "llc": 1.1}, "WBTC": {"volume": 3384.183406829834, "llc": 1.1}, "WETH": {"volume": 3384.183406829834, "llc": 1.1}, "FOX": {"volume": 2430.5100440979004, "llc": 1.1}}, "GNO": {"USDC": {"volume": 142620.49436569214, "llc": 1.1}, "WXDAI": {"volume": 186489.46905136108, "llc": 1.1}, "LINK": {"volume": 2430.5100440979004, "llc": 1.1}, "WBTC": {"volume": 63465.60525894165, "llc": 1.1}, "WETH": {"volume": 296161.90576553345, "llc": 1.1}, "FOX": {"volume": 5291.530132293701, "llc": 1.1}}, "WBTC": {"USDC": {"volume": 52021.52490615845, "llc": 1.1}, "WXDAI": {"volume": 52021.52490615845, "llc": 1.1}, "LINK": {"volume": 2430.5100440979004, "llc": 1.1}, "GNO": {"volume": 61558.25853347778, "llc": 1.1}, "WETH": {"volume": 82539.07251358032, "llc": 1.1}, "FOX": {"volume": 5291.530132293701, "llc": 1.1}}, "WETH": {"USDC": {"volume": 69187.64543533325, "llc": 1.05}, "WXDAI": {"volume": 69187.64543533325, "llc": 1.05}, "LINK": {"volume": 1476.8366813659668, "llc": 1.05}, "GNO": {"volume": 141666.8210029602, "llc": 1.05}, "WBTC": {"volume": 41531.11791610718, "llc": 1.05}, "FOX": {"volume": 3384.183406829834, "llc": 1.05}}, "FOX": {"USDC": {"volume": 6245.203495025635, "llc": 1.1}, "WXDAI": {"volume": 6245.203495025635, "llc": 1.1}, "LINK": {"volume": 2430.5100440979004, "llc": 1.1}, "GNO": {"volume": 5291.530132293701, "llc": 1.1}, "WBTC": {"volume": 5291.530132293701, "llc": 1.1}, "WETH": {"volume": 5291.530132293701, "llc": 1.1}}, "json_time": 1669902750}