{"json_time": 1667228690, "stabilityPoolVstBalance": {"ETH": 517537.7346807945, "gOHM": 267775.103603848, "renBTC": 41042.19607478885, "GMX": 36972.336012424224, "DPX": 66436.07024741815, "sGLP": 1022560.858}, "stabilityPoolGemBalance": {"ETH": 27234.447747328293, "gOHM": 17802.428725836544, "renBTC": 446.79635929048294, "GMX": 241.65343605936093, "DPX": 258.3556273931473, "sGLP": 0.0}, "bprotocolBalance": {"ETH": 246784.32711947785, "gOHM": 152064.1161621556, "DPX": 3.7479731815896233, "GMX": 538.440898184063, "renBTC": 34268.20260350504, "sGLP": 0.0}, "bprotocolGemBalance": {"ETH": 0.11919316115390868, "gOHM": 0.0, "DPX": 7.5720702787398e-05, "GMX": 1.31059153389e-06, "renBTC": 0.0, "sGLP": 0.0}}