{"json_time": 1675511989, "ETH": {"oracle": 1663.205, "cex_price": 1681.375, "dex_price": 1659.751860793222}, "BNB|bsc": {"oracle": 329.207399193, "cex_price": 330.95, "dex_price": 329.11866690306886}, "WBTC|eth": {"oracle": 23376.3, "cex_price": 23472.32, "dex_price": 23496.556163679168}, "pCKB": {"oracle": 0.003793645, "cex_price": 0.0037949999999999998, "dex_price": 0.003796836034353242}, "USDC": {"oracle": 0.999978854, "cex_price": 1, "dex_price": 1}, "USDT": {"oracle": 1.000089999, "cex_price": 1, "dex_price": 1.0004944709385923}}