{"json_time": 1674914468, "VST": {"oracle": 0.9802445866221242, "cex_price": 1, "dex_price": 1}, "ETH": {"oracle": 1573.68970446, "cex_price": 1573.005, "dex_price": 1574.3135584697488}, "gOHM": {"oracle": 2576.3570079501656, "cex_price": "NaN", "dex_price": 2561.0627986701547}, "GMX": {"oracle": 54.30664499836951, "cex_price": "NaN", "dex_price": 54.25050570089236}, "DPX": {"oracle": 296.05, "cex_price": "NaN", "dex_price": 295.7212505704548}, "sGLP": {"oracle": 0.9304674490156413, "cex_price": "NaN", "dex_price": "NaN"}}