{"json_time": 1671634333, "ETH": {"oracle": 1214.432355555, "cex_price": 1215.005, "dex_price": 1214.8516649383207}, "BNB|bsc": {"oracle": 248.798756, "cex_price": 248.95, "dex_price": 248.44531768105284}, "WBTC|eth": {"oracle": 16847.71, "cex_price": 16848.665, "dex_price": 17027.15251280776}, "pCKB": {"oracle": 0.002155455, "cex_price": 0.0021650000000000003, "dex_price": 0.0021606467395993228}, "USDC": {"oracle": 0.9999, "cex_price": 1, "dex_price": 1}, "USDT": {"oracle": 1.0, "cex_price": 1, "dex_price": 24862.797713472337}}