{"json_time": 1673535218, "ETH-VST": {"series_std_ratio": 1.0, "volume_for_slippage_10_percentss": [24159.85348433256], "trade_every": 1800, "collaterals": [0], "liquidation_incentives": [0.10000000000000009], "stability_pool_initial_balances": [1.917606536746245], "share_institutionals": [0.17504713072557126], "recovery_halflife_retails": [3.3333333333333335], "price_recovery_times": [0], "l_factors": [0], "json_time": 1673538479.1635597, "current_debt": 243.5565593573913, "collateral_factor": 0.9090909090909091}, "gOHM-VST": {"series_std_ratio": 0.5718399563684763, "volume_for_slippage_10_percentss": [208.3469793200493], "trade_every": 1800, "collaterals": [0], "liquidation_incentives": [0.1499999999999999], "stability_pool_initial_balances": [0.1932194063889948], "share_institutionals": [0.005396373083226131], "recovery_halflife_retails": [3.3333333333333335], "price_recovery_times": [0], "l_factors": [0], "json_time": 1673538479.1635597, "current_debt": 3208.024510056512, "collateral_factor": 0.6666666666666666}, "DPX-VST": {"series_std_ratio": 2.2756095294666916, "volume_for_slippage_10_percentss": [421.13534837961197], "trade_every": 1800, "collaterals": [0], "liquidation_incentives": [0.1499999999999999], "stability_pool_initial_balances": [0.13697865528539707], "share_institutionals": [0.12519711222169302], "recovery_halflife_retails": [3.3333333333333335], "price_recovery_times": [2], "l_factors": [0], "json_time": 1673538479.1635597, "current_debt": 218.4165755870642, "collateral_factor": 0.6666666666666666}, "GMX-VST": {"series_std_ratio": 2.0308729755116706, "volume_for_slippage_10_percentss": [1522.6280823349953], "trade_every": 1800, "collaterals": [0], "liquidation_incentives": [0.1499999999999999], "stability_pool_initial_balances": [0.506979126127184], "share_institutionals": [0.007767380941564501], "recovery_halflife_retails": [3.3333333333333335], "price_recovery_times": [0], "l_factors": [0], "json_time": 1673538479.1635597, "current_debt": 73.85769241702168, "collateral_factor": 0.6666666666666666}, "sGLP-VST": {"series_std_ratio": 0.6132330529291525, "volume_for_slippage_10_percentss": [25176.707707345486], "trade_every": 1800, "collaterals": [0], "liquidation_incentives": [0.10000000000000009], "stability_pool_initial_balances": [0.7035376032394428], "share_institutionals": [0.0], "recovery_halflife_retails": [3.3333333333333335], "price_recovery_times": [0], "l_factors": [0], "json_time": 1673538479.1635597, "current_debt": 2146.80425678812, "collateral_factor": 0.8333333333333334}}