{"json_time": 1673535218, "VST": {"oracle": 0.9755907586162115, "cex_price": 1, "dex_price": 1}, "ETH": {"oracle": 1387.15, "cex_price": 1386.065, "dex_price": 1385.9756486308727}, "gOHM": {"oracle": 2518.000701970883, "cex_price": "NaN", "dex_price": 2540.559258173462}, "GMX": {"oracle": 44.33962359412397, "cex_price": "NaN", "dex_price": 44.29119968941453}, "DPX": {"oracle": 254.58, "cex_price": "NaN", "dex_price": 255.00288496430423}, "sGLP": {"oracle": 0.8777781629722785, "cex_price": "NaN", "dex_price": "NaN"}}