{"USDC": {"WXDAI": {"volume": 7565060.276508331, "llc": 1.05}, "LINK": {"volume": 1476.8366813659668, "llc": 1.05}, "GNO": {"volume": 60604.58517074585, "llc": 1.05}, "WBTC": {"volume": 25318.670749664307, "llc": 1.05}, "WETH": {"volume": 55554.22216888675, "llc": 1.05}, "FOX": {"volume": 3384.183406829834, "llc": 1.05}, "USDT": {"volume": 4936736.488819122, "llc": 1.05}, "EURe": {"volume": 338123.5337257385, "llc": 1.05}}, "WXDAI": {"USDC": {"volume": 6656209.561824799, "llc": 1.05}, "LINK": {"volume": 1476.8366813659668, "llc": 1.05}, "GNO": {"volume": 60604.58517074585, "llc": 1.05}, "WBTC": {"volume": 25318.670749664307, "llc": 1.05}, "WETH": {"volume": 62208, "llc": 1.05}, "FOX": {"volume": 3384.183406829834, "llc": 1.05}, "USDT": {"volume": 4932921.795368195, "llc": 1.05}, "EURe": {"volume": 338123.5337257385, "llc": 1.05}}, "LINK": {"USDC": {"volume": 4337.856769561768, "llc": 1.2}, "WXDAI": {"volume": 4337.856769561768, "llc": 1.2}, "GNO": {"volume": 4337.856769561768, "llc": 1.2}, "WBTC": {"volume": 4337.856769561768, "llc": 1.2}, "WETH": {"volume": 4337.856769561768, "llc": 1.2}, "FOX": {"volume": 3384.183406829834, "llc": 1.2}, "USDT": {"volume": 4337.856769561768, "llc": 1.2}, "EURe": {"volume": 4337.856769561768, "llc": 1.2}}, "GNO": {"USDC": {"volume": 122593.35374832153, "llc": 1.1}, "WXDAI": {"volume": 122593.35374832153, "llc": 1.1}, "LINK": {"volume": 2430.5100440979004, "llc": 1.1}, "WBTC": {"volume": 58697.23844528198, "llc": 1.1}, "WETH": {"volume": 379131.48832321167, "llc": 1.1}, "FOX": {"volume": 5291.530132293701, "llc": 1.1}, "USDT": {"volume": 122593.35374832153, "llc": 1.1}, "EURe": {"volume": 117824.98693466187, "llc": 1.1}}, "WBTC": {"USDC": {"volume": 47253.15809249878, "llc": 1.1}, "WXDAI": {"volume": 50114.17818069458, "llc": 1.1}, "LINK": {"volume": 2430.5100440979004, "llc": 1.1}, "GNO": {"volume": 66326.62534713745, "llc": 1.1}, "WETH": {"volume": 103519.88649368286, "llc": 1.1}, "FOX": {"volume": 5291.530132293701, "llc": 1.1}, "USDT": {"volume": 37716.42446517944, "llc": 1.1}, "EURe": {"volume": 37716.42446517944, "llc": 1.1}}, "WETH": {"USDC": {"volume": 45339.85507570303, "llc": 1.05}, "WXDAI": {"volume": 45339.85507570303, "llc": 1.05}, "LINK": {"volume": 1476.8366813659668, "llc": 1.05}, "GNO": {"volume": 188396.81577682495, "llc": 1.05}, "WBTC": {"volume": 52975.19826889038, "llc": 1.05}, "FOX": {"volume": 3384.183406829834, "llc": 1.05}, "USDT": {"volume": 45339.85507570303, "llc": 1.05}, "EURe": {"volume": 27226.017475128174, "llc": 1.05}}, "FOX": {"USDC": {"volume": 5291.530132293701, "llc": 1.1}, "WXDAI": {"volume": 5291.530132293701, "llc": 1.1}, "LINK": {"volume": 2430.5100440979004, "llc": 1.1}, "GNO": {"volume": 5291.530132293701, "llc": 1.1}, "WBTC": {"volume": 5291.530132293701, "llc": 1.1}, "WETH": {"volume": 5291.530132293701, "llc": 1.1}, "USDT": {"volume": 5291.530132293701, "llc": 1.1}, "EURe": {"volume": 5291.530132293701, "llc": 1.1}}, "USDT": {"USDC": {"volume": 6518880.5975914, "llc": 1.05}, "WXDAI": {"volume": 7410565.191745758, "llc": 1.05}, "LINK": {"volume": 1476.8366813659668, "llc": 1.05}, "GNO": {"volume": 60604.58517074585, "llc": 1.05}, "WBTC": {"volume": 25318.670749664307, "llc": 1.05}, "WETH": {"volume": 55054.03576143045, "llc": 1.05}, "FOX": {"volume": 3384.183406829834, "llc": 1.05}, "EURe": {"volume": 338123.5337257385, "llc": 1.05}}, "EURe": {"USDC": {"volume": 856101.07421875, "llc": 1.15}, "WXDAI": {"volume": 856101.07421875, "llc": 1.15}, "LINK": {"volume": 3438.96484375, "llc": 1.15}, "GNO": {"volume": 180995.60546875, "llc": 1.15}, "WBTC": {"volume": 56120.60546875, "llc": 1.15}, "WETH": {"volume": 110753.41796875, "llc": 1.15}, "FOX": {"volume": 6365.72265625, "llc": 1.15}, "USDT": {"volume": 856101.07421875, "llc": 1.15}}, "json_time": 1683056255}