{"json_time": 1692625285, "USDC": {"oracle": 1.000236518382206, "cex_price": 1, "dex_price": 1}, "WXDAI": {"oracle": 1.0, "cex_price": 1, "dex_price": 1.0000409539799302}, "LINK": {"oracle": 6.20374444933392, "cex_price": 6.2075, "dex_price": 6.689741956077506}, "GNO": {"oracle": 100.74750173020763, "cex_price": 100.5, "dex_price": 101.82479803659064}, "WBTC": {"oracle": 26115.94391325959, "cex_price": 26102.434999999998, "dex_price": 26318.92003996265}, "WETH": {"oracle": 1675.4910589270712, "cex_price": 1675.5149999999999, "dex_price": 1688.0738667541068}, "FOX": {"oracle": 0.02466154938592631, "cex_price": 0.02425, "dex_price": 0.026556787025515866}, "USDT": {"oracle": 1.0001022022642718, "cex_price": 1, "dex_price": 0.9995194860047008}, "EURe": {"oracle": 1.0907108853062368, "cex_price": 1.08025, "dex_price": 1.0855973016571627}, "wstETH": {"oracle": 1904.4226449473938, "cex_price": "NaN", "dex_price": 1904.4226449473938}}