{"json_time": 1686489408, "ETH-VST": {"series_std_ratio": 1.0, "volume_for_slippage_10_percentss": [27317.10836082697], "trade_every": 1800, "collaterals": [496, 3604, 6713, 9821, 12930, 16038, 19147, 22255, 25363, 28472, 31580, 34689, 37797, 40906, 44014, 47123, 50231, 53340, 56448, 59556, 62665, 65773, 68882, 71990, 75099, 78207, 81316, 84424, 87533, 90641, 18750.0], "liquidation_incentives": [0.10000000000000009], "stability_pool_initial_balances": [0.17249997902085745, 0.08624998951042873, 0.3449999580417149], "share_institutionals": [0.3456581957985245, 0.17282909789926226, 0.691316391597049, 1], "recovery_halflife_retails": [3.3333333333333335], "price_recovery_times": [0], "l_factors": [0.25, 0.5, 1, 1.5, 2], "json_time": 1686489895.1110337, "current_debt": 496.3277948481672}, "gOHM-VST": {"series_std_ratio": 0.5718399563684763, "volume_for_slippage_10_percentss": [229.8046299815178], "trade_every": 1800, "collaterals": [2668, 3048, 3428, 3807, 4187, 4567, 4947, 5327, 5706, 6086, 6466, 6846, 7226, 7605, 7985, 8365, 8745, 9125, 9504, 9884, 10264, 10644, 11024, 11403, 11783, 12163, 12543, 12923, 13302, 13682, 2812.5], "liquidation_incentives": [0.1499999999999999], "stability_pool_initial_balances": [0.020359919629993364, 0.010179959814996682, 0.04071983925998673], "share_institutionals": [0.49601737824577136, 0.24800868912288568, 0.9920347564915427, 1], "recovery_halflife_retails": [3.3333333333333335], "price_recovery_times": [0], "l_factors": [0.25, 0.5, 1, 1.5, 2], "json_time": 1686489895.1110337, "current_debt": 2668.453512806832}, "DPX-VST": {"series_std_ratio": 2.2756095294666916, "volume_for_slippage_10_percentss": [276.892252266407], "trade_every": 1800, "collaterals": [388, 479, 571, 662, 753, 844, 936, 1027, 1118, 1209, 1300, 1392, 1483, 1574, 1665, 1756, 1848, 1939, 2030, 2121, 2212, 2304, 2395, 2486, 2577, 2668, 2760, 2851, 2942, 3033, 625.0], "liquidation_incentives": [0.1499999999999999], "stability_pool_initial_balances": [0.014309413416717265, 0.007154706708358632, 0.02861882683343453], "share_institutionals": [0.9075826662206282, 0.4537913331103141, 1, 1], "recovery_halflife_retails": [3.3333333333333335], "price_recovery_times": [2], "l_factors": [0.25, 0.5, 1, 1.5, 2], "json_time": 1686489895.1110337, "current_debt": 388.7644055723875}, "GMX-VST": {"series_std_ratio": 2.0308729755116706, "volume_for_slippage_10_percentss": [3043.141050040722], "trade_every": 1800, "collaterals": [130, 543, 955, 1367, 1780, 2192, 2604, 3016, 3429, 3841, 4253, 4666, 5078, 5490, 5903, 6315, 6727, 7140, 7552, 7964, 8376, 8789, 9201, 9613, 10026, 10438, 10850, 11263, 11675, 12087, 2500.0], "liquidation_incentives": [0.1499999999999999], "stability_pool_initial_balances": [0.29572313985248094, 0.14786156992624047, 0.5914462797049619], "share_institutionals": [0.2470160953213957, 0.12350804766069785, 0.4940321906427914, 1], "recovery_halflife_retails": [3.3333333333333335], "price_recovery_times": [0], "l_factors": [0.25, 0.5, 1, 1.5, 2], "json_time": 1686489895.1110337, "current_debt": 130.84622705901597}, "sGLP-VST": {"series_std_ratio": 0.6132330529291525, "volume_for_slippage_10_percentss": [34916.692970097065], "trade_every": 1800, "collaterals": [323, 365, 406, 447, 489, 530, 571, 612, 654, 695, 736, 778, 819, 860, 901, 943, 984, 1025, 1067, 1108, 1149, 1190, 1232, 1273, 1314, 1356, 1397, 1438, 1479, 1521, 312.5], "liquidation_incentives": [0.10000000000000009], "stability_pool_initial_balances": [0.0008555436262958451, 0.00042777181314792255, 0.0017110872525916902], "share_institutionals": [0.0, 0.0, 0.0, 1], "recovery_halflife_retails": [3.3333333333333335], "price_recovery_times": [0], "l_factors": [0.25, 0.5, 1, 1.5, 2], "json_time": 1686489895.1110337, "current_debt": 323.9491628338026}}