{"json_time": 1686489408, "ETH": {"VST": {"volume": 43707373.37732315, "llc": 1.1}}, "gOHM": {"VST": {"volume": 367687.40797042847, "llc": 1.15}}, "GMX": {"VST": {"volume": 4869025.680065155, "llc": 1.15}}, "DPX": {"VST": {"volume": 443027.6036262512, "llc": 1.15}}, "sGLP": {"VST": {"volume": 55866708.752155304, "llc": 1.1}}}