{"json_time": 1678507554, "ETH-VST": {"series_std_ratio": 1.0, "volume_for_slippage_10_percentss": [2163.377372920513], "trade_every": 1800, "collaterals": [306, 3421, 6536, 9651, 12766, 15880, 18995, 22110, 25225, 28339, 31454, 34569, 37684, 40798, 43913, 47028, 50143, 53258, 56372, 59487, 62602, 65717, 68831, 71946, 75061, 78176, 81290, 84405, 87520, 90635, 18750.0], "liquidation_incentives": [0.10000000000000009], "stability_pool_initial_balances": [0.4634013570117662, 0.2317006785058831, 0.9268027140235324], "share_institutionals": [0.46884772896472204, 0.23442386448236102, 0.9376954579294441, 1], "recovery_halflife_retails": [3.3333333333333335], "price_recovery_times": [0], "l_factors": [0.25, 0.5, 1, 1.5, 2], "json_time": 1678511188.6447833, "current_debt": 306.9462011971436}, "gOHM-VST": {"series_std_ratio": 0.5718399563684763, "volume_for_slippage_10_percentss": [217.88371294736862], "trade_every": 1800, "collaterals": [3641, 4145, 4648, 5152, 5656, 6159, 6663, 7167, 7670, 8174, 8677, 9181, 9685, 10188, 10692, 11195, 11699, 12203, 12706, 13210, 13713, 14217, 14721, 15224, 15728, 16231, 16735, 17239, 17742, 18246, 3750.0], "liquidation_incentives": [0.1499999999999999], "stability_pool_initial_balances": [0.009628333466177422, 0.004814166733088711, 0.019256666932354845], "share_institutionals": [0.41560598763953205, 0.20780299381976602, 0.8312119752790641, 1], "recovery_halflife_retails": [3.3333333333333335], "price_recovery_times": [0], "l_factors": [0.25, 0.5, 1, 1.5, 2], "json_time": 1678511188.6447833, "current_debt": 3641.752010345833}, "DPX-VST": {"series_std_ratio": 2.2756095294666916, "volume_for_slippage_10_percentss": [427.691852748394], "trade_every": 1800, "collaterals": [454, 752, 1049, 1346, 1644, 1941, 2238, 2536, 2833, 3130, 3428, 3725, 4022, 4320, 4617, 4914, 5212, 5509, 5806, 6104, 6401, 6698, 6996, 7293, 7590, 7888, 8185, 8482, 8780, 9077, 1875.0], "liquidation_incentives": [0.1499999999999999], "stability_pool_initial_balances": [0.05212491068960246, 0.02606245534480123, 0.10424982137920492], "share_institutionals": [0.0043269462801866785, 0.0021634731400933392, 0.008653892560373357, 1], "recovery_halflife_retails": [3.3333333333333335], "price_recovery_times": [2], "l_factors": [0.25, 0.5, 1, 1.5, 2], "json_time": 1678511188.6447833, "current_debt": 454.86706284647096}, "GMX-VST": {"series_std_ratio": 2.0308729755116706, "volume_for_slippage_10_percentss": [2010.7896348834038], "trade_every": 1800, "collaterals": [42, 457, 872, 1287, 1703, 2118, 2533, 2949, 3364, 3779, 4194, 4610, 5025, 5440, 5855, 6271, 6686, 7101, 7516, 7932, 8347, 8762, 9177, 9593, 10008, 10423, 10838, 11254, 11669, 12084, 2500.0], "liquidation_incentives": [0.1499999999999999], "stability_pool_initial_balances": [0.5747977296179806, 0.2873988648089903, 1.1495954592359612], "share_institutionals": [0.0004728347929132977, 0.00023641739645664884, 0.0009456695858265954, 1], "recovery_halflife_retails": [3.3333333333333335], "price_recovery_times": [0], "l_factors": [0.25, 0.5, 1, 1.5, 2], "json_time": 1678511188.6447833, "current_debt": 42.200343017439856}, "sGLP-VST": {"series_std_ratio": 0.6132330529291525, "volume_for_slippage_10_percentss": [2124.6343925595284], "trade_every": 1800, "collaterals": [824, 1525, 2227, 2929, 3631, 4332, 5034, 5736, 6437, 7139, 7841, 8542, 9244, 9946, 10647, 11349, 12051, 12753, 13454, 14156, 14858, 15559, 16261, 16963, 17664, 18366, 19068, 19769, 20471, 21173, 4375.0], "liquidation_incentives": [0.10000000000000009], "stability_pool_initial_balances": [0.015593196375023943, 0.007796598187511971, 0.031186392750047885], "share_institutionals": [0.0, 0.0, 0.0, 1], "recovery_halflife_retails": [3.3333333333333335], "price_recovery_times": [0], "l_factors": [0.25, 0.5, 1, 1.5, 2], "json_time": 1678511188.6447833, "current_debt": 824.3102624287257}}