{"json_time": 1678507554, "ETH": {"VST": {"volume": 3461403.796672821, "llc": 1.1}}, "gOHM": {"VST": {"volume": 348613.9407157898, "llc": 1.15}}, "GMX": {"VST": {"volume": 3217263.415813446, "llc": 1.15}}, "DPX": {"VST": {"volume": 684306.9643974304, "llc": 1.15}}, "sGLP": {"VST": {"volume": 3399415.0280952454, "llc": 1.1}}}