{"USDC": {"WXDAI": {"volume": 5392592.356204987, "llc": 1.05}, "LINK": {"volume": 1476.8366813659668, "llc": 1.05}, "GNO": {"volume": 70141.31879806519, "llc": 1.05}, "WBTC": {"volume": 26272.34411239624, "llc": 1.05}, "WETH": {"volume": 76817.03233718872, "llc": 1.05}, "FOX": {"volume": 3384.183406829834, "llc": 1.05}, "USDT": {"volume": 2805276.5231132507, "llc": 1.05}}, "WXDAI": {"USDC": {"volume": 4478973.274707794, "llc": 1.05}, "LINK": {"volume": 2430.5100440979004, "llc": 1.05}, "GNO": {"volume": 98751.5196800232, "llc": 1.05}, "WBTC": {"volume": 26272.34411239624, "llc": 1.05}, "WETH": {"volume": 76817.03233718872, "llc": 1.05}, "FOX": {"volume": 3384.183406829834, "llc": 1.05}, "USDT": {"volume": 2802415.503025055, "llc": 1.05}}, "LINK": {"USDC": {"volume": 4337.856769561768, "llc": 1.2}, "WXDAI": {"volume": 5291.530132293701, "llc": 1.2}, "GNO": {"volume": 5291.530132293701, "llc": 1.2}, "WBTC": {"volume": 5291.530132293701, "llc": 1.2}, "WETH": {"volume": 5291.530132293701, "llc": 1.2}, "FOX": {"volume": 4337.856769561768, "llc": 1.2}, "USDT": {"volume": 5291.530132293701, "llc": 1.2}}, "GNO": {"USDC": {"volume": 135944.7808265686, "llc": 1.1}, "WXDAI": {"volume": 195072.5293159485, "llc": 1.1}, "LINK": {"volume": 2430.5100440979004, "llc": 1.1}, "WBTC": {"volume": 60604.58517074585, "llc": 1.1}, "WETH": {"volume": 353382.30752944946, "llc": 1.1}, "FOX": {"volume": 6245.203495025635, "llc": 1.1}, "USDT": {"volume": 98751.5196800232, "llc": 1.1}}, "WBTC": {"USDC": {"volume": 51067.851543426514, "llc": 1.1}, "WXDAI": {"volume": 51067.851543426514, "llc": 1.1}, "LINK": {"volume": 2430.5100440979004, "llc": 1.1}, "GNO": {"volume": 60604.58517074585, "llc": 1.1}, "WETH": {"volume": 74909.68561172485, "llc": 1.1}, "FOX": {"volume": 6245.203495025635, "llc": 1.1}, "USDT": {"volume": 51067.851543426514, "llc": 1.1}}, "WETH": {"USDC": {"volume": 77770.70569992065, "llc": 1.05}, "WXDAI": {"volume": 77770.70569992065, "llc": 1.05}, "LINK": {"volume": 1476.8366813659668, "llc": 1.05}, "GNO": {"volume": 173138.041973114, "llc": 1.05}, "WBTC": {"volume": 37716.42446517944, "llc": 1.05}, "FOX": {"volume": 3384.183406829834, "llc": 1.05}, "USDT": {"volume": 77770.70569992065, "llc": 1.05}}, "FOX": {"USDC": {"volume": 6245.203495025635, "llc": 1.1}, "WXDAI": {"volume": 6245.203495025635, "llc": 1.1}, "LINK": {"volume": 2430.5100440979004, "llc": 1.1}, "GNO": {"volume": 6245.203495025635, "llc": 1.1}, "WBTC": {"volume": 6245.203495025635, "llc": 1.1}, "WETH": {"volume": 9106.223583221436, "llc": 1.1}, "USDT": {"volume": 6245.203495025635, "llc": 1.1}}, "USDT": {"USDC": {"volume": 4308265.742778778, "llc": 1.05}, "WXDAI": {"volume": 5199950.336933136, "llc": 1.05}, "LINK": {"volume": 1476.8366813659668, "llc": 1.05}, "GNO": {"volume": 51067.851543426514, "llc": 1.05}, "WBTC": {"volume": 26272.34411239624, "llc": 1.05}, "WETH": {"volume": 76817.03233718872, "llc": 1.05}, "FOX": {"volume": 3384.183406829834, "llc": 1.05}}, "json_time": 1677762780}