{"json_time": 1670400085, "USDC": {"oracle": 1.0003039627523178, "cex_price": 1, "dex_price": 1}, "WXDAI": {"oracle": 1.0, "cex_price": 1, "dex_price": 1.0004581298228308}, "LINK": {"oracle": 6.826154934408712, "cex_price": 6.8415, "dex_price": 7.307703882065474}, "GNO": {"oracle": 88.59468099597342, "cex_price": 88.55000000000001, "dex_price": 88.82590135062239}, "WBTC": {"oracle": 16718.391934618878, "cex_price": 16785.62, "dex_price": 16795.268034003027}, "WETH": {"oracle": 1225.3748553815974, "cex_price": 1228.4650000000001, "dex_price": 1230.0857429381833}, "FOX": {"oracle": 0.031548730639381406, "cex_price": 0.03145, "dex_price": 0.03232841249226515}}