{"json_time": 1664983163.2888005, "auUSDC": {"oracle": 0.99996904, "cex_price": 1, "dex_price": 1}, "auETH": {"oracle": 1325.1, "cex_price": 1325.9250000000002, "dex_price": 1333.2331013390522}, "auWBTC": {"oracle": 19883.4411525, "cex_price": 19934.5, "dex_price": 20022.044270742088}, "auUSDT": {"oracle": 1.0001579, "cex_price": 1, "dex_price": 0.9997350762032166}, "auWNEAR": {"oracle": 3.6106287, "cex_price": 3.5915, "dex_price": 3.5929951921260685}, "auSTNEAR": {"oracle": 4.06645281, "cex_price": "NaN", "dex_price": 4.047805183354423}}