{"json_time": 1684084681, "stabilityPoolVstBalance": {"ETH": 204410.717009813, "gOHM": 144724.97851495843, "GMX": 77705.57729920844, "DPX": 53795.94039210191, "sGLP": 576.1478490480026}, "stabilityPoolGemBalance": {"ETH": 23445.482100943125, "gOHM": 12113.680089438492, "GMX": 4819.752577734528, "DPX": 22705.17243784421, "sGLP": 0.0}, "bprotocolBalance": {"ETH": 61923.03033687705, "gOHM": 56508.318838748055, "DPX": 10467.023728448998, "GMX": 27683.67517060865, "sGLP": 0.0}, "bprotocolGemBalance": {"ETH": 0.062015474189549995, "gOHM": 0.0, "DPX": 91.57122841505588, "GMX": 0.09207386522042675, "sGLP": 0.0}}