{"auUSDC": {"auETH": {"volume": 48206.83145523071, "llc": 1.1}, "auWBTC": {"volume": 52975.19826889038, "llc": 1.1}, "auUSDT": {"volume": 7185498.278141022, "llc": 1.1}, "auWNEAR": {"volume": 209377.6297569275, "llc": 1.1}, "auSTNEAR": {"volume": 19596.630573272705, "llc": 1.1}}, "auETH": {"auUSDC": {"volume": 51067.851543426514, "llc": 1.1}, "auWBTC": {"volume": 52021.52490615845, "llc": 1.1}, "auUSDT": {"volume": 48206.83145523071, "llc": 1.1}, "auWNEAR": {"volume": 87307.43932723999, "llc": 1.1}, "auSTNEAR": {"volume": 18642.95721054077, "llc": 1.1}}, "auWBTC": {"auUSDC": {"volume": 55836.21835708618, "llc": 1.1}, "auETH": {"volume": 52021.52490615845, "llc": 1.1}, "auUSDT": {"volume": 53928.871631622314, "llc": 1.1}, "auWNEAR": {"volume": 106380.90658187866, "llc": 1.1}, "auSTNEAR": {"volume": 19596.630573272705, "llc": 1.1}}, "auUSDT": {"auUSDC": {"volume": 6626645.687580109, "llc": 1.1}, "auETH": {"volume": 51067.851543426514, "llc": 1.1}, "auWBTC": {"volume": 55836.21835708618, "llc": 1.1}, "auWNEAR": {"volume": 210331.30311965942, "llc": 1.1}, "auSTNEAR": {"volume": 19596.630573272705, "llc": 1.1}}, "auWNEAR": {"auUSDC": {"volume": 210331.30311965942, "llc": 1.1}, "auETH": {"volume": 86353.76596450806, "llc": 1.1}, "auWBTC": {"volume": 106380.90658187866, "llc": 1.1}, "auUSDT": {"volume": 210331.30311965942, "llc": 1.1}, "auSTNEAR": {"volume": 22457.650661468506, "llc": 1.1}}, "auSTNEAR": {"auUSDC": {"volume": 93029.47950363159, "llc": 1.1}, "auETH": {"volume": 75863.35897445679, "llc": 1.1}, "auWBTC": {"volume": 80631.72578811646, "llc": 1.1}, "auUSDT": {"volume": 93029.47950363159, "llc": 1.1}, "auWNEAR": {"volume": 108288.25330734253, "llc": 1.1}}, "json_time": 1665839694}