{"json_time": 1670338820, "USDC": {"oracle": 1.0003039627523178, "cex_price": 1, "dex_price": 1}, "WXDAI": {"oracle": 1.0, "cex_price": 1, "dex_price": 1.0004572680437547}, "LINK": {"oracle": 7.2433926716965376, "cex_price": 7.250500000000001, "dex_price": 7.710968817634572}, "GNO": {"oracle": 91.13680468720489, "cex_price": 91.05000000000001, "dex_price": 90.4839802998464}, "WBTC": {"oracle": 16899.63068885739, "cex_price": 17008.84, "dex_price": 17026.754138778262}, "WETH": {"oracle": 1251.4103695636445, "cex_price": 1255.145, "dex_price": 1257.670395567479}, "FOX": {"oracle": 0.03197412242960197, "cex_price": 0.03185, "dex_price": 0.03276769381088393}}