{"json_time": 1686141739, "VST": {"oracle": 0.996274838140929, "cex_price": 1, "dex_price": 1}, "ETH": {"oracle": 1865.90028227, "cex_price": 1862.9650000000001, "dex_price": 1863.7338957391783}, "gOHM": {"oracle": 2817.343498862822, "cex_price": "NaN", "dex_price": 2836.2541624579576}, "GMX": {"oracle": 52.93035875740657, "cex_price": "NaN", "dex_price": 52.85456836568303}, "DPX": {"oracle": 138.94741124, "cex_price": "NaN", "dex_price": 139.35817458312366}, "sGLP": {"oracle": 0.9626017381157442, "cex_price": "NaN", "dex_price": "NaN"}}