{"json_time": 1689054905, "USDC": {"oracle": 1.0000860360225217, "cex_price": 1, "dex_price": 1}, "WXDAI": {"oracle": 1.0, "cex_price": 1, "dex_price": 1.0000897327913576}, "LINK": {"oracle": 6.188433190323322, "cex_price": 6.1795, "dex_price": 6.621814162126414}, "GNO": {"oracle": 114.83003810266719, "cex_price": 114.94999999999999, "dex_price": 115.23303927105472}, "WBTC": {"oracle": 30574.817337203604, "cex_price": 30447.955, "dex_price": 30693.545208829673}, "WETH": {"oracle": 1878.2241756922986, "cex_price": 1877.7849999999999, "dex_price": 1891.6567806675812}, "FOX": {"oracle": 0.018982688788215175, "cex_price": 0.019299999999999998, "dex_price": 0.018803710718150075}, "USDT": {"oracle": 1.000070004900343, "cex_price": 1, "dex_price": 1.0002005662187416}, "EURe": {"oracle": 1.099236946586261, "cex_price": 1.09965, "dex_price": 1.0933855164463293}, "wstETH": {"oracle": 2125.2591526106826, "cex_price": "NaN", "dex_price": 2125.2591526106826}}