{"USDC": {"WXDAI": {"volume": 3773254.9862861633, "llc": 1.05}, "LINK": {"volume": 1476.8366813659668, "llc": 1.05}, "GNO": {"volume": 63465.60525894165, "llc": 1.05}, "WBTC": {"volume": 26272.34411239624, "llc": 1.05}, "WETH": {"volume": 47364.07466602662, "llc": 1.05}, "FOX": {"volume": 2430.5100440979004, "llc": 1.05}, "USDT": {"volume": 3003640.582561493, "llc": 1.05}, "EURe": {"volume": 1262233.0222129822, "llc": 1.05}, "wstETH": {"volume": 47364.07466602662, "llc": 1.05}}, "WXDAI": {"USDC": {"volume": 4053634.954929352, "llc": 1.05}, "LINK": {"volume": 1476.8366813659668, "llc": 1.05}, "GNO": {"volume": 63465.60525894165, "llc": 1.05}, "WBTC": {"volume": 26272.34411239624, "llc": 1.05}, "WETH": {"volume": 52992, "llc": 1.05}, "FOX": {"volume": 2430.5100440979004, "llc": 1.05}, "USDT": {"volume": 3005547.929286957, "llc": 1.05}, "EURe": {"volume": 1262233.0222129822, "llc": 1.05}, "wstETH": {"volume": 52992, "llc": 1.05}}, "LINK": {"USDC": {"volume": 4337.856769561768, "llc": 1.2}, "WXDAI": {"volume": 4337.856769561768, "llc": 1.2}, "GNO": {"volume": 4337.856769561768, "llc": 1.2}, "WBTC": {"volume": 4337.856769561768, "llc": 1.2}, "WETH": {"volume": 4337.856769561768, "llc": 1.2}, "FOX": {"volume": 3384.183406829834, "llc": 1.2}, "USDT": {"volume": 4337.856769561768, "llc": 1.2}, "EURe": {"volume": 3384.183406829834, "llc": 1.2}, "wstETH": {"volume": 4337.856769561768, "llc": 1.2}}, "GNO": {"USDC": {"volume": 126408.04719924927, "llc": 1.1}, "WXDAI": {"volume": 126408.04719924927, "llc": 1.1}, "LINK": {"volume": 2430.5100440979004, "llc": 1.1}, "WBTC": {"volume": 62511.93189620972, "llc": 1.1}, "WETH": {"volume": 387714.5485877991, "llc": 1.1}, "FOX": {"volume": 4337.856769561768, "llc": 1.1}, "USDT": {"volume": 126408.04719924927, "llc": 1.1}, "EURe": {"volume": 126408.04719924927, "llc": 1.1}, "wstETH": {"volume": 387714.5485877991, "llc": 1.1}}, "WBTC": {"USDC": {"volume": 47253.15809249878, "llc": 1.1}, "WXDAI": {"volume": 51067.851543426514, "llc": 1.1}, "LINK": {"volume": 2430.5100440979004, "llc": 1.1}, "GNO": {"volume": 66326.62534713745, "llc": 1.1}, "WETH": {"volume": 110195.6000328064, "llc": 1.1}, "FOX": {"volume": 4337.856769561768, "llc": 1.1}, "USDT": {"volume": 39623.77119064331, "llc": 1.1}, "EURe": {"volume": 39623.77119064331, "llc": 1.1}, "wstETH": {"volume": 110195.6000328064, "llc": 1.1}}, "WETH": {"USDC": {"volume": 57755.39340253818, "llc": 1.05}, "WXDAI": {"volume": 57755.39340253818, "llc": 1.05}, "LINK": {"volume": 1476.8366813659668, "llc": 1.05}, "GNO": {"volume": 194118.85595321655, "llc": 1.05}, "WBTC": {"volume": 55836.21835708618, "llc": 1.05}, "FOX": {"volume": 2430.5100440979004, "llc": 1.05}, "USDT": {"volume": 57755.39340253818, "llc": 1.05}, "EURe": {"volume": 27226.017475128174, "llc": 1.05}, "wstETH": {"volume": 2133193.1075425283, "llc": 1.05}}, "FOX": {"USDC": {"volume": 5291.530132293701, "llc": 1.1}, "WXDAI": {"volume": 5291.530132293701, "llc": 1.1}, "LINK": {"volume": 2430.5100440979004, "llc": 1.1}, "GNO": {"volume": 4337.856769561768, "llc": 1.1}, "WBTC": {"volume": 4337.856769561768, "llc": 1.1}, "WETH": {"volume": 4337.856769561768, "llc": 1.1}, "USDT": {"volume": 5291.530132293701, "llc": 1.1}, "EURe": {"volume": 4337.856769561768, "llc": 1.1}, "wstETH": {"volume": 4337.856769561768, "llc": 1.1}}, "USDT": {"USDC": {"volume": 3965897.005558014, "llc": 1.05}, "WXDAI": {"volume": 3689331.730365753, "llc": 1.05}, "LINK": {"volume": 1476.8366813659668, "llc": 1.05}, "GNO": {"volume": 63465.60525894165, "llc": 1.05}, "WBTC": {"volume": 26272.34411239624, "llc": 1.05}, "WETH": {"volume": 47363.31543208025, "llc": 1.05}, "FOX": {"volume": 2430.5100440979004, "llc": 1.05}, "EURe": {"volume": 1262233.0222129822, "llc": 1.05}, "wstETH": {"volume": 47363.31543208025, "llc": 1.05}}, "EURe": {"USDC": {"volume": 2027079.059123993, "llc": 1.15}, "WXDAI": {"volume": 2026125.385761261, "llc": 1.15}, "LINK": {"volume": 3384.183406829834, "llc": 1.15}, "GNO": {"volume": 189350.48913955688, "llc": 1.15}, "WBTC": {"volume": 57743.56508255005, "llc": 1.15}, "WETH": {"volume": 115917.640209198, "llc": 1.15}, "FOX": {"volume": 6245.203495025635, "llc": 1.15}, "USDT": {"volume": 2024218.0390357971, "llc": 1.15}, "wstETH": {"volume": 115917.640209198, "llc": 1.15}}, "wstETH": {"USDC": {"volume": 57755.39340253818, "llc": 1.05}, "WXDAI": {"volume": 57755.39340253818, "llc": 1.05}, "LINK": {"volume": 1476.8366813659668, "llc": 1.05}, "GNO": {"volume": 194118.85595321655, "llc": 1.05}, "WBTC": {"volume": 55836.21835708618, "llc": 1.05}, "WETH": {"volume": 2665871.9495560247, "llc": 1.1}, "FOX": {"volume": 2430.5100440979004, "llc": 1.05}, "USDT": {"volume": 57755.39340253818, "llc": 1.05}, "EURe": {"volume": 27226.017475128174, "llc": 1.05}}, "json_time": 1689054905}