{"json_time": 1675702370, "USDC": {"oracle": 1.0001078192683814, "cex_price": 1, "dex_price": 1}, "WXDAI": {"oracle": 1.0, "cex_price": 1, "dex_price": 1.0004241120811872}, "LINK": {"oracle": 6.990983698696794, "cex_price": 6.9825, "dex_price": 7.438405864750646}, "GNO": {"oracle": 117.35688784942757, "cex_price": 118.25, "dex_price": 118.08026997412202}, "WBTC": {"oracle": 22797.676160666673, "cex_price": 23038.795, "dex_price": 23188.486452706504}, "WETH": {"oracle": 1636.4924575670918, "cex_price": 1648.8449999999998, "dex_price": 1653.5678852668834}, "FOX": {"oracle": 0.03741667673429919, "cex_price": 0.038000000000000006, "dex_price": 0.03904278820096733}, "USDT": {"oracle": 1.0004023719078836, "cex_price": 1, "dex_price": 1.000515734845325}}