{"USDC": {"WXDAI": {"volume": 4742187.122821808, "llc": 1.05}, "LINK": {"volume": 1476.8366813659668, "llc": 1.05}, "GNO": {"volume": 72048.66552352905, "llc": 1.05}, "WBTC": {"volume": 26272.34411239624, "llc": 1.05}, "WETH": {"volume": 77770.70569992065, "llc": 1.05}, "FOX": {"volume": 4337.856769561768, "llc": 1.05}, "USDT": {"volume": 4124206.783771515, "llc": 1.05}}, "WXDAI": {"USDC": {"volume": 4863303.639888763, "llc": 1.05}, "LINK": {"volume": 1476.8366813659668, "llc": 1.05}, "GNO": {"volume": 98751.5196800232, "llc": 1.05}, "WBTC": {"volume": 26272.34411239624, "llc": 1.05}, "WETH": {"volume": 77770.70569992065, "llc": 1.05}, "FOX": {"volume": 3384.183406829834, "llc": 1.05}, "USDT": {"volume": 4127067.8038597107, "llc": 1.05}}, "LINK": {"USDC": {"volume": 5291.530132293701, "llc": 1.2}, "WXDAI": {"volume": 5291.530132293701, "llc": 1.2}, "GNO": {"volume": 4337.856769561768, "llc": 1.2}, "WBTC": {"volume": 5291.530132293701, "llc": 1.2}, "WETH": {"volume": 4337.856769561768, "llc": 1.2}, "FOX": {"volume": 4337.856769561768, "llc": 1.2}, "USDT": {"volume": 5291.530132293701, "llc": 1.2}}, "GNO": {"USDC": {"volume": 147388.8611793518, "llc": 1.1}, "WXDAI": {"volume": 200794.5694923401, "llc": 1.1}, "LINK": {"volume": 2430.5100440979004, "llc": 1.1}, "WBTC": {"volume": 59650.911808013916, "llc": 1.1}, "WETH": {"volume": 328586.8000984192, "llc": 1.1}, "FOX": {"volume": 6245.203495025635, "llc": 1.1}, "USDT": {"volume": 103519.88649368286, "llc": 1.1}}, "WBTC": {"USDC": {"volume": 52021.52490615845, "llc": 1.1}, "WXDAI": {"volume": 52021.52490615845, "llc": 1.1}, "LINK": {"volume": 2430.5100440979004, "llc": 1.1}, "GNO": {"volume": 59650.911808013916, "llc": 1.1}, "WETH": {"volume": 76817.03233718872, "llc": 1.1}, "FOX": {"volume": 6245.203495025635, "llc": 1.1}, "USDT": {"volume": 52021.52490615845, "llc": 1.1}}, "WETH": {"USDC": {"volume": 77770.70569992065, "llc": 1.05}, "WXDAI": {"volume": 77770.70569992065, "llc": 1.05}, "LINK": {"volume": 1476.8366813659668, "llc": 1.05}, "GNO": {"volume": 158832.941532135, "llc": 1.05}, "WBTC": {"volume": 38670.09782791138, "llc": 1.05}, "FOX": {"volume": 3384.183406829834, "llc": 1.05}, "USDT": {"volume": 77770.70569992065, "llc": 1.05}}, "FOX": {"USDC": {"volume": 5291.530132293701, "llc": 1.1}, "WXDAI": {"volume": 7198.876857757568, "llc": 1.1}, "LINK": {"volume": 2430.5100440979004, "llc": 1.1}, "GNO": {"volume": 6245.203495025635, "llc": 1.1}, "WBTC": {"volume": 6245.203495025635, "llc": 1.1}, "WETH": {"volume": 6245.203495025635, "llc": 1.1}, "USDT": {"volume": 6245.203495025635, "llc": 1.1}}, "USDT": {"USDC": {"volume": 4634422.032833099, "llc": 1.05}, "WXDAI": {"volume": 4519027.555942535, "llc": 1.05}, "LINK": {"volume": 1476.8366813659668, "llc": 1.05}, "GNO": {"volume": 52021.52490615845, "llc": 1.05}, "WBTC": {"volume": 26272.34411239624, "llc": 1.05}, "WETH": {"volume": 77770.70569992065, "llc": 1.05}, "FOX": {"volume": 3384.183406829834, "llc": 1.05}}, "json_time": 1675702370}