{"json_time": 1668893044, "auUSDC": {"oracle": 1.00008895, "cex_price": 1, "dex_price": 1}, "auETH": {"oracle": 1208.78, "cex_price": 1211.045, "dex_price": 1216.5362569386823}, "auWBTC": {"oracle": 16620.35, "cex_price": 16654.614999999998, "dex_price": 16736.566938485248}, "auUSDT": {"oracle": 0.99903124, "cex_price": 1, "dex_price": 0.9991180525179729}, "auWNEAR": {"oracle": 1.7418232, "cex_price": 1.7375, "dex_price": 1.7472761242173598}, "auSTNEAR": {"oracle": 1.98575157, "cex_price": "NaN", "dex_price": 2.0059445794296047}}