{"json_time": 1692727131, "glp_data": {"liquidTreasury": 314204484.8982092, "treasuryUtilization": 0.1916551752517573, "liquidStableTreasury": 148461852.4352065, "stableTreasuryUtilization": 0.04269045854451768, "liquidSolidAssetTreasury": 143929682.89858818, "solidTreasuryUtilization": 0.31054676658715175}}