{"json_time": 1692727131, "ETH-VST": {"series_std_ratio": 1.0, "volume_for_slippage_10_percentss": [30804.57263916731], "trade_every": 1800, "collaterals": [813, 1099, 1384, 1669, 1955, 2240, 2525, 2811, 3096, 3382, 3667, 3952, 4238, 4523, 4808, 5094, 5379, 5665, 5950, 6235, 6521, 6806, 7091, 7377, 7662, 7948, 8233, 8518, 8804, 9089, 1875.0], "liquidation_incentives": [0.10000000000000009], "stability_pool_initial_balances": [0.038048076751959176, 0.019024038375979588, 0.07609615350391835], "share_institutionals": [0.09862938566017702, 0.04931469283008851, 0.19725877132035405, 1], "recovery_halflife_retails": [3.3333333333333335], "price_recovery_times": [0], "l_factors": [0.25, 0.5, 1, 1.5, 2], "json_time": 1692730651.6742785, "current_debt": 813.6272064927384}, "gOHM-VST": {"series_std_ratio": 0.5718399563684763, "volume_for_slippage_10_percentss": [124.30451422929764], "trade_every": 1800, "collaterals": [1961, 2365, 2768, 3171, 3575, 3978, 4381, 4785, 5188, 5592, 5995, 6398, 6802, 7205, 7608, 8012, 8415, 8818, 9222, 9625, 10028, 10432, 10835, 11239, 11642, 12045, 12449, 12852, 13255, 13659, 2812.5], "liquidation_incentives": [0.1499999999999999], "stability_pool_initial_balances": [0.022454404259815892, 0.011227202129907946, 0.044908808519631783], "share_institutionals": [0.5925358139924807, 0.29626790699624034, 1, 1], "recovery_halflife_retails": [3.3333333333333335], "price_recovery_times": [0], "l_factors": [0.25, 0.5, 1, 1.5, 2], "json_time": 1692730651.6742785, "current_debt": 1961.8386950277702}, "DPX-VST": {"series_std_ratio": 2.2756095294666916, "volume_for_slippage_10_percentss": [173.18027406930923], "trade_every": 1800, "collaterals": [104, 208, 312, 417, 521, 625, 729, 833, 937, 1041, 1146, 1250, 1354, 1458, 1562, 1666, 1771, 1875, 1979, 2083, 2187, 2291, 2395, 2500, 2604, 2708, 2812, 2916, 3020, 625.0], "liquidation_incentives": [0.1499999999999999], "stability_pool_initial_balances": [0.0, 0.0, 0.0], "share_institutionals": [0, 0.0, 0, 1], "recovery_halflife_retails": [3.3333333333333335], "price_recovery_times": [2], "l_factors": [0.25, 0.5, 1, 1.5, 2], "json_time": 1692730651.6742785, "current_debt": 0.4391390803356985}, "GMX-VST": {"series_std_ratio": 2.0308729755116706, "volume_for_slippage_10_percentss": [2894.1295871138573], "trade_every": 1800, "collaterals": [156, 255, 354, 453, 551, 650, 749, 848, 947, 1046, 1145, 1244, 1343, 1442, 1541, 1640, 1739, 1838, 1937, 2036, 2135, 2234, 2333, 2432, 2531, 2630, 2729, 2828, 2927, 3026, 625.0], "liquidation_incentives": [0.1499999999999999], "stability_pool_initial_balances": [0.3279150831216559, 0.16395754156082795, 0.6558301662433118], "share_institutionals": [0.9103274505743101, 0.45516372528715504, 1, 1], "recovery_halflife_retails": [3.3333333333333335], "price_recovery_times": [0], "l_factors": [0.25, 0.5, 1, 1.5, 2], "json_time": 1692730651.6742785, "current_debt": 156.1522224938875}, "sGLP-VST": {"series_std_ratio": 0.6132330529291525, "volume_for_slippage_10_percentss": [30365.286846458912], "trade_every": 1800, "collaterals": [306, 348, 390, 432, 474, 516, 558, 599, 641, 683, 725, 767, 809, 850, 892, 934, 976, 1018, 1060, 1102, 1143, 1185, 1227, 1269, 1311, 1353, 1395, 1436, 1478, 1520, 312.5], "liquidation_incentives": [0.10000000000000009], "stability_pool_initial_balances": [0.0011738455430208756, 0.0005869227715104378, 0.0023476910860417513], "share_institutionals": [0.0, 0.0, 0.0, 1], "recovery_halflife_retails": [3.3333333333333335], "price_recovery_times": [0], "l_factors": [0.25, 0.5, 1, 1.5, 2], "json_time": 1692730651.6742785, "current_debt": 306.8841121908869}}