{"json_time": 1672167798, "auUSDC": {"oracle": 0.99993375, "cex_price": 1, "dex_price": 1}, "auETH": {"oracle": 1195.1799, "cex_price": 1196.435, "dex_price": 1208.9386526709545}, "auWBTC": {"oracle": 16643.64758575, "cex_price": 16654.72, "dex_price": 16892.177232723527}, "auUSDT": {"oracle": 0.9997, "cex_price": 1, "dex_price": 0.9995713478214856}, "auWNEAR": {"oracle": 1.3238676, "cex_price": 1.3225, "dex_price": 1.325200340069607}, "auSTNEAR": {"oracle": 1.52461805, "cex_price": "NaN", "dex_price": 1.54827790396052}}