{"auUSDC": {"auETH": {"volume": 20550.30393600464, "llc": 1.1}, "auWBTC": {"volume": 11967.243671417236, "llc": 1.1}, "auUSDT": {"volume": 2472444.519519806, "llc": 1.1}, "auWNEAR": {"volume": 76817.03233718872, "llc": 1.1}, "auSTNEAR": {"volume": 56580.100453549996, "llc": 1.1}}, "auETH": {"auUSDC": {"volume": 20550.30393600464, "llc": 1.1}, "auWBTC": {"volume": 11967.243671417236, "llc": 1.1}, "auUSDT": {"volume": 18642.95721054077, "llc": 1.1}, "auWNEAR": {"volume": 32948.057651519775, "llc": 1.1}, "auSTNEAR": {"volume": 32948.057651519775, "llc": 1.1}}, "auWBTC": {"auUSDC": {"volume": 11967.243671417236, "llc": 1.1}, "auETH": {"volume": 11967.243671417236, "llc": 1.1}, "auUSDT": {"volume": 10059.89694595337, "llc": 1.1}, "auWNEAR": {"volume": 13874.590396881104, "llc": 1.1}, "auSTNEAR": {"volume": 13874.590396881104, "llc": 1.1}}, "auUSDT": {"auUSDC": {"volume": 2347513.3090019226, "llc": 1.1}, "auETH": {"volume": 18642.95721054077, "llc": 1.1}, "auWBTC": {"volume": 10059.89694595337, "llc": 1.1}, "auWNEAR": {"volume": 76817.03233718872, "llc": 1.1}, "auSTNEAR": {"volume": 56580.100453549996, "llc": 1.1}}, "auWNEAR": {"auUSDC": {"volume": 77770.70569992065, "llc": 1.1}, "auETH": {"volume": 32948.057651519775, "llc": 1.1}, "auWBTC": {"volume": 13874.590396881104, "llc": 1.1}, "auUSDT": {"volume": 77770.70569992065, "llc": 1.1}, "auSTNEAR": {"volume": 56580.100453549996, "llc": 1.1}}, "auSTNEAR": {"auUSDC": {"volume": 65372.95198440552, "llc": 1.1}, "auETH": {"volume": 43438.464641571045, "llc": 1.1}, "auWBTC": {"volume": 18642.95721054077, "llc": 1.1}, "auUSDT": {"volume": 65372.95198440552, "llc": 1.1}, "auWNEAR": {"volume": 82539.07251358032, "llc": 1.1}}, "json_time": 1672167798}