{"json_time": 1691926054, "ETH-VST": {"series_std_ratio": 1.0, "volume_for_slippage_10_percentss": [34423.763050735], "trade_every": 1800, "collaterals": [848, 1132, 1417, 1701, 1985, 2269, 2553, 2838, 3122, 3406, 3690, 3975, 4259, 4543, 4827, 5111, 5396, 5680, 5964, 6248, 6532, 6817, 7101, 7385, 7669, 7953, 8238, 8522, 8806, 9090, 1875.0], "liquidation_incentives": [0.10000000000000009], "stability_pool_initial_balances": [0.03655108727403408, 0.01827554363701704, 0.07310217454806817], "share_institutionals": [0.09798143722229173, 0.048990718611145866, 0.19596287444458346, 1], "recovery_halflife_retails": [3.3333333333333335], "price_recovery_times": [0], "l_factors": [0.25, 0.5, 1, 1.5, 2], "json_time": 1691928476.225727, "current_debt": 848.7298532202745}, "gOHM-VST": {"series_std_ratio": 0.5718399563684763, "volume_for_slippage_10_percentss": [135.0333395600319], "trade_every": 1800, "collaterals": [1956, 2359, 2763, 3166, 3570, 3973, 4377, 4781, 5184, 5588, 5991, 6395, 6798, 7202, 7605, 8009, 8412, 8816, 9220, 9623, 10027, 10430, 10834, 11237, 11641, 12044, 12448, 12851, 13255, 13658, 2812.5], "liquidation_incentives": [0.1499999999999999], "stability_pool_initial_balances": [0.02242335506036948, 0.01121167753018474, 0.04484671012073896], "share_institutionals": [0.5923723209713869, 0.29618616048569346, 1, 1], "recovery_halflife_retails": [3.3333333333333335], "price_recovery_times": [0], "l_factors": [0.25, 0.5, 1, 1.5, 2], "json_time": 1691928476.225727, "current_debt": 1956.2896883671795}, "DPX-VST": {"series_std_ratio": 2.2756095294666916, "volume_for_slippage_10_percentss": [228.61253827810287], "trade_every": 1800, "collaterals": [199, 296, 394, 491, 589, 687, 784, 882, 979, 1077, 1174, 1272, 1369, 1467, 1564, 1662, 1759, 1857, 1954, 2052, 2149, 2247, 2344, 2442, 2539, 2637, 2734, 2832, 2929, 3027, 625.0], "liquidation_incentives": [0.1499999999999999], "stability_pool_initial_balances": [0.0022529303301126995, 0.0011264651650563498, 0.004505860660225399], "share_institutionals": [0.00899881942702594, 0.00449940971351297, 0.01799763885405188, 1], "recovery_halflife_retails": [3.3333333333333335], "price_recovery_times": [2], "l_factors": [0.25, 0.5, 1, 1.5, 2], "json_time": 1691928476.225727, "current_debt": 199.40731125829268}, "GMX-VST": {"series_std_ratio": 2.0308729755116706, "volume_for_slippage_10_percentss": [3761.972347199917], "trade_every": 1800, "collaterals": [206, 303, 400, 498, 595, 692, 790, 887, 984, 1081, 1179, 1276, 1373, 1471, 1568, 1665, 1762, 1860, 1957, 2054, 2152, 2249, 2346, 2443, 2541, 2638, 2735, 2833, 2930, 3027, 625.0], "liquidation_incentives": [0.1499999999999999], "stability_pool_initial_balances": [0.210304620059122, 0.105152310029561, 0.420609240118244], "share_institutionals": [0.6118797247362598, 0.3059398623681299, 1, 1], "recovery_halflife_retails": [3.3333333333333335], "price_recovery_times": [0], "l_factors": [0.25, 0.5, 1, 1.5, 2], "json_time": 1691928476.225727, "current_debt": 206.33458070542255}, "sGLP-VST": {"series_std_ratio": 0.6132330529291525, "volume_for_slippage_10_percentss": [34126.336170732975], "trade_every": 1800, "collaterals": [305, 347, 389, 431, 473, 515, 557, 599, 641, 682, 724, 766, 808, 850, 892, 934, 976, 1017, 1059, 1101, 1143, 1185, 1227, 1269, 1311, 1353, 1394, 1436, 1478, 1520, 312.5], "liquidation_incentives": [0.10000000000000009], "stability_pool_initial_balances": [0.0011722827914799655, 0.0005861413957399828, 0.002344565582959931], "share_institutionals": [0.0, 0.0, 0.0, 1], "recovery_halflife_retails": [3.3333333333333335], "price_recovery_times": [0], "l_factors": [0.25, 0.5, 1, 1.5, 2], "json_time": 1691928476.225727, "current_debt": 305.9158993210548}}