{"json_time": 1699775360, "USDC": {"oracle": 1.0000496749674967, "cex_price": 1, "dex_price": 1}, "WXDAI": {"oracle": 1.0, "cex_price": 1, "dex_price": 1.0000458261266922}, "LINK": {"oracle": 16.266145274527453, "cex_price": 16.253, "dex_price": 16.65918394905356}, "GNO": {"oracle": 150.84459902990298, "cex_price": 151.3, "dex_price": 151.09296814950602}, "WBTC": {"oracle": 37081.50562742274, "cex_price": 37135.835, "dex_price": 37457.15369831334}, "WETH": {"oracle": 2055.6204130413043, "cex_price": 2058.295, "dex_price": 2065.485045078678}, "FOX": {"oracle": 0.027544454445444545, "cex_price": 0.027549999999999998, "dex_price": 0.026999388699041674}, "USDT": {"oracle": 1.0003800380038004, "cex_price": 1, "dex_price": 1.0004746742087036}, "EURe": {"oracle": 1.0685418541854186, "cex_price": 1.0656500000000002, "dex_price": 1.0686901809163702}, "wstETH": {"oracle": 2355.9056817681767, "cex_price": "NaN", "dex_price": 2366.5629777679965}, "sDAI": {"oracle": 1.0230124512451244, "cex_price": 1, "dex_price": 1.0230717692915903}}