{"json_time": 1676377539, "ETH-VST": {"series_std_ratio": 1.0, "volume_for_slippage_10_percentss": [3856.7436376214027], "trade_every": 1800, "collaterals": [316, 3431, 6545, 9660, 12774, 15889, 19003, 22117, 25232, 28346, 31461, 34575, 37690, 40804, 43918, 47033, 50147, 53262, 56376, 59491, 62605, 65720, 68834, 71948, 75063, 78177, 81292, 84406, 87521, 90635, 18750.0], "liquidation_incentives": [0.10000000000000009], "stability_pool_initial_balances": [0.49084012038399355, 0.24542006019199678, 0.9816802407679871], "share_institutionals": [0.5052669826090204, 0.2526334913045102, 1, 1], "recovery_halflife_retails": [3.3333333333333335], "price_recovery_times": [0], "l_factors": [0.25, 0.5, 1, 1.5, 2], "json_time": 1676379842.657345, "current_debt": 316.839650522669}, "gOHM-VST": {"series_std_ratio": 0.5718399563684763, "volume_for_slippage_10_percentss": [219.07580465078354], "trade_every": 1800, "collaterals": [3449, 3959, 4469, 4979, 5489, 5999, 6509, 7019, 7529, 8039, 8549, 9059, 9569, 10079, 10589, 11099, 11609, 12119, 12629, 13139, 13649, 14159, 14669, 15179, 15689, 16199, 16709, 17219, 17729, 18239, 3750.0], "liquidation_incentives": [0.1499999999999999], "stability_pool_initial_balances": [0.0031182089384914793, 0.0015591044692457397, 0.006236417876982959], "share_institutionals": [0.15309015921428223, 0.07654507960714112, 0.30618031842856447, 1], "recovery_halflife_retails": [3.3333333333333335], "price_recovery_times": [0], "l_factors": [0.25, 0.5, 1, 1.5, 2], "json_time": 1676379842.657345, "current_debt": 3449.611623015546}, "DPX-VST": {"series_std_ratio": 2.2756095294666916, "volume_for_slippage_10_percentss": [433.05626541376114], "trade_every": 1800, "collaterals": [415, 714, 1013, 1311, 1610, 1908, 2207, 2506, 2804, 3103, 3402, 3700, 3999, 4298, 4596, 4895, 5194, 5492, 5791, 6089, 6388, 6687, 6985, 7284, 7583, 7881, 8180, 8479, 8777, 9076, 1875.0], "liquidation_incentives": [0.1499999999999999], "stability_pool_initial_balances": [0.05185843868569762, 0.02592921934284881, 0.10371687737139525], "share_institutionals": [0.004733288374955311, 0.0023666441874776556, 0.009466576749910622, 1], "recovery_halflife_retails": [3.3333333333333335], "price_recovery_times": [2], "l_factors": [0.25, 0.5, 1, 1.5, 2], "json_time": 1676379842.657345, "current_debt": 415.7152505303627}, "GMX-VST": {"series_std_ratio": 2.0308729755116706, "volume_for_slippage_10_percentss": [1963.105966746807], "trade_every": 1800, "collaterals": [38, 454, 869, 1284, 1700, 2115, 2530, 2946, 3361, 3777, 4192, 4607, 5023, 5438, 5853, 6269, 6684, 7100, 7515, 7930, 8346, 8761, 9176, 9592, 10007, 10423, 10838, 11253, 11669, 12084, 2500.0], "liquidation_incentives": [0.1499999999999999], "stability_pool_initial_balances": [0.8820880011163708, 0.4410440005581854, 1.7641760022327415], "share_institutionals": [0.010330882916126586, 0.005165441458063293, 0.02066176583225317, 1], "recovery_halflife_retails": [3.3333333333333335], "price_recovery_times": [0], "l_factors": [0.25, 0.5, 1, 1.5, 2], "json_time": 1676379842.657345, "current_debt": 38.62367297029441}, "sGLP-VST": {"series_std_ratio": 0.6132330529291525, "volume_for_slippage_10_percentss": [3857.33968347311], "trade_every": 1800, "collaterals": [1104, 1796, 2489, 3181, 3873, 4566, 5258, 5950, 6643, 7335, 8028, 8720, 9412, 10105, 10797, 11489, 12182, 12874, 13566, 14259, 14951, 15643, 16336, 17028, 17720, 18413, 19105, 19797, 20490, 21182, 4375.0], "liquidation_incentives": [0.10000000000000009], "stability_pool_initial_balances": [0.007613482406705628, 0.003806741203352814, 0.015226964813411256], "share_institutionals": [0.0, 0.0, 0.0, 1], "recovery_halflife_retails": [3.3333333333333335], "price_recovery_times": [0], "l_factors": [0.25, 0.5, 1, 1.5, 2], "json_time": 1676379842.657345, "current_debt": 1104.5128705132086}}