{"json_time": 1666453400, "ETH": {"oracle": 1315.306, "cex_price": 1314.7350000000001, "dex_price": 1315.1424024099638}, "BNB|bsc": {"oracle": 269.88, "cex_price": 269.45, "dex_price": 270.1993412976716}, "WBTC|eth": {"oracle": 19235.075, "cex_price": 19187.739999999998, "dex_price": 19367.9154808362}, "pCKB": {"oracle": 0.003664745, "cex_price": 0.003635, "dex_price": 0.003661422337860815}, "USDC": {"oracle": 1.0, "cex_price": 1, "dex_price": 1}}