{"json_time": 1665213153, "ETH": {"oracle": 1329.9, "cex_price": 1329.8049999999998, "dex_price": 1331.0463426413687}, "BNB|bsc": {"oracle": 281.54, "cex_price": 280.75, "dex_price": 280.4467585281516}, "WBTC|eth": {"oracle": 19495.8997, "cex_price": 19511.309999999998, "dex_price": 19706.407988311483}, "pCKB": {"oracle": 0.003761269, "cex_price": 0.003765, "dex_price": 0.003749382217863141}, "USDC": {"oracle": 0.99999999, "cex_price": 1, "dex_price": 1}}