{"json_time": 1691777593, "VST": {"oracle": 0.9978768228553797, "cex_price": 1, "dex_price": 1}, "ETH": {"oracle": 1840.72, "cex_price": 1843.755, "dex_price": 1841.9598452753728}, "gOHM": {"oracle": 2851.6132497918625, "cex_price": "NaN", "dex_price": 2837.561919904647}, "GMX": {"oracle": 44.66534900751295, "cex_price": "NaN", "dex_price": 45.301615682159024}, "DPX": {"oracle": 84.33853446, "cex_price": "NaN", "dex_price": 84.09733254157163}, "sGLP": {"oracle": 0.9931706417054093, "cex_price": "NaN", "dex_price": "NaN"}}