{"json_time": 1691777593, "ETH": {"VST": {"volume": 56293954.41865921, "llc": 1.1}}, "gOHM": {"VST": {"volume": 217960.6900215149, "llc": 1.15}}, "GMX": {"VST": {"volume": 5608122.536182404, "llc": 1.15}}, "DPX": {"VST": {"volume": 361011.69443130493, "llc": 1.15}}, "sGLP": {"VST": {"volume": 55601587.55731583, "llc": 1.1}}}