{"ETH": {"BNB|bsc": {"volume": 1476.8366813659668, "llc": 1.1}, "WBTC|eth": {"volume": 3384.183406829834, "llc": 1.1}, "pCKB": {"volume": 2430.5100440979004, "llc": 1.1}, "USDC": {"volume": 2430.5100440979004, "llc": 1.1}, "USDT": {"volume": 2430.5100440979004, "llc": 1.1}}, "BNB|bsc": {"ETH": {"volume": 1476.8366813659668, "llc": 1.1}, "WBTC|eth": {"volume": 1476.8366813659668, "llc": 1.1}, "pCKB": {"volume": 1476.8366813659668, "llc": 1.1}, "USDC": {"volume": 1476.8366813659668, "llc": 1.1}, "USDT": {"volume": 1476.8366813659668, "llc": 1.1}}, "WBTC|eth": {"ETH": {"volume": 3384.183406829834, "llc": 1.1}, "BNB|bsc": {"volume": 1476.8366813659668, "llc": 1.1}, "pCKB": {"volume": 2430.5100440979004, "llc": 1.1}, "USDC": {"volume": 2430.5100440979004, "llc": 1.1}, "USDT": {"volume": 2430.5100440979004, "llc": 1.1}}, "pCKB": {"ETH": {"volume": 2430.5100440979004, "llc": 1.1}, "BNB|bsc": {"volume": 1476.8366813659668, "llc": 1.1}, "WBTC|eth": {"volume": 2430.5100440979004, "llc": 1.1}, "USDC": {"volume": 62511.93189620972, "llc": 1.1}, "USDT": {"volume": 62511.93189620972, "llc": 1.1}}, "USDC": {"ETH": {"volume": 2430.5100440979004, "llc": 1.1}, "BNB|bsc": {"volume": 1476.8366813659668, "llc": 1.1}, "WBTC|eth": {"volume": 2430.5100440979004, "llc": 1.1}, "pCKB": {"volume": 62511.93189620972, "llc": 1.1}, "USDT": {"volume": 252292.9310798645, "llc": 1.1}}, "USDT": {"ETH": {"volume": 2430.5100440979004, "llc": 1.1}, "BNB|bsc": {"volume": 1476.8366813659668, "llc": 1.1}, "WBTC|eth": {"volume": 2430.5100440979004, "llc": 1.1}, "pCKB": {"volume": 62511.93189620972, "llc": 1.1}, "USDC": {"volume": 474498.82459640503, "llc": 1.1}}, "json_time": 1687416270}