{"json_time": 1668003285, "data": [{"account": "0x2661a4786EA12B7EDFD3F5c08fF617702360A993", "user_collateral_wo_looping": 0.1781740227625305, "user_debt_wo_looping": 0.20026278774628198}]}