{"json_time": 1680523693, "stabilityPoolVstBalance": {"ETH": 223301.66162603232, "gOHM": 68780.85132523853, "GMX": 32500.230913613545, "DPX": 28523.236103721087, "sGLP": 61.08272853548283}, "stabilityPoolGemBalance": {"ETH": 24017.205032479702, "gOHM": 16048.15749516152, "GMX": 5993.858759743141, "DPX": 117.47449115338173, "sGLP": 0.0}, "bprotocolBalance": {"ETH": 106964.59370485056, "gOHM": 23223.963363236362, "DPX": 1105.2087499167608, "GMX": 229.578564484254, "sGLP": 0.0}, "bprotocolGemBalance": {"ETH": 0.26268507946026315, "gOHM": 0.0, "DPX": 0.00146696061525948, "GMX": 0.0974478373161398, "sGLP": 0.0}}