{"json_time": 1664643466.8104935, "VST": {"total_collateral": "0.0", "median_collateral": "nan", "top_1_collateral": "0.0", "top_10_collateral": "0.0", "total_debt": "0.0", "median_debt": "nan", "top_1_debt": "nan", "top_10_debt": "0.0", "graph_data": {"ETH": {"4.9": 0, "4.800000000000001": 0, "4.7": 0, "4.6000000000000005": 0, "4.5": 0, "4.4": 0, "4.3": 0, "4.2": 0, "4.1000000000000005": 0, "4.0": 0, "3.9000000000000004": 0, "3.8000000000000003": 0, "3.7": 0, "3.6": 0, "3.5": 0, "3.4000000000000004": 0, "3.3000000000000003": 0, "3.2": 0, "3.1": 0, "3.0": 0, "2.9000000000000004": 0, "2.8000000000000003": 0, "2.7": 0, "2.6": 0, "2.5": 0, "2.4000000000000004": 0, "2.3000000000000003": 0, "2.2": 0, "2.1": 0, "2.0": 0, "1.9000000000000001": 0, "1.8": 0, "1.7000000000000002": 0, "1.6": 0, "1.5": 0, "1.4000000000000001": 0, "1.3": 0, "1.2000000000000002": 0}, "gOHM": {"4.9": 0, "4.800000000000001": 0, "4.7": 0, "4.6000000000000005": 0, "4.5": 0, "4.4": 0, "4.3": 0, "4.2": 0, "4.1000000000000005": 0, "4.0": 0, "3.9000000000000004": 0, "3.8000000000000003": 0, "3.7": 0, "3.6": 0, "3.5": 0, "3.4000000000000004": 0, "3.3000000000000003": 0, "3.2": 0, "3.1": 0, "3.0": 0, "2.9000000000000004": 0, "2.8000000000000003": 0, "2.7": 0, "2.6": 0, "2.5": 0, "2.4000000000000004": 0, "2.3000000000000003": 0, "2.2": 0, "2.1": 0, "2.0": 0, "1.9000000000000001": 0, "1.8": 0, "1.7000000000000002": 0, "1.6": 0, "1.5": 0}, "renBTC": {"4.9": 0, "4.800000000000001": 0, "4.7": 0, "4.6000000000000005": 0, "4.5": 0, "4.4": 0, "4.3": 0, "4.2": 0, "4.1000000000000005": 0, "4.0": 0, "3.9000000000000004": 0, "3.8000000000000003": 0, "3.7": 0, "3.6": 0, "3.5": 0, "3.4000000000000004": 0, "3.3000000000000003": 0, "3.2": 0, "3.1": 0, "3.0": 0, "2.9000000000000004": 0, "2.8000000000000003": 0, "2.7": 0, "2.6": 0, "2.5": 0, "2.4000000000000004": 0, "2.3000000000000003": 0, "2.2": 0, "2.1": 0, "2.0": 0, "1.9000000000000001": 0, "1.8": 0, "1.7000000000000002": 0, "1.6": 0, "1.5": 0}, "GMX": {"4.9": 0, "4.800000000000001": 0, "4.7": 0, "4.6000000000000005": 0, "4.5": 0, "4.4": 0, "4.3": 0, "4.2": 0, "4.1000000000000005": 0, "4.0": 0, "3.9000000000000004": 0, "3.8000000000000003": 0, "3.7": 0, "3.6": 0, "3.5": 0, "3.4000000000000004": 0, "3.3000000000000003": 0, "3.2": 0, "3.1": 0, "3.0": 0, "2.9000000000000004": 0, "2.8000000000000003": 0, "2.7": 0, "2.6": 0, "2.5": 0, "2.4000000000000004": 0, "2.3000000000000003": 0, "2.2": 0, "2.1": 0, "2.0": 0, "1.9000000000000001": 0, "1.8": 0, "1.7000000000000002": 0, "1.6": 0, "1.5": 0, "1.4000000000000001": 0, "1.3": 0}, "DPX": {"4.9": 0, "4.800000000000001": 0, "4.7": 0, "4.6000000000000005": 0, "4.5": 0, "4.4": 0, "4.3": 0, "4.2": 0, "4.1000000000000005": 0, "4.0": 0, "3.9000000000000004": 0, "3.8000000000000003": 0, "3.7": 0, "3.6": 0, "3.5": 0, "3.4000000000000004": 0, "3.3000000000000003": 0, "3.2": 0, "3.1": 0, "3.0": 0, "2.9000000000000004": 0, "2.8000000000000003": 0, "2.7": 0, "2.6": 0, "2.5": 0, "2.4000000000000004": 0, "2.3000000000000003": 0, "2.2": 0}, "sGLP": {"4.9": 0, "4.800000000000001": 0, "4.7": 0, "4.6000000000000005": 0, "4.5": 0, "4.4": 0, "4.3": 0, "4.2": 0, "4.1000000000000005": 0, "4.0": 0, "3.9000000000000004": 0, "3.8000000000000003": 0, "3.7": 0, "3.6": 0, "3.5": 0, "3.4000000000000004": 0, "3.3000000000000003": 0, "3.2": 0, "3.1": 0, "3.0": 0, "2.9000000000000004": 0, "2.8000000000000003": 0, "2.7": 0, "2.6": 0, "2.5": 0, "2.4000000000000004": 0, "2.3000000000000003": 0, "2.2": 0, "2.1": 0, "2.0": 0, "1.9000000000000001": 0, "1.8": 0, "1.7000000000000002": 0, "1.6": 0, "1.5": 0, "1.4000000000000001": 0, "1.3": 0, "1.2000000000000002": 0, "1.1": 0}}}, "ETH": {"total_collateral": "1122139.0939823138", "median_collateral": "3059.8664360199173", "top_1_collateral": "79408.8995748", "top_10_collateral": "516951.936231948", "total_debt": "511660.61892766017", "median_debt": "1246.0598006670343", "top_1_debt": "37200.0", "top_10_debt": "214412.04384544317", "graph_data": {"VST": {"1058.785327664": 14269, "926.4371617060001": 64855, "794.0889957480001": 208908, "661.74082979": 371925, "529.392663832": 412644, "397.04449787400006": 456801, "264.696331916": 511072, "132.348165958": 511072, "0.0": 511622}}}, "gOHM": {"total_collateral": "16410592.205580482", "median_collateral": "23204.497923673705", "top_1_collateral": "2341702.631285831", "top_10_collateral": "10321883.778221382", "total_debt": "5788104.986048759", "median_debt": "8037.457371286074", "top_1_debt": "1049503.0911204247", "top_10_debt": "3736693.938750902", "graph_data": {"VST": {"1546.966528244914": 3060791, "1289.138773537428": 4315403, "1031.3110188299424": 5073436, "773.483264122457": 5316698, "515.6555094149712": 5756749, "257.8277547074856": 5787055, "0.0": 5788055}}}, "renBTC": {"total_collateral": "340040.81731642183", "median_collateral": "8065.693902962224", "top_1_collateral": "65034.3726892554", "top_10_collateral": "308448.6222187744", "total_debt": "151002.0687889265", "median_debt": "4050.0", "top_1_debt": "37130.0", "top_10_debt": "134645.30970502406", "graph_data": {"VST": {"13542.781799169003": 16473, "11608.098685002004": 81466, "9673.415570835": 113689, "7738.732456668001": 116349, "5804.049342501002": 116349, "3869.3662283340004": 150666, "1934.6831141670002": 150997, "0.0": 150997}}}, "GMX": {"total_collateral": "213730.29685739434", "median_collateral": "4758.258414578824", "top_1_collateral": "55417.15817555631", "top_10_collateral": "205225.96016189782", "total_debt": "70729.23035447687", "median_debt": "2100.0", "top_1_debt": "17219.830001578015", "top_10_debt": "67828.50035077758", "graph_data": {"VST": {"27.794038171353222": 2992, "23.823461289731334": 31692, "19.852884408109443": 56692, "15.882307526487555": 57472, "11.911730644865667": 60297, "7.941153763243777": 70727, "3.9705768816218887": 70727, "0.0": 70727}}}, "DPX": {"total_collateral": "2022300.7837259197", "median_collateral": "6907.535047739482", "top_1_collateral": "1135692.1138", "top_10_collateral": "2017111.310160514", "total_debt": "567265.4563762202", "median_debt": "1204.1737974819966", "top_1_debt": "302496.9736284765", "top_10_debt": "566131.3143800386", "graph_data": {"VST": {"90.855369104": 257171, "68.14152682800001": 560051, "45.427684552": 562734, "22.713842276": 567260, "0.0": 567260}}}, "sGLP": {"total_collateral": "6879913.129603996", "median_collateral": "5207.757073937738", "top_1_collateral": "1349871.680855875", "top_10_collateral": "5030469.209457103", "total_debt": "4855530.81", "median_debt": "3365.0", "top_1_debt": "1000000.0", "top_10_debt": "3708609.2800000003", "graph_data": {"VST": {"0.7837964598517984": 1652355, "0.6967079643127096": 4229933, "0.609619468773621": 4676629, "0.5225309732345323": 4786430, "0.43544247769544353": 4828878, "0.3483539821563548": 4845156, "0.2612654866172662": 4845486, "0.1741769910781774": 4845486, "0.0870884955390887": 4845486, "0.0": 4855516}}}}