{"json_time": 1664643466.8284824, "VST": {"oracle": 0.9747119209584914, "cex_price": 1, "dex_price": 1}, "ETH": {"oracle": 1323.48165958, "cex_price": 1309.125, "dex_price": 1309.8732562593038}, "gOHM": {"oracle": 2578.277547074856, "cex_price": "NaN", "dex_price": 2543.2560550791554}, "renBTC": {"oracle": 19346.83114167, "cex_price": 19283.215, "dex_price": 19356.216122992493}, "GMX": {"oracle": 39.705768816218885, "cex_price": "NaN", "dex_price": 39.651412482855086}, "DPX": {"oracle": 227.13842276, "cex_price": "NaN", "dex_price": 223.7102797525451}, "sGLP": {"oracle": 0.8708849553908871, "cex_price": "NaN", "dex_price": "NaN"}}