{"json_time": 1685972570, "data": [{"account": "0x5ce561e048d2cd64523D6316228F97bd2537F92f", "user_collateral_wo_looping": 0.8961932246807887, "user_debt_wo_looping": 1.549850034169415}, {"account": "0x7e1a061ca70838e1E79BCcBee306a56746f9e2F8", "user_collateral_wo_looping": 0.0041585033927817525, "user_debt_wo_looping": 0.005440973988780028}, {"account": "0x4F1fdB46D6B90b33896c79D390cC348Ec8B73B39", "user_collateral_wo_looping": 0.008028016890858278, "user_debt_wo_looping": 0.00833890047814111}]}