{"USDC": {"WXDAI": {"volume": 7048169.313907623, "llc": 1.05}, "LINK": {"volume": 1476.8366813659668, "llc": 1.05}, "GNO": {"volume": 63465.60525894165, "llc": 1.05}, "WBTC": {"volume": 24364.997386932373, "llc": 1.05}, "WETH": {"volume": 46853.38213555433, "llc": 1.05}, "FOX": {"volume": 3384.183406829834, "llc": 1.05}, "USDT": {"volume": 3655953.1626701355, "llc": 1.05}, "EURe": {"volume": 576541.8744087219, "llc": 1.05}, "wstETH": {"volume": 9106.223583221436, "llc": 1.05}}, "WXDAI": {"USDC": {"volume": 3811401.9207954407, "llc": 1.05}, "LINK": {"volume": 1476.8366813659668, "llc": 1.05}, "GNO": {"volume": 63465.60525894165, "llc": 1.05}, "WBTC": {"volume": 25318.670749664307, "llc": 1.05}, "WETH": {"volume": 51968, "llc": 1.05}, "FOX": {"volume": 3384.183406829834, "llc": 1.05}, "USDT": {"volume": 3654999.4893074036, "llc": 1.05}, "EURe": {"volume": 575588.20104599, "llc": 1.05}, "wstETH": {"volume": 11013.570308685303, "llc": 1.05}}, "LINK": {"USDC": {"volume": 4337.856769561768, "llc": 1.2}, "WXDAI": {"volume": 4337.856769561768, "llc": 1.2}, "GNO": {"volume": 4337.856769561768, "llc": 1.2}, "WBTC": {"volume": 4337.856769561768, "llc": 1.2}, "WETH": {"volume": 4337.856769561768, "llc": 1.2}, "FOX": {"volume": 3384.183406829834, "llc": 1.2}, "USDT": {"volume": 4337.856769561768, "llc": 1.2}, "EURe": {"volume": 3384.183406829834, "llc": 1.2}, "wstETH": {"volume": 3384.183406829834, "llc": 1.2}}, "GNO": {"USDC": {"volume": 127361.7205619812, "llc": 1.1}, "WXDAI": {"volume": 127361.7205619812, "llc": 1.1}, "LINK": {"volume": 2430.5100440979004, "llc": 1.1}, "WBTC": {"volume": 59650.911808013916, "llc": 1.1}, "WETH": {"volume": 400112.3023033142, "llc": 1.1}, "FOX": {"volume": 5291.530132293701, "llc": 1.1}, "USDT": {"volume": 127361.7205619812, "llc": 1.1}, "EURe": {"volume": 125454.37383651733, "llc": 1.1}, "wstETH": {"volume": 28179.690837860107, "llc": 1.1}}, "WBTC": {"USDC": {"volume": 46299.484729766846, "llc": 1.1}, "WXDAI": {"volume": 50114.17818069458, "llc": 1.1}, "LINK": {"volume": 2430.5100440979004, "llc": 1.1}, "GNO": {"volume": 74909.68561172485, "llc": 1.1}, "WETH": {"volume": 123547.02711105347, "llc": 1.1}, "FOX": {"volume": 4337.856769561768, "llc": 1.1}, "USDT": {"volume": 37716.42446517944, "llc": 1.1}, "EURe": {"volume": 37716.42446517944, "llc": 1.1}, "wstETH": {"volume": 23411.32402420044, "llc": 1.1}}, "WETH": {"USDC": {"volume": 57493.88234556516, "llc": 1.05}, "WXDAI": {"volume": 57493.88234556516, "llc": 1.05}, "LINK": {"volume": 1476.8366813659668, "llc": 1.05}, "GNO": {"volume": 193165.18259048462, "llc": 1.05}, "WBTC": {"volume": 52975.19826889038, "llc": 1.05}, "FOX": {"volume": 2430.5100440979004, "llc": 1.05}, "USDT": {"volume": 57493.88234556516, "llc": 1.05}, "EURe": {"volume": 26272.34411239624, "llc": 1.05}, "wstETH": {"volume": 15781.93712234497, "llc": 1.05}}, "FOX": {"USDC": {"volume": 5291.530132293701, "llc": 1.1}, "WXDAI": {"volume": 5291.530132293701, "llc": 1.1}, "LINK": {"volume": 2430.5100440979004, "llc": 1.1}, "GNO": {"volume": 5291.530132293701, "llc": 1.1}, "WBTC": {"volume": 4337.856769561768, "llc": 1.1}, "WETH": {"volume": 5291.530132293701, "llc": 1.1}, "USDT": {"volume": 5291.530132293701, "llc": 1.1}, "EURe": {"volume": 4337.856769561768, "llc": 1.1}, "wstETH": {"volume": 4337.856769561768, "llc": 1.1}}, "USDT": {"USDC": {"volume": 3749413.152217865, "llc": 1.05}, "WXDAI": {"volume": 6892720.555782318, "llc": 1.05}, "LINK": {"volume": 1476.8366813659668, "llc": 1.05}, "GNO": {"volume": 63465.60525894165, "llc": 1.05}, "WBTC": {"volume": 25318.670749664307, "llc": 1.05}, "WETH": {"volume": 46361.86947268155, "llc": 1.05}, "FOX": {"volume": 3384.183406829834, "llc": 1.05}, "EURe": {"volume": 575588.20104599, "llc": 1.05}, "wstETH": {"volume": 9106.223583221436, "llc": 1.05}}, "EURe": {"USDC": {"volume": 567005.1407814026, "llc": 1.15}, "WXDAI": {"volume": 567005.1407814026, "llc": 1.15}, "LINK": {"volume": 3384.183406829834, "llc": 1.15}, "GNO": {"volume": 157879.26816940308, "llc": 1.15}, "WBTC": {"volume": 54882.54499435425, "llc": 1.15}, "WETH": {"volume": 104473.5598564148, "llc": 1.15}, "FOX": {"volume": 6245.203495025635, "llc": 1.15}, "USDT": {"volume": 567005.1407814026, "llc": 1.15}, "wstETH": {"volume": 31994.38428878784, "llc": 1.15}}, "wstETH": {"USDC": {"volume": 19596.630573272705, "llc": 1.1}, "WXDAI": {"volume": 19596.630573272705, "llc": 1.1}, "LINK": {"volume": 2430.5100440979004, "llc": 1.1}, "GNO": {"volume": 28179.690837860107, "llc": 1.1}, "WBTC": {"volume": 23411.32402420044, "llc": 1.1}, "WETH": {"volume": 30087.037563323975, "llc": 1.1}, "FOX": {"volume": 4337.856769561768, "llc": 1.1}, "USDT": {"volume": 19596.630573272705, "llc": 1.1}, "EURe": {"volume": 19596.630573272705, "llc": 1.1}}, "json_time": 1685972570}