{"json_time": 1673974080, "glp_data": {"liquidTreasury": 246504974.0671505, "treasuryUtilization": 0.4028408917598424, "liquidStableTreasury": 140294560.13588798, "stableTreasuryUtilization": 0.15777394928739233, "liquidSolidAssetTreasury": 95945062.29183221, "solidTreasuryUtilization": 0.5892423080710435}}