{"json_time": 1669292349, "stabilityPoolVstBalance": {"ETH": 872806.0824859965, "gOHM": 292822.012551082, "renBTC": 8370.205714255926, "GMX": 40117.59513792441, "DPX": 34506.69263800105, "sGLP": 4473513.256606391}, "stabilityPoolGemBalance": {"ETH": 25190.322071160383, "gOHM": 9259.297501066087, "renBTC": 363.7767956424, "GMX": 1835.4799849726949, "DPX": 68.01174162357769, "sGLP": 0.0}, "bprotocolBalance": {"ETH": 136278.57574269254, "gOHM": 179209.6175385691, "DPX": 4.942901259224129, "GMX": 467.7551360064759, "renBTC": 1099.1156249863634, "sGLP": 0.0}, "bprotocolGemBalance": {"ETH": 0.09800170357283276, "gOHM": 0.0, "DPX": 7.5720702787398e-05, "GMX": 2.833783015362389, "renBTC": 0.0, "sGLP": 0.0}}