{"json_time": 1667933098, "ETH-VST": {"series_std_ratio": 1.0, "volume_for_slippage_10_percentss": [10552.126689851284], "trade_every": 1800, "collaterals": [284, 3400, 6515, 9631, 12746, 15862, 18977, 22093, 25208, 28324, 31439, 34555, 37670, 40786, 43901, 47017, 50132, 53248, 56363, 59479, 62594, 65710, 68825, 71941, 75056, 78172, 81287, 84403, 87518, 90634, 18750.0], "liquidation_incentives": [0.10000000000000009], "stability_pool_initial_balances": [0.8847778598038952, 0.4423889299019476, 1.7695557196077905], "share_institutionals": [0.3416978246663114, 0.1708489123331557, 0.6833956493326228, 1], "recovery_halflife_retails": [3.3333333333333335], "price_recovery_times": [0], "l_factors": [0.25, 0.5, 1, 1.5, 2], "json_time": 1667934892.973118, "current_debt": 284.49421028785105}, "renBTC-VST": {"series_std_ratio": 0.760706293780634, "volume_for_slippage_10_percentss": [2548.4229931235313], "trade_every": 1800, "collaterals": [15, 223, 431, 638, 846, 1054, 1262, 1470, 1677, 1885, 2093, 2301, 2509, 2717, 2924, 3132, 3340, 3548, 3756, 3963, 4171, 4379, 4587, 4795, 5003, 5210, 5418, 5626, 5834, 6042, 1250.0], "liquidation_incentives": [0.10000000000000009], "stability_pool_initial_balances": [1.6606488219698006, 0.8303244109849003, 3.321297643939601], "share_institutionals": [0.8347345638327717, 0.41736728191638583, 1, 1], "recovery_halflife_retails": [3.3333333333333335], "price_recovery_times": [0], "l_factors": [0.25, 0.5, 1, 1.5, 2], "json_time": 1667934892.973118, "current_debt": 15.450602511377708}, "gOHM-VST": {"series_std_ratio": 1.416911372280521, "volume_for_slippage_10_percentss": [296.56176537275314], "trade_every": 1800, "collaterals": [3539, 4046, 4553, 5060, 5567, 6074, 6581, 7088, 7595, 8102, 8609, 9116, 9623, 10130, 10637, 11144, 11651, 12158, 12665, 13172, 13679, 14186, 14693, 15200, 15707, 16214, 16721, 17228, 17735, 18242, 3750.0], "liquidation_incentives": [0.1499999999999999], "stability_pool_initial_balances": [0.04720902097878255, 0.023604510489391276, 0.0944180419575651], "share_institutionals": [0.568765676466706, 0.284382838233353, 1, 1], "recovery_halflife_retails": [3.3333333333333335], "price_recovery_times": [0], "l_factors": [0.25, 0.5, 1, 1.5, 2], "json_time": 1667934892.973118, "current_debt": 3539.5904281095422}, "DPX-VST": {"series_std_ratio": 1.974078240475897, "volume_for_slippage_10_percentss": [391.9291016459465], "trade_every": 1800, "collaterals": [211, 620, 1030, 1440, 1849, 2259, 2668, 3078, 3488, 3897, 4307, 4717, 5126, 5536, 5945, 6355, 6765, 7174, 7584, 7994, 8403, 8813, 9222, 9632, 10042, 10451, 10861, 11271, 11680, 12090, 2500.0], "liquidation_incentives": [0.1499999999999999], "stability_pool_initial_balances": [0.17840742689009395, 0.08920371344504698, 0.3568148537801879], "share_institutionals": [6.60023732074109e-05, 3.300118660370545e-05, 0.0001320047464148218, 1], "recovery_halflife_retails": [3.3333333333333335], "price_recovery_times": [2], "l_factors": [0.25, 0.5, 1, 1.5, 2], "json_time": 1667934892.973118, "current_debt": 211.14346965023574}, "GMX-VST": {"series_std_ratio": 2.081064798518858, "volume_for_slippage_10_percentss": [1293.7464752793312], "trade_every": 1800, "collaterals": [48, 463, 878, 1293, 1708, 2123, 2538, 2953, 3369, 3784, 4199, 4614, 5029, 5444, 5859, 6274, 6689, 7104, 7519, 7934, 8349, 8764, 9179, 9594, 10009, 10424, 10839, 11254, 11669, 12084, 2500.0], "liquidation_incentives": [0.1499999999999999], "stability_pool_initial_balances": [0.5319464161010948, 0.2659732080505474, 1.0638928322021897], "share_institutionals": [0.012895980152231095, 0.006447990076115548, 0.02579196030446219, 1], "recovery_halflife_retails": [3.3333333333333335], "price_recovery_times": [0], "l_factors": [0.25, 0.5, 1, 1.5, 2], "json_time": 1667934892.973118, "current_debt": 48.684107992579165}, "sGLP-VST": {"series_std_ratio": 0.4707294016934606, "volume_for_slippage_10_percentss": [2548.4229931235313], "trade_every": 1800, "collaterals": [3051, 3470, 3889, 4308, 4727, 5146, 5566, 5985, 6404, 6823, 7242, 7661, 8080, 8499, 8919, 9338, 9757, 10176, 10595, 11014, 11433, 11852, 12272, 12691, 13110, 13529, 13948, 14367, 14786, 15205, 3125.0], "liquidation_incentives": [0.10000000000000009], "stability_pool_initial_balances": [0.2072734259372331, 0.10363671296861655, 0.4145468518744662], "share_institutionals": [0.0, 0.0, 0.0, 1], "recovery_halflife_retails": [3.3333333333333335], "price_recovery_times": [0], "l_factors": [0.25, 0.5, 1, 1.5, 2], "json_time": 1667934892.973118, "current_debt": 3051.3235217693664}}