{"json_time": 1664625971.689395, "ETH-VST": {"series_std_ratio": 1.0, "volume_for_slippage_10_percentss": [7266.125909388065], "trade_every": 1800, "collaterals": [0], "liquidation_incentives": [0.10000000000000009], "stability_pool_initial_balances": [0.9601751493925708], "share_institutionals": [0.45371217072066095], "recovery_halflife_retails": [3.3333333333333335], "price_recovery_times": [0], "l_factors": [0], "json_time": 1664625971.6893954, "current_debt": 319.78788682978745, "collateral_factor": 0.9090909090909091}, "renBTC-VST": {"series_std_ratio": 0.760706293780634, "volume_for_slippage_10_percentss": [2993.669244349003], "trade_every": 1800, "collaterals": [0], "liquidation_incentives": [0.10000000000000009], "stability_pool_initial_balances": [0.3546396132759532], "share_institutionals": [0.9134808855484712], "recovery_halflife_retails": [3.3333333333333335], "price_recovery_times": [0], "l_factors": [0], "json_time": 1664625971.6893954, "current_debt": 94.37629299307906, "collateral_factor": 0.9090909090909091}, "gOHM-VST": {"series_std_ratio": 1.416911372280521, "volume_for_slippage_10_percentss": [262.587151825428], "trade_every": 1800, "collaterals": [0], "liquidation_incentives": [0.1499999999999999], "stability_pool_initial_balances": [0.07305073973277346], "share_institutionals": [0.6491737912220267], "recovery_halflife_retails": [3.3333333333333335], "price_recovery_times": [0], "l_factors": [0], "json_time": 1664625971.6893954, "current_debt": 3618.993191777229, "collateral_factor": 0.6666666666666666}, "DPX-VST": {"series_std_ratio": 1.974078240475897, "volume_for_slippage_10_percentss": [424.11557763814926], "trade_every": 1800, "collaterals": [0], "liquidation_incentives": [0.1499999999999999], "stability_pool_initial_balances": [0.1391430894726147], "share_institutionals": [4.5872007536308895e-05], "recovery_halflife_retails": [3.3333333333333335], "price_recovery_times": [2], "l_factors": [0], "json_time": 1664625971.6893954, "current_debt": 356.23711163714006, "collateral_factor": 0.6666666666666666}, "GMX-VST": {"series_std_ratio": 2.081064798518858, "volume_for_slippage_10_percentss": [1576.868254840374], "trade_every": 1800, "collaterals": [0], "liquidation_incentives": [0.1499999999999999], "stability_pool_initial_balances": [0.7703809378492505], "share_institutionals": [0.08511294343606311], "recovery_halflife_retails": [3.3333333333333335], "price_recovery_times": [0], "l_factors": [0], "json_time": 1664625971.6893954, "current_debt": 48.85615647154804, "collateral_factor": 0.6666666666666666}, "sGLP-VST": {"series_std_ratio": 0.4707294016934606, "volume_for_slippage_10_percentss": [2993.669244349003], "trade_every": 1800, "collaterals": [0], "liquidation_incentives": [0.10000000000000009], "stability_pool_initial_balances": [0.041663839821155006], "share_institutionals": [0.0], "recovery_halflife_retails": [3.3333333333333335], "price_recovery_times": [0], "l_factors": [0], "json_time": 1664625971.6893954, "current_debt": 3027.9629, "collateral_factor": 0.8333333333333334}}