{"json_time": 1684214935, "glp_data": {"liquidTreasury": 421781778.95654225, "treasuryUtilization": 0.27194535179957924, "liquidStableTreasury": 266299793.90281096, "stableTreasuryUtilization": 0.11498868961033562, "liquidSolidAssetTreasury": 149199465.98868203, "solidTreasuryUtilization": 0.4470590789141589}}