{"json_time": 1684214935, "VST": {"oracle": 1.0804587315041507, "cex_price": 1, "dex_price": 1}, "ETH": {"oracle": 1810.6324, "cex_price": 1810.7350000000001, "dex_price": 1810.921384437445}, "gOHM": {"oracle": 2812.433377209169, "cex_price": "NaN", "dex_price": 2816.541401753864}, "GMX": {"oracle": 62.52708008622241, "cex_price": "NaN", "dex_price": 62.56444334410707}, "DPX": {"oracle": 145.94906486, "cex_price": "NaN", "dex_price": 143.07102568591839}, "sGLP": {"oracle": 0.9630680515267852, "cex_price": "NaN", "dex_price": "NaN"}}