{"json_time": 1684214935, "stabilityPoolVstBalance": {"ETH": 168912.66836981877, "gOHM": 119615.62727517959, "GMX": 63791.77370259625, "DPX": 44462.50551140591, "sGLP": 476.187919143476}, "stabilityPoolGemBalance": {"ETH": 23466.151157239234, "gOHM": 12178.96065222464, "GMX": 4911.130522016309, "DPX": 24402.030334710475, "sGLP": 0.0}, "bprotocolBalance": {"ETH": 51179.56963980448, "gOHM": 46704.29440391365, "DPX": 8651.026393852324, "GMX": 22880.640265373473, "sGLP": 0.0}, "bprotocolGemBalance": {"ETH": 0.062015474189549995, "gOHM": 0.0, "DPX": 91.57122841505588, "GMX": 0.09207386522042675, "sGLP": 0.0}}