{"json_time": 1684214935, "ETH": {"VST": {"volume": 27453918.256282806, "llc": 1.1}}, "gOHM": {"VST": {"volume": 464008.41760635376, "llc": 1.15}}, "GMX": {"VST": {"volume": 8606471.588611603, "llc": 1.15}}, "DPX": {"VST": {"volume": 505016.3722038269, "llc": 1.15}}, "sGLP": {"VST": {"volume": 16788035.36748886, "llc": 1.1}}}