{"json_time": 1693849811, "ETH-VST": {"series_std_ratio": 1.0, "volume_for_slippage_10_percentss": [39957.45273798704], "trade_every": 1800, "collaterals": [821, 1106, 1391, 1676, 1961, 2246, 2531, 2817, 3102, 3387, 3672, 3957, 4242, 4527, 4812, 5098, 5383, 5668, 5953, 6238, 6523, 6808, 7093, 7379, 7664, 7949, 8234, 8519, 8804, 9089, 1875.0], "liquidation_incentives": [0.10000000000000009], "stability_pool_initial_balances": [0.036282935462057186, 0.018141467731028593, 0.07256587092411437], "share_institutionals": [0.10247705600336081, 0.051238528001680404, 0.20495411200672162, 1], "recovery_halflife_retails": [3.3333333333333335], "price_recovery_times": [0], "l_factors": [0.25, 0.5, 1, 1.5, 2], "json_time": 1693850722.752009, "current_debt": 821.2043557453222}, "gOHM-VST": {"series_std_ratio": 0.5718399563684763, "volume_for_slippage_10_percentss": [105.82709282636642], "trade_every": 1800, "collaterals": [1961, 2365, 2768, 3171, 3575, 3978, 4382, 4785, 5188, 5592, 5995, 6398, 6802, 7205, 7608, 8012, 8415, 8818, 9222, 9625, 10028, 10432, 10835, 11239, 11642, 12045, 12449, 12852, 13255, 13659, 2812.5], "liquidation_incentives": [0.1499999999999999], "stability_pool_initial_balances": [0.022452540998105567, 0.011226270499052783, 0.044905081996211134], "share_institutionals": [0.5925849865691747, 0.29629249328458734, 1, 1], "recovery_halflife_retails": [3.3333333333333335], "price_recovery_times": [0], "l_factors": [0.25, 0.5, 1, 1.5, 2], "json_time": 1693850722.752009, "current_debt": 1961.9100768833814}, "DPX-VST": {"series_std_ratio": 2.2756095294666916, "volume_for_slippage_10_percentss": [98.07849675416946], "trade_every": 1800, "collaterals": [104, 208, 312, 416, 520, 625, 729, 833, 937, 1041, 1145, 1250, 1354, 1458, 1562, 1666, 1770, 1875, 1979, 2083, 2187, 2291, 2395, 2500, 2604, 2708, 2812, 2916, 3020, 625.0], "liquidation_incentives": [0.1499999999999999], "stability_pool_initial_balances": [0], "share_institutionals": [0, 0.0, 0, 1], "recovery_halflife_retails": [3.3333333333333335], "price_recovery_times": [2], "l_factors": [0.25, 0.5, 1, 1.5, 2], "json_time": 1693850722.752009, "current_debt": 0.0}, "GMX-VST": {"series_std_ratio": 2.0308729755116706, "volume_for_slippage_10_percentss": [2396.4313009381294], "trade_every": 1800, "collaterals": [159, 258, 357, 455, 554, 653, 752, 851, 950, 1049, 1147, 1246, 1345, 1444, 1543, 1642, 1741, 1839, 1938, 2037, 2136, 2235, 2334, 2433, 2531, 2630, 2729, 2828, 2927, 3026, 625.0], "liquidation_incentives": [0.1499999999999999], "stability_pool_initial_balances": [0.31813848702154973, 0.15906924351077487, 0.6362769740430995], "share_institutionals": [0.9189641495487639, 0.45948207477438197, 1, 1], "recovery_halflife_retails": [3.3333333333333335], "price_recovery_times": [0], "l_factors": [0.25, 0.5, 1, 1.5, 2], "json_time": 1693850722.752009, "current_debt": 159.4440150966615}, "sGLP-VST": {"series_std_ratio": 0.6132330529291525, "volume_for_slippage_10_percentss": [36132.03046172857], "trade_every": 1800, "collaterals": [304, 346, 388, 430, 472, 514, 556, 598, 640, 682, 724, 766, 807, 849, 891, 933, 975, 1017, 1059, 1101, 1143, 1185, 1227, 1269, 1310, 1352, 1394, 1436, 1478, 1520, 312.5], "liquidation_incentives": [0.10000000000000009], "stability_pool_initial_balances": [0.000770179856981273, 0.0003850899284906365, 0.001540359713962546], "share_institutionals": [0.0, 0.0, 0.0, 1], "recovery_halflife_retails": [3.3333333333333335], "price_recovery_times": [0], "l_factors": [0.25, 0.5, 1, 1.5, 2], "json_time": 1693850722.752009, "current_debt": 304.99989632976815}}