{"json_time": 1675715673.3476014, "data": [{"account": "0x5ce561e048d2cd64523D6316228F97bd2537F92f", "user_collateral_wo_looping": 1.0942736537716402, "user_debt_wo_looping": 1.5437236076727874}, {"account": "0x9A4B0dA9E8e5c7135cd7188Bd2e84DAc513C594b", "user_collateral_wo_looping": 0.0010752506607656237, "user_debt_wo_looping": 0.0013811413745295252}]}