{"json_time": 1669743065, "auUSDC": {"oracle": 1.00010096, "cex_price": 1, "dex_price": 1}, "auETH": {"oracle": 1209.92, "cex_price": 1208.225, "dex_price": 1222.0324703113893}, "auWBTC": {"oracle": 16403.06, "cex_price": 16379.380000000001, "dex_price": 16611.57713967911}, "auUSDT": {"oracle": 0.9996, "cex_price": 1, "dex_price": 0.9992516344704027}, "auWNEAR": {"oracle": 1.61082365, "cex_price": 1.5945, "dex_price": 1.608815872330414}, "auSTNEAR": {"oracle": 1.84106816, "cex_price": "NaN", "dex_price": 1.8545044738382348}}