{"auUSDC": {"auETH": {"volume": 22457.650661468506, "llc": 1.1}, "auWBTC": {"volume": 11967.243671417236, "llc": 1.1}, "auUSDT": {"volume": 2186342.510700226, "llc": 1.1}, "auWNEAR": {"volume": 85400.09260177612, "llc": 1.1}, "auSTNEAR": {"volume": 78937.63842816, "llc": 1.1}}, "auETH": {"auUSDC": {"volume": 23411.32402420044, "llc": 1.1}, "auWBTC": {"volume": 11967.243671417236, "llc": 1.1}, "auUSDT": {"volume": 21503.977298736572, "llc": 1.1}, "auWNEAR": {"volume": 38670.09782791138, "llc": 1.1}, "auSTNEAR": {"volume": 38670.09782791138, "llc": 1.1}}, "auWBTC": {"auUSDC": {"volume": 11967.243671417236, "llc": 1.1}, "auETH": {"volume": 11967.243671417236, "llc": 1.1}, "auUSDT": {"volume": 10059.89694595337, "llc": 1.1}, "auWNEAR": {"volume": 13874.590396881104, "llc": 1.1}, "auSTNEAR": {"volume": 13874.590396881104, "llc": 1.1}}, "auUSDT": {"auUSDC": {"volume": 1299426.2833595276, "llc": 1.1}, "auETH": {"volume": 20550.30393600464, "llc": 1.1}, "auWBTC": {"volume": 10059.89694595337, "llc": 1.1}, "auWNEAR": {"volume": 85400.09260177612, "llc": 1.1}, "auSTNEAR": {"volume": 78937.63842816, "llc": 1.1}}, "auWNEAR": {"auUSDC": {"volume": 85400.09260177612, "llc": 1.1}, "auETH": {"volume": 38670.09782791138, "llc": 1.1}, "auWBTC": {"volume": 13874.590396881104, "llc": 1.1}, "auUSDT": {"volume": 85400.09260177612, "llc": 1.1}, "auSTNEAR": {"volume": 78937.63842816, "llc": 1.1}}, "auSTNEAR": {"auUSDC": {"volume": 67280.29870986938, "llc": 1.1}, "auETH": {"volume": 49160.50481796265, "llc": 1.1}, "auWBTC": {"volume": 17689.283847808838, "llc": 1.1}, "auUSDT": {"volume": 67280.29870986938, "llc": 1.1}, "auWNEAR": {"volume": 83492.74587631226, "llc": 1.1}}, "json_time": 1669743065}