{"json_time": 1696003710, "USDC": {"oracle": 1.0002760485845508, "cex_price": 1, "dex_price": 1}, "WXDAI": {"oracle": 1.0, "cex_price": 1, "dex_price": 1.0001231985082524}, "LINK": {"oracle": 7.764126116196451, "cex_price": 7.762499999999999, "dex_price": 8.227655534662981}, "GNO": {"oracle": 101.63006191089632, "cex_price": 101.85, "dex_price": 102.84482704709279}, "WBTC": {"oracle": 26907.71370461201, "cex_price": 26832.105, "dex_price": 27461.957636634914}, "WETH": {"oracle": 1668.3636319992318, "cex_price": 1664.9450000000002, "dex_price": 1680.5886824393608}, "FOX": {"oracle": 0.022839219702667668, "cex_price": 0.02275, "dex_price": 0.022729052511625283}, "USDT": {"oracle": 1.000166029221143, "cex_price": 1, "dex_price": 0.9998584960262084}, "EURe": {"oracle": 1.0590863992062602, "cex_price": 1.0576500000000002, "dex_price": 1.0592744316463227}, "wstETH": {"oracle": 1904.030591494103, "cex_price": "NaN", "dex_price": 1904.030591494103}}