{"json_time": 1679156375, "ETH": {"oracle": 1797.60026673, "cex_price": 1777.2849999999999, "dex_price": 1749.757929657945}, "BNB|bsc": {"oracle": 334.71, "cex_price": 333.75, "dex_price": 332.22184457296225}, "WBTC|eth": {"oracle": 27389.8199295, "cex_price": 27137.434999999998, "dex_price": 26560.82833001557}, "pCKB": {"oracle": 0.004514665, "cex_price": 0.004435, "dex_price": 0.004440703011513166}, "USDC": {"oracle": 0.999692141, "cex_price": 1, "dex_price": 1}, "USDT": {"oracle": 1.0025, "cex_price": 1, "dex_price": 1.0006142951919028}}