{"ETH": {"BNB|bsc": {"volume": 10059.89694595337, "llc": 1.1}, "WBTC|eth": {"volume": 6245.203495025635, "llc": 1.1}, "pCKB": {"volume": 27226.017475128174, "llc": 1.1}, "USDC": {"volume": 20550.30393600464, "llc": 1.1}, "USDT": {"volume": 20550.30393600464, "llc": 1.1}}, "BNB|bsc": {"ETH": {"volume": 10059.89694595337, "llc": 1.1}, "WBTC|eth": {"volume": 4337.856769561768, "llc": 1.1}, "pCKB": {"volume": 14828.263759613037, "llc": 1.1}, "USDC": {"volume": 12920.91703414917, "llc": 1.1}, "USDT": {"volume": 11967.243671417236, "llc": 1.1}}, "WBTC|eth": {"ETH": {"volume": 6245.203495025635, "llc": 1.1}, "BNB|bsc": {"volume": 4337.856769561768, "llc": 1.1}, "pCKB": {"volume": 5291.530132293701, "llc": 1.1}, "USDC": {"volume": 5291.530132293701, "llc": 1.1}, "USDT": {"volume": 5291.530132293701, "llc": 1.1}}, "pCKB": {"ETH": {"volume": 27226.017475128174, "llc": 1.1}, "BNB|bsc": {"volume": 14828.263759613037, "llc": 1.1}, "WBTC|eth": {"volume": 5291.530132293701, "llc": 1.1}, "USDC": {"volume": 76817.03233718872, "llc": 1.1}, "USDT": {"volume": 73956.01224899292, "llc": 1.1}}, "USDC": {"ETH": {"volume": 20550.30393600464, "llc": 1.1}, "BNB|bsc": {"volume": 11967.243671417236, "llc": 1.1}, "WBTC|eth": {"volume": 5291.530132293701, "llc": 1.1}, "pCKB": {"volume": 75863.35897445679, "llc": 1.1}, "USDT": {"volume": 134991.10746383667, "llc": 1.1}}, "USDT": {"ETH": {"volume": 20550.30393600464, "llc": 1.1}, "BNB|bsc": {"volume": 11967.243671417236, "llc": 1.1}, "WBTC|eth": {"volume": 5291.530132293701, "llc": 1.1}, "pCKB": {"volume": 74909.68561172485, "llc": 1.1}, "USDC": {"volume": 161693.9616203308, "llc": 1.1}}, "json_time": 1679156375}