{"json_time": 1665412311, "data": [{"account": "0x2483d44EDaB17FEFe0f45Bf30d42B7d55973959f", "user_collateral_wo_looping": 102.55358160031336, "user_debt_wo_looping": 124.854801}]}