{"json_time": 1665412311, "ETH": {"oracle": 1311.075, "cex_price": 1306.855, "dex_price": 1322.8955463743284}, "BNB|bsc": {"oracle": 274.6085, "cex_price": 274.45, "dex_price": 275.8593744691586}, "WBTC|eth": {"oracle": 19313.24, "cex_price": 19265.505, "dex_price": 19929.38932859692}, "pCKB": {"oracle": 0.003929256, "cex_price": 0.003945000000000001, "dex_price": 0.0039258332515996345}, "USDC": {"oracle": 1.0, "cex_price": 1, "dex_price": 1}}