{"json_time": 1682192275, "USDC": {"oracle": 1.0000914423936815, "cex_price": 1, "dex_price": 1}, "WXDAI": {"oracle": 1.0, "cex_price": 1, "dex_price": 1.0000255955476618}, "LINK": {"oracle": 7.136265983347566, "cex_price": 7.1385000000000005, "dex_price": 7.639186591776171}, "GNO": {"oracle": 107.77669683479142, "cex_price": 108.05, "dex_price": 108.71467939038963}, "WBTC": {"oracle": 27673.583192572103, "cex_price": 27669.815000000002, "dex_price": 27816.930106903244}, "WETH": {"oracle": 1872.904390988559, "cex_price": 1872.565, "dex_price": 1889.9759421111683}, "FOX": {"oracle": 0.03160054563094422, "cex_price": 0.0317, "dex_price": 0.03317111502376603}, "USDT": {"oracle": 0.9999173659103676, "cex_price": 1, "dex_price": 1.000400014947977}, "EURe": {"oracle": 1.0988597755388179, "cex_price": 1.0955499999999998, "dex_price": 1.0947948740494746}}