{"json_time": 1671537413, "glp_data": {"liquidTreasury": 295036695.78118515, "treasuryUtilization": 0.3167580043007251, "liquidStableTreasury": 125360773.17906067, "stableTreasuryUtilization": 0.4183806735728179, "liquidSolidAssetTreasury": 157061120.86490068, "solidTreasuryUtilization": 0.21859293567462598}}