{"json_time": 1671537413, "ETH-VST": {"series_std_ratio": 1.0, "volume_for_slippage_10_percentss": [6965.718800127506], "trade_every": 1800, "collaterals": [361, 3474, 6587, 9700, 12813, 15926, 19039, 22151, 25264, 28377, 31490, 34603, 37716, 40829, 43942, 47055, 50168, 53281, 56394, 59507, 62620, 65733, 68846, 71959, 75072, 78185, 81298, 84411, 87524, 90637, 18750.0], "liquidation_incentives": [0.10000000000000009], "stability_pool_initial_balances": [1.2986325166996675, 0.6493162583498338, 2.597265033399335], "share_institutionals": [0.177383145727562, 0.088691572863781, 0.354766291455124, 1], "recovery_halflife_retails": [3.3333333333333335], "price_recovery_times": [0], "l_factors": [0.25, 0.5, 1, 1.5, 2], "json_time": 1671539258.486611, "current_debt": 361.29510188390543}, "gOHM-VST": {"series_std_ratio": 0.5716868167571741, "volume_for_slippage_10_percentss": [214.90348368883133], "trade_every": 1800, "collaterals": [3070, 3592, 4115, 4638, 5160, 5683, 6206, 6728, 7251, 7774, 8296, 8819, 9342, 9864, 10387, 10910, 11432, 11955, 12478, 13000, 13523, 14046, 14568, 15091, 15614, 16136, 16659, 17182, 17704, 18227, 3750.0], "liquidation_incentives": [0.1499999999999999], "stability_pool_initial_balances": [0.024163049900318825, 0.012081524950159413, 0.04832609980063765], "share_institutionals": [0.057889050701571756, 0.028944525350785878, 0.11577810140314351, 1], "recovery_halflife_retails": [3.3333333333333335], "price_recovery_times": [0], "l_factors": [0.25, 0.5, 1, 1.5, 2], "json_time": 1671539258.486611, "current_debt": 3070.3279968410347}, "DPX-VST": {"series_std_ratio": 2.2750001177686507, "volume_for_slippage_10_percentss": [405.63815623521805], "trade_every": 1800, "collaterals": [219, 628, 1038, 1447, 1856, 2266, 2675, 3084, 3494, 3903, 4313, 4722, 5131, 5541, 5950, 6359, 6769, 7178, 7587, 7997, 8406, 8815, 9225, 9634, 10043, 10453, 10862, 11271, 11681, 12090, 2500.0], "liquidation_incentives": [0.1499999999999999], "stability_pool_initial_balances": [0.16355049254044385, 0.08177524627022192, 0.3271009850808877], "share_institutionals": [0.03656702414243484, 0.01828351207121742, 0.07313404828486968, 1], "recovery_halflife_retails": [3.3333333333333335], "price_recovery_times": [2], "l_factors": [0.25, 0.5, 1, 1.5, 2], "json_time": 1671539258.486611, "current_debt": 219.5398361629908}, "GMX-VST": {"series_std_ratio": 2.0303291046355447, "volume_for_slippage_10_percentss": [1898.7330147624016], "trade_every": 1800, "collaterals": [73, 488, 902, 1316, 1730, 2144, 2559, 2973, 3387, 3801, 4215, 4630, 5044, 5458, 5872, 6286, 6701, 7115, 7529, 7943, 8357, 8772, 9186, 9600, 10014, 10428, 10843, 11257, 11671, 12085, 2500.0], "liquidation_incentives": [0.1499999999999999], "stability_pool_initial_balances": [0.42173546205586215, 0.21086773102793108, 0.8434709241117243], "share_institutionals": [0.009407795109847173, 0.0047038975549235865, 0.018815590219694346, 1], "recovery_halflife_retails": [3.3333333333333335], "price_recovery_times": [0], "l_factors": [0.25, 0.5, 1, 1.5, 2], "json_time": 1671539258.486611, "current_debt": 73.87796948361614}, "sGLP-VST": {"series_std_ratio": 0.6130688281835444, "volume_for_slippage_10_percentss": [6966.314845979214], "trade_every": 1800, "collaterals": [3742, 4346, 4951, 5555, 6160, 6764, 7369, 7973, 8577, 9182, 9786, 10391, 10995, 11599, 12204, 12808, 13413, 14017, 14622, 15226, 15830, 16435, 17039, 17644, 18248, 18852, 19457, 20061, 20666, 21270, 4375.0], "liquidation_incentives": [0.10000000000000009], "stability_pool_initial_balances": [0.6582845084436121, 0.32914225422180604, 1.3165690168872242], "share_institutionals": [0.0, 0.0, 0.0, 1], "recovery_halflife_retails": [3.3333333333333335], "price_recovery_times": [0], "l_factors": [0.25, 0.5, 1, 1.5, 2], "json_time": 1671539258.486611, "current_debt": 3742.535952456428}}