{"json_time": 1671537413, "ETH": {"VST": {"volume": 11145150.08020401, "llc": 1.1}}, "gOHM": {"VST": {"volume": 343845.5739021301, "llc": 1.15}}, "GMX": {"VST": {"volume": 3037972.8236198425, "llc": 1.15}}, "DPX": {"VST": {"volume": 649021.0499763489, "llc": 1.15}}, "sGLP": {"VST": {"volume": 11146103.753566742, "llc": 1.1}}}