{"json_time": 1689326515, "glp_data": {"liquidTreasury": 419417476.30432874, "treasuryUtilization": 0.19357541433147024, "liquidStableTreasury": 210020214.23057055, "stableTreasuryUtilization": 0.12145544198867991, "liquidSolidAssetTreasury": 201895746.84540576, "solidTreasuryUtilization": 0.2549888293371869}}