{"json_time": 1689326515, "VST": {"oracle": 0.9900763718050936, "cex_price": 1, "dex_price": 1}, "ETH": {"oracle": 1998.95, "cex_price": 1996.9650000000001, "dex_price": 1998.4012789768187}, "gOHM": {"oracle": 2847.1926833316516, "cex_price": "NaN", "dex_price": 2852.353174201788}, "GMX": {"oracle": 60.03649275966773, "cex_price": "NaN", "dex_price": 60.292763926450874}, "DPX": {"oracle": 124.29857999, "cex_price": "NaN", "dex_price": 125.3286188036}, "sGLP": {"oracle": 1.026768654964937, "cex_price": "NaN", "dex_price": "NaN"}}