{"json_time":1671448901,"DAI":{"USDC":{"volume":2796713791.552755,"llc":1.025492157362817}},"WETH":{"USDC":{"volume":57983618.1543,"llc":1.0399807000331323}},"stETH":{"USDC":{"volume":41373068.83882,"llc":1.0399633440498248}},"WBTC":{"USDC":{"volume":25767442.07364,"llc":1.0399785395163545}},"USDT":{"USDC":{"volume":414407703.86641,"llc":1.0378017374089827}},"sUSD":{"USDC":{"volume":29999531.20396,"llc":1.0396913407818311}},"FRAX":{"USDC":{"volume":403817739.434665,"llc":1.0398299600983387}},"GUSD":{"USDC":{"volume":16447329.327117,"llc":1.0394050418876923}},"LUSD":{"USDC":{"volume":52445513.713691,"llc":1.0399689210484995}},"CVX":{"USDC":{"volume":482366.102231,"llc":1.0399956204014635}},"FXS":{"USDC":{"volume":873000.8953149999,"llc":1.0373110954096922}},"LQTY":{"USDC":{"volume":1513821.1005000002,"llc":1.0131129671099792}},"CRV":{"USDC":{"volume":1208750.163291,"llc":1.0399624946005956}},"LDO":{"USDC":{"volume":870485.585743,"llc":1.039962798774785}},"SNX":{"USDC":{"volume":75901.917251,"llc":1.0394875183479977}},"wstETH":{"USDC":{"volume":51401222.319761,"llc":1.0399711031114656}},"3Crv":{"USDC":{"volume":247509125.05989,"llc":1.0395568416599694}},"steCRV":{"USDC":{"volume":67542660.64063509,"llc":1.0399633440498248}},"FRAX3CRV-f":{"USDC":{"volume":644368761.382942,"llc":1.0395568416599694}},"LUSD3CRV-f":{"USDC":{"volume":278048448.7195005,"llc":1.0395568416599694}},"crvPlain3andSUSD":{"USDC":{"volume":232717286.3715531,"llc":1.0396913407818311}},"gusd3CRV":{"USDC":{"volume":42430247.61076446,"llc":1.0394050418876923}},"crvFRAX":{"USDC":{"volume":403817739.434665,"llc":1.0398299600983387}},"cvxsteCRV":{"USDC":{"volume":67542660.64063509,"llc":1.0399633440498248}},"stkcvxsteCRV":{"USDC":{"volume":67542660.64063509,"llc":1.0399633440498248}},"cvx3Crv":{"USDC":{"volume":247509125.05989,"llc":1.0395568416599694}},"stkcvx3Crv":{"USDC":{"volume":247509125.05989,"llc":1.0395568416599694}},"cvxFRAX3CRV-f":{"USDC":{"volume":644368761.382942,"llc":1.0395568416599694}},"stkcvxFRAX3CRV-f":{"USDC":{"volume":644368761.382942,"llc":1.0395568416599694}},"cvxLUSD3CRV-f":{"USDC":{"volume":278048448.7195005,"llc":1.0395568416599694}},"stkcvxLUSD3CRV-f":{"USDC":{"volume":278048448.7195005,"llc":1.0395568416599694}},"cvxcrvPlain3andSUSD":{"USDC":{"volume":232717286.3715531,"llc":1.0396913407818311}},"stkcvxcrvPlain3andSUSD":{"USDC":{"volume":232717286.3715531,"llc":1.0396913407818311}},"cvxgusd3CRV":{"USDC":{"volume":42430247.61076446,"llc":1.0394050418876923}},"stkcvxgusd3CRV":{"USDC":{"volume":42430247.61076446,"llc":1.0394050418876923}},"yvDAI":{"USDC":{"volume":2796713791.552755,"llc":1.025492157362817}},"yvUSDC":{"USDC":{"volume":999999999999,"llc":1}},"yvWETH":{"USDC":{"volume":57983618.1543,"llc":1.0399807000331323}},"yvWBTC":{"USDC":{"volume":25767442.07364,"llc":1.0399785395163545}},"yvCurve-stETH":{"USDC":{"volume":67542660.64063509,"llc":1.0399633440498248}},"yvCurve-FRAX":{"USDC":{"volume":644368761.382942,"llc":1.0395568416599694}},"cvxcrvFRAX":{"USDC":{"volume":403817739.434665,"llc":1.0398299600983387}},"stkcvxcrvFRAX":{"USDC":{"volume":403817739.434665,"llc":1.0398299600983387}}}