{"json_time": 1667828989, "ETH": {"oracle": 1585.755, "cex_price": 1574.475, "dex_price": 1587.847109405341}, "BNB|bsc": {"oracle": 332.63795, "cex_price": 328.15, "dex_price": 329.69346349813475}, "WBTC|eth": {"oracle": 20768.9467, "cex_price": 20680.245000000003, "dex_price": 20703.62603251374}, "pCKB": {"oracle": 0.00338717, "cex_price": 0.0033550000000000003, "dex_price": 0.0034079782455717017}, "USDC": {"oracle": 0.99999999, "cex_price": 1, "dex_price": 1}}