{"json_time": 1688737355, "USDC": {"oracle": 1.0001108867771693, "cex_price": 1, "dex_price": 1}, "WXDAI": {"oracle": 1.0, "cex_price": 1, "dex_price": 1.000104688473367}, "LINK": {"oracle": 6.20393865591864, "cex_price": 6.1785, "dex_price": 6.388961130879074}, "GNO": {"oracle": 113.01336146158914, "cex_price": 113.0, "dex_price": 114.14186260302779}, "WBTC": {"oracle": 30357.240490376193, "cex_price": 30314.595, "dex_price": 30051.905651441168}, "WETH": {"oracle": 1873.4474106732348, "cex_price": 1869.745, "dex_price": 1863.0309115098655}, "FOX": {"oracle": 0.019260694143023838, "cex_price": 0.0194, "dex_price": 0.020107262929774935}, "USDT": {"oracle": 1.0002513380274436, "cex_price": 1, "dex_price": 1.000195665277411}, "EURe": {"oracle": 1.0896248602413545, "cex_price": 1.08995, "dex_price": 1.0891484819331472}, "wstETH": {"oracle": 2118.937955042598, "cex_price": "NaN", "dex_price": 2118.937955042598}}