{"USDC": {"WXDAI": {"volume": 3690285.403728485, "llc": 1.05}, "LINK": {"volume": 1476.8366813659668, "llc": 1.05}, "GNO": {"volume": 63465.60525894165, "llc": 1.05}, "WBTC": {"volume": 25318.670749664307, "llc": 1.05}, "WETH": {"volume": 63239.01159269397, "llc": 1.05}, "FOX": {"volume": 3384.183406829834, "llc": 1.05}, "USDT": {"volume": 2915902.633190155, "llc": 1.05}, "EURe": {"volume": 1440569.9410438538, "llc": 1.05}, "wstETH": {"volume": 63239.01159269397, "llc": 1.05}}, "WXDAI": {"USDC": {"volume": 4142326.5776634216, "llc": 1.05}, "LINK": {"volume": 1476.8366813659668, "llc": 1.05}, "GNO": {"volume": 63465.60525894165, "llc": 1.05}, "WBTC": {"volume": 26272.34411239624, "llc": 1.05}, "WETH": {"volume": 58112, "llc": 1.05}, "FOX": {"volume": 3384.183406829834, "llc": 1.05}, "USDT": {"volume": 2918763.653278351, "llc": 1.05}, "EURe": {"volume": 1440569.9410438538, "llc": 1.05}, "wstETH": {"volume": 58112, "llc": 1.05}}, "LINK": {"USDC": {"volume": 4337.856769561768, "llc": 1.2}, "WXDAI": {"volume": 4337.856769561768, "llc": 1.2}, "GNO": {"volume": 4337.856769561768, "llc": 1.2}, "WBTC": {"volume": 4337.856769561768, "llc": 1.2}, "WETH": {"volume": 4337.856769561768, "llc": 1.2}, "FOX": {"volume": 3384.183406829834, "llc": 1.2}, "USDT": {"volume": 4337.856769561768, "llc": 1.2}, "EURe": {"volume": 3384.183406829834, "llc": 1.2}, "wstETH": {"volume": 4337.856769561768, "llc": 1.2}}, "GNO": {"USDC": {"volume": 124500.7004737854, "llc": 1.1}, "WXDAI": {"volume": 125454.37383651733, "llc": 1.1}, "LINK": {"volume": 2430.5100440979004, "llc": 1.1}, "WBTC": {"volume": 62511.93189620972, "llc": 1.1}, "WETH": {"volume": 386760.87522506714, "llc": 1.1}, "FOX": {"volume": 5291.530132293701, "llc": 1.1}, "USDT": {"volume": 124500.7004737854, "llc": 1.1}, "EURe": {"volume": 124500.7004737854, "llc": 1.1}, "wstETH": {"volume": 386760.87522506714, "llc": 1.1}}, "WBTC": {"USDC": {"volume": 47253.15809249878, "llc": 1.1}, "WXDAI": {"volume": 51067.851543426514, "llc": 1.1}, "LINK": {"volume": 2430.5100440979004, "llc": 1.1}, "GNO": {"volume": 68233.97207260132, "llc": 1.1}, "WETH": {"volume": 108288.25330734253, "llc": 1.1}, "FOX": {"volume": 4337.856769561768, "llc": 1.1}, "USDT": {"volume": 38670.09782791138, "llc": 1.1}, "EURe": {"volume": 38670.09782791138, "llc": 1.1}, "wstETH": {"volume": 108288.25330734253, "llc": 1.1}}, "WETH": {"USDC": {"volume": 47304.54711949918, "llc": 1.05}, "WXDAI": {"volume": 47304.54711949918, "llc": 1.05}, "LINK": {"volume": 1476.8366813659668, "llc": 1.05}, "GNO": {"volume": 188396.81577682495, "llc": 1.05}, "WBTC": {"volume": 54882.54499435425, "llc": 1.05}, "FOX": {"volume": 2430.5100440979004, "llc": 1.05}, "USDT": {"volume": 47304.54711949918, "llc": 1.05}, "EURe": {"volume": 27226.017475128174, "llc": 1.05}, "wstETH": {"volume": 2127767.8966721264, "llc": 1.05}}, "FOX": {"USDC": {"volume": 5291.530132293701, "llc": 1.1}, "WXDAI": {"volume": 5291.530132293701, "llc": 1.1}, "LINK": {"volume": 2430.5100440979004, "llc": 1.1}, "GNO": {"volume": 5291.530132293701, "llc": 1.1}, "WBTC": {"volume": 4337.856769561768, "llc": 1.1}, "WETH": {"volume": 4337.856769561768, "llc": 1.1}, "USDT": {"volume": 5291.530132293701, "llc": 1.1}, "EURe": {"volume": 4337.856769561768, "llc": 1.1}, "wstETH": {"volume": 4337.856769561768, "llc": 1.1}}, "USDT": {"USDC": {"volume": 4067940.055370331, "llc": 1.05}, "WXDAI": {"volume": 3612084.1879844666, "llc": 1.05}, "LINK": {"volume": 1476.8366813659668, "llc": 1.05}, "GNO": {"volume": 63465.60525894165, "llc": 1.05}, "WBTC": {"volume": 25318.670749664307, "llc": 1.05}, "WETH": {"volume": 63247.89260615131, "llc": 1.05}, "FOX": {"volume": 3384.183406829834, "llc": 1.05}, "EURe": {"volume": 1424357.493877411, "llc": 1.05}, "wstETH": {"volume": 63247.89260615131, "llc": 1.05}}, "EURe": {"USDC": {"volume": 1844927.4468421936, "llc": 1.15}, "WXDAI": {"volume": 1844927.4468421936, "llc": 1.15}, "LINK": {"volume": 3384.183406829834, "llc": 1.15}, "GNO": {"volume": 188396.81577682495, "llc": 1.15}, "WBTC": {"volume": 52021.52490615845, "llc": 1.15}, "WETH": {"volume": 111149.27339553833, "llc": 1.15}, "FOX": {"volume": 6245.203495025635, "llc": 1.15}, "USDT": {"volume": 1843020.1001167297, "llc": 1.15}, "wstETH": {"volume": 111149.27339553833, "llc": 1.15}}, "wstETH": {"USDC": {"volume": 47304.54711949918, "llc": 1.05}, "WXDAI": {"volume": 47304.54711949918, "llc": 1.05}, "LINK": {"volume": 1476.8366813659668, "llc": 1.05}, "GNO": {"volume": 188396.81577682495, "llc": 1.05}, "WBTC": {"volume": 54882.54499435425, "llc": 1.05}, "WETH": {"volume": 2658472.5318453196, "llc": 1.1}, "FOX": {"volume": 2430.5100440979004, "llc": 1.05}, "USDT": {"volume": 47304.54711949918, "llc": 1.05}, "EURe": {"volume": 27226.017475128174, "llc": 1.05}}, "json_time": 1688737355}