{"json_time": 1691955025, "stabilityPoolVstBalance": {"ETH": 49633.88826917919, "gOHM": 70186.46257764872, "GMX": 99604.25098306456, "DPX": 718.8006054498101, "sGLP": 573.7913986755275}, "stabilityPoolGemBalance": {"ETH": 19413.9563678537, "gOHM": 11088.571059125436, "GMX": 16802.857586290225, "DPX": 8377.711559488822, "sGLP": 0.0}, "bprotocolBalance": {"ETH": 4863.308159886873, "gOHM": 41576.51773789318, "DPX": 6.447800678995964, "GMX": 72628.73108847033, "sGLP": 0.0}, "bprotocolGemBalance": {"ETH": 0.015563441164030752, "gOHM": 0.0, "DPX": 0.02055619184015257, "GMX": 28.74722918077984, "sGLP": 0.0}}