{"json_time": 1692524331, "VST": {"oracle": 1.0027498521898082, "cex_price": 1, "dex_price": 1}, "ETH": {"oracle": 1670.60315, "cex_price": 1671.225, "dex_price": 1670.5392600853463}, "gOHM": {"oracle": 2863.307430689524, "cex_price": "NaN", "dex_price": 2872.2236011517525}, "GMX": {"oracle": 38.24561259445793, "cex_price": "NaN", "dex_price": 38.109525185636244}, "DPX": {"oracle": 70.10100853, "cex_price": "NaN", "dex_price": 70.14757874148901}, "sGLP": {"oracle": 0.9471167267107595, "cex_price": "NaN", "dex_price": "NaN"}}