{"json_time": 1692524331, "stabilityPoolVstBalance": {"ETH": 49633.13366655386, "gOHM": 70505.2022903728, "GMX": 81952.7930283675, "DPX": 0.0, "sGLP": 576.5178988592118}, "stabilityPoolGemBalance": {"ETH": 17462.60849009077, "gOHM": 11214.794698782423, "GMX": 13977.810427425082, "DPX": 7905.309134911792, "sGLP": 0.0}, "bprotocolBalance": {"ETH": 4886.417273446002, "gOHM": 41774.07800720182, "DPX": 0.0, "GMX": 74593.96486236446, "sGLP": 0.0}, "bprotocolGemBalance": {"ETH": 0.015563441164030752, "gOHM": 0.0, "DPX": 0.11910192561432548, "GMX": 5.3140182006197065, "sGLP": 0.0}}