{"json_time": 1665574077, "auUSDC": {"oracle": 1.0, "cex_price": 1, "dex_price": 1}, "auETH": {"oracle": 1299.40076796, "cex_price": 1299.455, "dex_price": 1310.0792132667405}, "auWBTC": {"oracle": 19143.52675025, "cex_price": 19136.865, "dex_price": 19281.178388498392}, "auUSDT": {"oracle": 0.99998004, "cex_price": 1, "dex_price": 0.9999327175272358}, "auWNEAR": {"oracle": 3.16089766, "cex_price": 3.1915, "dex_price": 3.2107419630572296}, "auSTNEAR": {"oracle": 3.56652752, "cex_price": "NaN", "dex_price": 3.6434678229451665}}