{"json_time":1674048564,"DAI":{"USDC":{"volume":2680416765.760113,"llc":1.0380279662650842}},"WETH":{"USDC":{"volume":77129921.414556,"llc":1.0397701211909245}},"stETH":{"USDC":{"volume":62899144.842828,"llc":1.0399821550888761}},"WBTC":{"USDC":{"volume":36391011.00944,"llc":1.0399995633555186}},"USDT":{"USDC":{"volume":343217128.080564,"llc":1.0397609740223734}},"sUSD":{"USDC":{"volume":27232596.817423,"llc":1.0396804833767308}},"FRAX":{"USDC":{"volume":384151746.56261,"llc":1.0395549086400941}},"GUSD":{"USDC":{"volume":26715709.213147,"llc":1.0399605621829218}},"LUSD":{"USDC":{"volume":51403617.69394,"llc":1.0398222353058728}},"CVX":{"USDC":{"volume":1371613.402104,"llc":1.0399813956917912}},"FXS":{"USDC":{"volume":1234079.6052809998,"llc":1.0399902648014774}},"LQTY":{"USDC":{"volume":24043.413053,"llc":1.0399785792661649}},"CRV":{"USDC":{"volume":1628192.446282,"llc":1.0399618529703956}},"LDO":{"USDC":{"volume":1344602.318704,"llc":1.0399962715987527}},"SNX":{"USDC":{"volume":198284.539057,"llc":1.0397723280329323}},"wstETH":{"USDC":{"volume":75415215.71593,"llc":1.0389510231204748}},"3Crv":{"USDC":{"volume":206810920.606747,"llc":1.0395660534882922}},"steCRV":{"USDC":{"volume":112544434.15175305,"llc":1.0399821550888761}},"FRAX3CRV-f":{"USDC":{"volume":560085056.141152,"llc":1.0395660534882922}},"LUSD3CRV-f":{"USDC":{"volume":232824283.20137382,"llc":1.0395660534882922}},"crvPlain3andSUSD":{"USDC":{"volume":89951153.46022995,"llc":1.0396804833767308}},"gusd3CRV":{"USDC":{"volume":74872667.02253962,"llc":1.0399605621829218}},"crvFRAX":{"USDC":{"volume":384151746.56261,"llc":1.0395549086400941}},"cvxsteCRV":{"USDC":{"volume":112544434.15175305,"llc":1.0399821550888761}},"stkcvxsteCRV":{"USDC":{"volume":112544434.15175305,"llc":1.0399821550888761}},"cvx3Crv":{"USDC":{"volume":206810920.606747,"llc":1.0395660534882922}},"stkcvx3Crv":{"USDC":{"volume":206810920.606747,"llc":1.0395660534882922}},"cvxFRAX3CRV-f":{"USDC":{"volume":560085056.141152,"llc":1.0395660534882922}},"stkcvxFRAX3CRV-f":{"USDC":{"volume":560085056.141152,"llc":1.0395660534882922}},"cvxLUSD3CRV-f":{"USDC":{"volume":232824283.20137382,"llc":1.0395660534882922}},"stkcvxLUSD3CRV-f":{"USDC":{"volume":232824283.20137382,"llc":1.0395660534882922}},"cvxcrvPlain3andSUSD":{"USDC":{"volume":89951153.46022995,"llc":1.0396804833767308}},"stkcvxcrvPlain3andSUSD":{"USDC":{"volume":89951153.46022995,"llc":1.0396804833767308}},"cvxgusd3CRV":{"USDC":{"volume":74872667.02253962,"llc":1.0399605621829218}},"stkcvxgusd3CRV":{"USDC":{"volume":74872667.02253962,"llc":1.0399605621829218}},"yvDAI":{"USDC":{"volume":2680416765.760113,"llc":1.0380279662650842}},"yvUSDC":{"USDC":{"volume":999999999999,"llc":1}},"yvWETH":{"USDC":{"volume":77129921.414556,"llc":1.0397701211909245}},"yvWBTC":{"USDC":{"volume":36391011.00944,"llc":1.0399995633555186}},"yvCurve-stETH":{"USDC":{"volume":112544434.15175305,"llc":1.0399821550888761}},"yvCurve-FRAX":{"USDC":{"volume":560085056.141152,"llc":1.0395660534882922}},"cvxcrvFRAX":{"USDC":{"volume":384151746.56261,"llc":1.0395549086400941}},"stkcvxcrvFRAX":{"USDC":{"volume":384151746.56261,"llc":1.0395549086400941}}}