{"json_time": 1687879820, "data": [{"account": "0x5ce561e048d2cd64523D6316228F97bd2537F92f", "user_collateral_wo_looping": 0.8154936619637966, "user_debt_wo_looping": 1.5500604500307131}, {"account": "0x7e1a061ca70838e1E79BCcBee306a56746f9e2F8", "user_collateral_wo_looping": 0.004158624821592083, "user_debt_wo_looping": 0.0054680356843531215}, {"account": "0x5420cFd7449ed4245936a71A761adF77Bd7D0071", "user_collateral_wo_looping": 0.007115276850498402, "user_debt_wo_looping": 0.007917975237343519}, {"account": "0x4F1fdB46D6B90b33896c79D390cC348Ec8B73B39", "user_collateral_wo_looping": 0.00802825131060116, "user_debt_wo_looping": 0.008313846536687193}]}