{"json_time": 1688638404, "glp_data": {"liquidTreasury": 399094796.8869937, "treasuryUtilization": 0.2465264452377168, "liquidStableTreasury": 203984144.0705963, "stableTreasuryUtilization": 0.16877622044023444, "liquidSolidAssetTreasury": 185139106.5911968, "solidTreasuryUtilization": 0.3178490779140444}}