{"json_time": 1688877427, "VST": {"oracle": 0.9936895753740239, "cex_price": 1, "dex_price": 1}, "ETH": {"oracle": 1868.85, "cex_price": 1867.4050000000002, "dex_price": 1867.7624206200971}, "gOHM": {"oracle": 2827.098491097072, "cex_price": "NaN", "dex_price": 2837.4235209287212}, "GMX": {"oracle": 55.95534549231575, "cex_price": "NaN", "dex_price": 56.4378668079326}, "DPX": {"oracle": 105.55599763, "cex_price": "NaN", "dex_price": 105.48384333961039}, "sGLP": {"oracle": 1.0056343055516654, "cex_price": "NaN", "dex_price": "NaN"}}