{"json_time": 1688877427, "ETH-VST": {"series_std_ratio": 1.0, "volume_for_slippage_10_percentss": [19856.99848085642], "trade_every": 1800, "collaterals": [814, 3912, 7010, 10108, 13205, 16303, 19401, 22499, 25597, 28695, 31793, 34890, 37988, 41086, 44184, 47282, 50380, 53477, 56575, 59673, 62771, 65869, 68967, 72065, 75162, 78260, 81358, 84456, 87554, 90652, 18750.0], "liquidation_incentives": [0.10000000000000009], "stability_pool_initial_balances": [0.04086616938529442, 0.02043308469264721, 0.08173233877058884], "share_institutionals": [0.09105418301064815, 0.04552709150532407, 0.1821083660212963, 1], "recovery_halflife_retails": [3.3333333333333335], "price_recovery_times": [0], "l_factors": [0.25, 0.5, 1, 1.5, 2], "json_time": 1688880763.6889834, "current_debt": 814.5237317908566}, "gOHM-VST": {"series_std_ratio": 0.5718399563684763, "volume_for_slippage_10_percentss": [233.38090509176254], "trade_every": 1800, "collaterals": [2097, 2496, 2895, 3294, 3693, 4091, 4490, 4889, 5288, 5687, 6085, 6484, 6883, 7282, 7681, 8080, 8478, 8877, 9276, 9675, 10074, 10473, 10871, 11270, 11669, 12068, 12467, 12866, 13264, 13663, 2812.5], "liquidation_incentives": [0.1499999999999999], "stability_pool_initial_balances": [0.02334547598850691, 0.011672737994253455, 0.04669095197701382], "share_institutionals": [0.5290683956996177, 0.26453419784980886, 1, 1], "recovery_halflife_retails": [3.3333333333333335], "price_recovery_times": [0], "l_factors": [0.25, 0.5, 1, 1.5, 2], "json_time": 1688880763.6889834, "current_debt": 2097.71964514729}, "DPX-VST": {"series_std_ratio": 2.2756095294666916, "volume_for_slippage_10_percentss": [262.587151825428], "trade_every": 1800, "collaterals": [371, 463, 555, 647, 738, 830, 922, 1014, 1105, 1197, 1289, 1381, 1473, 1564, 1656, 1748, 1840, 1931, 2023, 2115, 2207, 2299, 2390, 2482, 2574, 2666, 2757, 2849, 2941, 3033, 625.0], "liquidation_incentives": [0.1499999999999999], "stability_pool_initial_balances": [0.007855102836245003, 0.0039275514181225015, 0.015710205672490006], "share_institutionals": [0.0013957645415284027, 0.0006978822707642014, 0.0027915290830568054, 1], "recovery_halflife_retails": [3.3333333333333335], "price_recovery_times": [2], "l_factors": [0.25, 0.5, 1, 1.5, 2], "json_time": 1688880763.6889834, "current_debt": 371.7308958026672}, "GMX-VST": {"series_std_ratio": 2.0308729755116706, "volume_for_slippage_10_percentss": [3398.384377658367], "trade_every": 1800, "collaterals": [207, 304, 401, 499, 596, 693, 790, 888, 985, 1082, 1179, 1277, 1374, 1471, 1568, 1666, 1763, 1860, 1957, 2055, 2152, 2249, 2346, 2444, 2541, 2638, 2735, 2833, 2930, 3027, 625.0], "liquidation_incentives": [0.1499999999999999], "stability_pool_initial_balances": [0.17357945468294605, 0.08678972734147303, 0.3471589093658921], "share_institutionals": [0.731459564168442, 0.365729782084221, 1, 1], "recovery_halflife_retails": [3.3333333333333335], "price_recovery_times": [0], "l_factors": [0.25, 0.5, 1, 1.5, 2], "json_time": 1688880763.6889834, "current_debt": 207.3823796429677}, "sGLP-VST": {"series_std_ratio": 0.6132330529291525, "volume_for_slippage_10_percentss": [22018.85678499937], "trade_every": 1800, "collaterals": [324, 365, 406, 447, 489, 530, 571, 613, 654, 695, 736, 778, 819, 860, 902, 943, 984, 1025, 1067, 1108, 1149, 1190, 1232, 1273, 1314, 1356, 1397, 1438, 1479, 1521, 312.5], "liquidation_incentives": [0.10000000000000009], "stability_pool_initial_balances": [0.0008670843707701383, 0.00043354218538506914, 0.0017341687415402766], "share_institutionals": [0.0, 0.0, 0.0, 1], "recovery_halflife_retails": [3.3333333333333335], "price_recovery_times": [0], "l_factors": [0.25, 0.5, 1, 1.5, 2], "json_time": 1688880763.6889834, "current_debt": 324.07483909595055}}