{"json_time": 1668350495, "data": [{"account": "0x5ce561e048d2cd64523D6316228F97bd2537F92f", "user_collateral_wo_looping": 1.3233955075441148, "user_debt_wo_looping": 1.5411904278816964}, {"account": "0x9A4B0dA9E8e5c7135cd7188Bd2e84DAc513C594b", "user_collateral_wo_looping": 0.0011300863961647481, "user_debt_wo_looping": 0.0013793319679520693}]}