{"json_time": 1668350495, "USDC-WXDAI": {"series_std_ratio": 0.006909395735624495, "volume_for_slippage_10_percentss": [1720.5153051018715], "trade_every": 1800, "collaterals": [625, 625.0, 1250.0], "liquidation_incentives": [0.050000000000000044], "stability_pool_initial_balances": [0], "share_institutionals": [0], "recovery_halflife_retails": [0], "price_recovery_times": [0], "l_factors": [0.25, 0.5, 1, 1.5, 2], "json_time": 1668372019.5812984, "current_debt": 215.5477643478633}, "USDC-LINK": {"series_std_ratio": 1.374674435179026, "volume_for_slippage_10_percentss": [0.9230229258537292], "trade_every": 1800, "collaterals": [625, 625.0, 1250.0], "liquidation_incentives": [0.050000000000000044], "stability_pool_initial_balances": [0], "share_institutionals": [0], "recovery_halflife_retails": [0], "price_recovery_times": [0], "l_factors": [0.25, 0.5, 1, 1.5, 2], "json_time": 1668372019.5812984, "current_debt": 215.5477643478633}, "USDC-GNO": {"series_std_ratio": 1.0751887462135852, "volume_for_slippage_10_percentss": [43.83832424879074], "trade_every": 1800, "collaterals": [625, 625.0, 1250.0], "liquidation_incentives": [0.050000000000000044], "stability_pool_initial_balances": [0], "share_institutionals": [0], "recovery_halflife_retails": [0], "price_recovery_times": [0], "l_factors": [0.25, 0.5, 1, 1.5, 2], "json_time": 1668372019.5812984, "current_debt": 215.5477643478633}, "USDC-WBTC": {"series_std_ratio": 0.760706293780634, "volume_for_slippage_10_percentss": [21.188581883907318], "trade_every": 1800, "collaterals": [625, 625.0, 1250.0], "liquidation_incentives": [0.050000000000000044], "stability_pool_initial_balances": [0], "share_institutionals": [0], "recovery_halflife_retails": [0], "price_recovery_times": [0], "l_factors": [0.25, 0.5, 1, 1.5, 2], "json_time": 1668372019.5812984, "current_debt": 215.5477643478633}, "USDC-WETH": {"series_std_ratio": 1.0, "volume_for_slippage_10_percentss": [42.050186693668365], "trade_every": 1800, "collaterals": [625, 625.0, 1250.0], "liquidation_incentives": [0.050000000000000044], "stability_pool_initial_balances": [0], "share_institutionals": [0], "recovery_halflife_retails": [0], "price_recovery_times": [0], "l_factors": [0.25, 0.5, 1, 1.5, 2], "json_time": 1668372019.5812984, "current_debt": 215.5477643478633}, "USDC-FOX": {"series_std_ratio": 2.2378512800713786, "volume_for_slippage_10_percentss": [2.1151146292686462], "trade_every": 1800, "collaterals": [625, 625.0, 1250.0], "liquidation_incentives": [0.050000000000000044], "stability_pool_initial_balances": [0], "share_institutionals": [0], "recovery_halflife_retails": [0], "price_recovery_times": [0], "l_factors": [0.25, 0.5, 1, 1.5, 2], "json_time": 1668372019.5812984, "current_debt": 215.5477643478633}, "WXDAI-USDC": {"series_std_ratio": 0.006909395735624495, "volume_for_slippage_10_percentss": [1691.9051042199135], "trade_every": 1800, "collaterals": [625, 625.0, 1250.0], "liquidation_incentives": [0.050000000000000044], "stability_pool_initial_balances": [0], "share_institutionals": [0], "recovery_halflife_retails": [0], "price_recovery_times": [0], "l_factors": [0.25, 0.5, 1, 1.5, 2], "json_time": 1668372019.5812984, "current_debt": 216.44118105111656}, "WXDAI-LINK": {"series_std_ratio": 1.382077356072157, "volume_for_slippage_10_percentss": [0.9230229258537292], "trade_every": 1800, "collaterals": [625, 625.0, 1250.0], "liquidation_incentives": [0.050000000000000044], "stability_pool_initial_balances": [0], "share_institutionals": [0], "recovery_halflife_retails": [0], "price_recovery_times": [0], "l_factors": [0.25, 0.5, 1, 1.5, 2], "json_time": 1668372019.5812984, "current_debt": 216.44118105111656}, "WXDAI-GNO": {"series_std_ratio": 1.0798767584225875, "volume_for_slippage_10_percentss": [55.75924128293991], "trade_every": 1800, "collaterals": [625, 625.0, 1250.0], "liquidation_incentives": [0.050000000000000044], "stability_pool_initial_balances": [0], "share_institutionals": [0], "recovery_halflife_retails": [0], "price_recovery_times": [0], "l_factors": [0.25, 0.5, 1, 1.5, 2], "json_time": 1668372019.5812984, "current_debt": 216.44118105111656}, "WXDAI-WBTC": {"series_std_ratio": 0.7647843239192086, "volume_for_slippage_10_percentss": [20.59253603219986], "trade_every": 1800, "collaterals": [625, 625.0, 1250.0], "liquidation_incentives": [0.050000000000000044], "stability_pool_initial_balances": [0], "share_institutionals": [0], "recovery_halflife_retails": [0], "price_recovery_times": [0], "l_factors": [0.25, 0.5, 1, 1.5, 2], "json_time": 1668372019.5812984, "current_debt": 216.44118105111656}, "WXDAI-WETH": {"series_std_ratio": 1.0054401229529724, "volume_for_slippage_10_percentss": [42.050186693668365], "trade_every": 1800, "collaterals": [625, 625.0, 1250.0], "liquidation_incentives": [0.050000000000000044], "stability_pool_initial_balances": [0], "share_institutionals": [0], "recovery_halflife_retails": [0], "price_recovery_times": [0], "l_factors": [0.25, 0.5, 1, 1.5, 2], "json_time": 1668372019.5812984, "current_debt": 216.44118105111656}, "WXDAI-FOX": {"series_std_ratio": 2.234460484459537, "volume_for_slippage_10_percentss": [2.1151146292686462], "trade_every": 1800, "collaterals": [625, 625.0, 1250.0], "liquidation_incentives": [0.050000000000000044], "stability_pool_initial_balances": [0], "share_institutionals": [0], "recovery_halflife_retails": [0], "price_recovery_times": [0], "l_factors": [0.25, 0.5, 1, 1.5, 2], "json_time": 1668372019.5812984, "current_debt": 216.44118105111656}, "LINK-USDC": {"series_std_ratio": 1.374674435179026, "volume_for_slippage_10_percentss": [1.5190687775611877], "trade_every": 1800, "collaterals": [625, 625.0, 625.0], "liquidation_incentives": [0.10000000000000009], "stability_pool_initial_balances": [0], "share_institutionals": [0], "recovery_halflife_retails": [0], "price_recovery_times": [0], "l_factors": [0.25, 0.5, 1, 1.5, 2], "json_time": 1668372019.5812984, "current_debt": 33.82478397812363}, "LINK-WXDAI": {"series_std_ratio": 1.3809112275089888, "volume_for_slippage_10_percentss": [2.1151146292686462], "trade_every": 1800, "collaterals": [625, 625.0, 625.0], "liquidation_incentives": [0.10000000000000009], "stability_pool_initial_balances": [0], "share_institutionals": [0], "recovery_halflife_retails": [0], "price_recovery_times": [0], "l_factors": [0.25, 0.5, 1, 1.5, 2], "json_time": 1668372019.5812984, "current_debt": 33.82478397812363}, "LINK-GNO": {"series_std_ratio": 1.058580432230701, "volume_for_slippage_10_percentss": [1.5190687775611877], "trade_every": 1800, "collaterals": [625, 625.0, 625.0], "liquidation_incentives": [0.10000000000000009], "stability_pool_initial_balances": [0], "share_institutionals": [0], "recovery_halflife_retails": [0], "price_recovery_times": [0], "l_factors": [0.25, 0.5, 1, 1.5, 2], "json_time": 1668372019.5812984, "current_debt": 33.82478397812363}, "LINK-WBTC": {"series_std_ratio": 0.8551590503319856, "volume_for_slippage_10_percentss": [1.5190687775611877], "trade_every": 1800, "collaterals": [625, 625.0, 625.0], "liquidation_incentives": [0.10000000000000009], "stability_pool_initial_balances": [0], "share_institutionals": [0], "recovery_halflife_retails": [0], "price_recovery_times": [0], "l_factors": [0.25, 0.5, 1, 1.5, 2], "json_time": 1668372019.5812984, "current_debt": 33.82478397812363}, "LINK-WETH": {"series_std_ratio": 0.7368567739837313, "volume_for_slippage_10_percentss": [1.5190687775611877], "trade_every": 1800, "collaterals": [625, 625.0, 625.0], "liquidation_incentives": [0.10000000000000009], "stability_pool_initial_balances": [0], "share_institutionals": [0], "recovery_halflife_retails": [0], "price_recovery_times": [0], "l_factors": [0.25, 0.5, 1, 1.5, 2], "json_time": 1668372019.5812984, "current_debt": 33.82478397812363}, "LINK-FOX": {"series_std_ratio": 2.474469213453864, "volume_for_slippage_10_percentss": [1.5190687775611877], "trade_every": 1800, "collaterals": [625, 625.0, 625.0],