{"json_time": 1666197040, "glp_data": {"liquidTreasury": 313172472.65018934, "treasuryUtilization": 0.2113822845762813, "liquidStableTreasury": 147781257.9577207, "stableTreasuryUtilization": 0.25302026146922263, "liquidSolidAssetTreasury": 154521569.5246773, "solidTreasuryUtilization": 0.1629873993175924}}