{"json_time": 1669989290, "data": [{"account": "0x5ce561e048d2cd64523D6316228F97bd2537F92f", "user_collateral_wo_looping": 1.2786045952584884, "user_debt_wo_looping": 1.5417687728044003}, {"account": "0x9A4B0dA9E8e5c7135cd7188Bd2e84DAc513C594b", "user_collateral_wo_looping": 0.0011449853176337297, "user_debt_wo_looping": 0.001380338660770981}]}