{"json_time": 1667939209, "ETH-VST": {"series_std_ratio": 1.0, "volume_for_slippage_10_percentss": [10019.261698424816], "trade_every": 1800, "collaterals": [0], "liquidation_incentives": [0.10000000000000009], "stability_pool_initial_balances": [0.9002634912326676], "share_institutionals": [0.34590046274978825], "recovery_halflife_retails": [3.3333333333333335], "price_recovery_times": [0], "l_factors": [0], "json_time": 1667939370.6544948, "current_debt": 276.46065474097605, "collateral_factor": 0.9090909090909091}, "renBTC-VST": {"series_std_ratio": 0.760706293780634, "volume_for_slippage_10_percentss": [2480.473766028881], "trade_every": 1800, "collaterals": [0], "liquidation_incentives": [0.10000000000000009], "stability_pool_initial_balances": [1.8122140836671818], "share_institutionals": [0.8347345638327717], "recovery_halflife_retails": [3.3333333333333335], "price_recovery_times": [0], "l_factors": [0], "json_time": 1667939370.6544948, "current_debt": 14.158385088433736, "collateral_factor": 0.9090909090909091}, "gOHM-VST": {"series_std_ratio": 1.416911372280521, "volume_for_slippage_10_percentss": [289.40921515226364], "trade_every": 1800, "collaterals": [0], "liquidation_incentives": [0.1499999999999999], "stability_pool_initial_balances": [0.04797172882487736], "share_institutionals": [0.568765676466706], "recovery_halflife_retails": [3.3333333333333335], "price_recovery_times": [0], "l_factors": [0], "json_time": 1667939370.6544948, "current_debt": 3483.314086655673, "collateral_factor": 0.6666666666666666}, "DPX-VST": {"series_std_ratio": 1.974078240475897, "volume_for_slippage_10_percentss": [354.9742588400841], "trade_every": 1800, "collaterals": [0], "liquidation_incentives": [0.1499999999999999], "stability_pool_initial_balances": [0.17840742689009395], "share_institutionals": [6.60023732074109e-05], "recovery_halflife_retails": [3.3333333333333335], "price_recovery_times": [2], "l_factors": [0], "json_time": 1667939370.6544948, "current_debt": 211.14346965023574, "collateral_factor": 0.6666666666666666}, "GMX-VST": {"series_std_ratio": 2.081064798518858, "volume_for_slippage_10_percentss": [1103.607848584652], "trade_every": 1800, "collaterals": [0], "liquidation_incentives": [0.1499999999999999], "stability_pool_initial_balances": [0.5844303937621023], "share_institutionals": [0.012895980152231095], "recovery_halflife_retails": [3.3333333333333335], "price_recovery_times": [0], "l_factors": [0], "json_time": 1667939370.6544948, "current_debt": 44.31209780351174, "collateral_factor": 0.6666666666666666}, "sGLP-VST": {"series_std_ratio": 0.4707294016934606, "volume_for_slippage_10_percentss": [2480.473766028881], "trade_every": 1800, "collaterals": [0], "liquidation_incentives": [0.10000000000000009], "stability_pool_initial_balances": [0.16210865692542026], "share_institutionals": [0.0], "recovery_halflife_retails": [3.3333333333333335], "price_recovery_times": [0], "l_factors": [0], "json_time": 1667939370.6544948, "current_debt": 2861.088457899484, "collateral_factor": 0.8333333333333334}}