{"json_time": 1667939209, "ETH-VST": {"series_std_ratio": 1.0, "volume_for_slippage_10_percentss": [10019.261698424816], "trade_every": 1800, "collaterals": [276, 3392, 6508, 9623, 12739, 15855, 18971, 22086, 25202, 28318, 31434, 34550, 37665, 40781, 43897, 47013, 50129, 53244, 56360, 59476, 62592, 65707, 68823, 71939, 75055, 78171, 81286, 84402, 87518, 90634, 18750.0], "liquidation_incentives": [0.10000000000000009], "stability_pool_initial_balances": [0.9002634912326676, 0.4501317456163338, 1.8005269824653352], "share_institutionals": [0.34590046274978825, 0.17295023137489413, 0.6918009254995765, 1], "recovery_halflife_retails": [3.3333333333333335], "price_recovery_times": [0], "l_factors": [0.25, 0.5, 1, 1.5, 2], "json_time": 1667939370.6544948, "current_debt": 276.46065474097605}, "renBTC-VST": {"series_std_ratio": 0.760706293780634, "volume_for_slippage_10_percentss": [2480.473766028881], "trade_every": 1800, "collaterals": [14, 222, 429, 637, 845, 1053, 1261, 1469, 1677, 1884, 2092, 2300, 2508, 2716, 2924, 3132, 3339, 3547, 3755, 3963, 4171, 4379, 4587, 4794, 5002, 5210, 5418, 5626, 5834, 6042, 1250.0], "liquidation_incentives": [0.10000000000000009], "stability_pool_initial_balances": [1.8122140836671818, 0.9061070418335909, 3.6244281673343637], "share_institutionals": [0.8347345638327717, 0.41736728191638583, 1, 1], "recovery_halflife_retails": [3.3333333333333335], "price_recovery_times": [0], "l_factors": [0.25, 0.5, 1, 1.5, 2], "json_time": 1667939370.6544948, "current_debt": 14.158385088433736}, "gOHM-VST": {"series_std_ratio": 1.416911372280521, "volume_for_slippage_10_percentss": [289.40921515226364], "trade_every": 1800, "collaterals": [3483, 3992, 4501, 5009, 5518, 6027, 6536, 7045, 7554, 8063, 8572, 9081, 9589, 10098, 10607, 11116, 11625, 12134, 12643, 13152, 13661, 14169, 14678, 15187, 15696, 16205, 16714, 17223, 17732, 18241, 3750.0], "liquidation_incentives": [0.1499999999999999], "stability_pool_initial_balances": [0.04797172882487736, 0.02398586441243868, 0.09594345764975472], "share_institutionals": [0.568765676466706, 0.284382838233353, 1, 1], "recovery_halflife_retails": [3.3333333333333335], "price_recovery_times": [0], "l_factors": [0.25, 0.5, 1, 1.5, 2], "json_time": 1667939370.6544948, "current_debt": 3483.314086655673}, "DPX-VST": {"series_std_ratio": 1.974078240475897, "volume_for_slippage_10_percentss": [354.9742588400841], "trade_every": 1800, "collaterals": [211, 620, 1030, 1440, 1849, 2259, 2668, 3078, 3488, 3897, 4307, 4717, 5126, 5536, 5945, 6355, 6765, 7174, 7584, 7994, 8403, 8813, 9222, 9632, 10042, 10451, 10861, 11271, 11680, 12090, 2500.0], "liquidation_incentives": [0.1499999999999999], "stability_pool_initial_balances": [0.17840742689009395, 0.08920371344504698, 0.3568148537801879], "share_institutionals": [6.60023732074109e-05, 3.300118660370545e-05, 0.0001320047464148218, 1], "recovery_halflife_retails": [3.3333333333333335], "price_recovery_times": [2], "l_factors": [0.25, 0.5, 1, 1.5, 2], "json_time": 1667939370.6544948, "current_debt": 211.14346965023574}, "GMX-VST": {"series_std_ratio": 2.081064798518858, "volume_for_slippage_10_percentss": [1103.607848584652], "trade_every": 1800, "collaterals": [44, 459, 874, 1289, 1705, 2120, 2535, 2950, 3365, 3781, 4196, 4611, 5026, 5441, 5856, 6272, 6687, 7102, 7517, 7932, 8348, 8763, 9178, 9593, 10008, 10424, 10839, 11254, 11669, 12084, 2500.0], "liquidation_incentives": [0.1499999999999999], "stability_pool_initial_balances": [0.5844303937621023, 0.29221519688105113, 1.1688607875242045], "share_institutionals": [0.012895980152231095, 0.006447990076115548, 0.02579196030446219, 1], "recovery_halflife_retails": [3.3333333333333335], "price_recovery_times": [0], "l_factors": [0.25, 0.5, 1, 1.5, 2], "json_time": 1667939370.6544948, "current_debt": 44.31209780351174}, "sGLP-VST": {"series_std_ratio": 0.4707294016934606, "volume_for_slippage_10_percentss": [2480.473766028881], "trade_every": 1800, "collaterals": [2861, 3286, 3712, 4137, 4562, 4988, 5413, 5839, 6264, 6690, 7115, 7541, 7966, 8392, 8817, 9243, 9668, 10093, 10519, 10944, 11370, 11795, 12221, 12646, 13072, 13497, 13923, 14348, 14774, 15199, 3125.0], "liquidation_incentives": [0.10000000000000009], "stability_pool_initial_balances": [0.16210865692542026, 0.08105432846271013, 0.3242173138508405], "share_institutionals": [0.0, 0.0, 0.0, 1], "recovery_halflife_retails": [3.3333333333333335], "price_recovery_times": [0], "l_factors": [0.25, 0.5, 1, 1.5, 2], "json_time": 1667939370.6544948, "current_debt": 2861.088457899484}}