{"json_time": 1667939209, "ETH": {"VST": {"volume": 16030818.717479706, "llc": 1.1}}, "gOHM": {"VST": {"volume": 463054.7442436218, "llc": 1.15}}, "renBTC": {"VST": {"volume": 3968758.0256462097, "llc": 1.1}}, "GMX": {"VST": {"volume": 1765772.557735443, "llc": 1.15}}, "DPX": {"VST": {"volume": 567958.8141441345, "llc": 1.15}}, "sGLP": {"VST": {"volume": 3968758.0256462097, "llc": 1.1}}}