{"json_time": 1681901006, "glp_data": {"liquidTreasury": 374951398.4929906, "treasuryUtilization": 0.3419741194686656, "liquidStableTreasury": 255937325.05978566, "stableTreasuryUtilization": 0.13697445205363976, "liquidSolidAssetTreasury": 113011335.02313235, "solidTreasuryUtilization": 0.5734498450556664}}