{"json_time": 1681901006, "ETH-VST": {"series_std_ratio": 1.0, "volume_for_slippage_10_percentss": [9828.52702587843], "trade_every": 1800, "collaterals": [503, 3611, 6719, 9828, 12936, 16044, 19152, 22260, 25369, 28477, 31585, 34693, 37802, 40910, 44018, 47126, 50234, 53343, 56451, 59559, 62667, 65776, 68884, 71992, 75100, 78208, 81317, 84425, 87533, 90641, 18750.0], "liquidation_incentives": [0.10000000000000009], "stability_pool_initial_balances": [0.1983188613741299, 0.09915943068706495, 0.3966377227482598], "share_institutionals": [0.297535677377953, 0.1487678386889765, 0.595071354755906, 1], "recovery_halflife_retails": [3.3333333333333335], "price_recovery_times": [0], "l_factors": [0.25, 0.5, 1, 1.5, 2], "json_time": 1681904522.8460953, "current_debt": 503.4047063026478}, "gOHM-VST": {"series_std_ratio": 0.5718399563684763, "volume_for_slippage_10_percentss": [300.1380404829979], "trade_every": 1800, "collaterals": [2822, 3196, 3571, 3946, 4320, 4695, 5070, 5445, 5819, 6194, 6569, 6943, 7318, 7693, 8067, 8442, 8817, 9191, 9566, 9941, 10315, 10690, 11065, 11439, 11814, 12189, 12563, 12938, 13313, 13687, 2812.5], "liquidation_incentives": [0.1499999999999999], "stability_pool_initial_balances": [0.024840256579041854, 0.012420128289520927, 0.04968051315808371], "share_institutionals": [0.38587602590855963, 0.19293801295427981, 0.7717520518171193, 1], "recovery_halflife_retails": [3.3333333333333335], "price_recovery_times": [0], "l_factors": [0.25, 0.5, 1, 1.5, 2], "json_time": 1681904522.8460953, "current_debt": 2822.2852308356314}, "DPX-VST": {"series_std_ratio": 2.2756095294666916, "volume_for_slippage_10_percentss": [455.1099619269371], "trade_every": 1800, "collaterals": [602, 686, 770, 854, 938, 1022, 1106, 1190, 1275, 1359, 1443, 1527, 1611, 1695, 1779, 1863, 1947, 2031, 2115, 2200, 2284, 2368, 2452, 2536, 2620, 2704, 2788, 2872, 2956, 3040, 625.0], "liquidation_incentives": [0.1499999999999999], "stability_pool_initial_balances": [0.056167668220267405, 0.028083834110133703, 0.11233533644053481], "share_institutionals": [0.45409747332413675, 0.22704873666206837, 0.9081949466482735, 1], "recovery_halflife_retails": [3.3333333333333335], "price_recovery_times": [2], "l_factors": [0.25, 0.5, 1, 1.5, 2], "json_time": 1681904522.8460953, "current_debt": 602.323700652607}, "GMX-VST": {"series_std_ratio": 2.0308729755116706, "volume_for_slippage_10_percentss": [5569.7794154286385], "trade_every": 1800, "collaterals": [43, 459, 874, 1289, 1704, 2119, 2535, 2950, 3365, 3780, 4195, 4611, 5026, 5441, 5856, 6271, 6687, 7102, 7517, 7932, 8347, 8763, 9178, 9593, 10008, 10423, 10839, 11254, 11669, 12084, 2500.0], "liquidation_incentives": [0.1499999999999999], "stability_pool_initial_balances": [0.8521038040935529, 0.42605190204677645, 1.7042076081871058], "share_institutionals": [0.35502556921380096, 0.17751278460690048, 0.7100511384276019, 1], "recovery_halflife_retails": [3.3333333333333335], "price_recovery_times": [0], "l_factors": [0.25, 0.5, 1, 1.5, 2], "json_time": 1681904522.8460953, "current_debt": 43.80925669691037}, "sGLP-VST": {"series_std_ratio": 0.6132330529291525, "volume_for_slippage_10_percentss": [6957.970204055309], "trade_every": 1800, "collaterals": [324, 366, 407, 448, 489, 531, 572, 613, 654, 696, 737, 778, 819, 861, 902, 943, 984, 1026, 1067, 1108, 1149, 1191, 1232, 1273, 1314, 1356, 1397, 1438, 1479, 1521, 312.5], "liquidation_incentives": [0.10000000000000009], "stability_pool_initial_balances": [0.0001288954213959833, 6.444771069799166e-05, 0.0002577908427919666], "share_institutionals": [0.0, 0.0, 0.0, 1], "recovery_halflife_retails": [3.3333333333333335], "price_recovery_times": [0], "l_factors": [0.25, 0.5, 1, 1.5, 2], "json_time": 1681904522.8460953, "current_debt": 324.8111928547979}}