{"json_time": 1681901006, "ETH": {"VST": {"volume": 15725643.241405487, "llc": 1.1}}, "gOHM": {"VST": {"volume": 480220.86477279663, "llc": 1.15}}, "GMX": {"VST": {"volume": 8911647.064685822, "llc": 1.15}}, "DPX": {"VST": {"volume": 728175.9390830994, "llc": 1.15}}, "sGLP": {"VST": {"volume": 11132752.326488495, "llc": 1.1}}}