{"json_time": 1679672520, "USDC": {"oracle": 1.0000624371233107, "cex_price": 1, "dex_price": 1}, "WXDAI": {"oracle": 1.0, "cex_price": 1, "dex_price": 0.9999005224709034}, "LINK": {"oracle": 7.299130815417525, "cex_price": 7.3175, "dex_price": 7.739317474499799}, "GNO": {"oracle": 108.6912683538856, "cex_price": 108.44999999999999, "dex_price": 110.4246328978165}, "WBTC": {"oracle": 28079.3979712727, "cex_price": 27905.465, "dex_price": 28094.22014799473}, "WETH": {"oracle": 1771.5695875445251, "cex_price": 1763.435, "dex_price": 1774.6611205206807}, "FOX": {"oracle": 0.03383838973488473, "cex_price": 0.0343, "dex_price": 0.03449607591761238}, "USDT": {"oracle": 1.0019306186800607, "cex_price": 1, "dex_price": 1.0017231702077303}, "EURe": {"oracle": 1.0763648336473848, "cex_price": 1.06845, "dex_price": 1.0931605450374249}}