{"json_time": 1669559080, "ETH": {"VST": {"volume": 33062471.302509308, "llc": 1.1}}, "gOHM": {"VST": {"volume": 421093.11628341675, "llc": 1.15}}, "renBTC": {"VST": {"volume": 381992.50841140747, "llc": 1.1}}, "GMX": {"VST": {"volume": 2142473.536014557, "llc": 1.15}}, "DPX": {"VST": {"volume": 596569.0150260925, "llc": 1.15}}, "sGLP": {"VST": {"volume": 381992.50841140747, "llc": 1.1}}}