{"json_time": 1696234265, "USDC": {"oracle": 1.000126186679061, "cex_price": 1, "dex_price": 1}, "WXDAI": {"oracle": 1.0, "cex_price": 1, "dex_price": 1.0001119340045639}, "LINK": {"oracle": 8.0195746060839, "cex_price": 8.0045, "dex_price": 8.429637785365188}, "GNO": {"oracle": 104.42752734902258, "cex_price": 104.35, "dex_price": 105.36048516100703}, "WBTC": {"oracle": 28256.695596897946, "cex_price": 28333.864999999998, "dex_price": 28344.381973426578}, "WETH": {"oracle": 1731.8893038808544, "cex_price": 1730.8649999999998, "dex_price": 1735.358269393943}, "FOX": {"oracle": 0.02258948566147606, "cex_price": 0.02255, "dex_price": 0.022474086745486167}, "USDT": {"oracle": 1.0002729444469496, "cex_price": 1, "dex_price": 1.000037898436237}, "EURe": {"oracle": 1.0564289167825653, "cex_price": 1.0561500000000001, "dex_price": 1.0614006998283203}, "wstETH": {"oracle": 1976.9051074473373, "cex_price": "NaN", "dex_price": 1976.9051074473373}}