{"USDC": {"WXDAI": {"volume": 2969308.3415031433, "llc": 1.05}, "LINK": {"volume": 1476.8366813659668, "llc": 1.05}, "GNO": {"volume": 25318.670749664307, "llc": 1.05}, "WBTC": {"volume": 7198.876857757568, "llc": 1.05}, "WETH": {"volume": 10546.834608116922, "llc": 1.05}, "FOX": {"volume": 3384.183406829834, "llc": 1.05}, "USDT": {"volume": 3302140.345096588, "llc": 1.05}, "EURe": {"volume": 2550645.7352638245, "llc": 1.05}, "wstETH": {"volume": 10546.834608116922, "llc": 1.05}}, "WXDAI": {"USDC": {"volume": 2954049.5676994324, "llc": 1.05}, "LINK": {"volume": 1476.8366813659668, "llc": 1.05}, "GNO": {"volume": 84446.41923904419, "llc": 1.05}, "WBTC": {"volume": 9106.223583221436, "llc": 1.05}, "WETH": {"volume": 106380.90658187866, "llc": 1.05}, "FOX": {"volume": 3384.183406829834, "llc": 1.05}, "USDT": {"volume": 3302140.345096588, "llc": 1.05}, "EURe": {"volume": 2547784.7151756287, "llc": 1.05}, "wstETH": {"volume": 106380.90658187866, "llc": 1.05}}, "LINK": {"USDC": {"volume": 4337.856769561768, "llc": 1.2}, "WXDAI": {"volume": 4337.856769561768, "llc": 1.2}, "GNO": {"volume": 4337.856769561768, "llc": 1.2}, "WBTC": {"volume": 4337.856769561768, "llc": 1.2}, "WETH": {"volume": 4337.856769561768, "llc": 1.2}, "FOX": {"volume": 3384.183406829834, "llc": 1.2}, "USDT": {"volume": 4337.856769561768, "llc": 1.2}, "EURe": {"volume": 4337.856769561768, "llc": 1.2}, "wstETH": {"volume": 4337.856769561768, "llc": 1.2}}, "GNO": {"USDC": {"volume": 49160.50481796265, "llc": 1.1}, "WXDAI": {"volume": 58697.23844528198, "llc": 1.1}, "LINK": {"volume": 2430.5100440979004, "llc": 1.1}, "WBTC": {"volume": 50114.17818069458, "llc": 1.1}, "WETH": {"volume": 196979.87604141235, "llc": 1.1}, "FOX": {"volume": 5291.530132293701, "llc": 1.1}, "USDT": {"volume": 49160.50481796265, "llc": 1.1}, "EURe": {"volume": 44392.13800430298, "llc": 1.1}, "wstETH": {"volume": 196979.87604141235, "llc": 1.1}}, "WBTC": {"USDC": {"volume": 13874.590396881104, "llc": 1.1}, "WXDAI": {"volume": 13874.590396881104, "llc": 1.1}, "LINK": {"volume": 2430.5100440979004, "llc": 1.1}, "GNO": {"volume": 54882.54499435425, "llc": 1.1}, "WETH": {"volume": 74909.68561172485, "llc": 1.1}, "FOX": {"volume": 4337.856769561768, "llc": 1.1}, "USDT": {"volume": 14828.263759613037, "llc": 1.1}, "EURe": {"volume": 12920.91703414917, "llc": 1.1}, "wstETH": {"volume": 74909.68561172485, "llc": 1.1}}, "WETH": {"USDC": {"volume": 11967.243671417236, "llc": 1.05}, "WXDAI": {"volume": 107334.5799446106, "llc": 1.05}, "LINK": {"volume": 1476.8366813659668, "llc": 1.05}, "GNO": {"volume": 99705.19304275513, "llc": 1.05}, "WBTC": {"volume": 37716.42446517944, "llc": 1.05}, "FOX": {"volume": 3384.183406829834, "llc": 1.05}, "USDT": {"volume": 11013.570308685303, "llc": 1.05}, "EURe": {"volume": 11013.570308685303, "llc": 1.05}, "wstETH": {"volume": 5194228.296756744, "llc": 1.05}}, "FOX": {"USDC": {"volume": 6245.203495025635, "llc": 1.1}, "WXDAI": {"volume": 6245.203495025635, "llc": 1.1}, "LINK": {"volume": 2430.5100440979004, "llc": 1.1}, "GNO": {"volume": 5291.530132293701, "llc": 1.1}, "WBTC": {"volume": 5291.530132293701, "llc": 1.1}, "WETH": {"volume": 5291.530132293701, "llc": 1.1}, "USDT": {"volume": 6245.203495025635, "llc": 1.1}, "EURe": {"volume": 5291.530132293701, "llc": 1.1}, "wstETH": {"volume": 5291.530132293701, "llc": 1.1}}, "USDT": {"USDC": {"volume": 2861543.251514435, "llc": 1.05}, "WXDAI": {"volume": 2878709.3720436096, "llc": 1.05}, "LINK": {"volume": 1476.8366813659668, "llc": 1.05}, "GNO": {"volume": 25318.670749664307, "llc": 1.05}, "WBTC": {"volume": 7198.876857757568, "llc": 1.05}, "WETH": {"volume": 9765.653034436933, "llc": 1.05}, "FOX": {"volume": 3384.183406829834, "llc": 1.05}, "EURe": {"volume": 2581163.2828712463, "llc": 1.05}, "wstETH": {"volume": 9765.653034436933, "llc": 1.05}}, "EURe": {"USDC": {"volume": 2460046.765804291, "llc": 1.15}, "WXDAI": {"volume": 2460046.765804291, "llc": 1.15}, "LINK": {"volume": 3384.183406829834, "llc": 1.15}, "GNO": {"volume": 57743.56508255005, "llc": 1.15}, "WBTC": {"volume": 20550.30393600464, "llc": 1.15}, "WETH": {"volume": 22457.650661468506, "llc": 1.15}, "FOX": {"volume": 8152.550220489502, "llc": 1.15}, "USDT": {"volume": 2463861.4592552185, "llc": 1.15}, "wstETH": {"volume": 22457.650661468506, "llc": 1.15}}, "wstETH": {"USDC": {"volume": 11967.243671417236, "llc": 1.05}, "WXDAI": {"volume": 107334.5799446106, "llc": 1.05}, "LINK": {"volume": 1476.8366813659668, "llc": 1.05}, "GNO": {"volume": 99705.19304275513, "llc": 1.05}, "WBTC": {"volume": 37716.42446517944, "llc": 1.05}, "WETH": {"volume": 5583420.973134086, "llc": 1.1}, "FOX": {"volume": 3384.183406829834, "llc": 1.05}, "USDT": {"volume": 11013.570308685303, "llc": 1.05}, "EURe": {"volume": 11013.570308685303, "llc": 1.05}}, "json_time": 1696234265}