{"json_time":1671362494,"DAI":{"USDC":{"volume":2781149857.759374,"llc":1.0279384062307027}},"WETH":{"USDC":{"volume":53519135.59263,"llc":1.039981928656537}},"stETH":{"USDC":{"volume":41352854.821966,"llc":1.0399958033380763}},"WBTC":{"USDC":{"volume":24153868.60144,"llc":1.0398230218753342}},"USDT":{"USDC":{"volume":384892107.484795,"llc":1.0290582790800527}},"sUSD":{"USDC":{"volume":30475561.35804,"llc":1.039671049310071}},"FRAX":{"USDC":{"volume":404337585.675428,"llc":1.0397502859455825}},"GUSD":{"USDC":{"volume":16676120.161135,"llc":1.0396058438116618}},"LUSD":{"USDC":{"volume":51616676.774357,"llc":1.0399487432814678}},"CVX":{"USDC":{"volume":482643.125313,"llc":1.0399846493620277}},"FXS":{"USDC":{"volume":978266.866093,"llc":1.0399829354674979}},"LQTY":{"USDC":{"volume":1514864.64917,"llc":1.0159566088335072}},"CRV":{"USDC":{"volume":774107.536571,"llc":1.0399820047933304}},"LDO":{"USDC":{"volume":884126.964628,"llc":1.0399908247624055}},"SNX":{"USDC":{"volume":75277.859402,"llc":1.0399926167230313}},"wstETH":{"USDC":{"volume":48200100.203397,"llc":1.0399738053889687}},"3Crv":{"USDC":{"volume":233021247.899681,"llc":1.0394191195997542}},"steCRV":{"USDC":{"volume":66714708.32238379,"llc":1.0399958033380763}},"FRAX3CRV-f":{"USDC":{"volume":606222977.4894705,"llc":1.0394191195997542}},"LUSD3CRV-f":{"USDC":{"volume":263175976.95607874,"llc":1.0394191195997542}},"crvPlain3andSUSD":{"USDC":{"volume":242055301.45684427,"llc":1.039671049310071}},"gusd3CRV":{"USDC":{"volume":43898231.58171425,"llc":1.0396058438116618}},"crvFRAX":{"USDC":{"volume":404337585.675428,"llc":1.0397502859455825}},"cvxsteCRV":{"USDC":{"volume":66714708.32238379,"llc":1.0399958033380763}},"stkcvxsteCRV":{"USDC":{"volume":66714708.32238379,"llc":1.0399958033380763}},"cvx3Crv":{"USDC":{"volume":233021247.899681,"llc":1.0394191195997542}},"stkcvx3Crv":{"USDC":{"volume":233021247.899681,"llc":1.0394191195997542}},"cvxFRAX3CRV-f":{"USDC":{"volume":606222977.4894705,"llc":1.0394191195997542}},"stkcvxFRAX3CRV-f":{"USDC":{"volume":606222977.4894705,"llc":1.0394191195997542}},"cvxLUSD3CRV-f":{"USDC":{"volume":263175976.95607874,"llc":1.0394191195997542}},"stkcvxLUSD3CRV-f":{"USDC":{"volume":263175976.95607874,"llc":1.0394191195997542}},"cvxcrvPlain3andSUSD":{"USDC":{"volume":242055301.45684427,"llc":1.039671049310071}},"stkcvxcrvPlain3andSUSD":{"USDC":{"volume":242055301.45684427,"llc":1.039671049310071}},"cvxgusd3CRV":{"USDC":{"volume":43898231.58171425,"llc":1.0396058438116618}},"stkcvxgusd3CRV":{"USDC":{"volume":43898231.58171425,"llc":1.0396058438116618}},"yvDAI":{"USDC":{"volume":2781149857.759374,"llc":1.0279384062307027}},"yvUSDC":{"USDC":{"volume":999999999999,"llc":1}},"yvWETH":{"USDC":{"volume":53519135.59263,"llc":1.039981928656537}},"yvWBTC":{"USDC":{"volume":24153868.60144,"llc":1.0398230218753342}},"yvCurve-stETH":{"USDC":{"volume":66714708.32238379,"llc":1.0399958033380763}},"yvCurve-FRAX":{"USDC":{"volume":606222977.4894705,"llc":1.0394191195997542}},"cvxcrvFRAX":{"USDC":{"volume":404337585.675428,"llc":1.0397502859455825}},"stkcvxcrvFRAX":{"USDC":{"volume":404337585.675428,"llc":1.0397502859455825}}}