{"json_time": 1688830349, "stabilityPoolVstBalance": {"ETH": 53244.58347244952, "gOHM": 78335.14011480908, "GMX": 57580.657442108604, "DPX": 4670.753838078381, "sGLP": 448.47786636651807}, "stabilityPoolGemBalance": {"ETH": 20357.45965706983, "gOHM": 11092.844256760249, "GMX": 15845.933523864302, "DPX": 12679.745898576748, "sGLP": 0.0}, "bprotocolBalance": {"ETH": 4848.111806863413, "gOHM": 41444.646907446804, "DPX": 6.499587720817584, "GMX": 42117.873787927376, "sGLP": 0.0}, "bprotocolGemBalance": {"ETH": 0.015567632995832883, "gOHM": 0.0, "DPX": 0.01969001542327342, "GMX": 0.048821971499560156, "sGLP": 0.0}}