{"USDC": {"WXDAI": {"volume": 3701729.4840812683, "llc": 1.05}, "LINK": {"volume": 1476.8366813659668, "llc": 1.05}, "GNO": {"volume": 64419.278621673584, "llc": 1.05}, "WBTC": {"volume": 25318.670749664307, "llc": 1.05}, "WETH": {"volume": 39678.145843433886, "llc": 1.05}, "FOX": {"volume": 3384.183406829834, "llc": 1.05}, "USDT": {"volume": 2893014.4724845886, "llc": 1.05}, "EURe": {"volume": 1348063.6248588562, "llc": 1.05}, "wstETH": {"volume": 39678.145843433886, "llc": 1.05}}, "WXDAI": {"USDC": {"volume": 4076523.115634918, "llc": 1.05}, "LINK": {"volume": 1476.8366813659668, "llc": 1.05}, "GNO": {"volume": 63465.60525894165, "llc": 1.05}, "WBTC": {"volume": 26272.34411239624, "llc": 1.05}, "WETH": {"volume": 44800, "llc": 1.05}, "FOX": {"volume": 3384.183406829834, "llc": 1.05}, "USDT": {"volume": 2893968.1458473206, "llc": 1.05}, "EURe": {"volume": 1351878.318309784, "llc": 1.05}, "wstETH": {"volume": 44800, "llc": 1.05}}, "LINK": {"USDC": {"volume": 4337.856769561768, "llc": 1.2}, "WXDAI": {"volume": 4337.856769561768, "llc": 1.2}, "GNO": {"volume": 4337.856769561768, "llc": 1.2}, "WBTC": {"volume": 4337.856769561768, "llc": 1.2}, "WETH": {"volume": 4337.856769561768, "llc": 1.2}, "FOX": {"volume": 3384.183406829834, "llc": 1.2}, "USDT": {"volume": 4337.856769561768, "llc": 1.2}, "EURe": {"volume": 3384.183406829834, "llc": 1.2}, "wstETH": {"volume": 4337.856769561768, "llc": 1.2}}, "GNO": {"USDC": {"volume": 124500.7004737854, "llc": 1.1}, "WXDAI": {"volume": 125454.37383651733, "llc": 1.1}, "LINK": {"volume": 2430.5100440979004, "llc": 1.1}, "WBTC": {"volume": 62511.93189620972, "llc": 1.1}, "WETH": {"volume": 388668.221950531, "llc": 1.1}, "FOX": {"volume": 4337.856769561768, "llc": 1.1}, "USDT": {"volume": 124500.7004737854, "llc": 1.1}, "EURe": {"volume": 125454.37383651733, "llc": 1.1}, "wstETH": {"volume": 388668.221950531, "llc": 1.1}}, "WBTC": {"USDC": {"volume": 47253.15809249878, "llc": 1.1}, "WXDAI": {"volume": 51067.851543426514, "llc": 1.1}, "LINK": {"volume": 2430.5100440979004, "llc": 1.1}, "GNO": {"volume": 68233.97207260132, "llc": 1.1}, "WETH": {"volume": 111149.27339553833, "llc": 1.1}, "FOX": {"volume": 4337.856769561768, "llc": 1.1}, "USDT": {"volume": 39623.77119064331, "llc": 1.1}, "EURe": {"volume": 39623.77119064331, "llc": 1.1}, "wstETH": {"volume": 111149.27339553833, "llc": 1.1}}, "WETH": {"USDC": {"volume": 65687.73157362026, "llc": 1.05}, "WXDAI": {"volume": 65687.73157362026, "llc": 1.05}, "LINK": {"volume": 1476.8366813659668, "llc": 1.05}, "GNO": {"volume": 193165.18259048462, "llc": 1.05}, "WBTC": {"volume": 55836.21835708618, "llc": 1.05}, "FOX": {"volume": 2430.5100440979004, "llc": 1.05}, "USDT": {"volume": 65687.73157362026, "llc": 1.05}, "EURe": {"volume": 27226.017475128174, "llc": 1.05}, "wstETH": {"volume": 2116449.393893311, "llc": 1.05}}, "FOX": {"USDC": {"volume": 5291.530132293701, "llc": 1.1}, "WXDAI": {"volume": 5291.530132293701, "llc": 1.1}, "LINK": {"volume": 2430.5100440979004, "llc": 1.1}, "GNO": {"volume": 5291.530132293701, "llc": 1.1}, "WBTC": {"volume": 4337.856769561768, "llc": 1.1}, "WETH": {"volume": 4337.856769561768, "llc": 1.1}, "USDT": {"volume": 5291.530132293701, "llc": 1.1}, "EURe": {"volume": 4337.856769561768, "llc": 1.1}, "wstETH": {"volume": 4337.856769561768, "llc": 1.1}}, "USDT": {"USDC": {"volume": 3985924.1461753845, "llc": 1.05}, "WXDAI": {"volume": 3620667.248249054, "llc": 1.05}, "LINK": {"volume": 1476.8366813659668, "llc": 1.05}, "GNO": {"volume": 64419.278621673584, "llc": 1.05}, "WBTC": {"volume": 25318.670749664307, "llc": 1.05}, "WETH": {"volume": 40191.057543262024, "llc": 1.05}, "FOX": {"volume": 3384.183406829834, "llc": 1.05}, "EURe": {"volume": 1353785.6650352478, "llc": 1.05}, "wstETH": {"volume": 40191.057543262024, "llc": 1.05}}, "EURe": {"USDC": {"volume": 1929804.3761253357, "llc": 1.15}, "WXDAI": {"volume": 1929804.3761253357, "llc": 1.15}, "LINK": {"volume": 3384.183406829834, "llc": 1.15}, "GNO": {"volume": 189350.48913955688, "llc": 1.15}, "WBTC": {"volume": 55836.21835708618, "llc": 1.15}, "WETH": {"volume": 114010.29348373413, "llc": 1.15}, "FOX": {"volume": 7198.876857757568, "llc": 1.15}, "USDT": {"volume": 1927897.0293998718, "llc": 1.15}, "wstETH": {"volume": 114010.29348373413, "llc": 1.15}}, "wstETH": {"USDC": {"volume": 65687.73157362026, "llc": 1.05}, "WXDAI": {"volume": 65687.73157362026, "llc": 1.05}, "LINK": {"volume": 1476.8366813659668, "llc": 1.05}, "GNO": {"volume": 193165.18259048462, "llc": 1.05}, "WBTC": {"volume": 55836.21835708618, "llc": 1.05}, "WETH": {"volume": 2644100.4985119533, "llc": 1.1}, "FOX": {"volume": 2430.5100440979004, "llc": 1.05}, "USDT": {"volume": 65687.73157362026, "llc": 1.05}, "EURe": {"volume": 27226.017475128174, "llc": 1.05}}, "json_time": 1688829510}