{"json_time": 1672910985, "glp_data": {"liquidTreasury": 258570198.2489607, "treasuryUtilization": 0.3529300775530684, "liquidStableTreasury": 94617380.79065469, "stableTreasuryUtilization": 0.4999736977198042, "liquidSolidAssetTreasury": 148036011.1734091, "solidTreasuryUtilization": 0.23017350235738332}}