{"json_time": 1672910985, "ETH-VST": {"series_std_ratio": 1.0, "volume_for_slippage_10_percentss": [23559.63531166315], "trade_every": 1800, "collaterals": [235, 3353, 6470, 9587, 12704, 15821, 18938, 22055, 25172, 28290, 31407, 34524, 37641, 40758, 43875, 46992, 50110, 53227, 56344, 59461, 62578, 65695, 68812, 71930, 75047, 78164, 81281, 84398, 87515, 90632, 18750.0], "liquidation_incentives": [0.10000000000000009], "stability_pool_initial_balances": [1.9895412921152849, 0.9947706460576424, 3.9790825842305697], "share_institutionals": [0.1773970890892233, 0.08869854454461165, 0.3547941781784466, 1], "recovery_halflife_retails": [3.3333333333333335], "price_recovery_times": [0], "l_factors": [0.25, 0.5, 1, 1.5, 2], "json_time": 1672911470.6426387, "current_debt": 235.89169547856105}, "gOHM-VST": {"series_std_ratio": 0.5716868167571741, "volume_for_slippage_10_percentss": [200.00233739614487], "trade_every": 1800, "collaterals": [3323, 3837, 4351, 4866, 5380, 5894, 6408, 6922, 7437, 7951, 8465, 8979, 9494, 10008, 10522, 11036, 11550, 12065, 12579, 13093, 13607, 14122, 14636, 15150, 15664, 16178, 16693, 17207, 17721, 18235, 3750.0], "liquidation_incentives": [0.1499999999999999], "stability_pool_initial_balances": [0.1881761266251491, 0.09408806331257455, 0.3763522532502982], "share_institutionals": [0.006864225926507692, 0.003432112963253846, 0.013728451853015383, 1], "recovery_halflife_retails": [3.3333333333333335], "price_recovery_times": [0], "l_factors": [0.25, 0.5, 1, 1.5, 2], "json_time": 1672911470.6426387, "current_debt": 3323.4728705132084}, "DPX-VST": {"series_std_ratio": 2.2750001177686507, "volume_for_slippage_10_percentss": [374.6437719464302], "trade_every": 1800, "collaterals": [218, 628, 1037, 1446, 1856, 2265, 2675, 3084, 3493, 3903, 4312, 4721, 5131, 5540, 5950, 6359, 6768, 7178, 7587, 7996, 8406, 8815, 9225, 9634, 10043, 10453, 10862, 11271, 11681, 12090, 2500.0], "liquidation_incentives": [0.1499999999999999], "stability_pool_initial_balances": [0.19419185543118755, 0.09709592771559378, 0.3883837108623751], "share_institutionals": [0.08879413246708943, 0.04439706623354472, 0.17758826493417887, 1], "recovery_halflife_retails": [3.3333333333333335], "price_recovery_times": [2], "l_factors": [0.25, 0.5, 1, 1.5, 2], "json_time": 1672911470.6426387, "current_debt": 218.85015019036263}, "GMX-VST": {"series_std_ratio": 2.0303291046355447, "volume_for_slippage_10_percentss": [1627.532152235508], "trade_every": 1800, "collaterals": [51, 466, 881, 1296, 1711, 2126, 2540, 2955, 3370, 3785, 4200, 4615, 5030, 5445, 5860, 6275, 6690, 7105, 7520, 7935, 8350, 8765, 9180, 9595, 10010, 10425, 10840, 11255, 11670, 12085, 2500.0], "liquidation_incentives": [0.1499999999999999], "stability_pool_initial_balances": [0.7669509224229776, 0.3834754612114888, 1.5339018448459552], "share_institutionals": [0.007455764090836102, 0.003727882045418051, 0.014911528181672204, 1], "recovery_halflife_retails": [3.3333333333333335], "price_recovery_times": [0], "l_factors": [0.25, 0.5, 1, 1.5, 2], "json_time": 1672911470.6426387, "current_debt": 51.23994509553736}, "sGLP-VST": {"series_std_ratio": 0.6130688281835444, "volume_for_slippage_10_percentss": [23187.10665434599], "trade_every": 1800, "collaterals": [2175, 2831, 3488, 4145, 4801, 5458, 6115, 6771, 7428, 8085, 8741, 9398, 10055, 10711, 11368, 12025, 12681, 13338, 13995, 14651, 15308, 15965, 16621, 17278, 17935, 18591, 19248, 19905, 20561, 21218, 4375.0], "liquidation_incentives": [0.10000000000000009], "stability_pool_initial_balances": [0.6997913084965479, 0.34989565424827396, 1.3995826169930958], "share_institutionals": [0.0, 0.0, 0.0, 1], "recovery_halflife_retails": [3.3333333333333335], "price_recovery_times": [0], "l_factors": [0.25, 0.5, 1, 1.5, 2], "json_time": 1672911470.6426387, "current_debt": 2175.2801146273596}}