{"json_time": 1692212152, "ETH-VST": {"series_std_ratio": 1.0, "volume_for_slippage_10_percentss": [34787.35102027655], "trade_every": 1800, "collaterals": [851, 1136, 1420, 1704, 1988, 2272, 2556, 2840, 3124, 3408, 3692, 3977, 4261, 4545, 4829, 5113, 5397, 5681, 5965, 6249, 6533, 6818, 7102, 7386, 7670, 7954, 8238, 8522, 8806, 9090, 1875.0], "liquidation_incentives": [0.10000000000000009], "stability_pool_initial_balances": [0.03629964743254438, 0.01814982371627219, 0.07259929486508876], "share_institutionals": [0.09834829285859123, 0.049174146429295615, 0.19669658571718246, 1], "recovery_halflife_retails": [3.3333333333333335], "price_recovery_times": [0], "l_factors": [0.25, 0.5, 1, 1.5, 2], "json_time": 1692214429.9526825, "current_debt": 851.9273250422052}, "gOHM-VST": {"series_std_ratio": 0.5718399563684763, "volume_for_slippage_10_percentss": [135.62938541173935], "trade_every": 1800, "collaterals": [1954, 2357, 2761, 3165, 3568, 3972, 4375, 4779, 5183, 5586, 5990, 6393, 6797, 7201, 7604, 8008, 8411, 8815, 9219, 9622, 10026, 10430, 10833, 11237, 11640, 12044, 12448, 12851, 13255, 13658, 2812.5], "liquidation_incentives": [0.1499999999999999], "stability_pool_initial_balances": [0.02245881277599353, 0.011229406387996766, 0.04491762555198706], "share_institutionals": [0.5924195031372331, 0.29620975156861656, 1, 1], "recovery_halflife_retails": [3.3333333333333335], "price_recovery_times": [0], "l_factors": [0.25, 0.5, 1, 1.5, 2], "json_time": 1692214429.9526825, "current_debt": 1954.207034908449}, "DPX-VST": {"series_std_ratio": 2.2756095294666916, "volume_for_slippage_10_percentss": [222.6520797610283], "trade_every": 1800, "collaterals": [189, 287, 385, 483, 581, 679, 776, 874, 972, 1070, 1168, 1266, 1363, 1461, 1559, 1657, 1755, 1853, 1950, 2048, 2146, 2244, 2342, 2440, 2537, 2635, 2733, 2831, 2929, 3027, 625.0], "liquidation_incentives": [0.1499999999999999], "stability_pool_initial_balances": [0.007300841890489857, 0.0036504209452449285, 0.014601683780979714], "share_institutionals": [0.00291881243215929, 0.001459406216079645, 0.00583762486431858, 1], "recovery_halflife_retails": [3.3333333333333335], "price_recovery_times": [2], "l_factors": [0.25, 0.5, 1, 1.5, 2], "json_time": 1692214429.9526825, "current_debt": 189.82465671687297}, "GMX-VST": {"series_std_ratio": 2.0308729755116706, "volume_for_slippage_10_percentss": [3104.53377276659], "trade_every": 1800, "collaterals": [187, 285, 383, 481, 579, 677, 775, 873, 971, 1069, 1166, 1264, 1362, 1460, 1558, 1656, 1754, 1852, 1950, 2048, 2145, 2243, 2341, 2439, 2537, 2635, 2733, 2831, 2929, 3027, 625.0], "liquidation_incentives": [0.1499999999999999], "stability_pool_initial_balances": [0.33507888743693875, 0.16753944371846938, 0.6701577748738775], "share_institutionals": [0.732744836861859, 0.3663724184309295, 1, 1], "recovery_halflife_retails": [3.3333333333333335], "price_recovery_times": [0], "l_factors": [0.25, 0.5, 1, 1.5, 2], "json_time": 1692214429.9526825, "current_debt": 187.9668014550255}, "sGLP-VST": {"series_std_ratio": 0.6132330529291525, "volume_for_slippage_10_percentss": [34599.00053113699], "trade_every": 1800, "collaterals": [286, 329, 372, 414, 457, 499, 542, 584, 627, 669, 712, 754, 797, 839, 882, 924, 967, 1009, 1052, 1094, 1137, 1179, 1222, 1264, 1307, 1349, 1392, 1434, 1477, 1519, 312.5], "liquidation_incentives": [0.10000000000000009], "stability_pool_initial_balances": [0.0012503012957653817, 0.0006251506478826908, 0.0025006025915307634], "share_institutionals": [0.0, 0.0, 0.0, 1], "recovery_halflife_retails": [3.3333333333333335], "price_recovery_times": [0], "l_factors": [0.25, 0.5, 1, 1.5, 2], "json_time": 1692214429.9526825, "current_debt": 286.9973952587535}}