{"json_time": 1692212152, "ETH": {"VST": {"volume": 55659761.632442474, "llc": 1.1}}, "gOHM": {"VST": {"volume": 217007.01665878296, "llc": 1.15}}, "GMX": {"VST": {"volume": 4967254.036426544, "llc": 1.15}}, "DPX": {"VST": {"volume": 356243.32761764526, "llc": 1.15}}, "sGLP": {"VST": {"volume": 55358400.84981918, "llc": 1.1}}}