{"json_time": 1665091145.1478236, "auUSDC": {"oracle": 1.0, "cex_price": 1, "dex_price": 1}, "auETH": {"oracle": 1363.78720982, "cex_price": 1359.525, "dex_price": 1370.6992773315608}, "auWBTC": {"oracle": 20045.49481969, "cex_price": 19990.68, "dex_price": 20148.29954396339}, "auUSDT": {"oracle": 1.00012614, "cex_price": 1, "dex_price": 0.9999899181016457}, "auWNEAR": {"oracle": 3.65296626, "cex_price": 3.6155, "dex_price": 3.64301800191201}, "auSTNEAR": {"oracle": 4.11553152, "cex_price": 3.6155, "dex_price": 4.110085845173447}}