{"json_time": 1681571700, "USDC": {"oracle": 1.000140033608066, "cex_price": 1, "dex_price": 1}, "WXDAI": {"oracle": 1.0, "cex_price": 1, "dex_price": 1.0000320937503306}, "LINK": {"oracle": 7.97225834200208, "cex_price": 7.983499999999999, "dex_price": 8.365421155585068}, "GNO": {"oracle": 121.26918534448268, "cex_price": 121.45, "dex_price": 121.4301660401461}, "WBTC": {"oracle": 30472.999864187404, "cex_price": 30402.165, "dex_price": 30529.587597171863}, "WETH": {"oracle": 2103.754901176282, "cex_price": 2102.705, "dex_price": 2103.3771026995214}, "FOX": {"oracle": 0.03559851364327438, "cex_price": 0.03245, "dex_price": 0.03525595004933336}, "USDT": {"oracle": 1.0012402976714412, "cex_price": 1, "dex_price": 1.0009932806274002}, "EURe": {"oracle": 1.1052638133151957, "cex_price": 1.0970499999999999, "dex_price": 1.1123102602822472}}