{"USDC": {"WXDAI": {"volume": 10101831.421375275, "llc": 1.05}, "LINK": {"volume": 1476.8366813659668, "llc": 1.05}, "GNO": {"volume": 61558.25853347778, "llc": 1.05}, "WBTC": {"volume": 13874.590396881104, "llc": 1.05}, "WETH": {"volume": 13874.590396881104, "llc": 1.05}, "FOX": {"volume": 3384.183406829834, "llc": 1.05}, "USDT": {"volume": 5386870.316028595, "llc": 1.05}, "EURe": {"volume": 228451.09701156616, "llc": 1.05}}, "WXDAI": {"USDC": {"volume": 9604013.926029205, "llc": 1.05}, "LINK": {"volume": 1476.8366813659668, "llc": 1.05}, "GNO": {"volume": 62511.93189620972, "llc": 1.05}, "WBTC": {"volume": 14828.263759613037, "llc": 1.05}, "WETH": {"volume": 13874.590396881104, "llc": 1.05}, "FOX": {"volume": 3384.183406829834, "llc": 1.05}, "USDT": {"volume": 5384962.969303131, "llc": 1.05}, "EURe": {"volume": 228451.09701156616, "llc": 1.05}}, "LINK": {"USDC": {"volume": 4337.856769561768, "llc": 1.2}, "WXDAI": {"volume": 4337.856769561768, "llc": 1.2}, "GNO": {"volume": 4337.856769561768, "llc": 1.2}, "WBTC": {"volume": 4337.856769561768, "llc": 1.2}, "WETH": {"volume": 4337.856769561768, "llc": 1.2}, "FOX": {"volume": 4337.856769561768, "llc": 1.2}, "USDT": {"volume": 4337.856769561768, "llc": 1.2}, "EURe": {"volume": 4337.856769561768, "llc": 1.2}}, "GNO": {"USDC": {"volume": 124500.7004737854, "llc": 1.1}, "WXDAI": {"volume": 124500.7004737854, "llc": 1.1}, "LINK": {"volume": 2430.5100440979004, "llc": 1.1}, "WBTC": {"volume": 67280.29870986938, "llc": 1.1}, "WETH": {"volume": 423000.4630088806, "llc": 1.1}, "FOX": {"volume": 6245.203495025635, "llc": 1.1}, "USDT": {"volume": 124500.7004737854, "llc": 1.1}, "EURe": {"volume": 106380.90658187866, "llc": 1.1}}, "WBTC": {"USDC": {"volume": 28179.690837860107, "llc": 1.1}, "WXDAI": {"volume": 28179.690837860107, "llc": 1.1}, "LINK": {"volume": 2430.5100440979004, "llc": 1.1}, "GNO": {"volume": 64419.278621673584, "llc": 1.1}, "WETH": {"volume": 100658.86640548706, "llc": 1.1}, "FOX": {"volume": 5291.530132293701, "llc": 1.1}, "USDT": {"volume": 24364.997386932373, "llc": 1.1}, "EURe": {"volume": 24364.997386932373, "llc": 1.1}}, "WETH": {"USDC": {"volume": 13874.590396881104, "llc": 1.05}, "WXDAI": {"volume": 13874.590396881104, "llc": 1.05}, "LINK": {"volume": 1476.8366813659668, "llc": 1.05}, "GNO": {"volume": 201748.24285507202, "llc": 1.05}, "WBTC": {"volume": 51067.851543426514, "llc": 1.05}, "FOX": {"volume": 3384.183406829834, "llc": 1.05}, "USDT": {"volume": 13874.590396881104, "llc": 1.05}, "EURe": {"volume": 13874.590396881104, "llc": 1.05}}, "FOX": {"USDC": {"volume": 6245.203495025635, "llc": 1.1}, "WXDAI": {"volume": 6245.203495025635, "llc": 1.1}, "LINK": {"volume": 2430.5100440979004, "llc": 1.1}, "GNO": {"volume": 6245.203495025635, "llc": 1.1}, "WBTC": {"volume": 5291.530132293701, "llc": 1.1}, "WETH": {"volume": 5291.530132293701, "llc": 1.1}, "USDT": {"volume": 6245.203495025635, "llc": 1.1}, "EURe": {"volume": 5291.530132293701, "llc": 1.1}}, "USDT": {"USDC": {"volume": 9463823.941707611, "llc": 1.05}, "WXDAI": {"volume": 9953058.376789093, "llc": 1.05}, "LINK": {"volume": 1476.8366813659668, "llc": 1.05}, "GNO": {"volume": 61558.25853347778, "llc": 1.05}, "WBTC": {"volume": 13874.590396881104, "llc": 1.05}, "WETH": {"volume": 13874.590396881104, "llc": 1.05}, "FOX": {"volume": 3384.183406829834, "llc": 1.05}, "EURe": {"volume": 227497.42364883423, "llc": 1.05}}, "EURe": {"USDC": {"volume": 908782.71484375, "llc": 1.15}, "WXDAI": {"volume": 909758.30078125, "llc": 1.15}, "LINK": {"volume": 3438.96484375, "llc": 1.15}, "GNO": {"volume": 182946.77734375, "llc": 1.15}, "WBTC": {"volume": 36608.88671875, "llc": 1.15}, "WETH": {"volume": 40511.23046875, "llc": 1.15}, "FOX": {"volume": 7341.30859375, "llc": 1.15}, "USDT": {"volume": 908782.71484375, "llc": 1.15}}, "json_time": 1681571700}