{"json_time": 1673017007, "ETH-VST": {"series_std_ratio": 1.0, "volume_for_slippage_10_percentss": [24696.89079672098], "trade_every": 1800, "collaterals": [0], "liquidation_incentives": [0.10000000000000009], "stability_pool_initial_balances": [1.9954421586969235], "share_institutionals": [0.17721700456611714], "recovery_halflife_retails": [3.3333333333333335], "price_recovery_times": [0], "l_factors": [0], "json_time": 1673019187.0791543, "current_debt": 235.69011318575366, "collateral_factor": 0.9090909090909091}, "gOHM-VST": {"series_std_ratio": 0.5716868167571741, "volume_for_slippage_10_percentss": [200.00233739614487], "trade_every": 1800, "collaterals": [0], "liquidation_incentives": [0.1499999999999999], "stability_pool_initial_balances": [0.18464889284537986], "share_institutionals": [0.0068642077933878725], "recovery_halflife_retails": [3.3333333333333335], "price_recovery_times": [0], "l_factors": [0], "json_time": 1673019187.0791543, "current_debt": 3390.665161567903, "collateral_factor": 0.6666666666666666}, "DPX-VST": {"series_std_ratio": 2.2750001177686507, "volume_for_slippage_10_percentss": [382.9884138703346], "trade_every": 1800, "collaterals": [0], "liquidation_incentives": [0.1499999999999999], "stability_pool_initial_balances": [0.19424470781552902], "share_institutionals": [0.088793688056405], "recovery_halflife_retails": [3.3333333333333335], "price_recovery_times": [2], "l_factors": [0], "json_time": 1673019187.0791543, "current_debt": 219.0305209521756, "collateral_factor": 0.6666666666666666}, "GMX-VST": {"series_std_ratio": 2.0303291046355447, "volume_for_slippage_10_percentss": [1769.9871107935905], "trade_every": 1800, "collaterals": [0], "liquidation_incentives": [0.1499999999999999], "stability_pool_initial_balances": [0.779216258500954], "share_institutionals": [0.007463838007412314], "recovery_halflife_retails": [3.3333333333333335], "price_recovery_times": [0], "l_factors": [0], "json_time": 1673019187.0791543, "current_debt": 50.43350147415862, "collateral_factor": 0.6666666666666666}, "sGLP-VST": {"series_std_ratio": 0.6130688281835444, "volume_for_slippage_10_percentss": [23221.081267893314], "trade_every": 1800, "collaterals": [0], "liquidation_incentives": [0.10000000000000009], "stability_pool_initial_balances": [0.7266853308057669], "share_institutionals": [0.0], "recovery_halflife_retails": [3.3333333333333335], "price_recovery_times": [0], "l_factors": [0], "json_time": 1673019187.0791543, "current_debt": 2096.468028462345, "collateral_factor": 0.8333333333333334}}