{"json_time": 1673017007, "glp_data": {"liquidTreasury": 248651956.49755225, "treasuryUtilization": 0.3732798365455722, "liquidStableTreasury": 86652222.5569005, "stableTreasuryUtilization": 0.5372127974900199, "liquidSolidAssetTreasury": 146139234.84488633, "solidTreasuryUtilization": 0.23759310270277642}}