{"json_time": 1673017007, "ETH-VST": {"series_std_ratio": 1.0, "volume_for_slippage_10_percentss": [24696.89079672098], "trade_every": 1800, "collaterals": [235, 3352, 6469, 9587, 12704, 15821, 18938, 22055, 25172, 28289, 31407, 34524, 37641, 40758, 43875, 46992, 50109, 53227, 56344, 59461, 62578, 65695, 68812, 71929, 75047, 78164, 81281, 84398, 87515, 90632, 18750.0], "liquidation_incentives": [0.10000000000000009], "stability_pool_initial_balances": [1.9954421586969235, 0.9977210793484618, 3.990884317393847], "share_institutionals": [0.17721700456611714, 0.08860850228305857, 0.3544340091322343, 1], "recovery_halflife_retails": [3.3333333333333335], "price_recovery_times": [0], "l_factors": [0.25, 0.5, 1, 1.5, 2], "json_time": 1673019187.0791543, "current_debt": 235.69011318575366}, "gOHM-VST": {"series_std_ratio": 0.5716868167571741, "volume_for_slippage_10_percentss": [200.00233739614487], "trade_every": 1800, "collaterals": [3390, 3902, 4414, 4926, 5438, 5950, 6462, 6974, 7486, 7998, 8510, 9022, 9534, 10046, 10558, 11070, 11582, 12094, 12606, 13118, 13630, 14142, 14654, 15166, 15678, 16190, 16702, 17214, 17726, 18238, 3750.0], "liquidation_incentives": [0.1499999999999999], "stability_pool_initial_balances": [0.18464889284537986, 0.09232444642268993, 0.3692977856907597], "share_institutionals": [0.0068642077933878725, 0.0034321038966939363, 0.013728415586775745, 1], "recovery_halflife_retails": [3.3333333333333335], "price_recovery_times": [0], "l_factors": [0.25, 0.5, 1, 1.5, 2], "json_time": 1673019187.0791543, "current_debt": 3390.665161567903}, "DPX-VST": {"series_std_ratio": 2.2750001177686507, "volume_for_slippage_10_percentss": [382.9884138703346], "trade_every": 1800, "collaterals": [219, 628, 1037, 1447, 1856, 2265, 2675, 3084, 3493, 3903, 4312, 4722, 5131, 5540, 5950, 6359, 6768, 7178, 7587, 7996, 8406, 8815, 9225, 9634, 10043, 10453, 10862, 11271, 11681, 12090, 2500.0], "liquidation_incentives": [0.1499999999999999], "stability_pool_initial_balances": [0.19424470781552902, 0.09712235390776451, 0.38848941563105804], "share_institutionals": [0.088793688056405, 0.0443968440282025, 0.17758737611281, 1], "recovery_halflife_retails": [3.3333333333333335], "price_recovery_times": [2], "l_factors": [0.25, 0.5, 1, 1.5, 2], "json_time": 1673019187.0791543, "current_debt": 219.0305209521756}, "GMX-VST": {"series_std_ratio": 2.0303291046355447, "volume_for_slippage_10_percentss": [1769.9871107935905], "trade_every": 1800, "collaterals": [50, 465, 880, 1295, 1710, 2125, 2540, 2955, 3370, 3785, 4200, 4615, 5030, 5445, 5860, 6275, 6690, 7105, 7520, 7935, 8350, 8765, 9180, 9595, 10010, 10425, 10840, 11255, 11670, 12085, 2500.0], "liquidation_incentives": [0.1499999999999999], "stability_pool_initial_balances": [0.779216258500954, 0.389608129250477, 1.558432517001908], "share_institutionals": [0.007463838007412314, 0.003731919003706157, 0.014927676014824628, 1], "recovery_halflife_retails": [3.3333333333333335], "price_recovery_times": [0], "l_factors": [0.25, 0.5, 1, 1.5, 2], "json_time": 1673019187.0791543, "current_debt": 50.43350147415862}, "sGLP-VST": {"series_std_ratio": 0.6130688281835444, "volume_for_slippage_10_percentss": [23221.081267893314], "trade_every": 1800, "collaterals": [2096, 2755, 3415, 4074, 4733, 5392, 6052, 6711, 7370, 8030, 8689, 9348, 10007, 10667, 11326, 11985, 12645, 13304, 13963, 14622, 15282, 15941, 16600, 17260, 17919, 18578, 19237, 19897, 20556, 21215, 4375.0], "liquidation_incentives": [0.10000000000000009], "stability_pool_initial_balances": [0.7266853308057669, 0.36334266540288346, 1.4533706616115338], "share_institutionals": [0.0, 0.0, 0.0, 1], "recovery_halflife_retails": [3.3333333333333335], "price_recovery_times": [0], "l_factors": [0.25, 0.5, 1, 1.5, 2], "json_time": 1673019187.0791543, "current_debt": 2096.468028462345}}