{"json_time": 1673017007, "stabilityPoolVstBalance": {"ETH": 752489.581182244, "gOHM": 1001732.108948663, "GMX": 62877.766914873966, "DPX": 68072.83127206154, "sGLP": 2437556.1004589973}, "stabilityPoolGemBalance": {"ETH": 16802.21616701584, "gOHM": 9868.808781542331, "GMX": 1303.3318291642581, "DPX": 122.57729093572708, "sGLP": 0.0}, "bprotocolBalance": {"ETH": 133353.92739105644, "gOHM": 6876.097349132282, "DPX": 6044.382493097129, "GMX": 466.48031448265135, "sGLP": 0.0}, "bprotocolGemBalance": {"ETH": 0.022153272869047357, "gOHM": 0.0, "DPX": 0.0552519905950038, "GMX": 2.829152037797485, "sGLP": 0.0}}