{"json_time": 1665236083, "glp_data": {"liquidTreasury": 245425066.67562658, "treasuryUtilization": 0.37122107722418696, "liquidStableTreasury": 115842900.45590508, "stableTreasuryUtilization": 0.39789395326913674, "liquidSolidAssetTreasury": 118332699.0980965, "solidTreasuryUtilization": 0.35165456539937195}}