{"json_time": 1681386022, "glp_data": {"liquidTreasury": 346680815.9737748, "treasuryUtilization": 0.39550079718901393, "liquidStableTreasury": 236830413.4921562, "stableTreasuryUtilization": 0.17114818395591952, "liquidSolidAssetTreasury": 103619906.07137203, "solidTreasuryUtilization": 0.6290673123719364}}