{"json_time": 1667726339, "glp_data": {"liquidTreasury": 361598244.35410494, "treasuryUtilization": 0.18997066073214866, "liquidStableTreasury": 165603024.3716647, "stableTreasuryUtilization": 0.19293459950340294, "liquidSolidAssetTreasury": 183052895.94265205, "solidTreasuryUtilization": 0.18675058694180888}}