{"json_time": 1667726339, "ETH-VST": {"series_std_ratio": 1.0, "volume_for_slippage_10_percentss": [8368.810735046864], "trade_every": 1800, "collaterals": [280, 3396, 6512, 9627, 12743, 15858, 18974, 22090, 25205, 28321, 31437, 34552, 37668, 40784, 43899, 47015, 50131, 53246, 56362, 59477, 62593, 65709, 68824, 71940, 75056, 78171, 81287, 84403, 87518, 90634, 18750.0], "liquidation_incentives": [0.10000000000000009], "stability_pool_initial_balances": [0.8949119154608908, 0.4474559577304454, 1.7898238309217815], "share_institutionals": [0.3421405298422175, 0.17107026492110874, 0.684281059684435, 1], "recovery_halflife_retails": [3.3333333333333335], "price_recovery_times": [0], "l_factors": [0.25, 0.5, 1, 1.5, 2], "json_time": 1667728764.2748194, "current_debt": 280.7286448257105}, "renBTC-VST": {"series_std_ratio": 0.760706293780634, "volume_for_slippage_10_percentss": [2952.542080581188], "trade_every": 1800, "collaterals": [15, 223, 431, 639, 846, 1054, 1262, 1470, 1678, 1885, 2093, 2301, 2509, 2717, 2925, 3132, 3340, 3548, 3756, 3964, 4171, 4379, 4587, 4795, 5003, 5210, 5418, 5626, 5834, 6042, 1250.0], "liquidation_incentives": [0.10000000000000009], "stability_pool_initial_balances": [1.6334783368251913, 0.8167391684125956, 3.2669566736503826], "share_institutionals": [0.834965816076974, 0.417482908038487, 1, 1], "recovery_halflife_retails": [3.3333333333333335], "price_recovery_times": [0], "l_factors": [0.25, 0.5, 1, 1.5, 2], "json_time": 1667728764.2748194, "current_debt": 15.70324994887771}, "gOHM-VST": {"series_std_ratio": 1.416911372280521, "volume_for_slippage_10_percentss": [347.2256627678871], "trade_every": 1800, "collaterals": [3556, 4063, 4569, 5076, 5582, 6089, 6595, 7101, 7608, 8114, 8621, 9127, 9634, 10140, 10647, 11153, 11659, 12166, 12672, 13179, 13685, 14192, 14698, 15204, 15711, 16217, 16724, 17230, 17737, 18243, 3750.0], "liquidation_incentives": [0.1499999999999999], "stability_pool_initial_balances": [0.0470551752178851, 0.02352758760894255, 0.0941103504357702], "share_institutionals": [0.5678519055194275, 0.2839259527597138, 1, 1], "recovery_halflife_retails": [3.3333333333333335], "price_recovery_times": [0], "l_factors": [0.25, 0.5, 1, 1.5, 2], "json_time": 1667728764.2748194, "current_debt": 3556.8774630508638}, "DPX-VST": {"series_std_ratio": 1.974078240475897, "volume_for_slippage_10_percentss": [514.1185012459755], "trade_every": 1800, "collaterals": [220, 629, 1038, 1448, 1857, 2266, 2676, 3085, 3494, 3904, 4313, 4722, 5132, 5541, 5950, 6360, 6769, 7178, 7588, 7997, 8406, 8816, 9225, 9634, 10044, 10453, 10862, 11272, 11681, 12090, 2500.0], "liquidation_incentives": [0.1499999999999999], "stability_pool_initial_balances": [0.17102588496102755, 0.08551294248051378, 0.3420517699220551], "share_institutionals": [6.602150446152837e-05, 3.301075223076419e-05, 0.00013204300892305675, 1], "recovery_halflife_retails": [3.3333333333333335], "price_recovery_times": [2], "l_factors": [0.25, 0.5, 1, 1.5, 2], "json_time": 1667728764.2748194, "current_debt": 220.19267731622415}, "GMX-VST": {"series_std_ratio": 2.081064798518858, "volume_for_slippage_10_percentss": [2078.738861978054], "trade_every": 1800, "collaterals": [54, 469, 884, 1299, 1714, 2128, 2543, 2958, 3373, 3788, 4203, 4618, 5032, 5447, 5862, 6277, 6692, 7107, 7521, 7936, 8351, 8766, 9181, 9596, 10010, 10425, 10840, 11255, 11670, 12085, 2500.0], "liquidation_incentives": [0.1499999999999999], "stability_pool_initial_balances": [0.47234342898687565, 0.23617171449343782, 0.9446868579737513], "share_institutionals": [0.013003604747644077, 0.0065018023738220385, 0.026007209495288154, 1], "recovery_halflife_retails": [3.3333333333333335], "price_recovery_times": [0], "l_factors": [0.25, 0.5, 1, 1.5, 2], "json_time": 1667728764.2748194, "current_debt": 54.79293556762248}, "sGLP-VST": {"series_std_ratio": 0.4707294016934606, "volume_for_slippage_10_percentss": [2952.542080581188], "trade_every": 1800, "collaterals": [3124, 3541, 3958, 4374, 4791, 5208, 5624, 6041, 6458, 6874, 7291, 7708, 8124, 8541, 8958, 9374, 9791, 10208, 10624, 11041, 11458, 11874, 12291, 12708, 13124, 13541, 13958, 14374, 14791, 15208, 3125.0], "liquidation_incentives": [0.10000000000000009], "stability_pool_initial_balances": [0.20238335325151252, 0.10119167662575626, 0.40476670650302504], "share_institutionals": [0.0, 0.0, 0.0, 1], "recovery_halflife_retails": [3.3333333333333335], "price_recovery_times": [0], "l_factors": [0.25, 0.5, 1, 1.5, 2], "json_time": 1667728764.2748194, "current_debt": 3124.9943848594344}}