{"json_time": 1682944954, "VST": {"oracle": 1.0021253274179989, "cex_price": 1, "dex_price": 1}, "ETH": {"oracle": 1850.37228828, "cex_price": 1848.705, "dex_price": 1849.7432592152545}, "gOHM": {"oracle": 2772.97722555856, "cex_price": "NaN", "dex_price": 2779.4788317114103}, "GMX": {"oracle": 70.91664787927144, "cex_price": "NaN", "dex_price": 70.45491252983092}, "DPX": {"oracle": 186.86978853, "cex_price": "NaN", "dex_price": 186.75050753903702}, "sGLP": {"oracle": 0.9765537845217812, "cex_price": "NaN", "dex_price": "NaN"}}