{"json_time": 1682944954, "stabilityPoolVstBalance": {"ETH": 165779.90681039082, "gOHM": 111275.94750472782, "GMX": 77058.49952333112, "DPX": 51040.92854687491, "sGLP": 1072.9686953132386}, "stabilityPoolGemBalance": {"ETH": 23773.685269924255, "gOHM": 12269.213621793124, "GMX": 5637.001725390031, "DPX": 23324.621860385298, "sGLP": 0.0}, "bprotocolBalance": {"ETH": 47548.86478362886, "gOHM": 43303.63582163971, "DPX": 14314.153096301645, "GMX": 21214.642594721478, "sGLP": 0.0}, "bprotocolGemBalance": {"ETH": 0.005122211618893318, "gOHM": 0.0, "DPX": 47.74204248786442, "GMX": 0.09207386522042675, "sGLP": 0.0}}