{"json_time": 1690362252, "VST": {"oracle": 0.9911662757243602, "cex_price": 1, "dex_price": 1}, "ETH": {"oracle": 1854.4826, "cex_price": 1855.3049999999998, "dex_price": 1854.743116369368}, "gOHM": {"oracle": 2854.1492446668058, "cex_price": "NaN", "dex_price": 2840.6388093766177}, "GMX": {"oracle": 54.22475955690572, "cex_price": "NaN", "dex_price": 54.01438325103409}, "DPX": {"oracle": 111.31703971, "cex_price": "NaN", "dex_price": 110.93406177930474}, "sGLP": {"oracle": 0.9943691625153762, "cex_price": "NaN", "dex_price": "NaN"}}