{"auUSDC": {"auETH": {"volume": 23411.32402420044, "llc": 1.1}, "auWBTC": {"volume": 29133.36420059204, "llc": 1.1}, "auUSDT": {"volume": 2804322.849750519, "llc": 1.1}, "auWNEAR": {"volume": 91122.13277816772, "llc": 1.1}, "auSTNEAR": {"volume": 89193.86241416, "llc": 1.1}}, "auETH": {"auUSDC": {"volume": 25318.670749664307, "llc": 1.1}, "auWBTC": {"volume": 28179.690837860107, "llc": 1.1}, "auUSDT": {"volume": 23411.32402420044, "llc": 1.1}, "auWNEAR": {"volume": 41531.11791610718, "llc": 1.1}, "auSTNEAR": {"volume": 41531.11791610718, "llc": 1.1}}, "auWBTC": {"auUSDC": {"volume": 31040.71092605591, "llc": 1.1}, "auETH": {"volume": 28179.690837860107, "llc": 1.1}, "auUSDT": {"volume": 29133.36420059204, "llc": 1.1}, "auWNEAR": {"volume": 68233.97207260132, "llc": 1.1}, "auSTNEAR": {"volume": 68233.97207260132, "llc": 1.1}}, "auUSDT": {"auUSDC": {"volume": 1344248.9314079285, "llc": 1.1}, "auETH": {"volume": 22457.650661468506, "llc": 1.1}, "auWBTC": {"volume": 28179.690837860107, "llc": 1.1}, "auWNEAR": {"volume": 91122.13277816772, "llc": 1.1}, "auSTNEAR": {"volume": 89193.86241416, "llc": 1.1}}, "auWNEAR": {"auUSDC": {"volume": 92075.80614089966, "llc": 1.1}, "auETH": {"volume": 41531.11791610718, "llc": 1.1}, "auWBTC": {"volume": 68233.97207260132, "llc": 1.1}, "auUSDT": {"volume": 91122.13277816772, "llc": 1.1}, "auSTNEAR": {"volume": 89193.86241416, "llc": 1.1}}, "auSTNEAR": {"auUSDC": {"volume": 76817.03233718872, "llc": 1.1}, "auETH": {"volume": 52021.52490615845, "llc": 1.1}, "auWBTC": {"volume": 70141.31879806519, "llc": 1.1}, "auUSDT": {"volume": 76817.03233718872, "llc": 1.1}, "auWNEAR": {"volume": 98751.5196800232, "llc": 1.1}}, "json_time": 1668692986}