{"json_time": 1667109018, "VST": {"total_collateral": "0.0", "median_collateral": "nan", "top_1_collateral": "0.0", "top_10_collateral": "0.0", "total_debt": "0.0", "median_debt": "nan", "top_1_debt": "nan", "top_10_debt": "0.0", "graph_data": {"ETH": {"4.9": 0, "4.800000000000001": 0, "4.7": 0, "4.6000000000000005": 0, "4.5": 0, "4.4": 0, "4.3": 0, "4.2": 0, "4.1000000000000005": 0, "4.0": 0, "3.9000000000000004": 0, "3.8000000000000003": 0, "3.7": 0, "3.6": 0, "3.5": 0, "3.4000000000000004": 0, "3.3000000000000003": 0, "3.2": 0, "3.1": 0, "3.0": 0, "2.9000000000000004": 0, "2.8000000000000003": 0, "2.7": 0, "2.6": 0, "2.5": 0, "2.4000000000000004": 0, "2.3000000000000003": 0, "2.2": 0, "2.1": 0, "2.0": 0, "1.9000000000000001": 0, "1.8": 0, "1.7000000000000002": 0, "1.6": 0, "1.5": 0, "1.4000000000000001": 0, "1.3": 0}, "gOHM": {"4.9": 0, "4.800000000000001": 0, "4.7": 0, "4.6000000000000005": 0, "4.5": 0, "4.4": 0, "4.3": 0, "4.2": 0, "4.1000000000000005": 0, "4.0": 0, "3.9000000000000004": 0, "3.8000000000000003": 0, "3.7": 0, "3.6": 0, "3.5": 0, "3.4000000000000004": 0, "3.3000000000000003": 0, "3.2": 0, "3.1": 0, "3.0": 0, "2.9000000000000004": 0, "2.8000000000000003": 0, "2.7": 0, "2.6": 0, "2.5": 0, "2.4000000000000004": 0, "2.3000000000000003": 0, "2.2": 0, "2.1": 0, "2.0": 0, "1.9000000000000001": 0, "1.8": 0}, "renBTC": {"4.9": 0, "4.800000000000001": 0, "4.7": 0, "4.6000000000000005": 0, "4.5": 0, "4.4": 0, "4.3": 0, "4.2": 0, "4.1000000000000005": 0, "4.0": 0, "3.9000000000000004": 0, "3.8000000000000003": 0, "3.7": 0, "3.6": 0, "3.5": 0, "3.4000000000000004": 0, "3.3000000000000003": 0, "3.2": 0, "3.1": 0, "3.0": 0, "2.9000000000000004": 0, "2.8000000000000003": 0, "2.7": 0, "2.6": 0, "2.5": 0, "2.4000000000000004": 0, "2.3000000000000003": 0}, "GMX": {"4.9": 0, "4.800000000000001": 0, "4.7": 0, "4.6000000000000005": 0, "4.5": 0, "4.4": 0, "4.3": 0, "4.2": 0, "4.1000000000000005": 0, "4.0": 0, "3.9000000000000004": 0, "3.8000000000000003": 0, "3.7": 0, "3.6": 0, "3.5": 0, "3.4000000000000004": 0, "3.3000000000000003": 0, "3.2": 0, "3.1": 0, "3.0": 0, "2.9000000000000004": 0, "2.8000000000000003": 0, "2.7": 0, "2.6": 0, "2.5": 0, "2.4000000000000004": 0, "2.3000000000000003": 0, "2.2": 0, "2.1": 0, "2.0": 0, "1.9000000000000001": 0, "1.8": 0, "1.7000000000000002": 0, "1.6": 0}, "DPX": {"4.9": 0, "4.800000000000001": 0, "4.7": 0, "4.6000000000000005": 0, "4.5": 0, "4.4": 0, "4.3": 0, "4.2": 0, "4.1000000000000005": 0, "4.0": 0, "3.9000000000000004": 0, "3.8000000000000003": 0, "3.7": 0, "3.6": 0, "3.5": 0, "3.4000000000000004": 0, "3.3000000000000003": 0, "3.2": 0, "3.1": 0, "3.0": 0, "2.9000000000000004": 0, "2.8000000000000003": 0, "2.7": 0, "2.6": 0, "2.5": 0, "2.4000000000000004": 0, "2.3000000000000003": 0, "2.2": 0, "2.1": 0, "2.0": 0, "1.9000000000000001": 0, "1.8": 0}, "sGLP": {"4.9": 0, "4.800000000000001": 0, "4.7": 0, "4.6000000000000005": 0, "4.5": 0, "4.4": 0, "4.3": 0, "4.2": 0, "4.1000000000000005": 0, "4.0": 0, "3.9000000000000004": 0, "3.8000000000000003": 0, "3.7": 0, "3.6": 0, "3.5": 0, "3.4000000000000004": 0, "3.3000000000000003": 0, "3.2": 0, "3.1": 0, "3.0": 0, "2.9000000000000004": 0, "2.8000000000000003": 0, "2.7": 0, "2.6": 0, "2.5": 0, "2.4000000000000004": 0, "2.3000000000000003": 0, "2.2": 0, "2.1": 0, "2.0": 0, "1.9000000000000001": 0, "1.8": 0, "1.7000000000000002": 0, "1.6": 0, "1.5": 0, "1.4000000000000001": 0, "1.3": 0, "1.2000000000000002": 0, "1.1": 0}}}, "ETH": {"total_collateral": "1305975.6863371567", "median_collateral": "3453.9153774621054", "top_1_collateral": "97569.838791", "top_10_collateral": "639570.2932750051", "total_debt": "491082.69621995906", "median_debt": "1256.1196013340684", "top_1_debt": "37200.0", "top_10_debt": "221566.8669194995", "graph_data": {"VST": {"1138.314785895": 27391, "975.6983879100002": 78003, "813.081989925": 204950, "650.4655919400001": 374554, "487.8491939550001": 413585, "325.23279597000004": 488267, "162.61639798500002": 490503, "0.0": 491053}}}, "gOHM": {"total_collateral": "15497339.756658271", "median_collateral": "23946.299024943026", "top_1_collateral": "2227636.3723315443", "top_10_collateral": "10305731.27712802", "total_debt": "5079910.738404246", "median_debt": "8583.308256100545", "top_1_debt": "870626.3382400485", "top_10_debt": "3496789.704275222", "graph_data": {"VST": {"1330.349945830168": 3522979, "1064.2799566641345": 4477096, "798.2099674981009": 4704953, "532.1399783320672": 5066686, "266.0699891660336": 5078866, "0.0": 5079866}}}, "renBTC": {"total_collateral": "130392.09138102653", "median_collateral": "9446.882599845365", "top_1_collateral": "40599.528696138055", "top_10_collateral": "130392.09138102652", "total_debt": "30131.75467428419", "median_debt": "2911.5238768061363", "top_1_debt": "9057.597790678888", "top_10_debt": "30131.754674284188", "graph_data": {"VST": {"8315.920892704": 3755, "6236.940669528001": 3755, "4157.960446352": 29797, "2078.980223176": 30128, "0.0": 30128}}}, "GMX": {"total_collateral": "202754.4961583153", "median_collateral": "11682.128473086774", "top_1_collateral": "43852.47159459862", "top_10_collateral": "199449.32845507827", "total_debt": "73155.0754266547", "median_debt": "4555.5", "top_1_debt": "17546.4904", "top_10_debt": "72259.34542665468", "graph_data": {"VST": {"25.76546972546882": 24545, "21.471224771224012": 63992, "17.17697981697921": 64772, "12.88273486273441": 72752, "8.588489908489604": 73152, "4.294244954244802": 73152, "0.0": 73152}}}, "DPX": {"total_collateral": "2166386.3008561805", "median_collateral": "441569.82148820325", "top_1_collateral": "1264928.6214285", "top_10_collateral": "2166386.300856181", "total_debt": "231003.53361363086", "median_debt": "26472.922783563103", "top_1_debt": "170891.27711611174", "top_10_debt": "231003.53361363086", "graph_data": {"VST": {"165.80500566": 7166, "132.644004528": 7166, "99.48300339600002": 7166, "66.322002264": 178057, "33.161001132": 178057, "0.0": 231001}}}, "sGLP": {"total_collateral": "7528331.177456298", "median_collateral": "5654.43231606844", "top_1_collateral": "1474399.9734567537", "top_10_collateral": "5509095.342667506", "total_debt": "4999998.395012654", "median_debt": "3230.290544092315", "top_1_debt": "1000000.0", "top_10_debt": "3758769.687031583", "graph_data": {"VST": {"0.8561032103942441": 150998, "0.7609806314615503": 3211786, "0.6658580525288565": 4738161, "0.5707354735961627": 4878591, "0.4756128946634689": 4977612, "0.38049031573077513": 4993592, "0.28536773679808136": 4995951, "0.19024515786538757": 4995951, "0.09512257893269378": 4999981, "0.0": 4999981}}}}