{"json_time": 1667109018, "ETH-VST": {"series_std_ratio": 1.0, "volume_for_slippage_10_percentss": [17894.219491183758], "trade_every": 1800, "collaterals": [306, 3421, 6536, 9651, 12766, 15880, 18995, 22110, 25225, 28339, 31454, 34569, 37684, 40798, 43913, 47028, 50143, 53258, 56372, 59487, 62602, 65717, 68831, 71946, 75061, 78176, 81290, 84405, 87520, 90635, 18750.0], "liquidation_incentives": [0.10000000000000009], "stability_pool_initial_balances": [1.075281804289956, 0.537640902144978, 2.150563608579912], "share_institutionals": [0.4866497558459602, 0.2433248779229801, 0.9732995116919204, 1], "recovery_halflife_retails": [3.3333333333333335], "price_recovery_times": [0], "l_factors": [0.25, 0.5, 1, 1.5, 2], "json_time": 1667112484.4080694, "current_debt": 306.9266851374743}, "renBTC-VST": {"series_std_ratio": 0.760706293780634, "volume_for_slippage_10_percentss": [3651.1078187823296], "trade_every": 1800, "collaterals": [18, 226, 434, 641, 849, 1057, 1265, 1472, 1680, 1888, 2095, 2303, 2511, 2719, 2926, 3134, 3342, 3549, 3757, 3965, 4172, 4380, 4588, 4796, 5003, 5211, 5419, 5626, 5834, 6042, 1250.0], "liquidation_incentives": [0.10000000000000009], "stability_pool_initial_balances": [1.3482677498851616, 0.6741338749425808, 2.6965354997703233], "share_institutionals": [0.8435110118771403, 0.42175550593857014, 1, 1], "recovery_halflife_retails": [3.3333333333333335], "price_recovery_times": [0], "l_factors": [0.25, 0.5, 1, 1.5, 2], "json_time": 1667112484.4080694, "current_debt": 18.832346671427622}, "gOHM-VST": {"series_std_ratio": 1.416911372280521, "volume_for_slippage_10_percentss": [358.5505339503288], "trade_every": 1800, "collaterals": [3174, 3694, 4213, 4732, 5251, 5770, 6289, 6809, 7328, 7847, 8366, 8885, 9404, 9924, 10443, 10962, 11481, 12000, 12519, 13039, 13558, 14077, 14596, 15115, 15634, 16154, 16673, 17192, 17711, 18230, 3750.0], "liquidation_incentives": [0.1499999999999999], "stability_pool_initial_balances": [0.052710178464269716, 0.026355089232134858, 0.10542035692853943], "share_institutionals": [0.5679056301704167, 0.28395281508520837, 1, 1], "recovery_halflife_retails": [3.3333333333333335], "price_recovery_times": [0], "l_factors": [0.25, 0.5, 1, 1.5, 2], "json_time": 1667112484.4080694, "current_debt": 3174.9442115026545}, "DPX-VST": {"series_std_ratio": 1.974078240475897, "volume_for_slippage_10_percentss": [555.2456650137901], "trade_every": 1800, "collaterals": [144, 556, 968, 1379, 1791, 2203, 2615, 3027, 3439, 3851, 4262, 4674, 5086, 5498, 5910, 6322, 6734, 7145, 7557, 7969, 8381, 8793, 9205, 9617, 10028, 10440, 10852, 11264, 11676, 12088, 2500.0], "liquidation_incentives": [0.1499999999999999], "stability_pool_initial_balances": [0.2675356012119955, 0.13376780060599774, 0.535071202423991], "share_institutionals": [6.064640240197057e-05, 3.0323201200985286e-05, 0.00012129280480394115, 1], "recovery_halflife_retails": [3.3333333333333335], "price_recovery_times": [2], "l_factors": [0.25, 0.5, 1, 1.5, 2], "json_time": 1667112484.4080694, "current_debt": 144.3772085085193}, "GMX-VST": {"series_std_ratio": 2.081064798518858, "volume_for_slippage_10_percentss": [1689.5209208130836], "trade_every": 1800, "collaterals": [45, 460, 876, 1291, 1706, 2121, 2536, 2951, 3366, 3782, 4197, 4612, 5027, 5442, 5857, 6272, 6688, 7103, 7518, 7933, 8348, 8763, 9178, 9594, 10009, 10424, 10839, 11254, 11669, 12084, 2500.0], "liquidation_incentives": [0.1499999999999999], "stability_pool_initial_balances": [0.8019064708953915, 0.40095323544769573, 1.603812941790783], "share_institutionals": [0.42038907302781303, 0.21019453651390652, 0.8407781460556261, 1], "recovery_halflife_retails": [3.3333333333333335], "price_recovery_times": [0], "l_factors": [0.25, 0.5, 1, 1.5, 2], "json_time": 1667112484.4080694, "current_debt": 45.721922141659185}, "sGLP-VST": {"series_std_ratio": 0.4707294016934606, "volume_for_slippage_10_percentss": [3651.1078187823296], "trade_every": 1800, "collaterals": [3124, 3541, 3958, 4374, 4791, 5208, 5624, 6041, 6458, 6874, 7291, 7708, 8124, 8541, 8958, 9374, 9791, 10208, 10624, 11041, 11458, 11874, 12291, 12708, 13124, 13541, 13958, 14374, 14791, 15208, 3125.0], "liquidation_incentives": [0.10000000000000009], "stability_pool_initial_balances": [0.20836880808586003, 0.10418440404293001, 0.41673761617172006], "share_institutionals": [0.0, 0.0, 0.0, 1], "recovery_halflife_retails": [3.3333333333333335], "price_recovery_times": [0], "l_factors": [0.25, 0.5, 1, 1.5, 2], "json_time": 1667112484.4080694, "current_debt": 3124.998996882909}}