{"json_time": 1668937507, "auUSDC": {"oracle": 1.00018009, "cex_price": 1, "dex_price": 1}, "auETH": {"oracle": 1196.99, "cex_price": 1197.4850000000001, "dex_price": 1216.0270546408526}, "auWBTC": {"oracle": 16614.26087232, "cex_price": 16631.725, "dex_price": 16839.144409808196}, "auUSDT": {"oracle": 0.99903124, "cex_price": 1, "dex_price": 0.9986570978113164}, "auWNEAR": {"oracle": 1.73, "cex_price": 1.7245, "dex_price": 1.7330813860688554}, "auSTNEAR": {"oracle": 1.9725842, "cex_price": "NaN", "dex_price": 1.9879696280587646}}