{"json_time": 1693121865, "glp_data": {"liquidTreasury": 321978484.82987154, "treasuryUtilization": 0.1765660628259898, "liquidStableTreasury": 141028675.07064486, "stableTreasuryUtilization": 0.05233452354178635, "liquidSolidAssetTreasury": 155881606.45401344, "solidTreasuryUtilization": 0.2733513104152818}}