{"json_time": 1686665076, "stabilityPoolVstBalance": {"ETH": 136993.83461036027, "gOHM": 86958.16721942941, "GMX": 67431.189901083, "DPX": 8903.95595985009, "sGLP": 443.60220807623506}, "stabilityPoolGemBalance": {"ETH": 19369.739167188043, "gOHM": 11037.540375105758, "GMX": 24279.0912393376, "DPX": 19646.941583299445, "sGLP": 0.0}, "bprotocolBalance": {"ETH": 47367.29785921759, "gOHM": 43132.762121238746, "DPX": 7989.472238324237, "GMX": 11391.101934861968, "sGLP": 0.0}, "bprotocolGemBalance": {"ETH": 0.06201534360359258, "gOHM": 0.0, "DPX": 91.57122841505588, "GMX": 221.60946114171566, "sGLP": 0.0}}