{"json_time": 1679850376, "ETH": {"oracle": 1762.51484237, "cex_price": 1767.605, "dex_price": 1749.2332803523109}, "BNB|bsc": {"oracle": 326.81990572, "cex_price": 327.45, "dex_price": 318.6896566993912}, "WBTC|eth": {"oracle": 27777.77, "cex_price": 27845.985, "dex_price": 28126.854648324934}, "pCKB": {"oracle": 0.00511056, "cex_price": 0.005105, "dex_price": 0.0051048212605692735}, "USDC": {"oracle": 0.999885566, "cex_price": 1, "dex_price": 1}, "USDT": {"oracle": 1.000999999, "cex_price": 1, "dex_price": 0.9984385008928363}}