{"json_time": 1689587277, "glp_data": {"liquidTreasury": 392873737.67799413, "treasuryUtilization": 0.22957737230150246, "liquidStableTreasury": 203072805.77953392, "stableTreasuryUtilization": 0.14202137057673692, "liquidSolidAssetTreasury": 181768380.5365848, "solidTreasuryUtilization": 0.30835952390061067}}