{"json_time": 1675947413.4817076, "ADA": {"WRT": 1.5138314611611712, "MIN": 0.057119044434108444, "MELD": 0.3653064375911453, "iUSD": 1.8347259369252438, "iBTC": 0.9198569311236418, "HOSKY": 0.5328950043403803, "COPI": 0.5029949877181569, "C3": 0.25803690636573096, "WMT": 0.27086031931571036}, "WRT": {"ADA": 1.5413834944281475, "MIN": 1.5896587550394496, "MELD": 1.856133919608697, "iUSD": 3.252725854374243, "iBTC": 2.3861807029078905, "HOSKY": 2.020052436975512, "COPI": 1.9842704758728944, "C3": 1.771849262905371, "WMT": 1.7787138284709292}, "MIN": {"ADA": 0.05711857960752742, "WRT": 1.5621502978105626, "MELD": 0.3954017847782025, "iUSD": 1.8583792984439516, "iBTC": 0.9540625013526298, "HOSKY": 0.5597468848471039, "COPI": 0.5330720407840184, "C3": 0.2985315154533708, "WMT": 0.299529421981019}, "MELD": {"ADA": 0.36440752575897883, "WRT": 1.8278539355563357, "MIN": 0.39450563119426335, "iUSD": 2.067388270822035, "iBTC": 1.224888126201171, "HOSKY": 0.7871356448959366, "COPI": 0.7607753001202657, "C3": 0.5616095891637917, "WMT": 0.5394241511484559}, "iUSD": {"ADA": 1.7970988303013904, "WRT": 3.1785394360948334, "MIN": 1.8207211048644951, "MELD": 2.0304839985329375, "iBTC": 2.2018835887236223, "HOSKY": 2.0996598393778503, "COPI": 2.053353750333971, "C3": 1.9423652517176644, "WMT": 1.9299789137190029}, "iBTC": {"ADA": 0.9297571979874059, "WRT": 2.361399518717834, "MIN": 0.9640142025411992, "MELD": 1.2358078500236491, "iUSD": 2.1916882397701714, "HOSKY": 1.3313013367182618, "COPI": 1.2870583723552298, "C3": 1.1345535121774402, "WMT": 1.1394637812790571}, "HOSKY": {"ADA": 0.5326105823749264, "WRT": 1.992036855133246, "MIN": 0.5595443158673662, "MELD": 0.7877559641282318, "iUSD": 2.1322793786240726, "iBTC": 1.3214201222162625, "COPI": 0.905955016029867, "C3": 0.7189042335122939, "WMT": 0.7102929052735255}, "COPI": {"ADA": 0.5042790150706022, "WRT": 1.9581783840792149, "MIN": 0.534350942276461, "MELD": 0.7630288687333345, "iUSD": 2.091214688489634, "iBTC": 1.2776696638649911, "HOSKY": 0.9078679389095956, "C3": 0.6911482909203603, "WMT": 0.6734051081793122}, "C3": {"ADA": 0.25739968493864196, "WRT": 1.7433181133140634, "MIN": 0.2978876105170572, "MELD": 0.5618102436312838, "iUSD": 1.9794056029177636, "iBTC": 1.1245124146276932, "HOSKY": 0.7187177866064169, "COPI": 0.6893055656097768, "WMT": 0.4738190912222903}, "WMT": {"ADA": 0.2711308515952048, "WRT": 1.75080615537486, "MIN": 0.29979282415926656, "MELD": 0.5406227980040328, "iUSD": 1.968004308706624, "iBTC": 1.129476513012457, "HOSKY": 0.7108332329784127, "COPI": 0.6723659859230903, "C3": 0.47474198395516054}}