{"json_time": 1677427625, "glp_data": {"liquidTreasury": 390067201.978055, "treasuryUtilization": 0.26440774244410836, "liquidStableTreasury": 183182107.7070534, "stableTreasuryUtilization": 0.24715971326680905, "liquidSolidAssetTreasury": 192919155.0797562, "solidTreasuryUtilization": 0.28383562643070825}}