{"json_time": 1677427625, "VST": {"oracle": 1.0061051950923483, "cex_price": 1, "dex_price": 1}, "ETH": {"oracle": 1605.47830286, "cex_price": 1602.7849999999999, "dex_price": 1604.3147597075613}, "gOHM": {"oracle": 2722.818552136753, "cex_price": "NaN", "dex_price": 2733.521410587209}, "GMX": {"oracle": 73.04177252657819, "cex_price": "NaN", "dex_price": 73.4343635510582}, "DPX": {"oracle": 359.65459535, "cex_price": "NaN", "dex_price": 357.82131845426954}, "sGLP": {"oracle": 0.9343072320300133, "cex_price": "NaN", "dex_price": "NaN"}}