{"json_time": 1693502900, "USDC": {"oracle": 1.00000796, "cex_price": 1, "dex_price": 1}, "WXDAI": {"oracle": 1.0, "cex_price": 1, "dex_price": 0.9999458099601702}, "LINK": {"oracle": 5.88744, "cex_price": 5.8685, "dex_price": 6.321878144839715}, "GNO": {"oracle": 102.03497074, "cex_price": 102.05, "dex_price": 102.6724599897288}, "WBTC": {"oracle": 26325.77, "cex_price": 26331.165, "dex_price": 26831.101969456548}, "WETH": {"oracle": 1658.79, "cex_price": 1660.6750000000002, "dex_price": 1685.8128989563156}, "FOX": {"oracle": 0.02872644, "cex_price": 0.0286, "dex_price": 0.02921990765027329}, "USDT": {"oracle": 0.99995, "cex_price": 1, "dex_price": 0.9997151521614097}, "EURe": {"oracle": 1.08414, "cex_price": 1.0808499999999999, "dex_price": 1.086436133392995}, "wstETH": {"oracle": 1887.63336755, "cex_price": "NaN", "dex_price": 1887.63336755}}