{"json_time": 1691763106, "VST": {"oracle": 0.9977216945115591, "cex_price": 1, "dex_price": 1}, "ETH": {"oracle": 1853.22348336, "cex_price": 1854.8049999999998, "dex_price": 1852.8084195719978}, "gOHM": {"oracle": 2830.4333583974426, "cex_price": "NaN", "dex_price": 2850.8826938118827}, "GMX": {"oracle": 44.65954699006526, "cex_price": "NaN", "dex_price": 44.976991825287605}, "DPX": {"oracle": 85.17235989, "cex_price": "NaN", "dex_price": 84.8566421416241}, "sGLP": {"oracle": 0.9962259501246093, "cex_price": "NaN", "dex_price": "NaN"}}