{"json_time": 1667747882, "auETH-auUSDC": {"series_std_ratio": 1.0, "volume_for_slippage_10_percentss": [24.76485699415207], "trade_every": 1800, "collaterals": [1875, 3125, 2500, 4375, 5625, 5000, 6875, 8125, 7500, 9375, 10625, 10000, 625.0, 1250.0], "liquidation_incentives": [0.10000000000000009], "stability_pool_initial_balances": [0], "share_institutionals": [0], "recovery_halflife_retails": [0], "price_recovery_times": [0], "l_factors": [0.25, 0.5, 1, 1.5, 2], "json_time": 1667750703.6382642, "current_debt": 427.1305082768738}, "auETH-auWBTC": {"series_std_ratio": 0.4395117777819672, "volume_for_slippage_10_percentss": [31.321361362934113], "trade_every": 1800, "collaterals": [1875, 1250, 3125, 2500, 4375, 3750, 5625, 5000, 6875, 6250, 8125, 7500, 9375, 8750, 10625, 10000, 625.0, 1250.0], "liquidation_incentives": [0.10000000000000009], "stability_pool_initial_balances": [0], "share_institutionals": [0], "recovery_halflife_retails": [0], "price_recovery_times": [0], "l_factors": [0.25, 0.5, 1, 1.5, 2], "json_time": 1667750703.6382642, "current_debt": 427.1305082768738}, "auETH-auUSDT": {"series_std_ratio": 1.0, "volume_for_slippage_10_percentss": [22.976719439029694], "trade_every": 1800, "collaterals": [1875, 3125, 4375, 5625, 6875, 8125, 9375, 10625, 625.0, 1250.0], "liquidation_incentives": [0.10000000000000009], "stability_pool_initial_balances": [0], "share_institutionals": [0], "recovery_halflife_retails": [0], "price_recovery_times": [0], "l_factors": [0.25, 0.5, 1, 1.5, 2], "json_time": 1667750703.6382642, "current_debt": 427.1305082768738}, "auETH-auWNEAR": {"series_std_ratio": 1.184118683887115, "volume_for_slippage_10_percentss": [50.99087446928024], "trade_every": 1800, "collaterals": [1875, 625, 1250, 3125, 2500, 4375, 3750, 5625, 6875, 8125, 9375, 10625, 625.0, 1250.0], "liquidation_incentives": [0.10000000000000009], "stability_pool_initial_balances": [0], "share_institutionals": [0], "recovery_halflife_retails": [0], "price_recovery_times": [0], "l_factors": [0.25, 0.5, 1, 1.5, 2], "json_time": 1667750703.6382642, "current_debt": 427.1305082768738}, "auETH-auSTNEAR": {"series_std_ratio": 1.184118683887115, "volume_for_slippage_10_percentss": [50.99087446928024], "trade_every": 1800, "collaterals": [1875, 625, 3125, 4375, 5625, 6875, 8125, 9375, 10625, 625.0, 1250.0], "liquidation_incentives": [0.10000000000000009], "stability_pool_initial_balances": [0], "share_institutionals": [0], "recovery_halflife_retails": [0], "price_recovery_times": [0], "l_factors": [0.25, 0.5, 1, 1.5, 2], "json_time": 1667750703.6382642, "current_debt": 427.1305082768738}, "auWBTC-auUSDC": {"series_std_ratio": 0.760706293780634, "volume_for_slippage_10_percentss": [27.149040400981903], "trade_every": 1800, "collaterals": [2500, 5000, 7500, 10000, 12500, 15000, 17500, 20000, 625.0, 625.0], "liquidation_incentives": [0.10000000000000009], "stability_pool_initial_balances": [0], "share_institutionals": [0], "recovery_halflife_retails": [0], "price_recovery_times": [0], "l_factors": [0.25, 0.5, 1, 1.5, 2], "json_time": 1667750703.6382642, "current_debt": 52.03355455827748}, "auWBTC-auETH": {"series_std_ratio": 0.4396477338745114, "volume_for_slippage_10_percentss": [31.321361362934113], "trade_every": 1800, "collaterals": [2500, 625, 1250, 1875, 5000, 7500, 10000, 12500, 15000, 17500, 20000, 625.0, 625.0], "liquidation_incentives": [0.10000000000000009], "stability_pool_initial_balances": [0], "share_institutionals": [0], "recovery_halflife_retails": [0], "price_recovery_times": [0], "l_factors": [0.25, 0.5, 1, 1.5, 2], "json_time": 1667750703.6382642, "current_debt": 52.03355455827748}, "auWBTC-auUSDT": {"series_std_ratio": 0.760706293780634, "volume_for_slippage_10_percentss": [25.956948697566986], "trade_every": 1800, "collaterals": [2500, 5000, 3125, 7500, 5625, 10000, 8125, 12500, 10625, 15000, 13125, 17500, 15625, 20000, 18125, 625.0, 625.0], "liquidation_incentives": [0.10000000000000009], "stability_pool_initial_balances": [0], "share_institutionals": [0], "recovery_halflife_retails": [0], "price_recovery_times": [0], "l_factors": [0.25, 0.5, 1, 1.5, 2], "json_time": 1667750703.6382642, "current_debt": 52.03355455827748}, "auWBTC-auWNEAR": {"series_std_ratio": 1.2792098103887029, "volume_for_slippage_10_percentss": [66.48806661367416], "trade_every": 1800, "collaterals": [2500, 625, 1250, 1875, 5000, 3125, 3750, 4375, 7500, 10000, 12500, 15000, 17500, 20000, 625.0, 625.0], "liquidation_incentives": [0.10000000000000009], "stability_pool_initial_balances": [0], "share_institutionals": [0], "recovery_halflife_retails": [0], "price_recovery_times": [0], "l_factors": [0.25, 0.5, 1, 1.5, 2], "json_time": 1667750703.6382642, "current_debt": 52.03355455827748}, "auWBTC-auSTNEAR": {"series_std_ratio": 1.2792098103887029, "volume_for_slippage_10_percentss": [66.48806661367416], "trade_every": 1800, "collaterals": [2500, 625, 5000, 7500, 10000, 12500, 15000, 17500, 20000, 625.0, 625.0], "liquidation_incentives": [0.10000000000000009], "stability_pool_initial_balances": [0], "share_institutionals": [0], "recovery_halflife_retails": [0], "price_recovery_times": [0], "l_factors": [0.25, 0.5, 1, 1.5, 2], "json_time": 1667750703.6382642, "current_debt": 52.03355455827748}, "auWNEAR-auUSDC": {"series_std_ratio": 1.7465911126462959, "volume_for_slippage_10_percentss": [79.60107535123825], "trade_every": 1800, "collaterals": [1250, 2500, 3125, 4375, 5625, 5000, 6250, 7500, 8125, 625.0, 625.0], "liquidation_incentives": [0.10000000000000009], "stability_pool_initial_balances": [0], "share_institutionals": [0], "recovery_halflife_retails": [0], "price_recovery_times": [0], "l_factors": [0.25, 0.5, 1, 1.5, 2], "json_time": 1667750703.6382642, "current_debt": 144.5647325925817}, "auWNEAR-auETH": {"series_std_ratio": 1.1824518260272128, "volume_for_slippage_10_percentss": [50.99087446928024], "trade_every": 1800, "collaterals": [1250, 625, 2500, 1875, 3125, 4375, 5625, 6250, 7500, 8125, 625.0, 625.0], "liquidation_incentives": [0.10000000000000009], "stability_pool_initial_balances": [0], "share_institutionals": [0], "recovery_halflife_retails": [0], "price_recovery_times": [0], "l_factors": [0.25, 0.5, 1, 1.5, 2], "json_time": 1667750703.6382642, "current_debt": 144.5647325925817}, "auWNEAR-auWBTC": {"series_std_ratio": 1.27690118691834, "volume_for_slippage_10_percentss": [64.10388320684433], "trade_every": 1800, "collaterals": [1250, 2500, 3125, 4375, 3750, 5625, 5000, 6250, 7500, 8125, 625.0, 625.0], "liquidation_incentives": [0.10000000000000009], "stability_pool_initial_balances": [0], "share_institutionals": [0], "recovery_halflife_retails": [0], "price_recovery_times": [0], "l_factors": [0.25, 0.5, 1, 1.5, 2], "json_time": 1667750703.6382642, "current_debt": 144.5647325925817}, "auWNEAR-auUSDT": {"series_std_ratio": 1.7465911126462959, "volume_for_slippage_10_percentss": [77.81293779611588], "trade_every": 1800, "collaterals": [1250, 2500, 3125, 4375, 5625, 6250, 7500, 8125, 625.0, 625.0], "liquidation_incentives": [0.10000000000000009], "stability_pool_initial_balances": [0], "share_institutionals": [0], "recovery_halflife_retails": [0], "price_recovery_times": [0], "l_factors": [0.25, 0.5, 1, 1.5, 2], "json_time": 1667750703.6382642, "current_debt": 144.5647325925817}, "auSTNEAR-auUSDC": {"series_std_ratio": 1.7465911126462959, "volume_for_slippage_10_percentss": [71.25643342733383], "trade_every": 1800, "collaterals": [1250, 1875, 2500, 3125, 3750, 4375, 5000, 5625, 625.0, 625.0], "liquidation_incentives": [0.10000000000000009], "stability_pool_initial_balances": [0], "share_institutionals": [0], "recovery_halflife_retails": [0], "price_recovery_times": [0], "l_factors": [0.25, 0.5, 1, 1.5, 2], "json_time": 1667750703.6382642, "current_debt": 0.0}, "auSTNEAR-auETH": {"series_std_ratio": 1.1824518260272128, "volume_for_slippage_10_percentss": [58.143424689769745], "trade_every": 1800,