{"json_time": 1684912712, "VST": {"oracle": 1.1632340987386964, "cex_price": 1, "dex_price": 1}, "ETH": {"oracle": 1818.47480905, "cex_price": 1814.0749999999998, "dex_price": 1816.009674438051}, "gOHM": {"oracle": 2786.802808084462, "cex_price": "NaN", "dex_price": 2774.907639467588}, "GMX": {"oracle": 55.541352872331295, "cex_price": "NaN", "dex_price": 55.217380503642076}, "DPX": {"oracle": 154.45635287, "cex_price": "NaN", "dex_price": 152.4293600627501}, "sGLP": {"oracle": 0.9599225179164214, "cex_price": "NaN", "dex_price": "NaN"}}