{"json_time": 1689232351, "ETH": {"VST": {"volume": 33304704.33664322, "llc": 1.1}}, "gOHM": {"VST": {"volume": 386760.87522506714, "llc": 1.15}}, "GMX": {"VST": {"volume": 6229917.568683624, "llc": 1.15}}, "DPX": {"VST": {"volume": 455425.35734176636, "llc": 1.15}}, "sGLP": {"VST": {"volume": 39074428.18117142, "llc": 1.1}}}