{"json_time": 1667632056, "stabilityPoolVstBalance": {"ETH": 400164.12479924044, "gOHM": 267790.70460384805, "renBTC": 41043.69777478885, "GMX": 41384.24891242839, "DPX": 60298.55099991234, "sGLP": 1011901.5480000001}, "stabilityPoolGemBalance": {"ETH": 28692.85553972669, "gOHM": 18133.880441756126, "renBTC": 470.841943901509, "GMX": 254.3487334203404, "DPX": 259.25680210714074, "sGLP": 0.0}, "bprotocolBalance": {"ETH": 137528.059779557, "gOHM": 152065.7361621556, "DPX": 3.9779731815896233, "GMX": 538.4757981882327, "renBTC": 34268.224303505034, "sGLP": 0.0}, "bprotocolGemBalance": {"ETH": 0.0664089177677064, "gOHM": 0.0, "DPX": 7.5720702787398e-05, "GMX": 1.310494182788e-06, "renBTC": 0.0, "sGLP": 0.0}}