{"json_time": 1667395928, "VST": {"total_collateral": "0.0", "median_collateral": "nan", "top_1_collateral": "0.0", "top_10_collateral": "0.0", "total_debt": "0.0", "median_debt": "nan", "top_1_debt": "nan", "top_10_debt": "0.0", "graph_data": {"ETH": {"4.9": 0, "4.800000000000001": 0, "4.7": 0, "4.6000000000000005": 0, "4.5": 0, "4.4": 0, "4.3": 0, "4.2": 0, "4.1000000000000005": 0, "4.0": 0, "3.9000000000000004": 0, "3.8000000000000003": 0, "3.7": 0, "3.6": 0, "3.5": 0, "3.4000000000000004": 0, "3.3000000000000003": 0, "3.2": 0, "3.1": 0, "3.0": 0, "2.9000000000000004": 0, "2.8000000000000003": 0, "2.7": 0, "2.6": 0, "2.5": 0, "2.4000000000000004": 0, "2.3000000000000003": 0, "2.2": 0, "2.1": 0, "2.0": 0, "1.9000000000000001": 0, "1.8": 0, "1.7000000000000002": 0, "1.6": 0, "1.5": 0, "1.4000000000000001": 0, "1.3": 0, "1.2000000000000002": 0}, "gOHM": {"4.9": 0, "4.800000000000001": 0, "4.7": 0, "4.6000000000000005": 0, "4.5": 0, "4.4": 0, "4.3": 0, "4.2": 0, "4.1000000000000005": 0, "4.0": 0, "3.9000000000000004": 0, "3.8000000000000003": 0, "3.7": 0, "3.6": 0, "3.5": 0, "3.4000000000000004": 0, "3.3000000000000003": 0, "3.2": 0, "3.1": 0, "3.0": 0, "2.9000000000000004": 0, "2.8000000000000003": 0, "2.7": 0, "2.6": 0, "2.5": 0, "2.4000000000000004": 0, "2.3000000000000003": 0, "2.2": 0, "2.1": 0, "2.0": 0, "1.9000000000000001": 0, "1.8": 0, "1.7000000000000002": 0}, "renBTC": {"4.9": 0, "4.800000000000001": 0, "4.7": 0, "4.6000000000000005": 0, "4.5": 0, "4.4": 0, "4.3": 0, "4.2": 0, "4.1000000000000005": 0, "4.0": 0, "3.9000000000000004": 0, "3.8000000000000003": 0, "3.7": 0, "3.6": 0, "3.5": 0, "3.4000000000000004": 0, "3.3000000000000003": 0, "3.2": 0, "3.1": 0, "3.0": 0, "2.9000000000000004": 0, "2.8000000000000003": 0, "2.7": 0, "2.6": 0, "2.5": 0, "2.4000000000000004": 0, "2.3000000000000003": 0}, "GMX": {"4.9": 0, "4.800000000000001": 0, "4.7": 0, "4.6000000000000005": 0, "4.5": 0, "4.4": 0, "4.3": 0, "4.2": 0, "4.1000000000000005": 0, "4.0": 0, "3.9000000000000004": 0, "3.8000000000000003": 0, "3.7": 0, "3.6": 0, "3.5": 0, "3.4000000000000004": 0, "3.3000000000000003": 0, "3.2": 0, "3.1": 0, "3.0": 0, "2.9000000000000004": 0, "2.8000000000000003": 0, "2.7": 0, "2.6": 0, "2.5": 0, "2.4000000000000004": 0, "2.3000000000000003": 0, "2.2": 0, "2.1": 0, "2.0": 0, "1.9000000000000001": 0, "1.8": 0, "1.7000000000000002": 0, "1.6": 0, "1.5": 0, "1.4000000000000001": 0, "1.3": 0}, "DPX": {"4.9": 0, "4.800000000000001": 0, "4.7": 0, "4.6000000000000005": 0, "4.5": 0, "4.4": 0, "4.3": 0, "4.2": 0, "4.1000000000000005": 0, "4.0": 0, "3.9000000000000004": 0, "3.8000000000000003": 0, "3.7": 0, "3.6": 0, "3.5": 0, "3.4000000000000004": 0, "3.3000000000000003": 0, "3.2": 0, "3.1": 0, "3.0": 0, "2.9000000000000004": 0, "2.8000000000000003": 0, "2.7": 0, "2.6": 0, "2.5": 0, "2.4000000000000004": 0, "2.3000000000000003": 0, "2.2": 0}, "sGLP": {"4.9": 0, "4.800000000000001": 0, "4.7": 0, "4.6000000000000005": 0, "4.5": 0, "4.4": 0, "4.3": 0, "4.2": 0, "4.1000000000000005": 0, "4.0": 0, "3.9000000000000004": 0, "3.8000000000000003": 0, "3.7": 0, "3.6": 0, "3.5": 0, "3.4000000000000004": 0, "3.3000000000000003": 0, "3.2": 0, "3.1": 0, "3.0": 0, "2.9000000000000004": 0, "2.8000000000000003": 0, "2.7": 0, "2.6": 0, "2.5": 0, "2.4000000000000004": 0, "2.3000000000000003": 0, "2.2": 0, "2.1": 0, "2.0": 0, "1.9000000000000001": 0, "1.8": 0, "1.7000000000000002": 0, "1.6": 0, "1.5": 0, "1.4000000000000001": 0, "1.3": 0, "1.2000000000000002": 0, "1.1": 0}}}, "ETH": {"total_collateral": "1226751.190616353", "median_collateral": "3891.8125", "top_1_collateral": "93403.5", "top_10_collateral": "612259.9425000001", "total_debt": "486666.6977174507", "median_debt": "1300.8744082499995", "top_1_debt": "37200.0", "top_10_debt": "221566.8669194995", "graph_data": {"VST": {"1245.38": 31724, "1089.7075": 58461, "934.0350000000001": 86694, "778.3625": 213040, "622.69": 379960, "467.01750000000004": 409623, "311.345": 483852, "155.6725": 486088, "0.0": 486638}}}, "gOHM": {"total_collateral": "15188890.34304754", "median_collateral": "24423.239754995793", "top_1_collateral": "2186382.8618819155", "top_10_collateral": "10107762.627318062", "total_debt": "5085497.988428318", "median_debt": "8803.884062582203", "top_1_debt": "870626.3382400485", "top_10_debt": "3512147.6042752224", "graph_data": {"VST": {"1566.855896947464": 449337, "1305.71324745622": 3528136, "1044.570597964976": 4472710, "783.427948473732": 4710542, "522.285298982488": 5072275, "261.142649491244": 5084455, "0.0": 5085455}}}, "renBTC": {"total_collateral": "128034.0825429888", "median_collateral": "9275.615446683756", "top_1_collateral": "39865.64040481431", "top_10_collateral": "128034.0825429888", "total_debt": "30130.737474284193", "median_debt": "2911.015276806136", "top_1_debt": "9057.597790678888", "top_10_debt": "30130.737474284193", "graph_data": {"VST": {"8165.600010400001": 3754, "6124.200007800001": 3754, "4082.8000052000007": 29796, "2041.4000026000003": 30127, "0.0": 30127}}}, "GMX": {"total_collateral": "198675.7775343826", "median_collateral": "9926.672396118878", "top_1_collateral": "41918.81879655964", "top_10_collateral": "191876.74905395226", "total_debt": "75458.01851904989", "median_debt": "2100.0", "top_1_debt": "17546.4904", "top_10_debt": "73122.28847788533", "graph_data": {"VST": {"32.83913896925262": 330, "28.734246598096046": 330, "24.62935422693947": 35775, "20.52446185578289": 66295, "16.41956948462631": 72955, "12.314677113469735": 75055, "8.209784742313156": 75455, "4.104892371156578": 75455, "0.0": 75455}}}, "DPX": {"total_collateral": "2255247.108305024", "median_collateral": "414074.2616218899", "top_1_collateral": "1414116.5528288698", "top_10_collateral": "2255247.108305024", "total_debt": "352901.6305438321", "median_debt": "48928.929719590524", "top_1_debt": "251007.3551924697", "top_10_debt": "352901.63054383214", "graph_data": {"VST": {"116.27491346": 4036, "87.20618509500001": 4036, "58.13745673": 325223, "29.068728365": 352899, "0.0": 352899}}}, "sGLP": {"total_collateral": "7369454.009109168", "median_collateral": "5662.439717747937", "top_1_collateral": "1448387.8663450568", "top_10_collateral": "5411901.107234878", "total_debt": "4999999.99537629", "median_debt": "3650.0004914876813", "top_1_debt": "1000000.0", "top_10_debt": "3765000.5936245727", "graph_data": {"VST": {"0.8409994062648717": 1115247, "0.7475550277909971": 3291649, "0.6541106493171225": 4782761, "0.5606662708432479": 4890025, "0.46722189236937317": 4978602, "0.37377751389549857": 4994485, "0.28033313542162397": 4995953, "0.18688875694774928": 4995953, "0.09344437847387464": 4999983, "0.0": 4999983}}}}