{"json_time": 1667395928, "ETH-VST": {"series_std_ratio": 1.0, "volume_for_slippage_10_percentss": [16039.324800670147], "trade_every": 1800, "collaterals": [304, 3419, 6533, 9648, 12763, 15878, 18993, 22108, 25223, 28337, 31452, 34567, 37682, 40797, 43912, 47027, 50141, 53256, 56371, 59486, 62601, 65716, 68831, 71945, 75060, 78175, 81290, 84405, 87520, 90635, 18750.0], "liquidation_incentives": [0.10000000000000009], "stability_pool_initial_balances": [0.8620200435766284, 0.4310100217883142, 1.7240400871532569], "share_institutionals": [0.35385321684110077, 0.17692660842055039, 0.7077064336822015, 1], "recovery_halflife_retails": [3.3333333333333335], "price_recovery_times": [0], "l_factors": [0.25, 0.5, 1, 1.5, 2], "json_time": 1667399277.9661412, "current_debt": 304.1666860734066}, "renBTC-VST": {"series_std_ratio": 0.760706293780634, "volume_for_slippage_10_percentss": [2659.2875215411186], "trade_every": 1800, "collaterals": [18, 226, 434, 641, 849, 1057, 1265, 1472, 1680, 1888, 2095, 2303, 2511, 2719, 2926, 3134, 3342, 3549, 3757, 3965, 4172, 4380, 4588, 4796, 5003, 5211, 5419, 5626, 5834, 6042, 1250.0], "liquidation_incentives": [0.10000000000000009], "stability_pool_initial_balances": [1.3623054467160531, 0.6811527233580266, 2.7246108934321063], "share_institutionals": [0.8348478756618366, 0.4174239378309183, 1, 1], "recovery_halflife_retails": [3.3333333333333335], "price_recovery_times": [0], "l_factors": [0.25, 0.5, 1, 1.5, 2], "json_time": 1667399277.9661412, "current_debt": 18.83171092142762}, "gOHM-VST": {"series_std_ratio": 1.416911372280521, "volume_for_slippage_10_percentss": [343.64938765764236], "trade_every": 1800, "collaterals": [3178, 3697, 4216, 4735, 5254, 5773, 6292, 6811, 7330, 7849, 8368, 8888, 9407, 9926, 10445, 10964, 11483, 12002, 12521, 13040, 13559, 14078, 14597, 15116, 15635, 16154, 16673, 17192, 17711, 18230, 3750.0], "liquidation_incentives": [0.1499999999999999], "stability_pool_initial_balances": [0.052656369191998655, 0.026328184595999327, 0.10531273838399731], "share_institutionals": [0.5678674449876009, 0.28393372249380044, 1, 1], "recovery_halflife_retails": [3.3333333333333335], "price_recovery_times": [0], "l_factors": [0.25, 0.5, 1, 1.5, 2], "json_time": 1667399277.9661412, "current_debt": 3178.436242767699}, "DPX-VST": {"series_std_ratio": 1.974078240475897, "volume_for_slippage_10_percentss": [481.93202525377274], "trade_every": 1800, "collaterals": [220, 629, 1039, 1448, 1857, 2267, 2676, 3085, 3495, 3904, 4313, 4723, 5132, 5541, 5950, 6360, 6769, 7178, 7588, 7997, 8406, 8816, 9225, 9634, 10044, 10453, 10862, 11272, 11681, 12090, 2500.0], "liquidation_incentives": [0.1499999999999999], "stability_pool_initial_balances": [0.17383852591692245, 0.08691926295846122, 0.3476770518338449], "share_institutionals": [6.484409329566128e-05, 3.242204664783064e-05, 0.00012968818659132256, 1], "recovery_halflife_retails": [3.3333333333333335], "price_recovery_times": [2], "l_factors": [0.25, 0.5, 1, 1.5, 2], "json_time": 1667399277.9661412, "current_debt": 220.56351908989507}, "GMX-VST": {"series_std_ratio": 2.081064798518858, "volume_for_slippage_10_percentss": [1557.1987417340279], "trade_every": 1800, "collaterals": [47, 462, 877, 1292, 1707, 2122, 2537, 2952, 3367, 3783, 4198, 4613, 5028, 5443, 5858, 6273, 6688, 7103, 7518, 7933, 8349, 8764, 9179, 9594, 10009, 10424, 10839, 11254, 11669, 12084, 2500.0], "liquidation_incentives": [0.1499999999999999], "stability_pool_initial_balances": [0.6059435274050462, 0.3029717637025231, 1.2118870548100924], "share_institutionals": [0.011776836406902308, 0.005888418203451154, 0.023553672813804615, 1], "recovery_halflife_retails": [3.3333333333333335], "price_recovery_times": [0], "l_factors": [0.25, 0.5, 1, 1.5, 2], "json_time": 1667399277.9661412, "current_debt": 47.16126157440618}, "sGLP-VST": {"series_std_ratio": 0.4707294016934606, "volume_for_slippage_10_percentss": [2659.2875215411186], "trade_every": 1800, "collaterals": [3124, 3541, 3958, 4374, 4791, 5208, 5624, 6041, 6458, 6874, 7291, 7708, 8124, 8541, 8958, 9374, 9791, 10208, 10624, 11041, 11458, 11874, 12291, 12708, 13124, 13541, 13958, 14374, 14791, 15208, 3125.0], "liquidation_incentives": [0.10000000000000009], "stability_pool_initial_balances": [0.20243773558720268, 0.10121886779360134, 0.40487547117440537], "share_institutionals": [0.0, 0.0, 0.0, 1], "recovery_halflife_retails": [3.3333333333333335], "price_recovery_times": [0], "l_factors": [0.25, 0.5, 1, 1.5, 2], "json_time": 1667399277.9661412, "current_debt": 3124.999997110181}}