{"json_time": 1667395928, "stabilityPoolVstBalance": {"ETH": 419516.4479736906, "gOHM": 267783.859603848, "renBTC": 41047.26777478885, "GMX": 45723.29791242839, "DPX": 61347.89924741814, "sGLP": 1012188.677}, "stabilityPoolGemBalance": {"ETH": 27267.276423730345, "gOHM": 17809.37431300378, "renBTC": 449.0941190519823, "GMX": 243.21329679620223, "DPX": 236.3656390995773, "sGLP": 0.0}, "bprotocolBalance": {"ETH": 148447.17294573502, "gOHM": 152065.7361621556, "DPX": 3.9779731815896233, "GMX": 538.4757981882327, "renBTC": 34268.224303505034, "sGLP": 0.0}, "bprotocolGemBalance": {"ETH": 0.07168750766416322, "gOHM": 0.0, "DPX": 7.5720702787398e-05, "GMX": 1.310494182788e-06, "renBTC": 0.0, "sGLP": 0.0}}