{"json_time": 1676649381, "ETH": {"oracle": 1681.1045, "cex_price": 1671.7649999999999, "dex_price": 1674.3154226456634}, "BNB|bsc": {"oracle": 311.44689, "cex_price": 308.75, "dex_price": 310.73107221053294}, "WBTC|eth": {"oracle": 24242.8, "cex_price": 24042.905, "dex_price": 26154.554368451598}, "pCKB": {"oracle": 0.004451144, "cex_price": 0.004399999999999999, "dex_price": 0.004442161017781062}, "USDC": {"oracle": 1.0, "cex_price": 1, "dex_price": 1}, "USDT": {"oracle": 1.00001, "cex_price": 1, "dex_price": 1.000533580137595}}