{"json_time": 1666628944, "ETH": {"oracle": 1339.6, "cex_price": 1335.9050000000002, "dex_price": 1345.8193804330137}, "BNB|bsc": {"oracle": 273.101383584, "cex_price": 273.05, "dex_price": 273.7646261953368}, "WBTC|eth": {"oracle": 19283.895, "cex_price": 19277.940000000002, "dex_price": 19481.925171484607}, "pCKB": {"oracle": 0.00343583, "cex_price": 0.003445, "dex_price": 0.003449385338076935}, "USDC": {"oracle": 1.0, "cex_price": 1, "dex_price": 1}}