{"json_time": 1673375766, "ETH-VST": {"series_std_ratio": 1.0, "volume_for_slippage_10_percentss": [23506.587230861187], "trade_every": 1800, "collaterals": [0], "liquidation_incentives": [0.10000000000000009], "stability_pool_initial_balances": [1.8566031534151926], "share_institutionals": [0.17558694900684502], "recovery_halflife_retails": [3.3333333333333335], "price_recovery_times": [0], "l_factors": [0], "json_time": 1673377377.5430717, "current_debt": 252.7184829497155, "collateral_factor": 0.9090909090909091}, "gOHM-VST": {"series_std_ratio": 0.5718399563684763, "volume_for_slippage_10_percentss": [200.59838324785233], "trade_every": 1800, "collaterals": [0], "liquidation_incentives": [0.1499999999999999], "stability_pool_initial_balances": [0.1864950944733393], "share_institutionals": [0.005396423213332977], "recovery_halflife_retails": [3.3333333333333335], "price_recovery_times": [0], "l_factors": [0], "json_time": 1673377377.5430717, "current_debt": 3350.7295932141064, "collateral_factor": 0.6666666666666666}, "DPX-VST": {"series_std_ratio": 2.2756095294666916, "volume_for_slippage_10_percentss": [416.3669815659523], "trade_every": 1800, "collaterals": [0], "liquidation_incentives": [0.1499999999999999], "stability_pool_initial_balances": [0.13844906115904385], "share_institutionals": [0.12384714650989584], "recovery_halflife_retails": [3.3333333333333335], "price_recovery_times": [2], "l_factors": [0], "json_time": 1673377377.5430717, "current_debt": 220.23176118137772, "collateral_factor": 0.6666666666666666}, "GMX-VST": {"series_std_ratio": 2.0308729755116706, "volume_for_slippage_10_percentss": [1384.345444738865], "trade_every": 1800, "collaterals": [0], "liquidation_incentives": [0.1499999999999999], "stability_pool_initial_balances": [0.457192247073107], "share_institutionals": [0.008790257762758042], "recovery_halflife_retails": [3.3333333333333335], "price_recovery_times": [0], "l_factors": [0], "json_time": 1673377377.5430717, "current_debt": 72.95613481689186, "collateral_factor": 0.6666666666666666}, "sGLP-VST": {"series_std_ratio": 0.6132330529291525, "volume_for_slippage_10_percentss": [23904.14981395006], "trade_every": 1800, "collaterals": [0], "liquidation_incentives": [0.10000000000000009], "stability_pool_initial_balances": [0.7884761645978342], "share_institutionals": [0.0], "recovery_halflife_retails": [3.3333333333333335], "price_recovery_times": [0], "l_factors": [0], "json_time": 1673377377.5430717, "current_debt": 1931.3741371808242, "collateral_factor": 0.8333333333333334}}