{"json_time": 1673375766, "glp_data": {"liquidTreasury": 262250522.8471195, "treasuryUtilization": 0.323860051441439, "liquidStableTreasury": 128383255.82332855, "stableTreasuryUtilization": 0.2535615720354443, "liquidSolidAssetTreasury": 119895976.29566546, "solidTreasuryUtilization": 0.3967069892899773}}