{"json_time": 1690872355, "ETH": {"VST": {"volume": 54932108.85667801, "llc": 1.1}}, "gOHM": {"VST": {"volume": 215099.6699333191, "llc": 1.15}}, "GMX": {"VST": {"volume": 6486455.703258514, "llc": 1.15}}, "DPX": {"VST": {"volume": 362919.0411567688, "llc": 1.15}}, "sGLP": {"VST": {"volume": 65838317.4328804, "llc": 1.1}}}