{"json_time": 1691056918, "VST": {"oracle": 0.9944903611456085, "cex_price": 1, "dex_price": 1}, "ETH": {"oracle": 1833.485803, "cex_price": 1835.7649999999999, "dex_price": 1833.867608309462}, "gOHM": {"oracle": 2830.4333583974426, "cex_price": "NaN", "dex_price": 2820.2646100922207}, "GMX": {"oracle": 49.811930686125855, "cex_price": "NaN", "dex_price": 49.59153732710039}, "DPX": {"oracle": 91.88625317, "cex_price": "NaN", "dex_price": 91.52285201935187}, "sGLP": {"oracle": 0.9910303081217698, "cex_price": "NaN", "dex_price": "NaN"}}