{"json_time": 1670599471, "ETH": {"oracle": 1274.1455, "cex_price": 1276.3850000000002, "dex_price": 1283.2706639058667}, "BNB|bsc": {"oracle": 289.935, "cex_price": 289.85, "dex_price": 290.11034415579434}, "WBTC|eth": {"oracle": 17167.4, "cex_price": 17179.285, "dex_price": 17302.667027115593}, "pCKB": {"oracle": 0.002503438, "cex_price": 0.002535, "dex_price": 0.0025225863771022655}, "USDC": {"oracle": 0.9999, "cex_price": 1, "dex_price": 1}, "USDT": {"oracle": 1.0, "cex_price": 1, "dex_price": 24862.928693258466}}