{"json_time": 1684593366, "ETH": {"oracle": 1818.823893875, "cex_price": 1819.3449999999998, "dex_price": 1821.9770241628355}, "BNB|bsc": {"oracle": 309.8, "cex_price": 309.95, "dex_price": 311.88534063122177}, "WBTC|eth": {"oracle": 26918.4, "cex_price": 26933.575, "dex_price": 27870.021445882623}, "pCKB": {"oracle": 0.00334353, "cex_price": 0.003345, "dex_price": 0.0033371529239858795}, "USDC": {"oracle": 0.999883487, "cex_price": 1, "dex_price": 1}, "USDT": {"oracle": 1.000173214, "cex_price": 1, "dex_price": 1.0012936007884443}}