{"json_time": 1693335547, "VST": {"oracle": 1.001068356919727, "cex_price": 1, "dex_price": 1}, "ETH": {"oracle": 1736.5, "cex_price": 1734.895, "dex_price": 1736.1819827279762}, "gOHM": {"oracle": 2930.0129038132372, "cex_price": "NaN", "dex_price": 2969.11859037811}, "GMX": {"oracle": 38.916439847095155, "cex_price": "NaN", "dex_price": 39.04189395946801}, "DPX": {"oracle": 81.91710315, "cex_price": "NaN", "dex_price": 82.35313382643197}, "sGLP": {"oracle": 0.967139266831218, "cex_price": "NaN", "dex_price": "NaN"}}