{"json_time": 1693335547, "ETH": {"VST": {"volume": 60611233.73174667, "llc": 1.1}}, "gOHM": {"VST": {"volume": 216053.34329605103, "llc": 1.15}}, "GMX": {"VST": {"volume": 5240004.618167877, "llc": 1.15}}, "DPX": {"VST": {"volume": 278995.78523635864, "llc": 1.15}}, "sGLP": {"VST": {"volume": 58656203.33814621, "llc": 1.1}}}