{"json_time": 1678719364.4981003, "ADA": {"WRT": 1.2088578908218484, "MIN": 0.10979839165476302, "MELD": 0.4154660359579575, "iUSD": 0.9796310966238225, "iBTC": 0.4365027460927377, "HOSKY": 0.47475694141280217, "COPI": 0.647599078002483, "C3": 0.23577409632681567, "WMT": 0.2846638870008898}, "WRT": {"ADA": 1.2301630543934317, "MIN": 1.3267051926332845, "MELD": 1.5868522660052864, "iUSD": 2.113143299020839, "iBTC": 1.6153275863517904, "HOSKY": 1.6551375334804879, "COPI": 1.8071761793748393, "C3": 1.4324255189506137, "WMT": 1.4771535255563686}, "MIN": {"ADA": 0.10977940686656285, "WRT": 1.3053229871695227, "MELD": 0.48306447195555213, "iUSD": 1.0510036292001776, "iBTC": 0.5210353994152037, "HOSKY": 0.5456908628981361, "COPI": 0.6995089967068828, "C3": 0.3215805095227891, "WMT": 0.35534445872018944}, "MELD": {"ADA": 0.4143588588761216, "WRT": 1.5646068032733358, "MIN": 0.4819954616607387, "iUSD": 1.2484523880960252, "iBTC": 0.7726540758149835, "HOSKY": 0.7679804971638838, "COPI": 0.9174228741842659, "C3": 0.5859561782207846, "WMT": 0.5969288536782476}, "iUSD": {"ADA": 0.9809687691667767, "WRT": 2.0926626965103248, "MIN": 1.0524268518679187, "MELD": 1.2506360284394535, "iBTC": 1.2667583149226735, "HOSKY": 1.2996246051401488, "COPI": 1.423263383579823, "C3": 1.1247818995512533, "WMT": 1.1276632274938458}, "iBTC": {"ADA": 0.4379825306820172, "WRT": 1.595379486397676, "MIN": 0.5225326083163144, "MELD": 0.7752233852611874, "iUSD": 1.2668279710458834, "HOSKY": 0.8387261820009638, "COPI": 0.9865933267800934, "C3": 0.6363949019998184, "WMT": 0.6551390005316431}, "HOSKY": {"ADA": 0.4740854753201365, "WRT": 1.633335207449391, "MIN": 0.5450599510969342, "MELD": 0.7685026388381601, "iUSD": 1.2976322215447575, "iBTC": 0.8365689502034503, "COPI": 0.9765083179246684, "C3": 0.647966328334982, "WMT": 0.6636222369020479}, "COPI": {"ADA": 0.648549728943995, "WRT": 1.7869656348763, "MIN": 0.7004179073308312, "MELD": 0.9195761569182731, "iUSD": 1.4229675437998202, "iBTC": 0.9860106956403321, "HOSKY": 0.9782304666755536, "C3": 0.8031781672924093, "WMT": 0.8098001672928882}, "C3": {"ADA": 0.23532685775551618, "WRT": 1.4105144868267534, "MIN": 0.32116212076310513, "MELD": 0.5865748669601798, "iUSD": 1.1230563431871627, "iBTC": 0.6345500524625178, "HOSKY": 0.6482935207391738, "COPI": 0.8017667347548454, "WMT": 0.46495184831920516}, "WMT": {"ADA": 0.28489458654704064, "WRT": 1.455258723038437, "MIN": 0.3555865694312091, "MELD": 0.5983358118658253, "iUSD": 1.1266644236874885, "iBTC": 0.6539331311152613, "HOSKY": 0.6645087620857895, "COPI": 0.8090402707407804, "C3": 0.46562609648195535}}