{"json_time": 1689054890, "VST": {"oracle": 0.9936010875791856, "cex_price": 1, "dex_price": 1}, "ETH": {"oracle": 1878.5477, "cex_price": 1877.7849999999999, "dex_price": 1878.8047327967972}, "gOHM": {"oracle": 2827.098491097072, "cex_price": "NaN", "dex_price": 2870.2095424123186}, "GMX": {"oracle": 55.59149742536984, "cex_price": "NaN", "dex_price": 55.83850640330212}, "DPX": {"oracle": 108.98283504, "cex_price": "NaN", "dex_price": 109.75233557124761}, "sGLP": {"oracle": 1.007159840252306, "cex_price": "NaN", "dex_price": "NaN"}}