{"json_time": 1689054890, "ETH-VST": {"series_std_ratio": 1.0, "volume_for_slippage_10_percentss": [21787.590994536877], "trade_every": 1800, "collaterals": [810, 3908, 7006, 10104, 13202, 16300, 19398, 22496, 25594, 28692, 31790, 34888, 37986, 41084, 44182, 47280, 50378, 53476, 56574, 59672, 62770, 65868, 68966, 72064, 75162, 78260, 81358, 84456, 87554, 90652, 18750.0], "liquidation_incentives": [0.10000000000000009], "stability_pool_initial_balances": [0.04107079941585325, 0.020535399707926626, 0.0821415988317065], "share_institutionals": [0.09108356290955417, 0.04554178145477709, 0.18216712581910835, 1], "recovery_halflife_retails": [3.3333333333333335], "price_recovery_times": [0], "l_factors": [0.25, 0.5, 1, 1.5, 2], "json_time": 1689055210.877828, "current_debt": 810.2795723042492}, "gOHM-VST": {"series_std_ratio": 0.5718399563684763, "volume_for_slippage_10_percentss": [238.1492719054222], "trade_every": 1800, "collaterals": [2097, 2496, 2895, 3293, 3692, 4091, 4490, 4889, 5288, 5686, 6085, 6484, 6883, 7282, 7681, 8079, 8478, 8877, 9276, 9675, 10074, 10472, 10871, 11270, 11669, 12068, 12467, 12865, 13264, 13663, 2812.5], "liquidation_incentives": [0.1499999999999999], "stability_pool_initial_balances": [0.023258583716868262, 0.011629291858434131, 0.046517167433736524], "share_institutionals": [0.5310922010453788, 0.2655461005226894, 1, 1], "recovery_halflife_retails": [3.3333333333333335], "price_recovery_times": [0], "l_factors": [0.25, 0.5, 1, 1.5, 2], "json_time": 1689055210.877828, "current_debt": 2097.327285692588}, "DPX-VST": {"series_std_ratio": 2.2756095294666916, "volume_for_slippage_10_percentss": [267.95156449079514], "trade_every": 1800, "collaterals": [371, 463, 555, 647, 738, 830, 922, 1014, 1105, 1197, 1289, 1381, 1473, 1564, 1656, 1748, 1840, 1931, 2023, 2115, 2207, 2299, 2390, 2482, 2574, 2666, 2757, 2849, 2941, 3033, 625.0], "liquidation_incentives": [0.1499999999999999], "stability_pool_initial_balances": [0.007860156496281833, 0.003930078248140917, 0.015720312992563667], "share_institutionals": [0.001394867552781667, 0.0006974337763908335, 0.002789735105563334, 1], "recovery_halflife_retails": [3.3333333333333335], "price_recovery_times": [2], "l_factors": [0.25, 0.5, 1, 1.5, 2], "json_time": 1689055210.877828, "current_debt": 371.6944333589395}, "GMX-VST": {"series_std_ratio": 2.0308729755116706, "volume_for_slippage_10_percentss": [3691.6389366984367], "trade_every": 1800, "collaterals": [217, 314, 411, 508, 605, 702, 799, 896, 992, 1089, 1186, 1283, 1380, 1477, 1574, 1671, 1768, 1865, 1962, 2058, 2155, 2252, 2349, 2446, 2543, 2640, 2737, 2834, 2931, 3028, 625.0], "liquidation_incentives": [0.1499999999999999], "stability_pool_initial_balances": [0.16539393298444738, 0.08269696649222369, 0.33078786596889476], "share_institutionals": [0.7314585277711214, 0.3657292638855607, 1, 1], "recovery_halflife_retails": [3.3333333333333335], "price_recovery_times": [0], "l_factors": [0.25, 0.5, 1, 1.5, 2], "json_time": 1689055210.877828, "current_debt": 217.6249140943504}, "sGLP-VST": {"series_std_ratio": 0.6132330529291525, "volume_for_slippage_10_percentss": [23300.355366170406], "trade_every": 1800, "collaterals": [324, 365, 406, 447, 489, 530, 571, 613, 654, 695, 736, 778, 819, 860, 901, 943, 984, 1025, 1067, 1108, 1149, 1190, 1232, 1273, 1314, 1356, 1397, 1438, 1479, 1521, 312.5], "liquidation_incentives": [0.10000000000000009], "stability_pool_initial_balances": [0.0008670843707701384, 0.0004335421853850692, 0.0017341687415402768], "share_institutionals": [0.0, 0.0, 0.0, 1], "recovery_halflife_retails": [3.3333333333333335], "price_recovery_times": [0], "l_factors": [0.25, 0.5, 1, 1.5, 2], "json_time": 1689055210.877828, "current_debt": 324.04305115279726}}