{"json_time": 1689054890, "stabilityPoolVstBalance": {"ETH": 53246.12765579389, "gOHM": 78049.379609525, "GMX": 57590.144731947374, "DPX": 4674.5222639969015, "sGLP": 449.5562641780144}, "stabilityPoolGemBalance": {"ETH": 20557.75613053895, "gOHM": 11075.757625039192, "GMX": 15898.981984607935, "DPX": 13043.968155474558, "sGLP": 0.0}, "bprotocolBalance": {"ETH": 4849.831450393659, "gOHM": 41451.41680704894, "DPX": 6.500649415381503, "GMX": 42124.75365778453, "sGLP": 0.0}, "bprotocolGemBalance": {"ETH": 0.015567632995832883, "gOHM": 0.0, "DPX": 0.01969001542327342, "GMX": 0.048821971499560156, "sGLP": 0.0}}