{"json_time": 1680107046, "ETH": {"oracle": 1801.18, "cex_price": 1801.0549999999998, "dex_price": 1795.9520348374067}, "BNB|bsc": {"oracle": 316.1776675, "cex_price": 316.25, "dex_price": 316.9421925683597}, "WBTC|eth": {"oracle": 28275.13345, "cex_price": 28273.885000000002, "dex_price": 29438.590342820153}, "pCKB": {"oracle": 0.005203753, "cex_price": 0.005235, "dex_price": 0.0051707852773567875}, "USDC": {"oracle": 0.9999, "cex_price": 1, "dex_price": 1}, "USDT": {"oracle": 1.000354999, "cex_price": 1, "dex_price": 24863.88703130614}}