{"ETH": {"BNB|bsc": {"volume": 11013.570308685303, "llc": 1.1}, "WBTC|eth": {"volume": 3384.183406829834, "llc": 1.1}, "pCKB": {"volume": 30087.037563323975, "llc": 1.1}, "USDC": {"volume": 22457.650661468506, "llc": 1.1}, "USDT": {"volume": 1476.8366813659668, "llc": 1.1}}, "BNB|bsc": {"ETH": {"volume": 11013.570308685303, "llc": 1.1}, "WBTC|eth": {"volume": 3384.183406829834, "llc": 1.1}, "pCKB": {"volume": 15781.93712234497, "llc": 1.1}, "USDC": {"volume": 13874.590396881104, "llc": 1.1}, "USDT": {"volume": 1476.8366813659668, "llc": 1.1}}, "WBTC|eth": {"ETH": {"volume": 4337.856769561768, "llc": 1.1}, "BNB|bsc": {"volume": 3384.183406829834, "llc": 1.1}, "pCKB": {"volume": 3384.183406829834, "llc": 1.1}, "USDC": {"volume": 3384.183406829834, "llc": 1.1}, "USDT": {"volume": 1476.8366813659668, "llc": 1.1}}, "pCKB": {"ETH": {"volume": 30087.037563323975, "llc": 1.1}, "BNB|bsc": {"volume": 15781.93712234497, "llc": 1.1}, "WBTC|eth": {"volume": 3384.183406829834, "llc": 1.1}, "USDC": {"volume": 82539.07251358032, "llc": 1.1}, "USDT": {"volume": 1476.8366813659668, "llc": 1.1}}, "USDC": {"ETH": {"volume": 22457.650661468506, "llc": 1.1}, "BNB|bsc": {"volume": 13874.590396881104, "llc": 1.1}, "WBTC|eth": {"volume": 3384.183406829834, "llc": 1.1}, "pCKB": {"volume": 82539.07251358032, "llc": 1.1}, "USDT": {"volume": 1476.8366813659668, "llc": 1.1}}, "USDT": {"ETH": {"volume": 1476.8366813659668, "llc": 1.1}, "BNB|bsc": {"volume": 1476.8366813659668, "llc": 1.1}, "WBTC|eth": {"volume": 1476.8366813659668, "llc": 1.1}, "pCKB": {"volume": 1476.8366813659668, "llc": 1.1}, "USDC": {"volume": 1476.8366813659668, "llc": 1.1}}, "json_time": 1680107046}