{"USDC": {"WXDAI": {"volume": 3285927.8979301453, "llc": 1.05}, "LINK": {"volume": 1476.8366813659668, "llc": 1.05}, "GNO": {"volume": 23411.32402420044, "llc": 1.05}, "WBTC": {"volume": 7198.876857757568, "llc": 1.05}, "WETH": {"volume": 108203.19436948028, "llc": 1.05}, "FOX": {"volume": 3384.183406829834, "llc": 1.05}, "USDT": {"volume": 2432390.2382850647, "llc": 1.05}, "EURe": {"volume": 1329943.8309669495, "llc": 1.05}, "wstETH": {"volume": 96844.17295455933, "llc": 1.05}}, "WXDAI": {"USDC": {"volume": 3165765.0542259216, "llc": 1.05}, "LINK": {"volume": 1476.8366813659668, "llc": 1.05}, "GNO": {"volume": 89214.78605270386, "llc": 1.05}, "WBTC": {"volume": 9106.223583221436, "llc": 1.05}, "WETH": {"volume": 116015.625, "llc": 1.05}, "FOX": {"volume": 3384.183406829834, "llc": 1.05}, "USDT": {"volume": 2432390.2382850647, "llc": 1.05}, "EURe": {"volume": 1329943.8309669495, "llc": 1.05}, "wstETH": {"volume": 100658.86640548706, "llc": 1.05}}, "LINK": {"USDC": {"volume": 4337.856769561768, "llc": 1.2}, "WXDAI": {"volume": 4337.856769561768, "llc": 1.2}, "GNO": {"volume": 4337.856769561768, "llc": 1.2}, "WBTC": {"volume": 4337.856769561768, "llc": 1.2}, "WETH": {"volume": 4337.856769561768, "llc": 1.2}, "FOX": {"volume": 3384.183406829834, "llc": 1.2}, "USDT": {"volume": 4337.856769561768, "llc": 1.2}, "EURe": {"volume": 4337.856769561768, "llc": 1.2}, "wstETH": {"volume": 3384.183406829834, "llc": 1.2}}, "GNO": {"USDC": {"volume": 46299.484729766846, "llc": 1.1}, "WXDAI": {"volume": 46299.484729766846, "llc": 1.1}, "LINK": {"volume": 2430.5100440979004, "llc": 1.1}, "WBTC": {"volume": 47253.15809249878, "llc": 1.1}, "WETH": {"volume": 177906.40878677368, "llc": 1.1}, "FOX": {"volume": 5291.530132293701, "llc": 1.1}, "USDT": {"volume": 46299.484729766846, "llc": 1.1}, "EURe": {"volume": 41531.11791610718, "llc": 1.1}, "wstETH": {"volume": 476406.1713218689, "llc": 1.1}}, "WBTC": {"USDC": {"volume": 13874.590396881104, "llc": 1.1}, "WXDAI": {"volume": 13874.590396881104, "llc": 1.1}, "LINK": {"volume": 2430.5100440979004, "llc": 1.1}, "GNO": {"volume": 51067.851543426514, "llc": 1.1}, "WETH": {"volume": 73002.33888626099, "llc": 1.1}, "FOX": {"volume": 4337.856769561768, "llc": 1.1}, "USDT": {"volume": 13874.590396881104, "llc": 1.1}, "EURe": {"volume": 11967.243671417236, "llc": 1.1}, "wstETH": {"volume": 73002.33888626099, "llc": 1.1}}, "WETH": {"USDC": {"volume": 99406.58904629055, "llc": 1.05}, "WXDAI": {"volume": 101612.539768219, "llc": 1.05}, "LINK": {"volume": 1476.8366813659668, "llc": 1.05}, "GNO": {"volume": 86353.76596450806, "llc": 1.05}, "WBTC": {"volume": 36762.75110244751, "llc": 1.05}, "FOX": {"volume": 2430.5100440979004, "llc": 1.05}, "USDT": {"volume": 100192.41188460116, "llc": 1.05}, "EURe": {"volume": 11013.570308685303, "llc": 1.05}, "wstETH": {"volume": 4537147.349834442, "llc": 1.05}}, "FOX": {"USDC": {"volume": 5291.530132293701, "llc": 1.1}, "WXDAI": {"volume": 5291.530132293701, "llc": 1.1}, "LINK": {"volume": 2430.5100440979004, "llc": 1.1}, "GNO": {"volume": 5291.530132293701, "llc": 1.1}, "WBTC": {"volume": 4337.856769561768, "llc": 1.1}, "WETH": {"volume": 4337.856769561768, "llc": 1.1}, "USDT": {"volume": 5291.530132293701, "llc": 1.1}, "EURe": {"volume": 5291.530132293701, "llc": 1.1}, "wstETH": {"volume": 3384.183406829834, "llc": 1.1}}, "USDT": {"USDC": {"volume": 3107590.9790992737, "llc": 1.05}, "WXDAI": {"volume": 3225846.4760780334, "llc": 1.05}, "LINK": {"volume": 1476.8366813659668, "llc": 1.05}, "GNO": {"volume": 23411.32402420044, "llc": 1.05}, "WBTC": {"volume": 6245.203495025635, "llc": 1.05}, "WETH": {"volume": 108203.198039923, "llc": 1.05}, "FOX": {"volume": 3384.183406829834, "llc": 1.05}, "EURe": {"volume": 1329943.8309669495, "llc": 1.05}, "wstETH": {"volume": 96844.17295455933, "llc": 1.05}}, "EURe": {"USDC": {"volume": 2840562.4375343323, "llc": 1.15}, "WXDAI": {"volume": 2893014.4724845886, "llc": 1.15}, "LINK": {"volume": 3384.183406829834, "llc": 1.15}, "GNO": {"volume": 54882.54499435425, "llc": 1.15}, "WBTC": {"volume": 16735.610485076904, "llc": 1.15}, "WETH": {"volume": 20550.30393600464, "llc": 1.15}, "FOX": {"volume": 7198.876857757568, "llc": 1.15}, "USDT": {"volume": 2463861.4592552185, "llc": 1.15}, "wstETH": {"volume": 270412.72497177124, "llc": 1.15}}, "wstETH": {"USDC": {"volume": 194118.85595321655, "llc": 1.1}, "WXDAI": {"volume": 201748.24285507202, "llc": 1.1}, "LINK": {"volume": 2430.5100440979004, "llc": 1.1}, "GNO": {"volume": 482128.2114982605, "llc": 1.1}, "WBTC": {"volume": 72048.66552352905, "llc": 1.1}, "WETH": {"volume": 5201513.878539273, "llc": 1.1}, "FOX": {"volume": 5291.530132293701, "llc": 1.1}, "USDT": {"volume": 194118.85595321655, "llc": 1.1}, "EURe": {"volume": 181721.10223770142, "llc": 1.1}}, "json_time": 1697032170}