{"json_time": 1683299530, "USDC": {"oracle": 1.0001159471382621, "cex_price": 1, "dex_price": 1}, "WXDAI": {"oracle": 1.0, "cex_price": 1, "dex_price": 0.9997926018109805}, "LINK": {"oracle": 7.134594973092726, "cex_price": 7.112500000000001, "dex_price": 7.532465878369831}, "GNO": {"oracle": 118.91325359566592, "cex_price": 118.75, "dex_price": 114.92798738223321}, "WBTC": {"oracle": 29410.339390729878, "cex_price": 29205.765, "dex_price": 29394.214630676386}, "WETH": {"oracle": 1947.7479692705494, "cex_price": 1943.755, "dex_price": 1949.7721478393112}, "FOX": {"oracle": 0.027952557686100606, "cex_price": 0.02815, "dex_price": 0.03025091149340453}, "USDT": {"oracle": 1.000276501633907, "cex_price": 1, "dex_price": 1.0003380082109465}, "EURe": {"oracle": 1.0989520350142363, "cex_price": 1.0986500000000001, "dex_price": 1.1094191453437183}}