{"json_time": 1676996768, "ETH-VST": {"series_std_ratio": 1.0, "volume_for_slippage_10_percentss": [12341.456336677074], "trade_every": 1800, "collaterals": [338, 3452, 6565, 9679, 12793, 15907, 19020, 22134, 25248, 28361, 31475, 34589, 37703, 40816, 43930, 47044, 50157, 53271, 56385, 59499, 62612, 65726, 68840, 71953, 75067, 78181, 81295, 84408, 87522, 90636, 18750.0], "liquidation_incentives": [0.10000000000000009], "stability_pool_initial_balances": [0.46318435250116047, 0.23159217625058023, 0.9263687050023209], "share_institutionals": [0.5088477782718, 0.2544238891359, 1, 1], "recovery_halflife_retails": [3.3333333333333335], "price_recovery_times": [0], "l_factors": [0.25, 0.5, 1, 1.5, 2], "json_time": 1676998501.8028765, "current_debt": 338.52177016498644}, "gOHM-VST": {"series_std_ratio": 0.5718399563684763, "volume_for_slippage_10_percentss": [232.78485924005508], "trade_every": 1800, "collaterals": [3627, 4131, 4635, 5139, 5643, 6147, 6651, 7155, 7659, 8164, 8668, 9172, 9676, 10180, 10684, 11188, 11692, 12196, 12700, 13204, 13709, 14213, 14717, 15221, 15725, 16229, 16733, 17237, 17741, 18245, 3750.0], "liquidation_incentives": [0.1499999999999999], "stability_pool_initial_balances": [0.005716861831599601, 0.0028584309157998005, 0.011433723663199202], "share_institutionals": [0.10813919253501024, 0.05406959626750512, 0.21627838507002048, 1], "recovery_halflife_retails": [3.3333333333333335], "price_recovery_times": [0], "l_factors": [0.25, 0.5, 1, 1.5, 2], "json_time": 1676998501.8028765, "current_debt": 3627.2501023281216}, "DPX-VST": {"series_std_ratio": 2.2756095294666916, "volume_for_slippage_10_percentss": [514.714547097683], "trade_every": 1800, "collaterals": [463, 760, 1057, 1354, 1651, 1948, 2246, 2543, 2840, 3137, 3434, 3731, 4028, 4325, 4622, 4919, 5216, 5513, 5810, 6107, 6404, 6701, 6998, 7295, 7592, 7889, 8186, 8483, 8780, 9077, 1875.0], "liquidation_incentives": [0.1499999999999999], "stability_pool_initial_balances": [0.044877237851415765, 0.022438618925707882, 0.08975447570283153], "share_institutionals": [0.004978627733976143, 0.0024893138669880716, 0.009957255467952286, 1], "recovery_halflife_retails": [3.3333333333333335], "price_recovery_times": [2], "l_factors": [0.25, 0.5, 1, 1.5, 2], "json_time": 1676998501.8028765, "current_debt": 463.77310562160216}, "GMX-VST": {"series_std_ratio": 2.0308729755116706, "volume_for_slippage_10_percentss": [2486.4342245459557], "trade_every": 1800, "collaterals": [43, 458, 874, 1289, 1704, 2119, 2534, 2950, 3365, 3780, 4195, 4610, 5026, 5441, 5856, 6271, 6687, 7102, 7517, 7932, 8347, 8763, 9178, 9593, 10008, 10423, 10839, 11254, 11669, 12084, 2500.0], "liquidation_incentives": [0.1499999999999999], "stability_pool_initial_balances": [0.6661947439347574, 0.3330973719673787, 1.3323894878695148], "share_institutionals": [0.00037510858497195865, 0.00018755429248597932, 0.0007502171699439173, 1], "recovery_halflife_retails": [3.3333333333333335], "price_recovery_times": [0], "l_factors": [0.25, 0.5, 1, 1.5, 2], "json_time": 1676998501.8028765, "current_debt": 43.675924127837376}, "sGLP-VST": {"series_std_ratio": 0.6132330529291525, "volume_for_slippage_10_percentss": [12340.860290825367], "trade_every": 1800, "collaterals": [1073, 1766, 2460, 3153, 3847, 4540, 5233, 5927, 6620, 7313, 8007, 8700, 9394, 10087, 10780, 11474, 12167, 12861, 13554, 14247, 14941, 15634, 16327, 17021, 17714, 18408, 19101, 19794, 20488, 21181, 4375.0], "liquidation_incentives": [0.10000000000000009], "stability_pool_initial_balances": [0.008592563090511063, 0.004296281545255532, 0.017185126181022126], "share_institutionals": [0.0, 0.0, 0.0, 1], "recovery_halflife_retails": [3.3333333333333335], "price_recovery_times": [0], "l_factors": [0.25, 0.5, 1, 1.5, 2], "json_time": 1676998501.8028765, "current_debt": 1073.504244651338}}