{"json_time": 1676996768, "stabilityPoolVstBalance": {"ETH": 250876.77907426545, "gOHM": 33178.380261864615, "GMX": 46554.67374473363, "DPX": 33300.56955211265, "sGLP": 14758.644720156872}, "stabilityPoolGemBalance": {"ETH": 18992.971492110635, "gOHM": 10906.68649263656, "GMX": 2268.088636109936, "DPX": 169.46530631462196, "sGLP": 0.0}, "bprotocolBalance": {"ETH": 127658.07074371174, "gOHM": 3587.8832511375613, "DPX": 165.7896468783493, "GMX": 17.4392418350364, "sGLP": 0.0}, "bprotocolGemBalance": {"ETH": 0.02090821346529916, "gOHM": 0.0, "DPX": 0.001492251000255862, "GMX": 0.02381595718182876, "sGLP": 0.0}}