{"json_time": 1690311579, "glp_data": {"liquidTreasury": 395587244.04888886, "treasuryUtilization": 0.20833395140644356, "liquidStableTreasury": 203247019.67594874, "stableTreasuryUtilization": 0.11918576612294057, "liquidSolidAssetTreasury": 171812797.30070448, "solidTreasuryUtilization": 0.3006925153071646}}