{"json_time": 1666025297, "data": [{"account": "0xc207A5dC49771a71367bD3a97fe58AAf9c5dfdaE", "user_collateral_wo_looping": 1.8070016868418368, "user_debt_wo_looping": 3.1309418745}]}