{"ETH": {"BNB|bsc": {"volume": 17689.283847808838, "llc": 1.1}, "WBTC|eth": {"volume": 9106.223583221436, "llc": 1.1}, "pCKB": {"volume": 25318.670749664307, "llc": 1.1}, "USDC": {"volume": 21503.977298736572, "llc": 1.1}}, "BNB|bsc": {"ETH": {"volume": 17689.283847808838, "llc": 1.1}, "WBTC|eth": {"volume": 10059.89694595337, "llc": 1.1}, "pCKB": {"volume": 48206.83145523071, "llc": 1.1}, "USDC": {"volume": 35809.077739715576, "llc": 1.1}}, "WBTC|eth": {"ETH": {"volume": 9106.223583221436, "llc": 1.1}, "BNB|bsc": {"volume": 10059.89694595337, "llc": 1.1}, "pCKB": {"volume": 11967.243671417236, "llc": 1.1}, "USDC": {"volume": 11967.243671417236, "llc": 1.1}}, "pCKB": {"ETH": {"volume": 25318.670749664307, "llc": 1.1}, "BNB|bsc": {"volume": 48206.83145523071, "llc": 1.1}, "WBTC|eth": {"volume": 11967.243671417236, "llc": 1.1}, "USDC": {"volume": 135944.7808265686, "llc": 1.1}}, "USDC": {"ETH": {"volume": 21503.977298736572, "llc": 1.1}, "BNB|bsc": {"volume": 35809.077739715576, "llc": 1.1}, "WBTC|eth": {"volume": 11013.570308685303, "llc": 1.1}, "pCKB": {"volume": 135944.7808265686, "llc": 1.1}}, "json_time": 1666366609}