{"json_time": 1668882922, "VST": {"oracle": 0.9890572704585047, "cex_price": 1, "dex_price": 1}, "ETH": {"oracle": 1206.94, "cex_price": 1208.085, "dex_price": 1207.241132680454}, "gOHM": {"oracle": 2305.723657962582, "cex_price": "NaN", "dex_price": 2306.2305494781535}, "renBTC": {"oracle": 16612.72, "cex_price": 16630.39, "dex_price": 16703.084959573524}, "GMX": {"oracle": 41.38473750640967, "cex_price": "NaN", "dex_price": 41.84014331560217}, "DPX": {"oracle": 200.74309748, "cex_price": "NaN", "dex_price": 201.58082515632876}, "sGLP": {"oracle": 0.8357666584667145, "cex_price": "NaN", "dex_price": "NaN"}}