{"json_time": 1678649805, "data": [{"account": "0xaCCfAA3a39F3681E07F5D6ECC0A9cdd86c2eb775", "user_collateral_wo_looping": 0.0007570370718276609, "user_debt_wo_looping": 0.007206075297129651}, {"account": "0x5ce561e048d2cd64523D6316228F97bd2537F92f", "user_collateral_wo_looping": 1.2762157460041312, "user_debt_wo_looping": 1.5477340771410437}, {"account": "0x7e1a061ca70838e1E79BCcBee306a56746f9e2F8", "user_collateral_wo_looping": 0.0041581398569717366, "user_debt_wo_looping": 0.004613393896241178}, {"account": "0x9A4B0dA9E8e5c7135cd7188Bd2e84DAc513C594b", "user_collateral_wo_looping": 0.0012921708217958575, "user_debt_wo_looping": 0.001385356435817395}]}