{"USDC": {"WXDAI": {"volume": 3916305.9906959534, "llc": 1.05}, "LINK": {"volume": 1476.8366813659668, "llc": 1.05}, "GNO": {"volume": 65372.95198440552, "llc": 1.05}, "WBTC": {"volume": 25318.670749664307, "llc": 1.05}, "WETH": {"volume": 56063.26282474577, "llc": 1.05}, "FOX": {"volume": 3384.183406829834, "llc": 1.05}, "USDT": {"volume": 3372712.173938751, "llc": 1.05}, "EURe": {"volume": 1219317.7208900452, "llc": 1.05}, "wstETH": {"volume": 56063.26282474577, "llc": 1.05}}, "WXDAI": {"USDC": {"volume": 4221481.466770172, "llc": 1.05}, "LINK": {"volume": 1476.8366813659668, "llc": 1.05}, "GNO": {"volume": 64419.278621673584, "llc": 1.05}, "WBTC": {"volume": 26272.34411239624, "llc": 1.05}, "WETH": {"volume": 56576, "llc": 1.05}, "FOX": {"volume": 3384.183406829834, "llc": 1.05}, "USDT": {"volume": 3373665.847301483, "llc": 1.05}, "EURe": {"volume": 1219317.7208900452, "llc": 1.05}, "wstETH": {"volume": 56576, "llc": 1.05}}, "LINK": {"USDC": {"volume": 4337.856769561768, "llc": 1.2}, "WXDAI": {"volume": 4337.856769561768, "llc": 1.2}, "GNO": {"volume": 4337.856769561768, "llc": 1.2}, "WBTC": {"volume": 4337.856769561768, "llc": 1.2}, "WETH": {"volume": 4337.856769561768, "llc": 1.2}, "FOX": {"volume": 3384.183406829834, "llc": 1.2}, "USDT": {"volume": 4337.856769561768, "llc": 1.2}, "EURe": {"volume": 4337.856769561768, "llc": 1.2}, "wstETH": {"volume": 4337.856769561768, "llc": 1.2}}, "GNO": {"USDC": {"volume": 126408.04719924927, "llc": 1.1}, "WXDAI": {"volume": 127361.7205619812, "llc": 1.1}, "LINK": {"volume": 2430.5100440979004, "llc": 1.1}, "WBTC": {"volume": 62511.93189620972, "llc": 1.1}, "WETH": {"volume": 412510.05601882935, "llc": 1.1}, "FOX": {"volume": 5291.530132293701, "llc": 1.1}, "USDT": {"volume": 126408.04719924927, "llc": 1.1}, "EURe": {"volume": 127361.7205619812, "llc": 1.1}, "wstETH": {"volume": 412510.05601882935, "llc": 1.1}}, "WBTC": {"USDC": {"volume": 49160.50481796265, "llc": 1.1}, "WXDAI": {"volume": 52975.19826889038, "llc": 1.1}, "LINK": {"volume": 2430.5100440979004, "llc": 1.1}, "GNO": {"volume": 76817.03233718872, "llc": 1.1}, "WETH": {"volume": 127361.7205619812, "llc": 1.1}, "FOX": {"volume": 4337.856769561768, "llc": 1.1}, "USDT": {"volume": 39623.77119064331, "llc": 1.1}, "EURe": {"volume": 40577.444553375244, "llc": 1.1}, "wstETH": {"volume": 127361.7205619812, "llc": 1.1}}, "WETH": {"USDC": {"volume": 57222.87274145327, "llc": 1.05}, "WXDAI": {"volume": 57222.87274145327, "llc": 1.05}, "LINK": {"volume": 1476.8366813659668, "llc": 1.05}, "GNO": {"volume": 193165.18259048462, "llc": 1.05}, "WBTC": {"volume": 55836.21835708618, "llc": 1.05}, "FOX": {"volume": 2430.5100440979004, "llc": 1.05}, "USDT": {"volume": 57222.87274145327, "llc": 1.05}, "EURe": {"volume": 28179.690837860107, "llc": 1.05}, "wstETH": {"volume": 2221910.349268566, "llc": 1.05}}, "FOX": {"USDC": {"volume": 5291.530132293701, "llc": 1.1}, "WXDAI": {"volume": 5291.530132293701, "llc": 1.1}, "LINK": {"volume": 2430.5100440979004, "llc": 1.1}, "GNO": {"volume": 5291.530132293701, "llc": 1.1}, "WBTC": {"volume": 4337.856769561768, "llc": 1.1}, "WETH": {"volume": 5291.530132293701, "llc": 1.1}, "USDT": {"volume": 5291.530132293701, "llc": 1.1}, "EURe": {"volume": 4337.856769561768, "llc": 1.1}, "wstETH": {"volume": 5291.530132293701, "llc": 1.1}}, "USDT": {"USDC": {"volume": 4129928.8239479065, "llc": 1.05}, "WXDAI": {"volume": 3832382.734775543, "llc": 1.05}, "LINK": {"volume": 1476.8366813659668, "llc": 1.05}, "GNO": {"volume": 63465.60525894165, "llc": 1.05}, "WBTC": {"volume": 25318.670749664307, "llc": 1.05}, "WETH": {"volume": 56064.56058954694, "llc": 1.05}, "FOX": {"volume": 3384.183406829834, "llc": 1.05}, "EURe": {"volume": 1220271.394252777, "llc": 1.05}, "wstETH": {"volume": 56064.56058954694, "llc": 1.05}}, "EURe": {"USDC": {"volume": 2153917.61636734, "llc": 1.15}, "WXDAI": {"volume": 2153917.61636734, "llc": 1.15}, "LINK": {"volume": 3384.183406829834, "llc": 1.15}, "GNO": {"volume": 192211.5092277527, "llc": 1.15}, "WBTC": {"volume": 54882.54499435425, "llc": 1.15}, "WETH": {"volume": 115917.640209198, "llc": 1.15}, "FOX": {"volume": 7198.876857757568, "llc": 1.15}, "USDT": {"volume": 2152010.269641876, "llc": 1.15}, "wstETH": {"volume": 115917.640209198, "llc": 1.15}}, "wstETH": {"USDC": {"volume": 57222.87274145327, "llc": 1.05}, "WXDAI": {"volume": 57222.87274145327, "llc": 1.05}, "LINK": {"volume": 1476.8366813659668, "llc": 1.05}, "GNO": {"volume": 193165.18259048462, "llc": 1.05}, "WBTC": {"volume": 55836.21835708618, "llc": 1.05}, "WETH": {"volume": 2775758.4503691727, "llc": 1.1}, "FOX": {"volume": 2430.5100440979004, "llc": 1.05}, "USDT": {"volume": 57222.87274145327, "llc": 1.05}, "EURe": {"volume": 28179.690837860107, "llc": 1.05}}, "json_time": 1688475815}