{"USDC": {"WXDAI": {"volume": 2424760.851383209, "llc": 1.05}, "LINK": {"volume": 1476.8366813659668, "llc": 1.05}, "GNO": {"volume": 23411.32402420044, "llc": 1.05}, "WBTC": {"volume": 7198.876857757568, "llc": 1.05}, "WETH": {"volume": 9106.223583221436, "llc": 1.05}, "FOX": {"volume": 3384.183406829834, "llc": 1.05}, "USDT": {"volume": 3420395.842075348, "llc": 1.05}, "EURe": {"volume": 1299426.2833595276, "llc": 1.05}, "wstETH": {"volume": 9106.223583221436, "llc": 1.05}}, "WXDAI": {"USDC": {"volume": 2129122.10893631, "llc": 1.05}, "LINK": {"volume": 1476.8366813659668, "llc": 1.05}, "GNO": {"volume": 24364.997386932373, "llc": 1.05}, "WBTC": {"volume": 7198.876857757568, "llc": 1.05}, "WETH": {"volume": 9106.223583221436, "llc": 1.05}, "FOX": {"volume": 3384.183406829834, "llc": 1.05}, "USDT": {"volume": 3419442.168712616, "llc": 1.05}, "EURe": {"volume": 1300379.9567222595, "llc": 1.05}, "wstETH": {"volume": 9106.223583221436, "llc": 1.05}}, "LINK": {"USDC": {"volume": 4337.856769561768, "llc": 1.2}, "WXDAI": {"volume": 4337.856769561768, "llc": 1.2}, "GNO": {"volume": 4337.856769561768, "llc": 1.2}, "WBTC": {"volume": 4337.856769561768, "llc": 1.2}, "WETH": {"volume": 4337.856769561768, "llc": 1.2}, "FOX": {"volume": 3384.183406829834, "llc": 1.2}, "USDT": {"volume": 3384.183406829834, "llc": 1.2}, "EURe": {"volume": 3384.183406829834, "llc": 1.2}, "wstETH": {"volume": 4337.856769561768, "llc": 1.2}}, "GNO": {"USDC": {"volume": 47253.15809249878, "llc": 1.1}, "WXDAI": {"volume": 48206.83145523071, "llc": 1.1}, "LINK": {"volume": 2430.5100440979004, "llc": 1.1}, "WBTC": {"volume": 47253.15809249878, "llc": 1.1}, "WETH": {"volume": 171230.69524765015, "llc": 1.1}, "FOX": {"volume": 5291.530132293701, "llc": 1.1}, "USDT": {"volume": 44392.13800430298, "llc": 1.1}, "EURe": {"volume": 44392.13800430298, "llc": 1.1}, "wstETH": {"volume": 171230.69524765015, "llc": 1.1}}, "WBTC": {"USDC": {"volume": 17689.283847808838, "llc": 1.1}, "WXDAI": {"volume": 17689.283847808838, "llc": 1.1}, "LINK": {"volume": 2430.5100440979004, "llc": 1.1}, "GNO": {"volume": 48206.83145523071, "llc": 1.1}, "WETH": {"volume": 65372.95198440552, "llc": 1.1}, "FOX": {"volume": 4337.856769561768, "llc": 1.1}, "USDT": {"volume": 16735.610485076904, "llc": 1.1}, "EURe": {"volume": 16735.610485076904, "llc": 1.1}, "wstETH": {"volume": 65372.95198440552, "llc": 1.1}}, "WETH": {"USDC": {"volume": 12920.91703414917, "llc": 1.05}, "WXDAI": {"volume": 12920.91703414917, "llc": 1.05}, "LINK": {"volume": 1476.8366813659668, "llc": 1.05}, "GNO": {"volume": 86353.76596450806, "llc": 1.05}, "WBTC": {"volume": 32948.057651519775, "llc": 1.05}, "FOX": {"volume": 2430.5100440979004, "llc": 1.05}, "USDT": {"volume": 11013.570308685303, "llc": 1.05}, "EURe": {"volume": 11013.570308685303, "llc": 1.05}, "wstETH": {"volume": 1162097.3191261292, "llc": 1.05}}, "FOX": {"USDC": {"volume": 5291.530132293701, "llc": 1.1}, "WXDAI": {"volume": 5291.530132293701, "llc": 1.1}, "LINK": {"volume": 2430.5100440979004, "llc": 1.1}, "GNO": {"volume": 5291.530132293701, "llc": 1.1}, "WBTC": {"volume": 4337.856769561768, "llc": 1.1}, "WETH": {"volume": 4337.856769561768, "llc": 1.1}, "USDT": {"volume": 5291.530132293701, "llc": 1.1}, "EURe": {"volume": 5291.530132293701, "llc": 1.1}, "wstETH": {"volume": 4337.856769561768, "llc": 1.1}}, "USDT": {"USDC": {"volume": 2057596.6067314148, "llc": 1.05}, "WXDAI": {"volume": 2345605.9622764587, "llc": 1.05}, "LINK": {"volume": 1476.8366813659668, "llc": 1.05}, "GNO": {"volume": 22457.650661468506, "llc": 1.05}, "WBTC": {"volume": 7198.876857757568, "llc": 1.05}, "WETH": {"volume": 8152.550220489502, "llc": 1.05}, "FOX": {"volume": 3384.183406829834, "llc": 1.05}, "EURe": {"volume": 1300379.9567222595, "llc": 1.05}, "wstETH": {"volume": 8152.550220489502, "llc": 1.05}}, "EURe": {"USDC": {"volume": 2175852.1037101746, "llc": 1.15}, "WXDAI": {"volume": 2212091.691493988, "llc": 1.15}, "LINK": {"volume": 3384.183406829834, "llc": 1.15}, "GNO": {"volume": 66326.62534713745, "llc": 1.15}, "WBTC": {"volume": 18642.95721054077, "llc": 1.15}, "WETH": {"volume": 22457.650661468506, "llc": 1.15}, "FOX": {"volume": 7198.876857757568, "llc": 1.15}, "USDT": {"volume": 2221628.4251213074, "llc": 1.15}, "wstETH": {"volume": 22457.650661468506, "llc": 1.15}}, "wstETH": {"USDC": {"volume": 12920.91703414917, "llc": 1.05}, "WXDAI": {"volume": 12920.91703414917, "llc": 1.05}, "LINK": {"volume": 1476.8366813659668, "llc": 1.05}, "GNO": {"volume": 86353.76596450806, "llc": 1.05}, "WBTC": {"volume": 32948.057651519775, "llc": 1.05}, "WETH": {"volume": 1249835.268497467, "llc": 1.1}, "FOX": {"volume": 2430.5100440979004, "llc": 1.05}, "USDT": {"volume": 11013.570308685303, "llc": 1.05}, "EURe": {"volume": 11013.570308685303, "llc": 1.05}}, "json_time": 1692892950}