{"json_time":1672485887,"DAI":{"USDC":{"volume":2595159385.267889,"llc":1.0303956178001208}},"WETH":{"USDC":{"volume":70358229.909117,"llc":1.0399935167176855}},"stETH":{"USDC":{"volume":50780690.74887,"llc":1.0399782214737139}},"WBTC":{"USDC":{"volume":29240694.262108,"llc":1.0399856423805711}},"USDT":{"USDC":{"volume":248584354.133031,"llc":1.0399857182995746}},"sUSD":{"USDC":{"volume":24577308.999613,"llc":1.039909936053709}},"FRAX":{"USDC":{"volume":356172380.72793,"llc":1.0396154534005415}},"GUSD":{"USDC":{"volume":14991641.717746,"llc":1.03973121485196}},"LUSD":{"USDC":{"volume":56816373.957952,"llc":1.0397966971526906}},"CVX":{"USDC":{"volume":3269626.142852,"llc":1.033180141414829}},"FXS":{"USDC":{"volume":808758.1046,"llc":1.039972362269816}},"LQTY":{"USDC":{"volume":1284351.543144,"llc":1.0194400893349815}},"CRV":{"USDC":{"volume":1059184.845064,"llc":1.0399997491046458}},"LDO":{"USDC":{"volume":1182290.812577,"llc":1.0399999261014417}},"SNX":{"USDC":{"volume":53733.706507,"llc":1.0399820377176796}},"wstETH":{"USDC":{"volume":63236427.286894,"llc":1.0399741462474559}},"3Crv":{"USDC":{"volume":155730053.496945,"llc":1.0395198402899912}},"steCRV":{"USDC":{"volume":81870050.99107791,"llc":1.0399782214737139}},"FRAX3CRV-f":{"USDC":{"volume":434201072.7782036,"llc":1.0395198402899912}},"LUSD3CRV-f":{"USDC":{"volume":173476990.58868724,"llc":1.0395198402899912}},"crvPlain3andSUSD":{"USDC":{"volume":95764840.49590807,"llc":1.039909936053709}},"gusd3CRV":{"USDC":{"volume":40034293.839012675,"llc":1.03973121485196}},"crvFRAX":{"USDC":{"volume":356172380.72793,"llc":1.0396154534005415}},"cvxsteCRV":{"USDC":{"volume":81870050.99107791,"llc":1.0399782214737139}},"stkcvxsteCRV":{"USDC":{"volume":81870050.99107791,"llc":1.0399782214737139}},"cvx3Crv":{"USDC":{"volume":155730053.496945,"llc":1.0395198402899912}},"stkcvx3Crv":{"USDC":{"volume":155730053.496945,"llc":1.0395198402899912}},"cvxFRAX3CRV-f":{"USDC":{"volume":434201072.7782036,"llc":1.0395198402899912}},"stkcvxFRAX3CRV-f":{"USDC":{"volume":434201072.7782036,"llc":1.0395198402899912}},"cvxLUSD3CRV-f":{"USDC":{"volume":173476990.58868724,"llc":1.0395198402899912}},"stkcvxLUSD3CRV-f":{"USDC":{"volume":173476990.58868724,"llc":1.0395198402899912}},"cvxcrvPlain3andSUSD":{"USDC":{"volume":95764840.49590807,"llc":1.039909936053709}},"stkcvxcrvPlain3andSUSD":{"USDC":{"volume":95764840.49590807,"llc":1.039909936053709}},"cvxgusd3CRV":{"USDC":{"volume":40034293.839012675,"llc":1.03973121485196}},"stkcvxgusd3CRV":{"USDC":{"volume":40034293.839012675,"llc":1.03973121485196}},"yvDAI":{"USDC":{"volume":2595159385.267889,"llc":1.0303956178001208}},"yvUSDC":{"USDC":{"volume":999999999999,"llc":1}},"yvWETH":{"USDC":{"volume":70358229.909117,"llc":1.0399935167176855}},"yvWBTC":{"USDC":{"volume":29240694.262108,"llc":1.0399856423805711}},"yvCurve-stETH":{"USDC":{"volume":81870050.99107791,"llc":1.0399782214737139}},"yvCurve-FRAX":{"USDC":{"volume":434201072.7782036,"llc":1.0395198402899912}},"cvxcrvFRAX":{"USDC":{"volume":356172380.72793,"llc":1.0396154534005415}},"stkcvxcrvFRAX":{"USDC":{"volume":356172380.72793,"llc":1.0396154534005415}}}