{"json_time": 1671636530, "data": [{"account": "0x5ce561e048d2cd64523D6316228F97bd2537F92f", "user_collateral_wo_looping": 1.0939907367464727, "user_debt_wo_looping": 1.5432093209320932}, {"account": "0x9A4B0dA9E8e5c7135cd7188Bd2e84DAc513C594b", "user_collateral_wo_looping": 0.001081445422120748, "user_debt_wo_looping": 0.001380920665539681}]}