{"json_time": 1673807094, "ETH-VST": {"series_std_ratio": 1.0, "volume_for_slippage_10_percentss": [26499.333452284336], "trade_every": 1800, "collaterals": [0], "liquidation_incentives": [0.10000000000000009], "stability_pool_initial_balances": [1.915771425409793], "share_institutionals": [0.17484261211683086], "recovery_halflife_retails": [3.3333333333333335], "price_recovery_times": [0], "l_factors": [0], "json_time": 1673808569.1601014, "current_debt": 246.92224693241275, "collateral_factor": 0.9090909090909091}, "gOHM-VST": {"series_std_ratio": 0.5718399563684763, "volume_for_slippage_10_percentss": [221.45998805761337], "trade_every": 1800, "collaterals": [0], "liquidation_incentives": [0.1499999999999999], "stability_pool_initial_balances": [0.19515402632026527], "share_institutionals": [0.0053963637835519156], "recovery_halflife_retails": [3.3333333333333335], "price_recovery_times": [0], "l_factors": [0], "json_time": 1673808569.1601014, "current_debt": 3213.260378474603, "collateral_factor": 0.6666666666666666}, "DPX-VST": {"series_std_ratio": 2.2756095294666916, "volume_for_slippage_10_percentss": [459.87832874059677], "trade_every": 1800, "collaterals": [0], "liquidation_incentives": [0.1499999999999999], "stability_pool_initial_balances": [0.1489002963047118], "share_institutionals": [0.03405064266261963], "recovery_halflife_retails": [3.3333333333333335], "price_recovery_times": [2], "l_factors": [0], "json_time": 1673808569.1601014, "current_debt": 260.9315702253887, "collateral_factor": 0.6666666666666666}, "GMX-VST": {"series_std_ratio": 2.0308729755116706, "volume_for_slippage_10_percentss": [1550.0461915135384], "trade_every": 1800, "collaterals": [0], "liquidation_incentives": [0.1499999999999999], "stability_pool_initial_balances": [0.5113918085467913], "share_institutionals": [0.010470944731764291], "recovery_halflife_retails": [3.3333333333333335], "price_recovery_times": [0], "l_factors": [0], "json_time": 1673808569.1601014, "current_debt": 55.75213625745306, "collateral_factor": 0.6666666666666666}, "sGLP-VST": {"series_std_ratio": 0.6132330529291525, "volume_for_slippage_10_percentss": [28636.157830655575], "trade_every": 1800, "collaterals": [0], "liquidation_incentives": [0.10000000000000009], "stability_pool_initial_balances": [0.8074313004923381], "share_institutionals": [0.0], "recovery_halflife_retails": [3.3333333333333335], "price_recovery_times": [0], "l_factors": [0], "json_time": 1673808569.1601014, "current_debt": 1892.2038421930647, "collateral_factor": 0.8333333333333334}}