{"json_time": 1673807094, "stabilityPoolVstBalance": {"ETH": 756874.5359537556, "gOHM": 1003329.1207595172, "GMX": 45617.897265673695, "DPX": 62164.460994902554, "sGLP": 2444519.374557672}, "stabilityPoolGemBalance": {"ETH": 20680.72738922136, "gOHM": 9986.699177041766, "GMX": 1534.6544648320325, "DPX": 148.1884016826102, "sGLP": 0.0}, "bprotocolBalance": {"ETH": 132333.89900574792, "gOHM": 5414.328930249645, "DPX": 2116.7205578213843, "GMX": 474.9883046704138, "sGLP": 0.0}, "bprotocolGemBalance": {"ETH": 0.0219051209134648, "gOHM": 0.0, "DPX": 0.01928983039848691, "GMX": 2.674176377756853, "sGLP": 0.0}}