{"json_time": 1679225018, "ETH": {"oracle": 1794.73679471, "cex_price": 1783.225, "dex_price": 1743.7454459565545}, "BNB|bsc": {"oracle": 338.681933367, "cex_price": 337.95, "dex_price": 335.78527562755465}, "WBTC|eth": {"oracle": 27355.245377, "cex_price": 27219.010000000002, "dex_price": 26148.53899617952}, "pCKB": {"oracle": 0.004398964, "cex_price": 0.004365, "dex_price": 0.004323029039239264}, "USDC": {"oracle": 0.9996, "cex_price": 1, "dex_price": 1}, "USDT": {"oracle": 1.0026441, "cex_price": 1, "dex_price": 1.0005797737189785}}