{"json_time": 1679336404, "VST": {"oracle": 1.0030267712341396, "cex_price": 1, "dex_price": 1}, "ETH": {"oracle": 1766.24473946, "cex_price": 1764.6350000000002, "dex_price": 1768.9654874624512}, "gOHM": {"oracle": 2710.827332084892, "cex_price": "NaN", "dex_price": 2717.0280227534668}, "GMX": {"oracle": 81.93813287692385, "cex_price": "NaN", "dex_price": 81.96384454687141}, "DPX": {"oracle": 352.23770441, "cex_price": "NaN", "dex_price": 354.6386265375167}, "sGLP": {"oracle": 0.9627758502326615, "cex_price": "NaN", "dex_price": "NaN"}}