{"json_time": 1679154225, "data": [{"account": "0xaCCfAA3a39F3681E07F5D6ECC0A9cdd86c2eb775", "user_collateral_wo_looping": 0.0007570406363249233, "user_debt_wo_looping": 0.008997418741406839}, {"account": "0x5ce561e048d2cd64523D6316228F97bd2537F92f", "user_collateral_wo_looping": 1.3855166447446274, "user_debt_wo_looping": 1.5474759146893067}, {"account": "0x7e1a061ca70838e1E79BCcBee306a56746f9e2F8", "user_collateral_wo_looping": 0.004158159435508494, "user_debt_wo_looping": 0.005106880822635548}, {"account": "0x5dA68351bD082aBDA73E42Ac981dB51d9364fe69", "user_collateral_wo_looping": 0.32238660442654965, "user_debt_wo_looping": 0.3441204706129292}]}