{"json_time": 1682782330, "USDC": {"oracle": 0.9999951298538956, "cex_price": 1, "dex_price": 1}, "WXDAI": {"oracle": 1.0, "cex_price": 1, "dex_price": 0.9999618474458815}, "LINK": {"oracle": 7.199701991059732, "cex_price": 7.1835, "dex_price": 7.5922211852874755}, "GNO": {"oracle": 109.71637324119723, "cex_price": 109.25, "dex_price": 109.84297055237872}, "WBTC": {"oracle": 29368.164382541476, "cex_price": 29279.985, "dex_price": 29510.947528649962}, "WETH": {"oracle": 1906.2971889156674, "cex_price": 1906.545, "dex_price": 1912.9094772732171}, "FOX": {"oracle": 0.03078183345500365, "cex_price": 0.0304, "dex_price": 0.03210814199715751}, "USDT": {"oracle": 1.0010613318399553, "cex_price": 1, "dex_price": 1.0003702040002838}, "EURe": {"oracle": 1.107183215496465, "cex_price": 1.10135, "dex_price": 1.103842669647307}}