{"json_time": 1685168950, "USDC": {"oracle": 0.9999284102570072, "cex_price": 1, "dex_price": 1}, "WXDAI": {"oracle": 1.0, "cex_price": 1, "dex_price": 0.9995163975711884}, "LINK": {"oracle": 6.351977196401865, "cex_price": 6.3565000000000005, "dex_price": 6.79292455392265}, "GNO": {"oracle": 113.7273842086907, "cex_price": 113.65, "dex_price": 113.99113695874158}, "WBTC": {"oracle": 26702.663558077827, "cex_price": 26729.254999999997, "dex_price": 26770.221020298784}, "WETH": {"oracle": 1834.771631169844, "cex_price": 1831.5749999999998, "dex_price": 1824.71292282243}, "FOX": {"oracle": 0.024071143584594532, "cex_price": 0.024, "dex_price": 0.023555572896927994}, "USDT": {"oracle": 1.000306408899992, "cex_price": 1, "dex_price": 1.0001712413185686}, "EURe": {"oracle": 1.0708161557700009, "cex_price": 1.06915, "dex_price": 1.062926354915787}}