{"json_time": 1671117098, "ETH-VST": {"series_std_ratio": 1.0, "volume_for_slippage_10_percentss": [7378.778575360775], "trade_every": 1800, "collaterals": [0], "liquidation_incentives": [0.10000000000000009], "stability_pool_initial_balances": [1.5668452177803838], "share_institutionals": [0.16894522188028752], "recovery_halflife_retails": [3.3333333333333335], "price_recovery_times": [0], "l_factors": [0], "json_time": 1671118395.7682452, "current_debt": 314.42181852200366, "collateral_factor": 0.9090909090909091}, "gOHM-VST": {"series_std_ratio": 0.5716868167571741, "volume_for_slippage_10_percentss": [230.40067583322525], "trade_every": 1800, "collaterals": [0], "liquidation_incentives": [0.1499999999999999], "stability_pool_initial_balances": [0.0468221856601596], "share_institutionals": [0.5534299764795517], "recovery_halflife_retails": [3.3333333333333335], "price_recovery_times": [0], "l_factors": [0], "json_time": 1671118395.7682452, "current_debt": 3358.0392447580175, "collateral_factor": 0.6666666666666666}, "DPX-VST": {"series_std_ratio": 2.2750001177686507, "volume_for_slippage_10_percentss": [433.6523112654686], "trade_every": 1800, "collaterals": [0], "liquidation_incentives": [0.1499999999999999], "stability_pool_initial_balances": [0.0811082841974977], "share_institutionals": [0.07481884299002049], "recovery_halflife_retails": [3.3333333333333335], "price_recovery_times": [2], "l_factors": [0], "json_time": 1671118395.7682452, "current_debt": 216.38579545003202, "collateral_factor": 0.6666666666666666}, "GMX-VST": {"series_std_ratio": 2.0303291046355447, "volume_for_slippage_10_percentss": [2087.0835039019585], "trade_every": 1800, "collaterals": [0], "liquidation_incentives": [0.1499999999999999], "stability_pool_initial_balances": [0.24972718924976195], "share_institutionals": [0.011727826019679533], "recovery_halflife_retails": [3.3333333333333335], "price_recovery_times": [0], "l_factors": [0], "json_time": 1671118395.7682452, "current_debt": 100.04871174126245, "collateral_factor": 0.6666666666666666}, "sGLP-VST": {"series_std_ratio": 0.6130688281835444, "volume_for_slippage_10_percentss": [7379.97066706419], "trade_every": 1800, "collaterals": [0], "liquidation_incentives": [0.10000000000000009], "stability_pool_initial_balances": [0.7402446048797412], "share_institutionals": [0.0], "recovery_halflife_retails": [3.3333333333333335], "price_recovery_times": [0], "l_factors": [0], "json_time": 1671118395.7682452, "current_debt": 3744.4251010989246, "collateral_factor": 0.8333333333333334}}