{"json_time": 1671117098, "ETH": {"VST": {"volume": 11806045.72057724, "llc": 1.1}}, "gOHM": {"VST": {"volume": 368641.0813331604, "llc": 1.15}}, "GMX": {"VST": {"volume": 3339333.6062431335, "llc": 1.15}}, "DPX": {"VST": {"volume": 693843.6980247498, "llc": 1.15}}, "sGLP": {"VST": {"volume": 11807953.067302704, "llc": 1.1}}}