{"USDC": {"WXDAI": {"volume": 3588242.353916168, "llc": 1.05}, "LINK": {"volume": 1476.8366813659668, "llc": 1.05}, "GNO": {"volume": 67280.29870986938, "llc": 1.05}, "WBTC": {"volume": 18642.95721054077, "llc": 1.05}, "WETH": {"volume": 66326.62534713745, "llc": 1.05}, "FOX": {"volume": 3384.183406829834, "llc": 1.05}, "USDT": {"volume": 2413316.771030426, "llc": 1.05}}, "WXDAI": {"USDC": {"volume": 3611130.5146217346, "llc": 1.05}, "LINK": {"volume": 1476.8366813659668, "llc": 1.05}, "GNO": {"volume": 87307.43932723999, "llc": 1.05}, "WBTC": {"volume": 18642.95721054077, "llc": 1.05}, "WETH": {"volume": 66326.62534713745, "llc": 1.05}, "FOX": {"volume": 3384.183406829834, "llc": 1.05}, "USDT": {"volume": 2421899.8312950134, "llc": 1.05}}, "LINK": {"USDC": {"volume": 2430.5100440979004, "llc": 1.1}, "WXDAI": {"volume": 2430.5100440979004, "llc": 1.1}, "GNO": {"volume": 2430.5100440979004, "llc": 1.1}, "WBTC": {"volume": 2430.5100440979004, "llc": 1.1}, "WETH": {"volume": 2430.5100440979004, "llc": 1.1}, "FOX": {"volume": 2430.5100440979004, "llc": 1.1}, "USDT": {"volume": 2430.5100440979004, "llc": 1.1}}, "GNO": {"USDC": {"volume": 136898.45418930054, "llc": 1.1}, "WXDAI": {"volume": 174091.71533584595, "llc": 1.1}, "LINK": {"volume": 2430.5100440979004, "llc": 1.1}, "WBTC": {"volume": 39623.77119064331, "llc": 1.1}, "WETH": {"volume": 254200.27780532837, "llc": 1.1}, "FOX": {"volume": 5291.530132293701, "llc": 1.1}, "USDT": {"volume": 97797.84631729126, "llc": 1.1}}, "WBTC": {"USDC": {"volume": 35809.077739715576, "llc": 1.1}, "WXDAI": {"volume": 35809.077739715576, "llc": 1.1}, "LINK": {"volume": 2430.5100440979004, "llc": 1.1}, "GNO": {"volume": 39623.77119064331, "llc": 1.1}, "WETH": {"volume": 48206.83145523071, "llc": 1.1}, "FOX": {"volume": 5291.530132293701, "llc": 1.1}, "USDT": {"volume": 35809.077739715576, "llc": 1.1}}, "WETH": {"USDC": {"volume": 66326.62534713745, "llc": 1.05}, "WXDAI": {"volume": 66326.62534713745, "llc": 1.05}, "LINK": {"volume": 1476.8366813659668, "llc": 1.05}, "GNO": {"volume": 121639.6803855896, "llc": 1.05}, "WBTC": {"volume": 24364.997386932373, "llc": 1.05}, "FOX": {"volume": 3384.183406829834, "llc": 1.05}, "USDT": {"volume": 66326.62534713745, "llc": 1.05}}, "FOX": {"USDC": {"volume": 6245.203495025635, "llc": 1.1}, "WXDAI": {"volume": 8152.550220489502, "llc": 1.1}, "LINK": {"volume": 2430.5100440979004, "llc": 1.1}, "GNO": {"volume": 6245.203495025635, "llc": 1.1}, "WBTC": {"volume": 5291.530132293701, "llc": 1.1}, "WETH": {"volume": 7198.876857757568, "llc": 1.1}, "USDT": {"volume": 6245.203495025635, "llc": 1.1}}, "USDT": {"USDC": {"volume": 3405137.068271637, "llc": 1.05}, "WXDAI": {"volume": 3395600.3346443176, "llc": 1.05}, "LINK": {"volume": 1476.8366813659668, "llc": 1.05}, "GNO": {"volume": 49160.50481796265, "llc": 1.05}, "WBTC": {"volume": 18642.95721054077, "llc": 1.05}, "WETH": {"volume": 66326.62534713745, "llc": 1.05}, "FOX": {"volume": 3384.183406829834, "llc": 1.05}}, "json_time": 1672001835}