{"json_time": 1676649030, "stabilityPoolVstBalance": {"ETH": 251127.43232829153, "gOHM": 24595.399415536012, "GMX": 49363.19426599303, "DPX": 33392.525345438335, "sGLP": 13659.752247664463}, "stabilityPoolGemBalance": {"ETH": 18995.974944962454, "gOHM": 10953.522515687078, "GMX": 4048.1770905032085, "DPX": 176.11269114439358, "sGLP": 0.0}, "bprotocolBalance": {"ETH": 127681.6988906136, "gOHM": 3588.2533867057887, "DPX": 165.80675017877977, "GMX": 706.9307575030971, "sGLP": 0.0}, "bprotocolGemBalance": {"ETH": 0.020909926228998572, "gOHM": 0.0, "DPX": 0.001492251000255862, "GMX": 0.9653226968882413, "sGLP": 0.0}}