{"json_time": 1676649030, "ETH": {"VST": {"volume": 4169983.1051826477, "llc": 1.1}}, "gOHM": {"VST": {"volume": 379131.48832321167, "llc": 1.15}}, "GMX": {"VST": {"volume": 3918213.3374214172, "llc": 1.15}}, "DPX": {"VST": {"volume": 825450.6220817566, "llc": 1.15}}, "sGLP": {"VST": {"volume": 4336875.943660736, "llc": 1.1}}}