{"json_time": 1685482397, "ETH": {"oracle": 1903.046331002, "cex_price": 1902.995, "dex_price": 1911.462516780659}, "BNB|bsc": {"oracle": 312.44204846, "cex_price": 312.15, "dex_price": 315.23772944001155}, "WBTC|eth": {"oracle": 27699.0, "cex_price": 27684.695, "dex_price": 29755.64636694139}, "pCKB": {"oracle": 0.003656706, "cex_price": 0.0036550000000000003, "dex_price": 0.0036638188892632287}, "USDC": {"oracle": 0.999884974, "cex_price": 1, "dex_price": 1}, "USDT": {"oracle": 1.0004, "cex_price": 1, "dex_price": 1.0016764462382102}}