{"json_time": 1675363680, "glp_data": {"liquidTreasury": 251585135.6043577, "treasuryUtilization": 0.4566762303204038, "liquidStableTreasury": 164925796.4239843, "stableTreasuryUtilization": 0.1471964738342974, "liquidSolidAssetTreasury": 73127308.00389308, "solidTreasuryUtilization": 0.7108645214365533}}