{"json_time": 1675363680, "ETH-VST": {"series_std_ratio": 1.0, "volume_for_slippage_10_percentss": [12444.572269022465], "trade_every": 1800, "collaterals": [282, 3398, 6513, 9629, 12744, 15860, 18975, 22091, 25207, 28322, 31438, 34553, 37669, 40785, 43900, 47016, 50131, 53247, 56362, 59478, 62594, 65709, 68825, 71940, 75056, 78172, 81287, 84403, 87518, 90634, 18750.0], "liquidation_incentives": [0.10000000000000009], "stability_pool_initial_balances": [1.6534207608992446, 0.8267103804496223, 3.3068415217984892], "share_institutionals": [0.1687205620175042, 0.0843602810087521, 0.3374411240350084, 1], "recovery_halflife_retails": [3.3333333333333335], "price_recovery_times": [0], "l_factors": [0.25, 0.5, 1, 1.5, 2], "json_time": 1675364759.0874739, "current_debt": 282.420525398648}, "gOHM-VST": {"series_std_ratio": 0.5718399563684763, "volume_for_slippage_10_percentss": [236.36113435029984], "trade_every": 1800, "collaterals": [3381, 3893, 4405, 4918, 5430, 5942, 6455, 6967, 7479, 7991, 8504, 9016, 9528, 10041, 10553, 11065, 11577, 12090, 12602, 13114, 13627, 14139, 14651, 15163, 15676, 16188, 16700, 17213, 17725, 18237, 3750.0], "liquidation_incentives": [0.1499999999999999], "stability_pool_initial_balances": [0.18484017559694652, 0.09242008779847326, 0.36968035119389303], "share_institutionals": [0.0026399688389776416, 0.0013199844194888208, 0.005279937677955283, 1], "recovery_halflife_retails": [3.3333333333333335], "price_recovery_times": [0], "l_factors": [0.25, 0.5, 1, 1.5, 2], "json_time": 1675364759.0874739, "current_debt": 3381.407463255868}, "DPX-VST": {"series_std_ratio": 2.2756095294666916, "volume_for_slippage_10_percentss": [514.1185012459755], "trade_every": 1800, "collaterals": [403, 806, 1209, 1612, 2016, 2419, 2822, 3225, 3628, 4032, 4435, 4838, 5241, 5645, 6048, 6451, 6854, 7258, 7661, 8064, 8467, 8870, 9274, 9677, 10080, 10483, 10887, 11290, 11693, 12096, 2500.0], "liquidation_incentives": [0.1499999999999999], "stability_pool_initial_balances": [0.08496537076160202, 0.04248268538080101, 0.16993074152320403], "share_institutionals": [0.0385291228528892, 0.0192645614264446, 0.0770582457057784, 1], "recovery_halflife_retails": [3.3333333333333335], "price_recovery_times": [2], "l_factors": [0.25, 0.5, 1, 1.5, 2], "json_time": 1675364759.0874739, "current_debt": 403.1566702541176}, "GMX-VST": {"series_std_ratio": 2.0308729755116706, "volume_for_slippage_10_percentss": [2483.4539952874184], "trade_every": 1800, "collaterals": [75, 489, 903, 1317, 1731, 2146, 2560, 2974, 3388, 3802, 4216, 4631, 5045, 5459, 5873, 6287, 6701, 7115, 7530, 7944, 8358, 8772, 9186, 9600, 10015, 10429, 10843, 11257, 11671, 12085, 2500.0], "liquidation_incentives": [0.1499999999999999], "stability_pool_initial_balances": [0.31230145568050327, 0.15615072784025164, 0.6246029113610065], "share_institutionals": [0.03359909455418103, 0.016799547277090515, 0.06719818910836206, 1], "recovery_halflife_retails": [3.3333333333333335], "price_recovery_times": [0], "l_factors": [0.25, 0.5, 1, 1.5, 2], "json_time": 1675364759.0874739, "current_debt": 75.33104524962582}, "sGLP-VST": {"series_std_ratio": 0.6132330529291525, "volume_for_slippage_10_percentss": [12435.035535395145], "trade_every": 1800, "collaterals": [1396, 2079, 2761, 3444, 4126, 4809, 5492, 6174, 6857, 7540, 8222, 8905, 9587, 10270, 10953, 11635, 12318, 13000, 13683, 14366, 15048, 15731, 16414, 17096, 17779, 18461, 19144, 19827, 20509, 21192, 4375.0], "liquidation_incentives": [0.10000000000000009], "stability_pool_initial_balances": [1.0967556882426797, 0.5483778441213398, 2.1935113764853593], "share_institutionals": [0.0, 0.0, 0.0, 1], "recovery_halflife_retails": [3.3333333333333335], "price_recovery_times": [0], "l_factors": [0.25, 0.5, 1, 1.5, 2], "json_time": 1675364759.0874739, "current_debt": 1396.454937460792}}