{"json_time": 1675363680, "stabilityPoolVstBalance": {"ETH": 747135.9359971152, "gOHM": 1000031.9188368642, "GMX": 37641.59214302721, "DPX": 54806.96954104645, "sGLP": 2450511.833655519}, "stabilityPoolGemBalance": {"ETH": 20673.812165816664, "gOHM": 10508.572496132747, "GMX": 2052.5118202866897, "DPX": 186.9602435357174, "sGLP": 0.0}, "bprotocolBalance": {"ETH": 126057.17410896075, "gOHM": 2640.0531037123396, "DPX": 2111.6451728111365, "GMX": 1262.0492372057322, "sGLP": 0.0}, "bprotocolGemBalance": {"ETH": 0.020915946576409234, "gOHM": 0.0, "DPX": 0.01928983039848691, "GMX": 2.674176377756853, "sGLP": 0.0}}