{"json_time": 1675363680, "ETH": {"VST": {"volume": 19911315.630435944, "llc": 1.1}}, "gOHM": {"VST": {"volume": 378177.81496047974, "llc": 1.15}}, "GMX": {"VST": {"volume": 3973526.3924598694, "llc": 1.15}}, "DPX": {"VST": {"volume": 822589.6019935608, "llc": 1.15}}, "sGLP": {"VST": {"volume": 19896056.856632233, "llc": 1.1}}}