{"json_time": 1669382967, "BTC": {"VST": 0.760706293780634}, "ETH": {"VST": 1.0}, "OHM": {"VST": 1.416911372280521}, "DPX": {"VST": 1.974078240475897}, "GMX": {"VST": 2.081064798518858}, "GLP": {"VST": 0.4707294016934606}}