{"json_time": 1669382967, "stabilityPoolVstBalance": {"ETH": 872676.185618207, "gOHM": 292696.7676082504, "renBTC": 7798.84563526494, "GMX": 40077.50030231663, "DPX": 33595.302942205024, "sGLP": 4471591.8175692195}, "stabilityPoolGemBalance": {"ETH": 25088.070559833865, "gOHM": 9245.453148534865, "renBTC": 362.52668428339996, "GMX": 1799.5665080644053, "DPX": 68.21134341827477, "sGLP": 0.0}, "bprotocolBalance": {"ETH": 136219.80788171166, "gOHM": 179132.33057425552, "DPX": 4.940769295297807, "GMX": 467.55338464143364, "renBTC": 1098.6415562683296, "sGLP": 0.0}, "bprotocolGemBalance": {"ETH": 0.09800028380729271, "gOHM": 0.0, "DPX": 7.5720702787398e-05, "GMX": 2.833783015362389, "renBTC": 0.0, "sGLP": 0.0}}