{"ETH": {"BNB|bsc": {"volume": 9106.223583221436, "llc": 1.1}, "WBTC|eth": {"volume": 9106.223583221436, "llc": 1.1}, "pCKB": {"volume": 23411.32402420044, "llc": 1.1}, "USDC": {"volume": 17689.283847808838, "llc": 1.1}, "USDT": {"volume": 17689.283847808838, "llc": 1.1}}, "BNB|bsc": {"ETH": {"volume": 9106.223583221436, "llc": 1.1}, "WBTC|eth": {"volume": 5291.530132293701, "llc": 1.1}, "pCKB": {"volume": 12920.91703414917, "llc": 1.1}, "USDC": {"volume": 11967.243671417236, "llc": 1.1}, "USDT": {"volume": 11013.570308685303, "llc": 1.1}}, "WBTC|eth": {"ETH": {"volume": 9106.223583221436, "llc": 1.1}, "BNB|bsc": {"volume": 5291.530132293701, "llc": 1.1}, "pCKB": {"volume": 7198.876857757568, "llc": 1.1}, "USDC": {"volume": 6245.203495025635, "llc": 1.1}, "USDT": {"volume": 6245.203495025635, "llc": 1.1}}, "pCKB": {"ETH": {"volume": 23411.32402420044, "llc": 1.1}, "BNB|bsc": {"volume": 12920.91703414917, "llc": 1.1}, "WBTC|eth": {"volume": 7198.876857757568, "llc": 1.1}, "USDC": {"volume": 70141.31879806519, "llc": 1.1}, "USDT": {"volume": 69187.64543533325, "llc": 1.1}}, "USDC": {"ETH": {"volume": 17689.283847808838, "llc": 1.1}, "BNB|bsc": {"volume": 11013.570308685303, "llc": 1.1}, "WBTC|eth": {"volume": 6245.203495025635, "llc": 1.1}, "pCKB": {"volume": 70141.31879806519, "llc": 1.1}, "USDT": {"volume": 139759.47427749634, "llc": 1.1}}, "USDT": {"ETH": {"volume": 17689.283847808838, "llc": 1.1}, "BNB|bsc": {"volume": 11013.570308685303, "llc": 1.1}, "WBTC|eth": {"volume": 6245.203495025635, "llc": 1.1}, "pCKB": {"volume": 67280.29870986938, "llc": 1.1}, "USDC": {"volume": 117824.98693466187, "llc": 1.1}}, "json_time": 1678509491}