{"json_time": 1687105432, "ETH": {"oracle": 1743.0978415, "cex_price": 1745.475, "dex_price": 1854.5965622615695}, "BNB|bsc": {"oracle": 247.27527, "cex_price": 247.35000000000002, "dex_price": 295.4427299277868}, "WBTC|eth": {"oracle": 26618.007933, "cex_price": 26619.995000000003, "dex_price": 25877.35228854912}, "pCKB": {"oracle": 0.002717864, "cex_price": 0.0027150000000000004, "dex_price": 0.0026971535801601134}, "USDC": {"oracle": 1.000108041, "cex_price": 1, "dex_price": 1}, "USDT": {"oracle": 0.9999, "cex_price": 1, "dex_price": 1.0013618971068905}}