{"json_time": 1666195620, "auETH-auUSDC": {"series_std_ratio": 1.0, "volume_for_slippage_10_percentss": [29.533223807811737], "trade_every": 1800, "collaterals": [1250, 2500, 3125, 4375, 5625, 5000, 6250, 7500, 8750, 625.0, 625.0], "liquidation_incentives": [0.10000000000000009], "stability_pool_initial_balances": [0], "share_institutionals": [0], "recovery_halflife_retails": [0], "price_recovery_times": [0], "l_factors": [0.25, 0.5, 1, 1.5, 2], "json_time": 1666199523.706317, "current_debt": 301.5765202043296}, "auETH-auWBTC": {"series_std_ratio": 0.4395117777819672, "volume_for_slippage_10_percentss": [31.91740721464157], "trade_every": 1800, "collaterals": [1250, 2500, 3125, 4375, 3750, 5625, 5000, 6250, 7500, 6875, 8750, 8125, 625.0, 625.0], "liquidation_incentives": [0.10000000000000009], "stability_pool_initial_balances": [0], "share_institutionals": [0], "recovery_halflife_retails": [0], "price_recovery_times": [0], "l_factors": [0.25, 0.5, 1, 1.5, 2], "json_time": 1666199523.706317, "current_debt": 301.5765202043296}, "auETH-auUSDT": {"series_std_ratio": 1.0, "volume_for_slippage_10_percentss": [29.533223807811737], "trade_every": 1800, "collaterals": [1250, 2500, 3125, 4375, 5625, 6250, 7500, 8750, 8125, 625.0, 625.0], "liquidation_incentives": [0.10000000000000009], "stability_pool_initial_balances": [0], "share_institutionals": [0], "recovery_halflife_retails": [0], "price_recovery_times": [0], "l_factors": [0.25, 0.5, 1, 1.5, 2], "json_time": 1666199523.706317, "current_debt": 301.5765202043296}, "auETH-auWNEAR": {"series_std_ratio": 1.184118683887115, "volume_for_slippage_10_percentss": [53.37505787611008], "trade_every": 1800, "collaterals": [1250, 625, 2500, 1875, 3125, 4375, 3750, 5625, 6250, 7500, 8750, 625.0, 625.0], "liquidation_incentives": [0.10000000000000009], "stability_pool_initial_balances": [0], "share_institutionals": [0], "recovery_halflife_retails": [0], "price_recovery_times": [0], "l_factors": [0.25, 0.5, 1, 1.5, 2], "json_time": 1666199523.706317, "current_debt": 301.5765202043296}, "auETH-auSTNEAR": {"series_std_ratio": 1.184118683887115, "volume_for_slippage_10_percentss": [11.055802404880524], "trade_every": 1800, "collaterals": [1250, 625, 2500, 3125, 4375, 5625, 6250, 7500, 8750, 625.0, 625.0], "liquidation_incentives": [0.10000000000000009], "stability_pool_initial_balances": [0], "share_institutionals": [0], "recovery_halflife_retails": [0], "price_recovery_times": [0], "l_factors": [0.25, 0.5, 1, 1.5, 2], "json_time": 1666199523.706317, "current_debt": 301.5765202043296}, "auWBTC-auUSDC": {"series_std_ratio": 0.760706293780634, "volume_for_slippage_10_percentss": [33.10949891805649], "trade_every": 1800, "collaterals": [2500, 5000, 6875, 9375, 7500, 11875, 10000, 13750, 12500, 16250, 15000, 18125, 17500, 625.0, 625.0], "liquidation_incentives": [0.10000000000000009], "stability_pool_initial_balances": [0], "share_institutionals": [0], "recovery_halflife_retails": [0], "price_recovery_times": [0], "l_factors": [0.25, 0.5, 1, 1.5, 2], "json_time": 1666199523.706317, "current_debt": 15.944991190144492}, "auWBTC-auETH": {"series_std_ratio": 0.4396477338745114, "volume_for_slippage_10_percentss": [31.91740721464157], "trade_every": 1800, "collaterals": [2500, 625, 1250, 1875, 5000, 6875, 9375, 11875, 13750, 16250, 18125, 625.0, 625.0], "liquidation_incentives": [0.10000000000000009], "stability_pool_initial_balances": [0], "share_institutionals": [0], "recovery_halflife_retails": [0], "price_recovery_times": [0], "l_factors": [0.25, 0.5, 1, 1.5, 2], "json_time": 1666199523.706317, "current_debt": 15.944991190144492}, "auWBTC-auUSDT": {"series_std_ratio": 0.760706293780634, "volume_for_slippage_10_percentss": [34.301590621471405], "trade_every": 1800, "collaterals": [2500, 5000, 3125, 6875, 5625, 9375, 8125, 11875, 10625, 13750, 13125, 16250, 15625, 18125, 625.0, 625.0], "liquidation_incentives": [0.10000000000000009], "stability_pool_initial_balances": [0], "share_institutionals": [0], "recovery_halflife_retails": [0], "price_recovery_times": [0], "l_factors": [0.25, 0.5, 1, 1.5, 2], "json_time": 1666199523.706317, "current_debt": 15.944991190144492}, "auWBTC-auWNEAR": {"series_std_ratio": 1.2792098103887029, "volume_for_slippage_10_percentss": [65.8920207619667], "trade_every": 1800, "collaterals": [2500, 625, 1250, 1875, 5000, 3125, 3750, 6875, 9375, 11875, 13750, 16250, 18125, 625.0, 625.0], "liquidation_incentives": [0.10000000000000009], "stability_pool_initial_balances": [0], "share_institutionals": [0], "recovery_halflife_retails": [0], "price_recovery_times": [0], "l_factors": [0.25, 0.5, 1, 1.5, 2], "json_time": 1666199523.706317, "current_debt": 15.944991190144492}, "auWBTC-auSTNEAR": {"series_std_ratio": 1.2792098103887029, "volume_for_slippage_10_percentss": [11.651848256587982], "trade_every": 1800, "collaterals": [2500, 625, 5000, 6875, 9375, 11875, 13750, 16250, 18125, 625.0, 625.0], "liquidation_incentives": [0.10000000000000009], "stability_pool_initial_balances": [0], "share_institutionals": [0], "recovery_halflife_retails": [0], "price_recovery_times": [0], "l_factors": [0.25, 0.5, 1, 1.5, 2], "json_time": 1666199523.706317, "current_debt": 15.944991190144492}, "auWNEAR-auUSDC": {"series_std_ratio": 1.7465911126462959, "volume_for_slippage_10_percentss": [128.47683519124985], "trade_every": 1800, "collaterals": [1250, 1875, 3125, 2500, 3750, 5000, 5625, 6875, 7500, 625.0, 625.0], "liquidation_incentives": [0.10000000000000009], "stability_pool_initial_balances": [0], "share_institutionals": [0], "recovery_halflife_retails": [0], "price_recovery_times": [0], "l_factors": [0.25, 0.5, 1, 1.5, 2], "json_time": 1666199523.706317, "current_debt": 271.17864974384116}, "auWNEAR-auETH": {"series_std_ratio": 1.1824518260272128, "volume_for_slippage_10_percentss": [52.77901202440262], "trade_every": 1800, "collaterals": [1250, 625, 1875, 3125, 3750, 5000, 5625, 6875, 7500, 625.0, 625.0], "liquidation_incentives": [0.10000000000000009], "stability_pool_initial_balances": [0], "share_institutionals": [0], "recovery_halflife_retails": [0], "price_recovery_times": [0], "l_factors": [0.25, 0.5, 1, 1.5, 2], "json_time": 1666199523.706317, "current_debt": 271.17864974384116}, "auWNEAR-auWBTC": {"series_std_ratio": 1.27690118691834, "volume_for_slippage_10_percentss": [65.29597491025925], "trade_every": 1800, "collaterals": [1250, 1875, 3125, 2500, 3750, 5000, 5625, 6875, 6250, 7500, 625.0, 625.0], "liquidation_incentives": [0.10000000000000009], "stability_pool_initial_balances": [0], "share_institutionals": [0], "recovery_halflife_retails": [0], "price_recovery_times": [0], "l_factors": [0.25, 0.5, 1, 1.5, 2], "json_time": 1666199523.706317, "current_debt": 271.17864974384116}, "auWNEAR-auUSDT": {"series_std_ratio": 1.7465911126462959, "volume_for_slippage_10_percentss": [128.47683519124985], "trade_every": 1800, "collaterals": [1250, 1875, 3125, 3750, 5000, 5625, 6875, 7500, 625.0, 625.0], "liquidation_incentives": [0.10000000000000009], "stability_pool_initial_balances": [0], "share_institutionals": [0], "recovery_halflife_retails": [0], "price_recovery_times": [0], "l_factors": [0.25, 0.5, 1, 1.5, 2], "json_time": 1666199523.706317, "current_debt": 271.17864974384116}, "auSTNEAR-auUSDC": {"series_std_ratio": 1.7465911126462959, "volume_for_slippage_10_percentss": [58.143424689769745], "trade_every": 1800, "collaterals": [625, 1250, 1875, 2500, 3125, 3750, 4375, 5000, 625.0, 625.0], "liquidation_incentives": [0.10000000000000009], "stability_pool_initial_balances": [0], "share_institutionals": [0], "recovery_halflife_retails": [0], "price_recovery_times": [0], "l_factors": [0.25, 0.5, 1, 1.5, 2], "json_time": 1666199523.706317, "current_debt": 0.0}, "auSTNEAR-auETH": {"series_std_ratio": 1.1824518260272128, "volume_for_slippage_10_percentss": [47.41459935903549], "trade_every": 1800, "collaterals": [625, 1250, 1875, 2500, 3125, 3750, 4375, 5000, 625.0, 625.0], "liquidation_incentives": [0.10000000000000009],