{"USDC": {"WXDAI": {"volume": 2302690.6609535217, "llc": 1.05}, "LINK": {"volume": 1476.8366813659668, "llc": 1.05}, "GNO": {"volume": 63465.60525894165, "llc": 1.05}, "WBTC": {"volume": 33901.73101425171, "llc": 1.05}, "WETH": {"volume": 55859.427583812816, "llc": 1.05}, "FOX": {"volume": 3384.183406829834, "llc": 1.05}, "USDT": {"volume": 4238647.587299347, "llc": 1.05}, "EURe": {"volume": 1942202.1298408508, "llc": 1.05}, "wstETH": {"volume": 55859.427583812816, "llc": 1.05}}, "WXDAI": {"USDC": {"volume": 2248331.2792778015, "llc": 1.05}, "LINK": {"volume": 1476.8366813659668, "llc": 1.05}, "GNO": {"volume": 62511.93189620972, "llc": 1.05}, "WBTC": {"volume": 33901.73101425171, "llc": 1.05}, "WETH": {"volume": 60546.875, "llc": 1.05}, "FOX": {"volume": 3384.183406829834, "llc": 1.05}, "USDT": {"volume": 4237693.913936615, "llc": 1.05}, "EURe": {"volume": 1943155.8032035828, "llc": 1.05}, "wstETH": {"volume": 60546.875, "llc": 1.05}}, "LINK": {"USDC": {"volume": 4337.856769561768, "llc": 1.2}, "WXDAI": {"volume": 4337.856769561768, "llc": 1.2}, "GNO": {"volume": 4337.856769561768, "llc": 1.2}, "WBTC": {"volume": 4337.856769561768, "llc": 1.2}, "WETH": {"volume": 4337.856769561768, "llc": 1.2}, "FOX": {"volume": 3384.183406829834, "llc": 1.2}, "USDT": {"volume": 4337.856769561768, "llc": 1.2}, "EURe": {"volume": 4337.856769561768, "llc": 1.2}, "wstETH": {"volume": 4337.856769561768, "llc": 1.2}}, "GNO": {"USDC": {"volume": 122593.35374832153, "llc": 1.1}, "WXDAI": {"volume": 122593.35374832153, "llc": 1.1}, "LINK": {"volume": 2430.5100440979004, "llc": 1.1}, "WBTC": {"volume": 60604.58517074585, "llc": 1.1}, "WETH": {"volume": 429676.17654800415, "llc": 1.1}, "FOX": {"volume": 4337.856769561768, "llc": 1.1}, "USDT": {"volume": 122593.35374832153, "llc": 1.1}, "EURe": {"volume": 122593.35374832153, "llc": 1.1}, "wstETH": {"volume": 429676.17654800415, "llc": 1.1}}, "WBTC": {"USDC": {"volume": 62511.93189620972, "llc": 1.1}, "WXDAI": {"volume": 67280.29870986938, "llc": 1.1}, "LINK": {"volume": 2430.5100440979004, "llc": 1.1}, "GNO": {"volume": 72048.66552352905, "llc": 1.1}, "WETH": {"volume": 122593.35374832153, "llc": 1.1}, "FOX": {"volume": 4337.856769561768, "llc": 1.1}, "USDT": {"volume": 54882.54499435425, "llc": 1.1}, "EURe": {"volume": 54882.54499435425, "llc": 1.1}, "wstETH": {"volume": 122593.35374832153, "llc": 1.1}}, "WETH": {"USDC": {"volume": 62591.88096815848, "llc": 1.05}, "WXDAI": {"volume": 62591.88096815848, "llc": 1.05}, "LINK": {"volume": 1476.8366813659668, "llc": 1.05}, "GNO": {"volume": 212238.6498451233, "llc": 1.05}, "WBTC": {"volume": 62511.93189620972, "llc": 1.05}, "FOX": {"volume": 2430.5100440979004, "llc": 1.05}, "USDT": {"volume": 62591.88096815848, "llc": 1.05}, "EURe": {"volume": 34855.40437698364, "llc": 1.05}, "wstETH": {"volume": 2386758.3289933642, "llc": 1.05}}, "FOX": {"USDC": {"volume": 5291.530132293701, "llc": 1.1}, "WXDAI": {"volume": 5291.530132293701, "llc": 1.1}, "LINK": {"volume": 2430.5100440979004, "llc": 1.1}, "GNO": {"volume": 5291.530132293701, "llc": 1.1}, "WBTC": {"volume": 4337.856769561768, "llc": 1.1}, "WETH": {"volume": 4337.856769561768, "llc": 1.1}, "USDT": {"volume": 5291.530132293701, "llc": 1.1}, "EURe": {"volume": 5291.530132293701, "llc": 1.1}, "wstETH": {"volume": 4337.856769561768, "llc": 1.1}}, "USDT": {"USDC": {"volume": 2163454.3499946594, "llc": 1.05}, "WXDAI": {"volume": 2219721.0783958435, "llc": 1.05}, "LINK": {"volume": 1476.8366813659668, "llc": 1.05}, "GNO": {"volume": 63465.60525894165, "llc": 1.05}, "WBTC": {"volume": 33901.73101425171, "llc": 1.05}, "WETH": {"volume": 55859.52751107631, "llc": 1.05}, "FOX": {"volume": 3384.183406829834, "llc": 1.05}, "EURe": {"volume": 1944109.4765663147, "llc": 1.05}, "wstETH": {"volume": 55859.52751107631, "llc": 1.05}}, "EURe": {"USDC": {"volume": 1606509.1061592102, "llc": 1.15}, "WXDAI": {"volume": 1610323.799610138, "llc": 1.15}, "LINK": {"volume": 3384.183406829834, "llc": 1.15}, "GNO": {"volume": 125454.37383651733, "llc": 1.15}, "WBTC": {"volume": 67280.29870986938, "llc": 1.15}, "WETH": {"volume": 113056.6201210022, "llc": 1.15}, "FOX": {"volume": 6245.203495025635, "llc": 1.15}, "USDT": {"volume": 1616045.8397865295, "llc": 1.15}, "wstETH": {"volume": 113056.6201210022, "llc": 1.15}}, "wstETH": {"USDC": {"volume": 62591.88096815848, "llc": 1.05}, "WXDAI": {"volume": 62591.88096815848, "llc": 1.05}, "LINK": {"volume": 1476.8366813659668, "llc": 1.05}, "GNO": {"volume": 212238.6498451233, "llc": 1.05}, "WBTC": {"volume": 62511.93189620972, "llc": 1.05}, "WETH": {"volume": 2745056.943880259, "llc": 1.1}, "FOX": {"volume": 2430.5100440979004, "llc": 1.05}, "USDT": {"volume": 62591.88096815848, "llc": 1.05}, "EURe": {"volume": 34855.40437698364, "llc": 1.05}}, "json_time": 1691305135}