{"json_time": 1689232875, "data": [{"account": "0x5ce561e048d2cd64523D6316228F97bd2537F92f", "user_collateral_wo_looping": 0.7380582950509429, "user_debt_wo_looping": 1.550777588570581}, {"account": "0x7e1a061ca70838e1E79BCcBee306a56746f9e2F8", "user_collateral_wo_looping": 0.004158696833169238, "user_debt_wo_looping": 0.005433402862329771}, {"account": "0x5420cFd7449ed4245936a71A761adF77Bd7D0071", "user_collateral_wo_looping": 0.007115400059589629, "user_debt_wo_looping": 0.007894316530634214}, {"account": "0x4F1fdB46D6B90b33896c79D390cC348Ec8B73B39", "user_collateral_wo_looping": 0.008028390332603639, "user_debt_wo_looping": 0.008347201774648141}]}