{"json_time": 1675266495, "data": [{"account": "0xaCCfAA3a39F3681E07F5D6ECC0A9cdd86c2eb775", "user_collateral_wo_looping": 0.0007569386858702248, "user_debt_wo_looping": 0.007597078445019538}, {"account": "0x5ce561e048d2cd64523D6316228F97bd2537F92f", "user_collateral_wo_looping": 1.4166088356106477, "user_debt_wo_looping": 1.5454608176409683}, {"account": "0x7e1a061ca70838e1E79BCcBee306a56746f9e2F8", "user_collateral_wo_looping": 0.008364686204925113, "user_debt_wo_looping": 0.00915058205325628}, {"account": "0x5dA68351bD082aBDA73E42Ac981dB51d9364fe69", "user_collateral_wo_looping": 0.3342976952156114, "user_debt_wo_looping": 0.3672249026085494}]}