{"ETH": {"BNB|bsc": {"volume": 11013.570308685303, "llc": 1.1}, "WBTC|eth": {"volume": 3384.183406829834, "llc": 1.1}, "pCKB": {"volume": 30087.037563323975, "llc": 1.1}, "USDC": {"volume": 22457.650661468506, "llc": 1.1}, "USDT": {"volume": 21503.977298736572, "llc": 1.1}}, "BNB|bsc": {"ETH": {"volume": 11013.570308685303, "llc": 1.1}, "WBTC|eth": {"volume": 3384.183406829834, "llc": 1.1}, "pCKB": {"volume": 15781.93712234497, "llc": 1.1}, "USDC": {"volume": 12920.91703414917, "llc": 1.1}, "USDT": {"volume": 12920.91703414917, "llc": 1.1}}, "WBTC|eth": {"ETH": {"volume": 4337.856769561768, "llc": 1.1}, "BNB|bsc": {"volume": 3384.183406829834, "llc": 1.1}, "pCKB": {"volume": 3384.183406829834, "llc": 1.1}, "USDC": {"volume": 3384.183406829834, "llc": 1.1}, "USDT": {"volume": 3384.183406829834, "llc": 1.1}}, "pCKB": {"ETH": {"volume": 30087.037563323975, "llc": 1.1}, "BNB|bsc": {"volume": 14828.263759613037, "llc": 1.1}, "WBTC|eth": {"volume": 3384.183406829834, "llc": 1.1}, "USDC": {"volume": 77770.70569992065, "llc": 1.1}, "USDT": {"volume": 65372.95198440552, "llc": 1.1}}, "USDC": {"ETH": {"volume": 22457.650661468506, "llc": 1.1}, "BNB|bsc": {"volume": 12920.91703414917, "llc": 1.1}, "WBTC|eth": {"volume": 3384.183406829834, "llc": 1.1}, "pCKB": {"volume": 77770.70569992065, "llc": 1.1}, "USDT": {"volume": 73002.33888626099, "llc": 1.1}}, "USDT": {"ETH": {"volume": 21503.977298736572, "llc": 1.1}, "BNB|bsc": {"volume": 12920.91703414917, "llc": 1.1}, "WBTC|eth": {"volume": 3384.183406829834, "llc": 1.1}, "pCKB": {"volume": 73002.33888626099, "llc": 1.1}, "USDC": {"volume": 97797.84631729126, "llc": 1.1}}, "json_time": 1681755575}