{"json_time": 1667904087, "ETH": {"VST": {"volume": 10706460.33334732, "llc": 1.1}}, "gOHM": {"VST": {"volume": 504062.69884109497, "llc": 1.15}}, "renBTC": {"VST": {"volume": 4360717.777729034, "llc": 1.1}}, "GMX": {"VST": {"volume": 2292200.2539634705, "llc": 1.15}}, "DPX": {"VST": {"volume": 701473.0849266052, "llc": 1.15}}, "sGLP": {"VST": {"volume": 4360717.777729034, "llc": 1.1}}}