{"json_time": 1664648163.8837466, "stabilityPoolVstBalance": {"ETH": 491289.8887502099, "gOHM": 421311.51559551596, "renBTC": 53551.31527917378, "GMX": 52119.59862761745, "DPX": 81908.86767678785, "sGLP": 200750.498}, "stabilityPoolGemBalance": {"ETH": 25020.521229370188, "gOHM": 22894.212065038224, "renBTC": 498.7839963106, "GMX": 260.95273057882065, "DPX": 162.75927249319136, "sGLP": 0.0}, "bprotocolBalance": {"ETH": 222901.40721595476, "gOHM": 274595.4550621556, "DPX": 3.6379731815896235, "GMX": 5125.543303750005, "renBTC": 48918.10290350504, "sGLP": 0.0}, "bprotocolGemBalance": {"ETH": 0.03721130279370762, "gOHM": 0.0, "DPX": 7.5720702787398e-05, "GMX": 0.006036862295280924, "renBTC": 0.0, "sGLP": 0.0}}