{"json_time": 1669139223, "data": [{"account": "0x2661a4786EA12B7EDFD3F5c08fF617702360A993", "user_collateral_wo_looping": 0.1552511701846148, "user_debt_wo_looping": 0.200459338621615}]}