{"json_time": 1675793523, "ETH": {"oracle": 1663.288, "cex_price": 1632.7150000000001, "dex_price": 1671.4718425623914}, "BNB|bsc": {"oracle": 330.67, "cex_price": 327.0, "dex_price": 332.5509954989708}, "WBTC|eth": {"oracle": 23163.5, "cex_price": 22848.29, "dex_price": 23399.015339085276}, "pCKB": {"oracle": 0.00381317, "cex_price": 0.003725, "dex_price": 0.0037941813079613897}, "USDC": {"oracle": 0.999927438, "cex_price": 1, "dex_price": 1}, "USDT": {"oracle": 1.000144098, "cex_price": 1, "dex_price": 1.000499203067093}}