{"json_time": 1696523155, "data": [{"account": "0x5420cFd7449ed4245936a71A761adF77Bd7D0071", "user_collateral_wo_looping": 0.007120506247299996, "user_debt_wo_looping": 0.0071336804193719286}]}