{"USDC": {"WXDAI": {"volume": 8196392.042636871, "llc": 1.05}, "LINK": {"volume": 1476.8366813659668, "llc": 1.05}, "GNO": {"volume": 62511.93189620972, "llc": 1.05}, "WBTC": {"volume": 25318.670749664307, "llc": 1.05}, "WETH": {"volume": 50422.85994262966, "llc": 1.05}, "FOX": {"volume": 3384.183406829834, "llc": 1.05}, "USDT": {"volume": 3571076.2333869934, "llc": 1.05}, "EURe": {"volume": 574156.73828125, "llc": 1.05}}, "WXDAI": {"USDC": {"volume": 6972829.118251801, "llc": 1.05}, "LINK": {"volume": 1476.8366813659668, "llc": 1.05}, "GNO": {"volume": 62511.93189620972, "llc": 1.05}, "WBTC": {"volume": 25318.670749664307, "llc": 1.05}, "WETH": {"volume": 56064, "llc": 1.05}, "FOX": {"volume": 3384.183406829834, "llc": 1.05}, "USDT": {"volume": 3566307.8665733337, "llc": 1.05}, "EURe": {"volume": 574156.73828125, "llc": 1.05}}, "LINK": {"USDC": {"volume": 4337.856769561768, "llc": 1.2}, "WXDAI": {"volume": 4337.856769561768, "llc": 1.2}, "GNO": {"volume": 4337.856769561768, "llc": 1.2}, "WBTC": {"volume": 4337.856769561768, "llc": 1.2}, "WETH": {"volume": 4337.856769561768, "llc": 1.2}, "FOX": {"volume": 3384.183406829834, "llc": 1.2}, "USDT": {"volume": 4337.856769561768, "llc": 1.2}, "EURe": {"volume": 3438.96484375, "llc": 1.2}}, "GNO": {"USDC": {"volume": 125454.37383651733, "llc": 1.1}, "WXDAI": {"volume": 126408.04719924927, "llc": 1.1}, "LINK": {"volume": 2430.5100440979004, "llc": 1.1}, "WBTC": {"volume": 58697.23844528198, "llc": 1.1}, "WETH": {"volume": 391529.2420387268, "llc": 1.1}, "FOX": {"volume": 4337.856769561768, "llc": 1.1}, "USDT": {"volume": 125454.37383651733, "llc": 1.1}, "EURe": {"volume": 124411.62109375, "llc": 1.1}}, "WBTC": {"USDC": {"volume": 45345.81136703491, "llc": 1.1}, "WXDAI": {"volume": 49160.50481796265, "llc": 1.1}, "LINK": {"volume": 2430.5100440979004, "llc": 1.1}, "GNO": {"volume": 62511.93189620972, "llc": 1.1}, "WETH": {"volume": 102566.21313095093, "llc": 1.1}, "FOX": {"volume": 4337.856769561768, "llc": 1.1}, "USDT": {"volume": 36762.75110244751, "llc": 1.1}, "EURe": {"volume": 37584.47265625, "llc": 1.1}}, "WETH": {"USDC": {"volume": 51662.22744402017, "llc": 1.05}, "WXDAI": {"volume": 51662.22744402017, "llc": 1.05}, "LINK": {"volume": 1476.8366813659668, "llc": 1.05}, "GNO": {"volume": 184582.12232589722, "llc": 1.05}, "WBTC": {"volume": 52021.52490615845, "llc": 1.05}, "FOX": {"volume": 2430.5100440979004, "llc": 1.05}, "USDT": {"volume": 50747.85173704637, "llc": 1.05}, "EURe": {"volume": 26853.02734375, "llc": 1.05}}, "FOX": {"USDC": {"volume": 5291.530132293701, "llc": 1.1}, "WXDAI": {"volume": 5291.530132293701, "llc": 1.1}, "LINK": {"volume": 2430.5100440979004, "llc": 1.1}, "GNO": {"volume": 4337.856769561768, "llc": 1.1}, "WBTC": {"volume": 4337.856769561768, "llc": 1.1}, "WETH": {"volume": 4337.856769561768, "llc": 1.1}, "USDT": {"volume": 5291.530132293701, "llc": 1.1}, "EURe": {"volume": 4414.55078125, "llc": 1.1}}, "USDT": {"USDC": {"volume": 6918469.73657608, "llc": 1.05}, "WXDAI": {"volume": 8125820.213794708, "llc": 1.05}, "LINK": {"volume": 1476.8366813659668, "llc": 1.05}, "GNO": {"volume": 62511.93189620972, "llc": 1.05}, "WBTC": {"volume": 25318.670749664307, "llc": 1.05}, "WETH": {"volume": 50955.14309462356, "llc": 1.05}, "FOX": {"volume": 3384.183406829834, "llc": 1.05}, "EURe": {"volume": 572205.56640625, "llc": 1.05}}, "EURe": {"USDC": {"volume": 581961.42578125, "llc": 1.15}, "WXDAI": {"volume": 581961.42578125, "llc": 1.15}, "LINK": {"volume": 3438.96484375, "llc": 1.15}, "GNO": {"volume": 158557.12890625, "llc": 1.15}, "WBTC": {"volume": 54169.43359375, "llc": 1.15}, "WETH": {"volume": 104899.90234375, "llc": 1.15}, "FOX": {"volume": 6365.72265625, "llc": 1.15}, "USDT": {"volume": 580985.83984375, "llc": 1.15}}, "json_time": 1684142245}