{"json_time": 1668890075, "data": [{"account": "0x2661a4786EA12B7EDFD3F5c08fF617702360A993", "user_collateral_wo_looping": 0.1657147959700962, "user_debt_wo_looping": 0.20041038622844398}]}