{"json_time": 1688877410, "USDC": {"oracle": 0.9999532722639588, "cex_price": 1, "dex_price": 1}, "WXDAI": {"oracle": 1.0, "cex_price": 1, "dex_price": 1.0001282217353067}, "LINK": {"oracle": 6.2266983164665675, "cex_price": 6.2135, "dex_price": 6.569461227102229}, "GNO": {"oracle": 113.63356478378623, "cex_price": 113.75, "dex_price": 114.42003629745076}, "WBTC": {"oracle": 30331.352667963238, "cex_price": 30278.315000000002, "dex_price": 30488.911030613614}, "WETH": {"oracle": 1868.0046435150216, "cex_price": 1867.4050000000002, "dex_price": 1879.1088830911597}, "FOX": {"oracle": 0.01902712813564183, "cex_price": 0.01925, "dex_price": 0.01976563741712796}, "USDT": {"oracle": 1.0001415431422347, "cex_price": 1, "dex_price": 1.0002156915127962}, "EURe": {"oracle": 1.0969468529249757, "cex_price": 1.09175, "dex_price": 1.093468620505746}, "wstETH": {"oracle": 2113.254101588778, "cex_price": "NaN", "dex_price": 2113.254101588778}}