{"json_time": 1678206016, "ETH": {"oracle": 1561.5688275, "cex_price": 1551.9050000000002, "dex_price": 1550.2266201673358}, "BNB|bsc": {"oracle": 287.56, "cex_price": 286.25, "dex_price": 284.8326810490973}, "WBTC|eth": {"oracle": 22354.36434, "cex_price": 22233.29, "dex_price": 21064.602001195464}, "pCKB": {"oracle": 0.004263001, "cex_price": 0.004195, "dex_price": 0.004247106086715977}, "USDC": {"oracle": 0.9999, "cex_price": 1, "dex_price": 1}, "USDT": {"oracle": 0.9999, "cex_price": 1, "dex_price": 0.9991875823036853}}