{"json_time": 1670510080, "ETH": {"VST": {"volume": 19835021.76141739, "llc": 1.1}}, "gOHM": {"VST": {"volume": 396297.6088523865, "llc": 1.15}}, "GMX": {"VST": {"volume": 3177209.134578705, "llc": 1.15}}, "DPX": {"VST": {"volume": 642345.3364372253, "llc": 1.15}}, "sGLP": {"VST": {"volume": 19835021.76141739, "llc": 1.1}}}