{"json_time": 1671025479.4633713, "ADA": {"WRT": 1.2742487134364477, "Min": 0.04225719513743899, "MELD": 0.19882560409249136, "iUSD": 3.6522757859801733, "INDY": 0.7713503741513396, "HOSKY": 0.6737255024925639, "COPI": 0.44088549977883656, "C3": 0.3452460963486392}, "WRT": {"ADA": 1.2775376360444963, "Min": 1.3141706802979898, "MELD": 1.4547373227002087, "iUSD": 5.375354346491108, "INDY": 2.685197417480839, "HOSKY": 1.8997299303107964, "COPI": 1.677609507226002, "C3": 1.596922048772579}, "Min": {"ADA": 0.04225770063184145, "WRT": 1.310924264615828, "MELD": 0.22462561962115862, "iUSD": 3.6698946180153067, "INDY": 0.8093785274562507, "HOSKY": 0.6916690194596947, "COPI": 0.46570172284654354, "C3": 0.37276401508722345}, "MELD": {"ADA": 0.19881722412872874, "WRT": 1.4513809550606813, "Min": 0.22461781572773065, "iUSD": 3.767473222078634, "INDY": 0.9299479261813939, "HOSKY": 0.8038422889001609, "COPI": 0.5927998579526939, "C3": 0.4965534368497778}, "iUSD": {"ADA": 3.5078539288329984, "WRT": 5.224557316555961, "Min": 3.5253766419016546, "MELD": 3.6225896907943986, "INDY": 3.8702337240486995, "HOSKY": 3.7341535929226723, "COPI": 3.7151887213396004, "C3": 3.6908888066325627}, "INDY": {"ADA": 0.7702380677899577, "WRT": 2.686791107552035, "Min": 0.8083179033428455, "MELD": 0.9287002939687803, "iUSD": 4.016148094385542, "HOSKY": 1.1709640573490845, "COPI": 1.0933941881362537, "C3": 1.030295699480663}, "HOSKY": {"ADA": 0.6741742296277214, "WRT": 1.8962469006580271, "Min": 0.692211177915176, "MELD": 0.8042475183284379, "iUSD": 3.862454311347234, "INDY": 1.1724532998593722, "COPI": 0.9901987273777126, "C3": 0.9124620525229172}, "COPI": {"ADA": 0.4422423847557697, "WRT": 1.6756914669703702, "Min": 0.4670594065248314, "MELD": 0.5941788183956246, "iUSD": 3.8576580926272626, "INDY": 1.0946064560209765, "HOSKY": 0.9913348731796868, "C3": 0.7225758741635492}, "C3": {"ADA": 0.34526242303999943, "WRT": 1.593714469087001, "Min": 0.3727890063858048, "MELD": 0.4965601768687133, "iUSD": 3.8332592452234917, "INDY": 1.0299973679063226, "HOSKY": 0.9121205760716924, "COPI": 0.7213058413356827}}