{"ETH": {"BNB|bsc": {"volume": 8152.550220489502, "llc": 1.1}, "WBTC|eth": {"volume": 3384.183406829834, "llc": 1.1}, "pCKB": {"volume": 24364.997386932373, "llc": 1.1}, "USDC": {"volume": 17689.283847808838, "llc": 1.1}, "USDT": {"volume": 17689.283847808838, "llc": 1.1}}, "BNB|bsc": {"ETH": {"volume": 8152.550220489502, "llc": 1.1}, "WBTC|eth": {"volume": 2430.5100440979004, "llc": 1.1}, "pCKB": {"volume": 11967.243671417236, "llc": 1.1}, "USDC": {"volume": 10059.89694595337, "llc": 1.1}, "USDT": {"volume": 10059.89694595337, "llc": 1.1}}, "WBTC|eth": {"ETH": {"volume": 3384.183406829834, "llc": 1.1}, "BNB|bsc": {"volume": 2430.5100440979004, "llc": 1.1}, "pCKB": {"volume": 3384.183406829834, "llc": 1.1}, "USDC": {"volume": 3384.183406829834, "llc": 1.1}, "USDT": {"volume": 3384.183406829834, "llc": 1.1}}, "pCKB": {"ETH": {"volume": 24364.997386932373, "llc": 1.1}, "BNB|bsc": {"volume": 11967.243671417236, "llc": 1.1}, "WBTC|eth": {"volume": 3384.183406829834, "llc": 1.1}, "USDC": {"volume": 66326.62534713745, "llc": 1.1}, "USDT": {"volume": 65372.95198440552, "llc": 1.1}}, "USDC": {"ETH": {"volume": 17689.283847808838, "llc": 1.1}, "BNB|bsc": {"volume": 10059.89694595337, "llc": 1.1}, "WBTC|eth": {"volume": 3384.183406829834, "llc": 1.1}, "pCKB": {"volume": 66326.62534713745, "llc": 1.1}, "USDT": {"volume": 211284.97648239136, "llc": 1.1}}, "USDT": {"ETH": {"volume": 17689.283847808838, "llc": 1.1}, "BNB|bsc": {"volume": 10059.89694595337, "llc": 1.1}, "WBTC|eth": {"volume": 3384.183406829834, "llc": 1.1}, "pCKB": {"volume": 65372.95198440552, "llc": 1.1}, "USDC": {"volume": 475452.49795913696, "llc": 1.1}}, "json_time": 1685988335}