{"json_time": 1668527699, "stabilityPoolVstBalance": {"ETH": 899863.19086774, "gOHM": 261756.0410430741, "renBTC": 37334.08977478885, "GMX": 35399.77612340698, "DPX": 35457.117849189315, "sGLP": 4493832.939868953}, "stabilityPoolGemBalance": {"ETH": 26867.35304813232, "gOHM": 10395.980883967868, "renBTC": 373.49290531699995, "GMX": 5340.76879527772, "DPX": 70.63343020766715, "sGLP": 0.0}, "bprotocolBalance": {"ETH": 137237.38118641634, "gOHM": 147315.7661621556, "DPX": 4.977973181589624, "GMX": 469.7740515493398, "renBTC": 34271.224303505034, "sGLP": 0.0}, "bprotocolGemBalance": {"ETH": 0.09801334920445376, "gOHM": 0.0, "DPX": 7.5720702787398e-05, "GMX": 2.833783015362389, "renBTC": 0.0, "sGLP": 0.0}}