{"json_time": 1672751663, "stabilityPoolVstBalance": {"ETH": 754073.7964444695, "gOHM": 1006103.2371648105, "GMX": 62928.521290876655, "DPX": 67358.64570236912, "sGLP": 2448596.8405839615}, "stabilityPoolGemBalance": {"ETH": 16356.516468962052, "gOHM": 9808.54770366241, "GMX": 1315.6400084246338, "DPX": 125.96678395469357, "sGLP": 0.0}, "bprotocolBalance": {"ETH": 133935.19178184387, "gOHM": 6906.1415461751585, "DPX": 6070.792622187002, "GMX": 468.51853845961534, "sGLP": 0.0}, "bprotocolGemBalance": {"ETH": 0.022153551152724604, "gOHM": 0.0, "DPX": 0.0552519905950038, "GMX": 2.829152037797485, "sGLP": 0.0}}