{"json_time": 1672751663, "ETH": {"VST": {"volume": 28367537.33778, "llc": 1.1}}, "gOHM": {"VST": {"volume": 322864.7599220276, "llc": 1.15}}, "GMX": {"VST": {"volume": 2687021.026134491, "llc": 1.15}}, "DPX": {"VST": {"volume": 596569.0150260925, "llc": 1.15}}, "sGLP": {"VST": {"volume": 28242606.127262115, "llc": 1.1}}}