{"json_time": 1690361440, "USDC": {"oracle": 1.0004300645096764, "cex_price": 1, "dex_price": 1}, "WXDAI": {"oracle": 1.0, "cex_price": 1, "dex_price": 0.9999916630173709}, "LINK": {"oracle": 7.527835175276292, "cex_price": 7.5175, "dex_price": 7.968380376218722}, "GNO": {"oracle": 114.70700948142222, "cex_price": 114.45, "dex_price": 115.8257017227281}, "WBTC": {"oracle": 29251.738150902635, "cex_price": 29227.995000000003, "dex_price": 29227.690430824925}, "WETH": {"oracle": 1859.1788768315248, "cex_price": 1855.3049999999998, "dex_price": 1857.1982179533932}, "FOX": {"oracle": 0.018981057158573785, "cex_price": 0.0191, "dex_price": 0.018725621993125295}, "USDT": {"oracle": 1.0001500225033755, "cex_price": 1, "dex_price": 1.000117919903464}, "EURe": {"oracle": 1.104915737360604, "cex_price": 1.10325, "dex_price": 1.1043341599991765}, "wstETH": {"oracle": 2107.1598730509577, "cex_price": "NaN", "dex_price": 2107.1598730509577}}