{"USDC": {"WXDAI": {"volume": 4036468.834400177, "llc": 1.05}, "LINK": {"volume": 1476.8366813659668, "llc": 1.05}, "GNO": {"volume": 63465.60525894165, "llc": 1.05}, "WBTC": {"volume": 25318.670749664307, "llc": 1.05}, "WETH": {"volume": 58136.991908786316, "llc": 1.05}, "FOX": {"volume": 2430.5100440979004, "llc": 1.05}, "USDT": {"volume": 3280205.8577537537, "llc": 1.05}, "EURe": {"volume": 2018495.9988594055, "llc": 1.05}, "wstETH": {"volume": 58136.991908786316, "llc": 1.05}}, "WXDAI": {"USDC": {"volume": 3557724.8063087463, "llc": 1.05}, "LINK": {"volume": 1476.8366813659668, "llc": 1.05}, "GNO": {"volume": 62511.93189620972, "llc": 1.05}, "WBTC": {"volume": 26272.34411239624, "llc": 1.05}, "WETH": {"volume": 51968, "llc": 1.05}, "FOX": {"volume": 2430.5100440979004, "llc": 1.05}, "USDT": {"volume": 3281159.5311164856, "llc": 1.05}, "EURe": {"volume": 2018495.9988594055, "llc": 1.05}, "wstETH": {"volume": 51968, "llc": 1.05}}, "LINK": {"USDC": {"volume": 4337.856769561768, "llc": 1.2}, "WXDAI": {"volume": 4337.856769561768, "llc": 1.2}, "GNO": {"volume": 4337.856769561768, "llc": 1.2}, "WBTC": {"volume": 4337.856769561768, "llc": 1.2}, "WETH": {"volume": 4337.856769561768, "llc": 1.2}, "FOX": {"volume": 3384.183406829834, "llc": 1.2}, "USDT": {"volume": 4337.856769561768, "llc": 1.2}, "EURe": {"volume": 4337.856769561768, "llc": 1.2}, "wstETH": {"volume": 4337.856769561768, "llc": 1.2}}, "GNO": {"USDC": {"volume": 126408.04719924927, "llc": 1.1}, "WXDAI": {"volume": 126408.04719924927, "llc": 1.1}, "LINK": {"volume": 2430.5100440979004, "llc": 1.1}, "WBTC": {"volume": 59650.911808013916, "llc": 1.1}, "WETH": {"volume": 383899.85513687134, "llc": 1.1}, "FOX": {"volume": 4337.856769561768, "llc": 1.1}, "USDT": {"volume": 126408.04719924927, "llc": 1.1}, "EURe": {"volume": 126408.04719924927, "llc": 1.1}, "wstETH": {"volume": 383899.85513687134, "llc": 1.1}}, "WBTC": {"USDC": {"volume": 47253.15809249878, "llc": 1.1}, "WXDAI": {"volume": 51067.851543426514, "llc": 1.1}, "LINK": {"volume": 2430.5100440979004, "llc": 1.1}, "GNO": {"volume": 68233.97207260132, "llc": 1.1}, "WETH": {"volume": 108288.25330734253, "llc": 1.1}, "FOX": {"volume": 4337.856769561768, "llc": 1.1}, "USDT": {"volume": 38670.09782791138, "llc": 1.1}, "EURe": {"volume": 35809.077739715576, "llc": 1.1}, "wstETH": {"volume": 108288.25330734253, "llc": 1.1}}, "WETH": {"USDC": {"volume": 52521.80327049058, "llc": 1.05}, "WXDAI": {"volume": 51592.21383207481, "llc": 1.05}, "LINK": {"volume": 1476.8366813659668, "llc": 1.05}, "GNO": {"volume": 194118.85595321655, "llc": 1.05}, "WBTC": {"volume": 52975.19826889038, "llc": 1.05}, "FOX": {"volume": 2430.5100440979004, "llc": 1.05}, "USDT": {"volume": 51592.21383207481, "llc": 1.05}, "EURe": {"volume": 27226.017475128174, "llc": 1.05}, "wstETH": {"volume": 2447144.1966294944, "llc": 1.05}}, "FOX": {"USDC": {"volume": 5291.530132293701, "llc": 1.1}, "WXDAI": {"volume": 5291.530132293701, "llc": 1.1}, "LINK": {"volume": 2430.5100440979004, "llc": 1.1}, "GNO": {"volume": 4337.856769561768, "llc": 1.1}, "WBTC": {"volume": 4337.856769561768, "llc": 1.1}, "WETH": {"volume": 4337.856769561768, "llc": 1.1}, "USDT": {"volume": 5291.530132293701, "llc": 1.1}, "EURe": {"volume": 4337.856769561768, "llc": 1.1}, "wstETH": {"volume": 4337.856769561768, "llc": 1.1}}, "USDT": {"USDC": {"volume": 3482384.6106529236, "llc": 1.05}, "WXDAI": {"volume": 3953499.251842499, "llc": 1.05}, "LINK": {"volume": 1476.8366813659668, "llc": 1.05}, "GNO": {"volume": 63465.60525894165, "llc": 1.05}, "WBTC": {"volume": 25318.670749664307, "llc": 1.05}, "WETH": {"volume": 58632.79491923789, "llc": 1.05}, "FOX": {"volume": 2430.5100440979004, "llc": 1.05}, "EURe": {"volume": 2006098.2451438904, "llc": 1.05}, "wstETH": {"volume": 58632.79491923789, "llc": 1.05}}, "EURe": {"USDC": {"volume": 1820131.9394111633, "llc": 1.15}, "WXDAI": {"volume": 1821085.6127738953, "llc": 1.15}, "LINK": {"volume": 3384.183406829834, "llc": 1.15}, "GNO": {"volume": 187443.14241409302, "llc": 1.15}, "WBTC": {"volume": 57743.56508255005, "llc": 1.15}, "WETH": {"volume": 112102.94675827026, "llc": 1.15}, "FOX": {"volume": 6245.203495025635, "llc": 1.15}, "USDT": {"volume": 1820131.9394111633, "llc": 1.15}, "wstETH": {"volume": 112102.94675827026, "llc": 1.15}}, "wstETH": {"USDC": {"volume": 52521.80327049058, "llc": 1.05}, "WXDAI": {"volume": 51592.21383207481, "llc": 1.05}, "LINK": {"volume": 1476.8366813659668, "llc": 1.05}, "GNO": {"volume": 194118.85595321655, "llc": 1.05}, "WBTC": {"volume": 52975.19826889038, "llc": 1.05}, "WETH": {"volume": 2751687.3992204196, "llc": 1.1}, "FOX": {"volume": 2430.5100440979004, "llc": 1.05}, "USDT": {"volume": 51592.21383207481, "llc": 1.05}, "EURe": {"volume": 27226.017475128174, "llc": 1.05}}, "json_time": 1690361440}