{"json_time": 1669642499, "stabilityPoolVstBalance": {"ETH": 858719.1644688953, "gOHM": 195462.22470125978, "renBTC": 6931.2259194795115, "GMX": 42493.250397011136, "DPX": 48447.10908607506, "sGLP": 4470753.38731649}, "stabilityPoolGemBalance": {"ETH": 24379.368040045712, "gOHM": 8933.34452638305, "renBTC": 356.15013738276, "GMX": 1708.4329163811144, "DPX": 73.45000467550993, "sGLP": 0.0}, "bprotocolBalance": {"ETH": 136239.38549804388, "gOHM": 81870.94095866893, "DPX": 5.933704399527561, "GMX": 467.5855992111201, "renBTC": 1098.7172530040125, "sGLP": 0.0}, "bprotocolGemBalance": {"ETH": 0.09799685245106846, "gOHM": 0.0, "DPX": 7.5720702787398e-05, "GMX": 2.833783015362389, "renBTC": 0.0, "sGLP": 0.0}}