{"json_time": 1669642499, "ETH": {"VST": {"volume": 30770794.21186447, "llc": 1.1}}, "gOHM": {"VST": {"volume": 415371.07610702515, "llc": 1.15}}, "renBTC": {"VST": {"volume": 378177.81496047974, "llc": 1.1}}, "GMX": {"VST": {"volume": 1874491.3210868835, "llc": 1.15}}, "DPX": {"VST": {"volume": 567958.8141441345, "llc": 1.15}}, "sGLP": {"VST": {"volume": 378177.81496047974, "llc": 1.1}}}