{"json_time": 1692114362, "glp_data": {"liquidTreasury": 332616894.49218786, "treasuryUtilization": 0.23424084481580756, "liquidStableTreasury": 154611222.43676585, "stableTreasuryUtilization": 0.11972509828020875, "liquidSolidAssetTreasury": 163015324.76389843, "solidTreasuryUtilization": 0.31872353468126396}}