{"json_time": 1692114362, "ETH-VST": {"series_std_ratio": 1.0, "volume_for_slippage_10_percentss": [35491.87721699476], "trade_every": 1800, "collaterals": [848, 1133, 1417, 1701, 1985, 2269, 2554, 2838, 3122, 3406, 3690, 3975, 4259, 4543, 4827, 5111, 5396, 5680, 5964, 6248, 6532, 6817, 7101, 7385, 7669, 7953, 8238, 8522, 8806, 9090, 1875.0], "liquidation_incentives": [0.10000000000000009], "stability_pool_initial_balances": [0.03643307658904466, 0.01821653829452233, 0.07286615317808932], "share_institutionals": [0.09827496317531599, 0.049137481587657995, 0.19654992635063198, 1], "recovery_halflife_retails": [3.3333333333333335], "price_recovery_times": [0], "l_factors": [0.25, 0.5, 1, 1.5, 2], "json_time": 1692114632.3629622, "current_debt": 848.8522448587698}, "gOHM-VST": {"series_std_ratio": 0.5718399563684763, "volume_for_slippage_10_percentss": [134.43729370832443], "trade_every": 1800, "collaterals": [1952, 2356, 2760, 3163, 3567, 3971, 4374, 4778, 5182, 5585, 5989, 6393, 6796, 7200, 7604, 8007, 8411, 8814, 9218, 9622, 10025, 10429, 10833, 11236, 11640, 12044, 12447, 12851, 13255, 13658, 2812.5], "liquidation_incentives": [0.1499999999999999], "stability_pool_initial_balances": [0.02245881277599354, 0.01122940638799677, 0.04491762555198708], "share_institutionals": [0.5924195031372331, 0.29620975156861656, 1, 1], "recovery_halflife_retails": [3.3333333333333335], "price_recovery_times": [0], "l_factors": [0.25, 0.5, 1, 1.5, 2], "json_time": 1692114632.3629622, "current_debt": 1952.853338792839}, "DPX-VST": {"series_std_ratio": 2.2756095294666916, "volume_for_slippage_10_percentss": [220.26789635419846], "trade_every": 1800, "collaterals": [189, 287, 385, 483, 581, 678, 776, 874, 972, 1070, 1168, 1265, 1363, 1461, 1559, 1657, 1755, 1853, 1950, 2048, 2146, 2244, 2342, 2440, 2537, 2635, 2733, 2831, 2929, 3027, 625.0], "liquidation_incentives": [0.1499999999999999], "stability_pool_initial_balances": [0.0023680693337715946, 0.0011840346668857973, 0.004736138667543189], "share_institutionals": [0.008998822241965179, 0.004499411120982589, 0.017997644483930358, 1], "recovery_halflife_retails": [3.3333333333333335], "price_recovery_times": [2], "l_factors": [0.25, 0.5, 1, 1.5, 2], "json_time": 1692114632.3629622, "current_debt": 189.69316353531423}, "GMX-VST": {"series_std_ratio": 2.0308729755116706, "volume_for_slippage_10_percentss": [4002.1788254380226], "trade_every": 1800, "collaterals": [213, 310, 407, 504, 601, 698, 795, 892, 989, 1086, 1183, 1280, 1377, 1474, 1572, 1669, 1766, 1863, 1960, 2057, 2154, 2251, 2348, 2445, 2542, 2639, 2736, 2833, 2930, 3027, 625.0], "liquidation_incentives": [0.1499999999999999], "stability_pool_initial_balances": [0.291994240561241, 0.1459971202806205, 0.583988481122482], "share_institutionals": [0.7294616485191123, 0.36473082425955616, 1, 1], "recovery_halflife_retails": [3.3333333333333335], "price_recovery_times": [0], "l_factors": [0.25, 0.5, 1, 1.5, 2], "json_time": 1692114632.3629622, "current_debt": 213.1774424572209}, "sGLP-VST": {"series_std_ratio": 0.6132330529291525, "volume_for_slippage_10_percentss": [34548.93267959356], "trade_every": 1800, "collaterals": [295, 337, 379, 421, 464, 506, 548, 590, 633, 675, 717, 759, 802, 844, 886, 928, 971, 1013, 1055, 1097, 1140, 1182, 1224, 1266, 1309, 1351, 1393, 1435, 1478, 1520, 312.5], "liquidation_incentives": [0.10000000000000009], "stability_pool_initial_balances": [0.0012146483516973258, 0.0006073241758486629, 0.0024292967033946516], "share_institutionals": [0.0, 0.0, 0.0, 1], "recovery_halflife_retails": [3.3333333333333335], "price_recovery_times": [0], "l_factors": [0.25, 0.5, 1, 1.5, 2], "json_time": 1692114632.3629622, "current_debt": 295.2168401664746}}