{"json_time": 1670600475, "data": [{"account": "0x5ce561e048d2cd64523D6316228F97bd2537F92f", "user_collateral_wo_looping": 1.2099428027425614, "user_debt_wo_looping": 1.542458}, {"account": "0x9A4B0dA9E8e5c7135cd7188Bd2e84DAc513C594b", "user_collateral_wo_looping": 0.0011282099932044779, "user_debt_wo_looping": 0.001380624593165904}]}