{"USDC": {"WXDAI": {"volume": 3537697.6656913757, "llc": 1.05}, "LINK": {"volume": 1476.8366813659668, "llc": 1.05}, "GNO": {"volume": 72048.66552352905, "llc": 1.05}, "WBTC": {"volume": 13874.590396881104, "llc": 1.05}, "WETH": {"volume": 75863.35897445679, "llc": 1.05}, "FOX": {"volume": 3384.183406829834, "llc": 1.05}, "USDT": {"volume": 2900643.859386444, "llc": 1.05}}, "WXDAI": {"USDC": {"volume": 3601593.7809944153, "llc": 1.05}, "LINK": {"volume": 1476.8366813659668, "llc": 1.05}, "GNO": {"volume": 93983.15286636353, "llc": 1.05}, "WBTC": {"volume": 13874.590396881104, "llc": 1.05}, "WETH": {"volume": 75863.35897445679, "llc": 1.05}, "FOX": {"volume": 4337.856769561768, "llc": 1.05}, "USDT": {"volume": 2909226.9196510315, "llc": 1.05}}, "LINK": {"USDC": {"volume": 4337.856769561768, "llc": 1.2}, "WXDAI": {"volume": 5291.530132293701, "llc": 1.2}, "GNO": {"volume": 4337.856769561768, "llc": 1.2}, "WBTC": {"volume": 4337.856769561768, "llc": 1.2}, "WETH": {"volume": 4337.856769561768, "llc": 1.2}, "FOX": {"volume": 4337.856769561768, "llc": 1.2}, "USDT": {"volume": 5291.530132293701, "llc": 1.2}}, "GNO": {"USDC": {"volume": 148342.53454208374, "llc": 1.1}, "WXDAI": {"volume": 198887.22276687622, "llc": 1.1}, "LINK": {"volume": 2430.5100440979004, "llc": 1.1}, "WBTC": {"volume": 28179.690837860107, "llc": 1.1}, "WETH": {"volume": 303791.2926673889, "llc": 1.1}, "FOX": {"volume": 6245.203495025635, "llc": 1.1}, "USDT": {"volume": 105427.23321914673, "llc": 1.1}}, "WBTC": {"USDC": {"volume": 26272.34411239624, "llc": 1.1}, "WXDAI": {"volume": 26272.34411239624, "llc": 1.1}, "LINK": {"volume": 2430.5100440979004, "llc": 1.1}, "GNO": {"volume": 28179.690837860107, "llc": 1.1}, "WETH": {"volume": 31994.38428878784, "llc": 1.1}, "FOX": {"volume": 6245.203495025635, "llc": 1.1}, "USDT": {"volume": 26272.34411239624, "llc": 1.1}}, "WETH": {"USDC": {"volume": 75863.35897445679, "llc": 1.05}, "WXDAI": {"volume": 75863.35897445679, "llc": 1.05}, "LINK": {"volume": 1476.8366813659668, "llc": 1.05}, "GNO": {"volume": 149296.20790481567, "llc": 1.05}, "WBTC": {"volume": 15781.93712234497, "llc": 1.05}, "FOX": {"volume": 3384.183406829834, "llc": 1.05}, "USDT": {"volume": 75863.35897445679, "llc": 1.05}}, "FOX": {"USDC": {"volume": 7198.876857757568, "llc": 1.1}, "WXDAI": {"volume": 9106.223583221436, "llc": 1.1}, "LINK": {"volume": 2430.5100440979004, "llc": 1.1}, "GNO": {"volume": 8152.550220489502, "llc": 1.1}, "WBTC": {"volume": 6245.203495025635, "llc": 1.1}, "WETH": {"volume": 9106.223583221436, "llc": 1.1}, "USDT": {"volume": 7198.876857757568, "llc": 1.1}}, "USDT": {"USDC": {"volume": 3396554.0080070496, "llc": 1.05}, "WXDAI": {"volume": 3345055.646419525, "llc": 1.05}, "LINK": {"volume": 1476.8366813659668, "llc": 1.05}, "GNO": {"volume": 52975.19826889038, "llc": 1.05}, "WBTC": {"volume": 13874.590396881104, "llc": 1.05}, "WETH": {"volume": 75863.35897445679, "llc": 1.05}, "FOX": {"volume": 4337.856769561768, "llc": 1.05}}, "json_time": 1674226645}