{"json_time": 1681756245, "stabilityPoolVstBalance": {"ETH": 160200.67727903044, "gOHM": 109612.17313072763, "GMX": 58226.688582431336, "DPX": 49174.1901656217, "sGLP": 66.92022338140696}, "stabilityPoolGemBalance": {"ETH": 26804.2888961982, "gOHM": 12241.820100873338, "GMX": 6832.237050363581, "DPX": 7016.954062536982, "sGLP": 0.0}, "bprotocolBalance": {"ETH": 47532.39499744755, "gOHM": 43288.67120413902, "DPX": 24582.53389196511, "GMX": 21207.311362463024, "sGLP": 0.0}, "bprotocolGemBalance": {"ETH": 0.005123677602799956, "gOHM": 0.0, "DPX": 0.4676727009528529, "GMX": 0.09207386522042675, "sGLP": 0.0}}