{"json_time": 1681756245, "ETH": {"VST": {"volume": 14905484.149456024, "llc": 1.1}}, "gOHM": {"VST": {"volume": 382946.1817741394, "llc": 1.15}}, "GMX": {"VST": {"volume": 6786862.8125190735, "llc": 1.15}}, "DPX": {"VST": {"volume": 729129.6124458313, "llc": 1.15}}, "sGLP": {"VST": {"volume": 12479339.114665985, "llc": 1.1}}}