{"json_time": 1674831151, "stabilityPoolVstBalance": {"ETH": 757349.1493262419, "gOHM": 999059.4776548443, "GMX": 36459.85912087351, "DPX": 59355.12832952719, "sGLP": 2440678.8163747615}, "stabilityPoolGemBalance": {"ETH": 20182.819709240357, "gOHM": 10145.667376514053, "GMX": 1511.6690661454231, "DPX": 148.15855934950835, "sGLP": 0.0}, "bprotocolBalance": {"ETH": 125947.22448486238, "gOHM": 2637.7503958466054, "DPX": 2109.8033530605285, "GMX": 921.7711868488859, "sGLP": 0.0}, "bprotocolGemBalance": {"ETH": 0.020915946576409234, "gOHM": 0.0, "DPX": 0.01928983039848691, "GMX": 2.674176377756853, "sGLP": 0.0}}