{"auUSDC": {"auETH": {"volume": 41531.11791610718, "llc": 1.1}, "auWBTC": {"volume": 43438.464641571045, "llc": 1.1}, "auUSDT": {"volume": 2445741.665363312, "llc": 1.1}, "auWNEAR": {"volume": 122593.35374832153, "llc": 1.1}, "auSTNEAR": {"volume": 17689.283847808838, "llc": 1.1}}, "auETH": {"auUSDC": {"volume": 41531.11791610718, "llc": 1.1}, "auWBTC": {"volume": 55836.21835708618, "llc": 1.1}, "auUSDT": {"volume": 38670.09782791138, "llc": 1.1}, "auWNEAR": {"volume": 96844.17295455933, "llc": 1.1}, "auSTNEAR": {"volume": 19596.630573272705, "llc": 1.1}}, "auWBTC": {"auUSDC": {"volume": 43438.464641571045, "llc": 1.1}, "auETH": {"volume": 54882.54499435425, "llc": 1.1}, "auUSDT": {"volume": 40577.444553375244, "llc": 1.1}, "auWNEAR": {"volume": 112102.94675827026, "llc": 1.1}, "auSTNEAR": {"volume": 19596.630573272705, "llc": 1.1}}, "auUSDT": {"auUSDC": {"volume": 2841516.110897064, "llc": 1.1}, "auETH": {"volume": 38670.09782791138, "llc": 1.1}, "auWBTC": {"volume": 40577.444553375244, "llc": 1.1}, "auWNEAR": {"volume": 122593.35374832153, "llc": 1.1}, "auSTNEAR": {"volume": 17689.283847808838, "llc": 1.1}}, "auWNEAR": {"auUSDC": {"volume": 122593.35374832153, "llc": 1.1}, "auETH": {"volume": 96844.17295455933, "llc": 1.1}, "auWBTC": {"volume": 112102.94675827026, "llc": 1.1}, "auUSDT": {"volume": 123547.02711105347, "llc": 1.1}, "auSTNEAR": {"volume": 23411.32402420044, "llc": 1.1}}, "auSTNEAR": {"auUSDC": {"volume": 96844.17295455933, "llc": 1.1}, "auETH": {"volume": 89214.78605270386, "llc": 1.1}, "auWBTC": {"volume": 93983.15286636353, "llc": 1.1}, "auUSDT": {"volume": 96844.17295455933, "llc": 1.1}, "auWNEAR": {"volume": 128315.39392471313, "llc": 1.1}}, "json_time": 1667112326}