{"json_time": 1696438035, "USDC": {"oracle": 1.000170492867615, "cex_price": 1, "dex_price": 1}, "WXDAI": {"oracle": 1.0, "cex_price": 1, "dex_price": 1.0000662671236575}, "LINK": {"oracle": 7.747543571449704, "cex_price": 7.6925, "dex_price": 8.068922514573593}, "GNO": {"oracle": 97.81547622750713, "cex_price": 97.75, "dex_price": 99.53685297346838}, "WBTC": {"oracle": 27534.163334777677, "cex_price": 27540.815000000002, "dex_price": 27713.897244628908}, "WETH": {"oracle": 1635.5166829061307, "cex_price": 1639.665, "dex_price": 1661.723959842733}, "FOX": {"oracle": 0.020302173853075395, "cex_price": 0.020249999999999997, "dex_price": 0.021630299579688293}, "USDT": {"oracle": 1.0000796053463186, "cex_price": 1, "dex_price": 1.000182036131122}, "EURe": {"oracle": 1.0501424464608287, "cex_price": 1.0500500000000001, "dex_price": 1.0501255138363068}, "wstETH": {"oracle": 1867.4823002278379, "cex_price": "NaN", "dex_price": 1881.2033589338419}}