{"USDC": {"WXDAI": {"volume": 3344101.973056793, "llc": 1.05}, "LINK": {"volume": 1476.8366813659668, "llc": 1.05}, "GNO": {"volume": 24364.997386932373, "llc": 1.05}, "WBTC": {"volume": 7198.876857757568, "llc": 1.05}, "WETH": {"volume": 94921.91903247264, "llc": 1.05}, "FOX": {"volume": 3384.183406829834, "llc": 1.05}, "USDT": {"volume": 2927346.713542938, "llc": 1.05}, "EURe": {"volume": 1869722.9542732239, "llc": 1.05}, "wstETH": {"volume": 99705.19304275513, "llc": 1.05}}, "WXDAI": {"USDC": {"volume": 3540558.6857795715, "llc": 1.05}, "LINK": {"volume": 1476.8366813659668, "llc": 1.05}, "GNO": {"volume": 91122.13277816772, "llc": 1.05}, "WBTC": {"volume": 8152.550220489502, "llc": 1.05}, "WETH": {"volume": 103519.88649368286, "llc": 1.05}, "FOX": {"volume": 3384.183406829834, "llc": 1.05}, "USDT": {"volume": 2928300.38690567, "llc": 1.05}, "EURe": {"volume": 1869722.9542732239, "llc": 1.05}, "wstETH": {"volume": 102566.21313095093, "llc": 1.05}}, "LINK": {"USDC": {"volume": 4337.856769561768, "llc": 1.2}, "WXDAI": {"volume": 4337.856769561768, "llc": 1.2}, "GNO": {"volume": 4337.856769561768, "llc": 1.2}, "WBTC": {"volume": 4337.856769561768, "llc": 1.2}, "WETH": {"volume": 4337.856769561768, "llc": 1.2}, "FOX": {"volume": 3384.183406829834, "llc": 1.2}, "USDT": {"volume": 4337.856769561768, "llc": 1.2}, "EURe": {"volume": 4337.856769561768, "llc": 1.2}, "wstETH": {"volume": 3384.183406829834, "llc": 1.2}}, "GNO": {"USDC": {"volume": 48206.83145523071, "llc": 1.1}, "WXDAI": {"volume": 48206.83145523071, "llc": 1.1}, "LINK": {"volume": 2430.5100440979004, "llc": 1.1}, "WBTC": {"volume": 48206.83145523071, "llc": 1.1}, "WETH": {"volume": 190304.16250228882, "llc": 1.1}, "FOX": {"volume": 5291.530132293701, "llc": 1.1}, "USDT": {"volume": 48206.83145523071, "llc": 1.1}, "EURe": {"volume": 44392.13800430298, "llc": 1.1}, "wstETH": {"volume": 505970.04556655884, "llc": 1.1}}, "WBTC": {"USDC": {"volume": 13874.590396881104, "llc": 1.1}, "WXDAI": {"volume": 13874.590396881104, "llc": 1.1}, "LINK": {"volume": 2430.5100440979004, "llc": 1.1}, "GNO": {"volume": 52021.52490615845, "llc": 1.1}, "WETH": {"volume": 72048.66552352905, "llc": 1.1}, "FOX": {"volume": 4337.856769561768, "llc": 1.1}, "USDT": {"volume": 13874.590396881104, "llc": 1.1}, "EURe": {"volume": 11967.243671417236, "llc": 1.1}, "wstETH": {"volume": 72048.66552352905, "llc": 1.1}}, "WETH": {"USDC": {"volume": 114965.3230816243, "llc": 1.05}, "WXDAI": {"volume": 114185.89716242685, "llc": 1.05}, "LINK": {"volume": 1476.8366813659668, "llc": 1.05}, "GNO": {"volume": 95890.49959182739, "llc": 1.05}, "WBTC": {"volume": 35809.077739715576, "llc": 1.05}, "FOX": {"volume": 2430.5100440979004, "llc": 1.05}, "USDT": {"volume": 114185.89716242685, "llc": 1.05}, "EURe": {"volume": 11013.570308685303, "llc": 1.05}, "wstETH": {"volume": 4968207.709789276, "llc": 1.05}}, "FOX": {"USDC": {"volume": 6245.203495025635, "llc": 1.1}, "WXDAI": {"volume": 6245.203495025635, "llc": 1.1}, "LINK": {"volume": 2430.5100440979004, "llc": 1.1}, "GNO": {"volume": 5291.530132293701, "llc": 1.1}, "WBTC": {"volume": 4337.856769561768, "llc": 1.1}, "WETH": {"volume": 5291.530132293701, "llc": 1.1}, "USDT": {"volume": 6245.203495025635, "llc": 1.1}, "EURe": {"volume": 6245.203495025635, "llc": 1.1}, "wstETH": {"volume": 3384.183406829834, "llc": 1.1}}, "USDT": {"USDC": {"volume": 3460450.123310089, "llc": 1.05}, "WXDAI": {"volume": 3269715.4507637024, "llc": 1.05}, "LINK": {"volume": 1476.8366813659668, "llc": 1.05}, "GNO": {"volume": 24364.997386932373, "llc": 1.05}, "WBTC": {"volume": 7198.876857757568, "llc": 1.05}, "WETH": {"volume": 94921.83693422949, "llc": 1.05}, "FOX": {"volume": 3384.183406829834, "llc": 1.05}, "EURe": {"volume": 1868769.280910492, "llc": 1.05}, "wstETH": {"volume": 99705.19304275513, "llc": 1.05}}, "EURe": {"USDC": {"volume": 3314538.0988121033, "llc": 1.15}, "WXDAI": {"volume": 3207726.6821861267, "llc": 1.15}, "LINK": {"volume": 3384.183406829834, "llc": 1.15}, "GNO": {"volume": 65372.95198440552, "llc": 1.15}, "WBTC": {"volume": 23411.32402420044, "llc": 1.15}, "WETH": {"volume": 31040.71092605591, "llc": 1.15}, "FOX": {"volume": 7198.876857757568, "llc": 1.15}, "USDT": {"volume": 3156228.3205986023, "llc": 1.15}, "wstETH": {"volume": 295208.2324028015, "llc": 1.15}}, "wstETH": {"USDC": {"volume": 197933.5494041443, "llc": 1.1}, "WXDAI": {"volume": 213192.32320785522, "llc": 1.1}, "LINK": {"volume": 2430.5100440979004, "llc": 1.1}, "GNO": {"volume": 490711.2717628479, "llc": 1.1}, "WBTC": {"volume": 71094.99216079712, "llc": 1.1}, "WETH": {"volume": 5276585.828999226, "llc": 1.1}, "FOX": {"volume": 5291.530132293701, "llc": 1.1}, "USDT": {"volume": 197933.5494041443, "llc": 1.1}, "EURe": {"volume": 191257.83586502075, "llc": 1.1}}, "json_time": 1696438035}