{"json_time": 1685435504, "ETH": {"oracle": 1904.98117985, "cex_price": 1906.835, "dex_price": 1909.4742605249735}, "BNB|bsc": {"oracle": 312.775048, "cex_price": 313.25, "dex_price": 315.0364889201641}, "WBTC|eth": {"oracle": 27810.1, "cex_price": 27854.645, "dex_price": 29600.19787483692}, "pCKB": {"oracle": 0.003692547, "cex_price": 0.003705, "dex_price": 0.0036732189643081813}, "USDC": {"oracle": 0.999904464, "cex_price": 1, "dex_price": 1}, "USDT": {"oracle": 1.00024, "cex_price": 1, "dex_price": 1.0016613078563636}}