{"json_time": 1679072218, "glp_data": {"liquidTreasury": 338382807.5396636, "treasuryUtilization": 0.2740573964781275, "liquidStableTreasury": 212661165.49703437, "stableTreasuryUtilization": 0.11717698888314497, "liquidSolidAssetTreasury": 120683251.66750056, "solidTreasuryUtilization": 0.4467705841260114}}