{"json_time": 1679072218, "ETH": {"VST": {"volume": 3595871.7408180237, "llc": 1.1}}, "gOHM": {"VST": {"volume": 359104.34770584106, "llc": 1.15}}, "GMX": {"VST": {"volume": 3595871.7408180237, "llc": 1.15}}, "DPX": {"VST": {"volume": 951335.5059623718, "llc": 1.15}}, "sGLP": {"VST": {"volume": 3595871.7408180237, "llc": 1.1}}}