{"json_time":1676554612,"DAI":{"USDC":{"volume":2501733996.667917,"llc":1.0352036107379918}},"WETH":{"USDC":{"volume":76216848.127613,"llc":1.0399938406047988}},"stETH":{"USDC":{"volume":60671932.749613,"llc":1.039969920907531}},"WBTC":{"USDC":{"volume":36662729.646885,"llc":1.0399862075986395}},"USDT":{"USDC":{"volume":377432667.440974,"llc":1.0397537170532256}},"sUSD":{"USDC":{"volume":25836422.520401,"llc":1.0395541781704363}},"FRAX":{"USDC":{"volume":389785652.197443,"llc":1.0396425136984453}},"GUSD":{"USDC":{"volume":35494524.875944,"llc":1.0327617994404714}},"LUSD":{"USDC":{"volume":23851155.362958,"llc":1.0395878909275817}},"CVX":{"USDC":{"volume":1644213.498367,"llc":1.0393685409814655}},"FXS":{"USDC":{"volume":2184138.285617,"llc":1.039981320348501}},"LQTY":{"USDC":{"volume":49867.381378,"llc":1.0399787011320498}},"CRV":{"USDC":{"volume":2539936.380367,"llc":1.0399945174879366}},"LDO":{"USDC":{"volume":2702090.133652,"llc":1.0398395981142385}},"SNX":{"USDC":{"volume":159334.198101,"llc":1.039992690497864}},"wstETH":{"USDC":{"volume":75316765.730999,"llc":1.0389849162329434}},"3Crv":{"USDC":{"volume":195801700.860287,"llc":1.0397650350687653}},"steCRV":{"USDC":{"volume":120851990.02377863,"llc":1.039969920907531}},"FRAX3CRV-f":{"USDC":{"volume":547430102.3748659,"llc":1.0397650350687653}},"LUSD3CRV-f":{"USDC":{"volume":61329852.88187672,"llc":1.0395878909275817}},"crvPlain3andSUSD":{"USDC":{"volume":96718988.25152844,"llc":1.0395541781704363}},"gusd3CRV":{"USDC":{"volume":73771770.50399035,"llc":1.0327617994404714}},"crvFRAX":{"USDC":{"volume":389785652.197443,"llc":1.0396425136984453}},"cvxsteCRV":{"USDC":{"volume":120851990.02377863,"llc":1.039969920907531}},"stkcvxsteCRV":{"USDC":{"volume":120851990.02377863,"llc":1.039969920907531}},"cvx3Crv":{"USDC":{"volume":195801700.860287,"llc":1.0397650350687653}},"stkcvx3Crv":{"USDC":{"volume":195801700.860287,"llc":1.0397650350687653}},"cvxFRAX3CRV-f":{"USDC":{"volume":547430102.3748659,"llc":1.0397650350687653}},"stkcvxFRAX3CRV-f":{"USDC":{"volume":547430102.3748659,"llc":1.0397650350687653}},"cvxLUSD3CRV-f":{"USDC":{"volume":61329852.88187672,"llc":1.0395878909275817}},"stkcvxLUSD3CRV-f":{"USDC":{"volume":61329852.88187672,"llc":1.0395878909275817}},"cvxcrvPlain3andSUSD":{"USDC":{"volume":96718988.25152844,"llc":1.0395541781704363}},"stkcvxcrvPlain3andSUSD":{"USDC":{"volume":96718988.25152844,"llc":1.0395541781704363}},"cvxgusd3CRV":{"USDC":{"volume":73771770.50399035,"llc":1.0327617994404714}},"stkcvxgusd3CRV":{"USDC":{"volume":73771770.50399035,"llc":1.0327617994404714}},"yvDAI":{"USDC":{"volume":2501733996.667917,"llc":1.0352036107379918}},"yvUSDC":{"USDC":{"volume":999999999999,"llc":1}},"yvWETH":{"USDC":{"volume":76216848.127613,"llc":1.0399938406047988}},"yvWBTC":{"USDC":{"volume":36662729.646885,"llc":1.0399862075986395}},"yvCurve-stETH":{"USDC":{"volume":120851990.02377863,"llc":1.039969920907531}},"yvCurve-FRAX":{"USDC":{"volume":547430102.3748659,"llc":1.0397650350687653}},"cvxcrvFRAX":{"USDC":{"volume":389785652.197443,"llc":1.0396425136984453}},"stkcvxcrvFRAX":{"USDC":{"volume":389785652.197443,"llc":1.0396425136984453}}}