{"json_time": 1694843140, "USDC": {"oracle": 1.00002055, "cex_price": 1, "dex_price": 1}, "WXDAI": {"oracle": 1.0, "cex_price": 1, "dex_price": 0.9998568825589226}, "LINK": {"oracle": 6.29832551, "cex_price": 6.2865, "dex_price": 6.718097184102547}, "GNO": {"oracle": 101.71810382, "cex_price": 101.45, "dex_price": 101.25687871173857}, "WBTC": {"oracle": 26572.985327, "cex_price": 26478.055, "dex_price": 26780.214777322515}, "WETH": {"oracle": 1642.730637, "cex_price": 1635.835, "dex_price": 1645.0967525348653}, "FOX": {"oracle": 0.02161814, "cex_price": 0.0215, "dex_price": 0.022339859123683636}, "USDT": {"oracle": 1.00009, "cex_price": 1, "dex_price": 0.9999343393116091}, "EURe": {"oracle": 1.06605, "cex_price": 1.06475, "dex_price": 1.0653966640722767}, "wstETH": {"oracle": 1872.1961327, "cex_price": "NaN", "dex_price": 1872.1961327}}