{"json_time":1674394213,"DAI":{"USDC":{"volume":2751123963.302159,"llc":1.033235779539667}},"WETH":{"USDC":{"volume":69103422.147211,"llc":1.0399631949961945}},"stETH":{"USDC":{"volume":52798844.182354,"llc":1.0394160493689668}},"WBTC":{"USDC":{"volume":36246663.572419,"llc":1.0399451377944344}},"USDT":{"USDC":{"volume":448834368.412808,"llc":1.0398563570027246}},"sUSD":{"USDC":{"volume":26679449.394657,"llc":1.0397238640917168}},"FRAX":{"USDC":{"volume":388091991.230922,"llc":1.0394869541125904}},"GUSD":{"USDC":{"volume":26476633.093074,"llc":1.0398844977618789}},"LUSD":{"USDC":{"volume":51266835.722905,"llc":1.0396306616400572}},"CVX":{"USDC":{"volume":1522998.02805,"llc":1.0399739092343792}},"FXS":{"USDC":{"volume":1621482.893344,"llc":1.0399927533671303}},"LQTY":{"USDC":{"volume":26790.375185999997,"llc":1.03998676176188}},"CRV":{"USDC":{"volume":2602037.076511,"llc":1.0391447012480448}},"LDO":{"USDC":{"volume":2045509.662774,"llc":1.0399848733618855}},"SNX":{"USDC":{"volume":239384.212242,"llc":1.0395912629270923}},"wstETH":{"USDC":{"volume":63284917.547839,"llc":1.039866667392627}},"3Crv":{"USDC":{"volume":226929911.543887,"llc":1.0399005138483957}},"steCRV":{"USDC":{"volume":98393121.58070508,"llc":1.0394160493689668}},"FRAX3CRV-f":{"USDC":{"volume":611947834.815928,"llc":1.0394869541125904}},"LUSD3CRV-f":{"USDC":{"volume":260021105.53251445,"llc":1.0399005138483957}},"crvPlain3andSUSD":{"USDC":{"volume":85670296.628183,"llc":1.0397238640917168}},"gusd3CRV":{"USDC":{"volume":71771076.0606462,"llc":1.0398844977618789}},"crvFRAX":{"USDC":{"volume":388091991.230922,"llc":1.0394869541125904}},"cvxsteCRV":{"USDC":{"volume":98393121.58070508,"llc":1.0394160493689668}},"stkcvxsteCRV":{"USDC":{"volume":98393121.58070508,"llc":1.0394160493689668}},"cvx3Crv":{"USDC":{"volume":226929911.543887,"llc":1.0399005138483957}},"stkcvx3Crv":{"USDC":{"volume":226929911.543887,"llc":1.0399005138483957}},"cvxFRAX3CRV-f":{"USDC":{"volume":611947834.815928,"llc":1.0394869541125904}},"stkcvxFRAX3CRV-f":{"USDC":{"volume":611947834.815928,"llc":1.0394869541125904}},"cvxLUSD3CRV-f":{"USDC":{"volume":260021105.53251445,"llc":1.0399005138483957}},"stkcvxLUSD3CRV-f":{"USDC":{"volume":260021105.53251445,"llc":1.0399005138483957}},"cvxcrvPlain3andSUSD":{"USDC":{"volume":85670296.628183,"llc":1.0397238640917168}},"stkcvxcrvPlain3andSUSD":{"USDC":{"volume":85670296.628183,"llc":1.0397238640917168}},"cvxgusd3CRV":{"USDC":{"volume":71771076.0606462,"llc":1.0398844977618789}},"stkcvxgusd3CRV":{"USDC":{"volume":71771076.0606462,"llc":1.0398844977618789}},"yvDAI":{"USDC":{"volume":2751123963.302159,"llc":1.033235779539667}},"yvUSDC":{"USDC":{"volume":999999999999,"llc":1}},"yvWETH":{"USDC":{"volume":69103422.147211,"llc":1.0399631949961945}},"yvWBTC":{"USDC":{"volume":36246663.572419,"llc":1.0399451377944344}},"yvCurve-stETH":{"USDC":{"volume":98393121.58070508,"llc":1.0394160493689668}},"yvCurve-FRAX":{"USDC":{"volume":611947834.815928,"llc":1.0394869541125904}},"cvxcrvFRAX":{"USDC":{"volume":388091991.230922,"llc":1.0394869541125904}},"stkcvxcrvFRAX":{"USDC":{"volume":388091991.230922,"llc":1.0394869541125904}}}