{"auUSDC": {"auETH": {"volume": 37716.42446517944, "llc": 1.1}, "auWBTC": {"volume": 42484.79127883911, "llc": 1.1}, "auUSDT": {"volume": 3452820.7364082336, "llc": 1.1}, "auWNEAR": {"volume": 121639.6803855896, "llc": 1.1}, "auSTNEAR": {"volume": 121639.6803855896, "llc": 1.1}}, "auETH": {"auUSDC": {"volume": 37716.42446517944, "llc": 1.1}, "auWBTC": {"volume": 46299.484729766846, "llc": 1.1}, "auUSDT": {"volume": 34855.40437698364, "llc": 1.1}, "auWNEAR": {"volume": 74909.68561172485, "llc": 1.1}, "auSTNEAR": {"volume": 73956.01224899292, "llc": 1.1}}, "auWBTC": {"auUSDC": {"volume": 41531.11791610718, "llc": 1.1}, "auETH": {"volume": 47253.15809249878, "llc": 1.1}, "auUSDT": {"volume": 39623.77119064331, "llc": 1.1}, "auWNEAR": {"volume": 100658.86640548706, "llc": 1.1}, "auSTNEAR": {"volume": 100658.86640548706, "llc": 1.1}}, "auUSDT": {"auUSDC": {"volume": 3140015.8734321594, "llc": 1.1}, "auETH": {"volume": 34855.40437698364, "llc": 1.1}, "auWBTC": {"volume": 39623.77119064331, "llc": 1.1}, "auWNEAR": {"volume": 122593.35374832153, "llc": 1.1}, "auSTNEAR": {"volume": 122593.35374832153, "llc": 1.1}}, "auWNEAR": {"auUSDC": {"volume": 122593.35374832153, "llc": 1.1}, "auETH": {"volume": 74909.68561172485, "llc": 1.1}, "auWBTC": {"volume": 100658.86640548706, "llc": 1.1}, "auUSDT": {"volume": 123547.02711105347, "llc": 1.1}, "auSTNEAR": {"volume": 186951.74486198998, "llc": 1.1}}, "auSTNEAR": {"auUSDC": {"volume": 84446.41923904419, "llc": 1.1}, "auETH": {"volume": 72048.66552352905, "llc": 1.1}, "auWBTC": {"volume": 79678.05242538452, "llc": 1.1}, "auUSDT": {"volume": 83492.74587631226, "llc": 1.1}, "auWNEAR": {"volume": 108288.25330734253, "llc": 1.1}}, "json_time": 1667471599}