{"json_time": 1692859735, "USDC": {"oracle": 1.0004903652777823, "cex_price": 1, "dex_price": 1}, "WXDAI": {"oracle": 1.0, "cex_price": 1, "dex_price": 1.0001525193720513}, "LINK": {"oracle": 6.335938984907576, "cex_price": 6.3085, "dex_price": 6.6765949595347776}, "GNO": {"oracle": 101.11872009672547, "cex_price": 100.80000000000001, "dex_price": 101.45798562395684}, "WBTC": {"oracle": 26446.255322561243, "cex_price": 26473.275, "dex_price": 26894.444683506175}, "WETH": {"oracle": 1676.0238598902292, "cex_price": 1674.645, "dex_price": 1708.4362495888813}, "FOX": {"oracle": 0.022241595813432317, "cex_price": 0.022199999999999998, "dex_price": 0.023439224248252746}, "USDT": {"oracle": 0.9994570952281729, "cex_price": 1, "dex_price": 0.9998084776878227}, "EURe": {"oracle": 1.0845495557877778, "cex_price": 1.0841500000000002, "dex_price": 1.08273439291707}, "wstETH": {"oracle": 1905.6312527810358, "cex_price": "NaN", "dex_price": 1905.6312527810358}}