{"json_time": 1692728455, "USDC": {"oracle": 1.000201778248955, "cex_price": 1, "dex_price": 1}, "WXDAI": {"oracle": 1.0, "cex_price": 1, "dex_price": 1.0003297682139263}, "LINK": {"oracle": 6.060402876402696, "cex_price": 6.0665, "dex_price": 6.535938024409604}, "GNO": {"oracle": 98.69422055087712, "cex_price": 98.9, "dex_price": 99.91852226057742}, "WBTC": {"oracle": 25957.481967475447, "cex_price": 25899.995000000003, "dex_price": 26107.04305364684}, "WETH": {"oracle": 1640.7397035584981, "cex_price": 1636.205, "dex_price": 1660.391259299348}, "FOX": {"oracle": 0.022837317224411416, "cex_price": 0.022949999999999998, "dex_price": 0.024813727110155556}, "USDT": {"oracle": 1.0000166223271258, "cex_price": 1, "dex_price": 0.99983572998907}, "EURe": {"oracle": 1.0853769427719882, "cex_price": 1.08175, "dex_price": 1.0875569306648414}, "wstETH": {"oracle": 1865.1191267177405, "cex_price": "NaN", "dex_price": 1865.1191267177405}}