{"json_time": 1668593615, "data": [{"account": "0x5ce561e048d2cd64523D6316228F97bd2537F92f", "user_collateral_wo_looping": 1.3200481170891325, "user_debt_wo_looping": 1.5414491449144914}, {"account": "0x9A4B0dA9E8e5c7135cd7188Bd2e84DAc513C594b", "user_collateral_wo_looping": 0.001123635762019231, "user_debt_wo_looping": 0.0013794313442224721}]}