{"json_time": 1667903377, "auUSDC": {"oracle": 1.00008611, "cex_price": 1, "dex_price": 1}, "auETH": {"oracle": 1480.44, "cex_price": 1483.665, "dex_price": 1491.374638702766}, "auWBTC": {"oracle": 19708.18883956, "cex_price": 19716.205, "dex_price": 19888.62370723946}, "auUSDT": {"oracle": 1.00005, "cex_price": 1, "dex_price": 1.0004093444943523}, "auWNEAR": {"oracle": 2.848846, "cex_price": 2.8715, "dex_price": 2.872395261026692}, "auSTNEAR": {"oracle": 3.23731625, "cex_price": "NaN", "dex_price": 3.284244158741263}}