{"json_time": 1685985996, "ETH-VST": {"series_std_ratio": 1.0, "volume_for_slippage_10_percentss": [38870.26510447264], "trade_every": 1800, "collaterals": [521, 3629, 6736, 9844, 12952, 16059, 19167, 22274, 25382, 28490, 31597, 34705, 37812, 40920, 44028, 47135, 50243, 53351, 56458, 59566, 62673, 65781, 68889, 71996, 75104, 78211, 81319, 84427, 87534, 90642, 18750.0], "liquidation_incentives": [0.10000000000000009], "stability_pool_initial_balances": [0.11947902025980264, 0.05973951012990132, 0.23895804051960529], "share_institutionals": [0.4746773967220008, 0.2373386983610004, 0.9493547934440016, 1], "recovery_halflife_retails": [3.3333333333333335], "price_recovery_times": [0], "l_factors": [0.25, 0.5, 1, 1.5, 2], "json_time": 1685989638.41538, "current_debt": 521.651229430869}, "gOHM-VST": {"series_std_ratio": 0.5718399563684763, "volume_for_slippage_10_percentss": [231.59276753664017], "trade_every": 1800, "collaterals": [2677, 3056, 3436, 3815, 4195, 4574, 4954, 5333, 5713, 6092, 6472, 6851, 7231, 7610, 7990, 8369, 8749, 9128, 9508, 9887, 10267, 10646, 11026, 11405, 11785, 12164, 12544, 12923, 13303, 13682, 2812.5], "liquidation_incentives": [0.1499999999999999], "stability_pool_initial_balances": [0.020332246683980634, 0.010166123341990317, 0.04066449336796127], "share_institutionals": [0.4948991816876982, 0.2474495908438491, 0.9897983633753964, 1], "recovery_halflife_retails": [3.3333333333333335], "price_recovery_times": [0], "l_factors": [0.25, 0.5, 1, 1.5, 2], "json_time": 1685989638.41538, "current_debt": 2677.29621962313}, "DPX-VST": {"series_std_ratio": 2.2756095294666916, "volume_for_slippage_10_percentss": [308.4826824069023], "trade_every": 1800, "collaterals": [404, 495, 585, 676, 767, 857, 948, 1039, 1129, 1220, 1311, 1402, 1492, 1583, 1674, 1764, 1855, 1946, 2036, 2127, 2218, 2308, 2399, 2490, 2580, 2671, 2762, 2852, 2943, 3034, 625.0], "liquidation_incentives": [0.1499999999999999], "stability_pool_initial_balances": [0.013748616281975481, 0.0068743081409877406, 0.027497232563950962], "share_institutionals": [0.9076192997512954, 0.4538096498756477, 1, 1], "recovery_halflife_retails": [3.3333333333333335], "price_recovery_times": [2], "l_factors": [0.25, 0.5, 1, 1.5, 2], "json_time": 1685989638.41538, "current_debt": 404.4820589719745}, "GMX-VST": {"series_std_ratio": 2.0308729755116706, "volume_for_slippage_10_percentss": [4089.2015197873116], "trade_every": 1800, "collaterals": [112, 525, 938, 1351, 1764, 2177, 2589, 3002, 3415, 3828, 4241, 4654, 5067, 5480, 5893, 6306, 6719, 7132, 7544, 7957, 8370, 8783, 9196, 9609, 10022, 10435, 10848, 11261, 11674, 12087, 2500.0], "liquidation_incentives": [0.1499999999999999], "stability_pool_initial_balances": [0.271044577052888, 0.135522288526444, 0.542089154105776], "share_institutionals": [0.4035657003864712, 0.2017828501932356, 0.8071314007729424, 1], "recovery_halflife_retails": [3.3333333333333335], "price_recovery_times": [0], "l_factors": [0.25, 0.5, 1, 1.5, 2], "json_time": 1685989638.41538, "current_debt": 112.49580118222231}, "sGLP-VST": {"series_std_ratio": 0.6132330529291525, "volume_for_slippage_10_percentss": [34639.5316490531], "trade_every": 1800, "collaterals": [323, 364, 405, 447, 488, 529, 571, 612, 653, 695, 736, 777, 819, 860, 901, 942, 984, 1025, 1066, 1108, 1149, 1190, 1232, 1273, 1314, 1355, 1397, 1438, 1479, 1521, 312.5], "liquidation_incentives": [0.10000000000000009], "stability_pool_initial_balances": [0.0008568828741957618, 0.0004284414370978809, 0.0017137657483915236], "share_institutionals": [0.0, 0.0, 0.0, 1], "recovery_halflife_retails": [3.3333333333333335], "price_recovery_times": [0], "l_factors": [0.25, 0.5, 1, 1.5, 2], "json_time": 1685989638.41538, "current_debt": 323.3357529096971}}