{"json_time": 1669478388, "ETH-BNB|bsc": {"series_std_ratio": 0.5092360103276665, "volume_for_slippage_10_percentss": [9.267664849758148], "trade_every": 1800, "collaterals": [625.0, 1250.0, 1875.0, 2500.0, 3125.0, 6250.0, 9375.0, 12500.0], "liquidation_incentives": [0.10000000000000009], "stability_pool_initial_balances": [0], "share_institutionals": [0], "recovery_halflife_retails": [0], "price_recovery_times": [0], "l_factors": [0.25, 0.5, 1, 1.5, 2], "json_time": 1669479797.38619, "current_debt": 0.0}, "ETH-WBTC|eth": {"series_std_ratio": 0.4395117777819672, "volume_for_slippage_10_percentss": [4.49929803609848], "trade_every": 1800, "collaterals": [625.0, 1250.0, 1875.0, 2500.0, 3125.0, 6250.0, 9375.0, 12500.0], "liquidation_incentives": [0.10000000000000009], "stability_pool_initial_balances": [0], "share_institutionals": [0], "recovery_halflife_retails": [0], "price_recovery_times": [0], "l_factors": [0.25, 0.5, 1, 1.5, 2], "json_time": 1669479797.38619, "current_debt": 0.0}, "ETH-pCKB": {"series_std_ratio": 0.8824344497774251, "volume_for_slippage_10_percentss": [13.439985811710358], "trade_every": 1800, "collaterals": [625.0, 1250.0, 1875.0, 2500.0, 3125.0, 6250.0, 9375.0, 12500.0], "liquidation_incentives": [0.10000000000000009], "stability_pool_initial_balances": [0], "share_institutionals": [0], "recovery_halflife_retails": [0], "price_recovery_times": [0], "l_factors": [0.25, 0.5, 1, 1.5, 2], "json_time": 1669479797.38619, "current_debt": 0.0}, "ETH-USDC": {"series_std_ratio": 1.0, "volume_for_slippage_10_percentss": [11.651848256587982], "trade_every": 1800, "collaterals": [625.0, 1250.0, 1875.0, 2500.0, 3125.0, 6250.0, 9375.0, 12500.0], "liquidation_incentives": [0.10000000000000009], "stability_pool_initial_balances": [0], "share_institutionals": [0], "recovery_halflife_retails": [0], "price_recovery_times": [0], "l_factors": [0.25, 0.5, 1, 1.5, 2], "json_time": 1669479797.38619, "current_debt": 0.0}, "BNB|bsc-ETH": {"series_std_ratio": 0.509181336137572, "volume_for_slippage_10_percentss": [9.267664849758148], "trade_every": 1800, "collaterals": [625.0, 1250.0, 1875.0, 2500.0, 3125.0, 6250.0, 9375.0, 12500.0], "liquidation_incentives": [0.10000000000000009], "stability_pool_initial_balances": [0], "share_institutionals": [0], "recovery_halflife_retails": [0], "price_recovery_times": [0], "l_factors": [0.25, 0.5, 1, 1.5, 2], "json_time": 1669479797.38619, "current_debt": 0.0}, "BNB|bsc-WBTC|eth": {"series_std_ratio": 0.47157634721093533, "volume_for_slippage_10_percentss": [5.095343887805939], "trade_every": 1800, "collaterals": [625.0, 1250.0, 1875.0, 2500.0, 3125.0, 6250.0, 9375.0, 12500.0], "liquidation_incentives": [0.10000000000000009], "stability_pool_initial_balances": [0], "share_institutionals": [0], "recovery_halflife_retails": [0], "price_recovery_times": [0], "l_factors": [0.25, 0.5, 1, 1.5, 2], "json_time": 1669479797.38619, "current_debt": 0.0}, "BNB|bsc-pCKB": {"series_std_ratio": 0.8517964655079131, "volume_for_slippage_10_percentss": [27.149040400981903], "trade_every": 1800, "collaterals": [625.0, 1250.0, 1875.0, 2500.0, 3125.0, 6250.0, 9375.0, 12500.0], "liquidation_incentives": [0.10000000000000009], "stability_pool_initial_balances": [0], "share_institutionals": [0], "recovery_halflife_retails": [0], "price_recovery_times": [0], "l_factors": [0.25, 0.5, 1, 1.5, 2], "json_time": 1669479797.38619, "current_debt": 0.0}, "BNB|bsc-USDC": {"series_std_ratio": 0.9075277062935161, "volume_for_slippage_10_percentss": [19.9964901804924], "trade_every": 1800, "collaterals": [625.0, 1250.0, 1875.0, 2500.0, 3125.0, 6250.0, 9375.0, 12500.0], "liquidation_incentives": [0.10000000000000009], "stability_pool_initial_balances": [0], "share_institutionals": [0], "recovery_halflife_retails": [0], "price_recovery_times": [0], "l_factors": [0.25, 0.5, 1, 1.5, 2], "json_time": 1669479797.38619, "current_debt": 0.0}, "WBTC|eth-ETH": {"series_std_ratio": 0.4396477338745114, "volume_for_slippage_10_percentss": [4.49929803609848], "trade_every": 1800, "collaterals": [625.0, 1250.0, 1875.0, 2500.0, 3125.0, 6250.0, 9375.0, 12500.0], "liquidation_incentives": [0.10000000000000009], "stability_pool_initial_balances": [0], "share_institutionals": [0], "recovery_halflife_retails": [0], "price_recovery_times": [0], "l_factors": [0.25, 0.5, 1, 1.5, 2], "json_time": 1669479797.38619, "current_debt": 0.0}, "WBTC|eth-BNB|bsc": {"series_std_ratio": 0.4717724328064051, "volume_for_slippage_10_percentss": [5.095343887805939], "trade_every": 1800, "collaterals": [625.0, 1250.0, 1875.0, 2500.0, 3125.0, 6250.0, 9375.0, 12500.0], "liquidation_incentives": [0.10000000000000009], "stability_pool_initial_balances": [0], "share_institutionals": [0], "recovery_halflife_retails": [0], "price_recovery_times": [0], "l_factors": [0.25, 0.5, 1, 1.5, 2], "json_time": 1669479797.38619, "current_debt": 0.0}, "WBTC|eth-pCKB": {"series_std_ratio": 0.8375662667796967, "volume_for_slippage_10_percentss": [5.691389739513397], "trade_every": 1800, "collaterals": [625.0, 1250.0, 1875.0, 2500.0, 3125.0, 6250.0, 9375.0, 12500.0], "liquidation_incentives": [0.10000000000000009], "stability_pool_initial_balances": [0], "share_institutionals": [0], "recovery_halflife_retails": [0], "price_recovery_times": [0], "l_factors": [0.25, 0.5, 1, 1.5, 2], "json_time": 1669479797.38619, "current_debt": 0.0}, "WBTC|eth-USDC": {"series_std_ratio": 0.760706293780634, "volume_for_slippage_10_percentss": [5.691389739513397], "trade_every": 1800, "collaterals": [625.0, 1250.0, 1875.0, 2500.0, 3125.0, 6250.0, 9375.0, 12500.0], "liquidation_incentives": [0.10000000000000009], "stability_pool_initial_balances": [0], "share_institutionals": [0], "recovery_halflife_retails": [0], "price_recovery_times": [0], "l_factors": [0.25, 0.5, 1, 1.5, 2], "json_time": 1669479797.38619, "current_debt": 0.0}, "pCKB-ETH": {"series_std_ratio": 0.8844760880417059, "volume_for_slippage_10_percentss": [13.439985811710358], "trade_every": 1800, "collaterals": [625.0, 1250.0, 1875.0, 2500.0, 3125.0, 6250.0, 9375.0, 12500.0], "liquidation_incentives": [0.10000000000000009], "stability_pool_initial_balances": [0], "share_institutionals": [0], "recovery_halflife_retails": [0], "price_recovery_times": [0], "l_factors": [0.25, 0.5, 1, 1.5, 2], "json_time": 1669479797.38619, "current_debt": 0.00010459071665970985}, "pCKB-BNB|bsc": {"series_std_ratio": 0.8538216209404758, "volume_for_slippage_10_percentss": [27.149040400981903], "trade_every": 1800, "collaterals": [625.0, 1250.0, 1875.0, 2500.0, 3125.0, 6250.0, 9375.0, 12500.0], "liquidation_incentives": [0.10000000000000009], "stability_pool_initial_balances": [0], "share_institutionals": [0], "recovery_halflife_retails": [0], "price_recovery_times": [0], "l_factors": [0.25, 0.5, 1, 1.5, 2], "json_time": 1669479797.38619, "current_debt": 0.00010459071665970985}, "pCKB-WBTC|eth": {"series_std_ratio": 0.8392145104454609, "volume_for_slippage_10_percentss": [5.691389739513397], "trade_every": 1800, "collaterals": [625.0, 1250.0, 1875.0, 2500.0, 3125.0, 6250.0, 9375.0, 12500.0], "liquidation_incentives": [0.10000000000000009], "stability_pool_initial_balances": [0], "share_institutionals": [0], "recovery_halflife_retails": [0], "price_recovery_times": [0], "l_factors": [0.25, 0.5, 1, 1.5, 2], "json_time": 1669479797.38619, "current_debt": 0.00010459071665970985}, "pCKB-USDC": {"series_std_ratio": 1.1458163305074704, "volume_for_slippage_10_percentss": [71.25643342733383], "trade_every": 1800, "collaterals": [625.0, 1250.0, 1875.0, 2500.0, 3125.0, 6250.0, 9375.0, 12500.0], "liquidation_incentives": [0.10000000000000009], "stability_pool_initial_balances": [0], "share_institutionals": [0], "recovery_halflife_retails": [0], "price_recovery_times": [0], "l_factors": [0.25, 0.5, 1, 1.5, 2], "json_time": 1669479797.38619, "current_debt": 0.00010459071665970985}, "USDC-ETH": {"series_std_ratio": 1.0, "volume_for_slippage_10_percentss": [11.055802404880524], "trade_every": 1800,