{"json_time": 1694114181, "stabilityPoolVstBalance": {"ETH": 47568.61462768652, "gOHM": 69519.39167800843, "GMX": 81054.9282134178, "DPX": 0.0, "sGLP": 375.35900545061537}, "stabilityPoolGemBalance": {"ETH": 17063.382174886425, "gOHM": 6740.439936260293, "GMX": 12396.000759224476, "DPX": 6730.533413577991, "sGLP": 0.0}, "bprotocolBalance": {"ETH": 4879.034727667357, "gOHM": 41710.96447718775, "DPX": 0.0, "GMX": 74481.26606289852, "sGLP": 0.0}, "bprotocolGemBalance": {"ETH": 0.015563441164030752, "gOHM": 0.0, "DPX": 0.11910192561432548, "GMX": 5.3140182006197065, "sGLP": 0.0}}