{"json_time": 1694114181, "ETH": {"VST": {"volume": 49294945.60956955, "llc": 1.1}}, "gOHM": {"VST": {"volume": 168369.67515945435, "llc": 1.15}}, "GMX": {"VST": {"volume": 3974480.0658226013, "llc": 1.15}}, "DPX": {"VST": {"volume": 163601.30834579468, "llc": 1.15}}, "sGLP": {"VST": {"volume": 34891616.81222916, "llc": 1.1}}}