{"json_time": 1678028561, "ETH": {"VST": {"volume": 38667209.65528488, "llc": 1.1}}, "gOHM": {"VST": {"volume": 354335.9808921814, "llc": 1.15}}, "GMX": {"VST": {"volume": 8773364.427089691, "llc": 1.15}}, "DPX": {"VST": {"volume": 1100108.5505485535, "llc": 1.15}}, "sGLP": {"VST": {"volume": 19526031.591892242, "llc": 1.1}}}