{"json_time": 1668922594, "data": [{"account": "0x2661a4786EA12B7EDFD3F5c08fF617702360A993", "user_collateral_wo_looping": 0.16296831533323408, "user_debt_wo_looping": 0.20041589631685996}]}