{"json_time": 1668922594, "ETH": {"oracle": 1217.0948855, "cex_price": 1219.9650000000001, "dex_price": 1222.6529024730742}, "BNB|bsc": {"oracle": 272.823956089, "cex_price": 272.95, "dex_price": 272.5792486067284}, "WBTC|eth": {"oracle": 16665.44782, "cex_price": 16682.275, "dex_price": 16798.67256292141}, "pCKB": {"oracle": 0.002606028, "cex_price": 0.002615, "dex_price": 0.0026103952054379468}, "USDC": {"oracle": 1.000099285, "cex_price": 1, "dex_price": 1}}