{"json_time": 1668068220, "ETH": {"oracle": 1183.06, "cex_price": 1213.295, "dex_price": 1189.4802195539453}, "BNB|bsc": {"oracle": 280.95373748, "cex_price": 282.95, "dex_price": 278.6443419624755}, "WBTC|eth": {"oracle": 16677.0, "cex_price": 16810.09, "dex_price": 16749.65094896715}, "pCKB": {"oracle": 0.002751789, "cex_price": 0.002725, "dex_price": 0.0027426254221515735}, "USDC": {"oracle": 1.00060934, "cex_price": 1, "dex_price": 1}}