{"json_time": 1665065880.8329432, "VST": {"total_collateral": "0.0", "median_collateral": "nan", "top_1_collateral": "0.0", "top_10_collateral": "0.0", "total_debt": "0.0", "median_debt": "nan", "top_1_debt": "nan", "top_10_debt": "0.0", "graph_data": {"ETH": {"4.9": 0, "4.800000000000001": 0, "4.7": 0, "4.6000000000000005": 0, "4.5": 0, "4.4": 0, "4.3": 0, "4.2": 0, "4.1000000000000005": 0, "4.0": 0, "3.9000000000000004": 0, "3.8000000000000003": 0, "3.7": 0, "3.6": 0, "3.5": 0, "3.4000000000000004": 0, "3.3000000000000003": 0, "3.2": 0, "3.1": 0, "3.0": 0, "2.9000000000000004": 0, "2.8000000000000003": 0, "2.7": 0, "2.6": 0, "2.5": 0, "2.4000000000000004": 0, "2.3000000000000003": 0, "2.2": 0, "2.1": 0, "2.0": 0, "1.9000000000000001": 0, "1.8": 0, "1.7000000000000002": 0, "1.6": 0, "1.5": 0, "1.4000000000000001": 0, "1.3": 0, "1.2000000000000002": 0}, "gOHM": {"4.9": 0, "4.800000000000001": 0, "4.7": 0, "4.6000000000000005": 0, "4.5": 0, "4.4": 0, "4.3": 0, "4.2": 0, "4.1000000000000005": 0, "4.0": 0, "3.9000000000000004": 0, "3.8000000000000003": 0, "3.7": 0, "3.6": 0, "3.5": 0, "3.4000000000000004": 0, "3.3000000000000003": 0, "3.2": 0, "3.1": 0, "3.0": 0, "2.9000000000000004": 0, "2.8000000000000003": 0, "2.7": 0, "2.6": 0, "2.5": 0, "2.4000000000000004": 0, "2.3000000000000003": 0, "2.2": 0, "2.1": 0, "2.0": 0, "1.9000000000000001": 0, "1.8": 0, "1.7000000000000002": 0}, "renBTC": {"4.9": 0, "4.800000000000001": 0, "4.7": 0, "4.6000000000000005": 0, "4.5": 0, "4.4": 0, "4.3": 0, "4.2": 0, "4.1000000000000005": 0, "4.0": 0, "3.9000000000000004": 0, "3.8000000000000003": 0, "3.7": 0, "3.6": 0, "3.5": 0, "3.4000000000000004": 0, "3.3000000000000003": 0, "3.2": 0, "3.1": 0, "3.0": 0, "2.9000000000000004": 0, "2.8000000000000003": 0, "2.7": 0}, "GMX": {"4.9": 0, "4.800000000000001": 0, "4.7": 0, "4.6000000000000005": 0, "4.5": 0, "4.4": 0, "4.3": 0, "4.2": 0, "4.1000000000000005": 0, "4.0": 0, "3.9000000000000004": 0, "3.8000000000000003": 0, "3.7": 0, "3.6": 0, "3.5": 0, "3.4000000000000004": 0, "3.3000000000000003": 0, "3.2": 0, "3.1": 0, "3.0": 0, "2.9000000000000004": 0, "2.8000000000000003": 0, "2.7": 0, "2.6": 0, "2.5": 0, "2.4000000000000004": 0, "2.3000000000000003": 0, "2.2": 0, "2.1": 0, "2.0": 0, "1.9000000000000001": 0, "1.8": 0, "1.7000000000000002": 0, "1.6": 0, "1.5": 0}, "sGLP": {"4.9": 0, "4.800000000000001": 0, "4.7": 0, "4.6000000000000005": 0, "4.5": 0, "4.4": 0, "4.3": 0, "4.2": 0, "4.1000000000000005": 0, "4.0": 0, "3.9000000000000004": 0, "3.8000000000000003": 0, "3.7": 0, "3.6": 0, "3.5": 0, "3.4000000000000004": 0, "3.3000000000000003": 0, "3.2": 0, "3.1": 0, "3.0": 0, "2.9000000000000004": 0, "2.8000000000000003": 0, "2.7": 0, "2.6": 0, "2.5": 0, "2.4000000000000004": 0, "2.3000000000000003": 0, "2.2": 0, "2.1": 0, "2.0": 0, "1.9000000000000001": 0, "1.8": 0, "1.7000000000000002": 0, "1.6": 0, "1.5": 0, "1.4000000000000001": 0, "1.3": 0, "1.2000000000000002": 0, "1.1": 0}}}, "ETH": {"total_collateral": "1155969.2131341312", "median_collateral": "2868.9108374558955", "top_1_collateral": "81467.179026", "top_10_collateral": "533338.46535688", "total_debt": "509488.21192153136", "median_debt": "1211.319925", "top_1_debt": "37200.0", "top_10_debt": "217425.09387601961", "graph_data": {"VST": {"1086.2290536799999": 1785, "950.45042197": 29972, "814.6717902600001": 184997, "678.89315855": 357900, "543.1145268399999": 420512, "407.33589513000004": 454632, "271.55726341999997": 508903, "135.77863170999998": 508903, "0.0": 509453}}}, "gOHM": {"total_collateral": "14999951.088053994", "median_collateral": "22755.136288920847", "top_1_collateral": "2210201.663562235", "top_10_collateral": "9903033.43157274", "total_debt": "4976631.168215152", "median_debt": "7919.850690691738", "top_1_debt": "905286.969004176", "top_10_debt": "3367466.44003657", "graph_data": {"VST": {"1559.651476664803": 2194267, "1299.7095638873357": 3358866, "1039.7676511098687": 4283730, "779.8257383324016": 4523353, "519.8838255549343": 4963404, "259.94191277746717": 4975584, "0.0": 4976584}}}, "renBTC": {"total_collateral": "201818.0292180339", "median_collateral": "7582.601293956341", "top_1_collateral": "52748.85579725559", "top_10_collateral": "198841.11070382997", "total_debt": "46732.64565305524", "median_debt": "1696.452998473329", "top_1_debt": "12894.515930352325", "top_10_debt": "46071.14565023147", "graph_data": {"VST": {"6015.048163536001": 330, "4010.0321090240004": 46396, "2005.0160545120002": 46727, "0.0": 46727}}}, "GMX": {"total_collateral": "177079.88692695717", "median_collateral": "8016.363849997197", "top_1_collateral": "49289.00406262921", "top_10_collateral": "169292.8189167768", "total_debt": "61184.470227202764", "median_debt": "2100.0", "top_1_debt": "17219.830001578015", "top_10_debt": "58678.74022350372", "graph_data": {"VST": {"27.510141802397705": 11330, "22.92511816866475": 42084, "18.3400945349318": 57901, "13.755070901198852": 58681, "9.1700472674659": 61181, "4.58502363373295": 61181, "0.0": 61181}}}, "DPX": {"total_collateral": "1825294.0272078072", "median_collateral": "367496.9137718228", "top_1_collateral": "1068952.8336747133", "top_10_collateral": "1825294.0272078072", "total_debt": "139777.1146712118", "median_debt": "30145.234591734807", "top_1_debt": "78289.82029802178", "top_10_debt": "139777.11467121184", "graph_data": {"VST": {"27.277002647000003": 138578, "0.0": 139774}}}, "sGLP": {"total_collateral": "6948656.111648367", "median_collateral": "5956.234787620072", "top_1_collateral": "1367525.391913955", "top_10_collateral": "5141096.738696497", "total_debt": "4912055.77", "median_debt": "3630.0", "top_1_debt": "1000000.0", "top_10_debt": "3725020.2700000005", "graph_data": {"VST": {"0.7940470017564901": 1487500, "0.7058195571168802": 4232018, "0.6175921124772701": 4746255, "0.5293646678376601": 4849895, "0.44113722319805004": 4896504, "0.3529097785584401": 4911708, "0.26468233391883006": 4912038, "0.17645488927922004": 4912038, "0.08822744463961002": 4912038, "0.0": 4912038}}}}