{"json_time": 1665069342.4589565, "glp_data": {"liquidTreasury": 260319063.48079032, "treasuryUtilization": 0.3425132414196416, "liquidStableTreasury": 117665486.37925935, "stableTreasuryUtilization": 0.3920228336854729, "liquidSolidAssetTreasury": 131900514.33108446, "solidTreasuryUtilization": 0.29676082304017537}}