{"json_time": 1665066020.1335757, "ETH": {"VST": {"volume": 24190448.00901413, "llc": 1.1}}, "gOHM": {"VST": {"volume": 439212.9101753235, "llc": 1.15}}, "renBTC": {"VST": {"volume": 5125563.814640045, "llc": 1.1}}, "GMX": {"VST": {"volume": 1899286.8285179138, "llc": 1.15}}, "DPX": {"VST": {"volume": 745342.0596122742, "llc": 1.15}}, "sGLP": {"VST": {"volume": 5125563.814640045, "llc": 1.1}}}