{
  "json_time": 1669457769,
  "WBTC": {
    "USDC": {
      "volume": 26849508.147329,
      "llc": 1.0399761881147924
    }
  },
  "USDT": {
    "USDC": {
      "volume": 274102986.949918,
      "llc": 1.0385588292453338
    }
  },
  "WETH": {
    "USDC": {
      "volume": 58957371.57245101,
      "llc": 1.0399896498755696
    }
  },
  "sUSD": {
    "USDC": {
      "volume": 17544909.730262,
      "llc": 1.039866692629281
    }
  },
  "GUSD": {
    "USDC": {
      "volume": 21773540.575815,
      "llc": 1.0268389038504577
    }
  },
  "LUSD": {
    "USDC": {
      "volume": 60678366.353175,
      "llc": 1.039912677593581
    }
  },
  "FRAX": {
    "USDC": {
      "volume": 321277974.281271,
      "llc": 1.0397360216655012
    }
  },
  "DAI": {
    "USDC": {
      "volume": 2665134534.489961,
      "llc": 1.039955334131483
    }
  },
  "SNX": {
    "USDC": {
      "volume": 57517.604357,
      "llc": 1.0398730623766301
    }
  },
  "LDO": {
    "USDC": {
      "volume": 1517289.8416319997,
      "llc": 1.0399629272289772
    }
  },
  "FXS": {
    "USDC": {
      "volume": 894626.8827169999,
      "llc": 1.0399922789444314
    }
  },
  "CVX": {
    "USDC": {
      "volume": 702589.086584,
      "llc": 1.0362289621618657
    }
  },
  "CRV": {
    "USDC": {
      "volume": 1574112.549577,
      "llc": 1.039487789131388
    }
  },
  "stETH": {
    "USDC": {
      "volume": 40019916.236973,
      "llc": 1.0387720572678911
    }
  },
  "3Crv": {
    "USDC": {
      "volume": 163134352.643489,
      "llc": 1.0397151199365067
    }
  },
  "wstETH": {
    "USDC": {
      "volume": 49565509.198437,
      "llc": 1.0399756955791082
    }
  },
  "LQTY": {
    "USDC": {
      "volume": 22149.145343,
      "llc": 1.0396034539620596
    }
  },
  "yvUSDC": {
    "USDC": {
      "volume": 999999999999,
      "llc": 1
    }
  },
  "yvDAI": {
    "USDC": {
      "volume": 2665134534.489961,
      "llc": 1.039955334131483
    }
  },
  "yvWETH": {
    "USDC": {
      "volume": 58957371.57245101,
      "llc": 1.0399896498755696
    }
  },
  "yvWBTC": {
    "USDC": {
      "volume": 26849508.147329,
      "llc": 1.0399761881147924
    }
  },
  "stkcvx3Crv": {
    "USDC": {
      "volume": 163134352.643489,
      "llc": 1.0397151199365067
    }
  },
  "cvx3Crv": {
    "USDC": {
      "volume": 163134352.643489,
      "llc": 1.0397151199365067
    }
  },
  "steCRV": {
    "USDC": {
      "volume": 59005150.64276057,
      "llc": 1.0387720572678911
    }
  },
  "cvxsteCRV": {
    "USDC": {
      "volume": 59005150.64276057,
      "llc": 1.0387720572678911
    }
  },
  "stkcvxsteCRV": {
    "USDC": {
      "volume": 59005150.64276057,
      "llc": 1.0387720572678911
    }
  },
  "yvCurve-stETH": {
    "USDC": {
      "volume": 59005150.64276057,
      "llc": 1.0387720572678911
    }
  },
  "FRAX3CRV-f": {
    "USDC": {
      "volume": 368617202.7458582,
      "llc": 1.0397151199365067
    }
  },
  "cvxFRAX3CRV-f": {
    "USDC": {
      "volume": 368617202.7458582,
      "llc": 1.0397151199365067
    }
  },
  "stkcvxFRAX3CRV-f": {
    "USDC": {
      "volume": 368617202.7458582,
      "llc": 1.0397151199365067
    }
  },
  "yvCurve-FRAX": {
    "USDC": {
      "volume": 368617202.7458582,
      "llc": 1.0397151199365067
    }
  },
  "LUSD3CRV-f": {
    "USDC": {
      "volume": 177414445.79124212,
      "llc": 1.0397151199365067
    }
  },
  "cvxLUSD3CRV-f": {
    "USDC": {
      "volume": 177414445.79124212,
      "llc": 1.0397151199365067
    }
  },
  "stkcvxLUSD3CRV-f": {
    "USDC": {
      "volume": 177414445.79124212,
      "llc": 1.0397151199365067
    }
  },
  "crvPlain3andSUSD": {
    "USDC": {
      "volume": 93898938.40430343,
      "llc": 1.039866692629281
    }
  },
  "cvxcrvPlain3andSUSD": {
    "USDC": {
      "volume": 93898938.40430343,
      "llc": 1.039866692629281
    }
  },
  "stkcvxcrvPlain3andSUSD": {
    "USDC": {
      "volume": 93898938.40430343,
      "llc": 1.039866692629281
    }
  },
  "gusd3CRV": {
    "USDC": {
      "volume": 60145642.24525209,
      "llc": 1.0268389038504577
    }
  },
  "cvxgusd3CRV": {
    "USDC": {
      "volume": 60145642.24525209,
      "llc": 1.0268389038504577
    }
  },
  "stkcvxgusd3CRV": {
    "USDC": {
      "volume": 60145642.24525209,
      "llc": 1.0268389038504577
    }
  },
  "crvFRAX": {
    "USDC": {
      "volume": 434528132.90972555,
      "llc": 1.0397360216655012
    }
  },
  "cvxcrvFRAX": {
    "USDC": {
      "volume": 434528132.90972555,
      "llc": 1.0397360216655012
    }
  },
  "stkcvxcrvFRAX": {
    "USDC": {
      "volume": 434528132.90972555,
      "llc": 1.0397360216655012
    }
  }
}