{"json_time":1672658707,"DAI":{"USDC":{"volume":2596046904.958806,"llc":1.0276693377184283}},"WETH":{"USDC":{"volume":78352202.198284,"llc":1.0399898735739195}},"stETH":{"USDC":{"volume":57012593.263197,"llc":1.0399617767567015}},"WBTC":{"USDC":{"volume":32036274.613861,"llc":1.03999437430647}},"USDT":{"USDC":{"volume":268962661.426354,"llc":1.0398161700261286}},"sUSD":{"USDC":{"volume":25238554.404854,"llc":1.0399257061826295}},"FRAX":{"USDC":{"volume":363696709.06876,"llc":1.0397838362986147}},"GUSD":{"USDC":{"volume":15389795.203601,"llc":1.0354001349432707}},"LUSD":{"USDC":{"volume":55744362.238504,"llc":1.0396276425761335}},"CVX":{"USDC":{"volume":452124.96166,"llc":1.0399878865865335}},"FXS":{"USDC":{"volume":818265.81637,"llc":1.0399823562769048}},"LQTY":{"USDC":{"volume":1266104.842885,"llc":1.0309323672882444}},"CRV":{"USDC":{"volume":1256788.610382,"llc":1.0399714046766608}},"LDO":{"USDC":{"volume":1092424.199303,"llc":1.0399704570364903}},"SNX":{"USDC":{"volume":167235.875703,"llc":1.038511903236584}},"wstETH":{"USDC":{"volume":70074356.406047,"llc":1.0399864444122122}},"3Crv":{"USDC":{"volume":164076242.29512,"llc":1.0395415185354517}},"steCRV":{"USDC":{"volume":90071353.83520158,"llc":1.0399617767567015}},"FRAX3CRV-f":{"USDC":{"volume":458093477.93603164,"llc":1.0395415185354517}},"LUSD3CRV-f":{"USDC":{"volume":183124033.86724362,"llc":1.0395415185354517}},"crvPlain3andSUSD":{"USDC":{"volume":105582574.53925374,"llc":1.0399257061826295}},"gusd3CRV":{"USDC":{"volume":42427139.59000586,"llc":1.0354001349432707}},"crvFRAX":{"USDC":{"volume":363696709.06876,"llc":1.0397838362986147}},"cvxsteCRV":{"USDC":{"volume":90071353.83520158,"llc":1.0399617767567015}},"stkcvxsteCRV":{"USDC":{"volume":90071353.83520158,"llc":1.0399617767567015}},"cvx3Crv":{"USDC":{"volume":164076242.29512,"llc":1.0395415185354517}},"stkcvx3Crv":{"USDC":{"volume":164076242.29512,"llc":1.0395415185354517}},"cvxFRAX3CRV-f":{"USDC":{"volume":458093477.93603164,"llc":1.0395415185354517}},"stkcvxFRAX3CRV-f":{"USDC":{"volume":458093477.93603164,"llc":1.0395415185354517}},"cvxLUSD3CRV-f":{"USDC":{"volume":183124033.86724362,"llc":1.0395415185354517}},"stkcvxLUSD3CRV-f":{"USDC":{"volume":183124033.86724362,"llc":1.0395415185354517}},"cvxcrvPlain3andSUSD":{"USDC":{"volume":105582574.53925374,"llc":1.0399257061826295}},"stkcvxcrvPlain3andSUSD":{"USDC":{"volume":105582574.53925374,"llc":1.0399257061826295}},"cvxgusd3CRV":{"USDC":{"volume":42427139.59000586,"llc":1.0354001349432707}},"stkcvxgusd3CRV":{"USDC":{"volume":42427139.59000586,"llc":1.0354001349432707}},"yvDAI":{"USDC":{"volume":2596046904.958806,"llc":1.0276693377184283}},"yvUSDC":{"USDC":{"volume":999999999999,"llc":1}},"yvWETH":{"USDC":{"volume":78352202.198284,"llc":1.0399898735739195}},"yvWBTC":{"USDC":{"volume":32036274.613861,"llc":1.03999437430647}},"yvCurve-stETH":{"USDC":{"volume":90071353.83520158,"llc":1.0399617767567015}},"yvCurve-FRAX":{"USDC":{"volume":458093477.93603164,"llc":1.0395415185354517}},"cvxcrvFRAX":{"USDC":{"volume":363696709.06876,"llc":1.0397838362986147}},"stkcvxcrvFRAX":{"USDC":{"volume":363696709.06876,"llc":1.0397838362986147}}}