{"json_time":1676641057,"DAI":{"USDC":{"volume":2471485890.885467,"llc":1.0382275633688465}},"WETH":{"USDC":{"volume":81080619.877757,"llc":1.0399983793215792}},"stETH":{"USDC":{"volume":62643905.75665,"llc":1.039995434276248}},"WBTC":{"USDC":{"volume":35929576.239472,"llc":1.0399918468724276}},"USDT":{"USDC":{"volume":367639861.112093,"llc":1.0399497427162565}},"sUSD":{"USDC":{"volume":26442851.273909,"llc":1.0399896747381605}},"FRAX":{"USDC":{"volume":388663379.38704,"llc":1.0397213055295267}},"GUSD":{"USDC":{"volume":35074660.552674,"llc":1.0399495582896123}},"LUSD":{"USDC":{"volume":23080549.280007,"llc":1.039597217423712}},"CVX":{"USDC":{"volume":1789696.71129,"llc":1.03995389430384}},"FXS":{"USDC":{"volume":1569068.340173,"llc":1.0399208516669607}},"LQTY":{"USDC":{"volume":59191.363978,"llc":1.039988864687267}},"CRV":{"USDC":{"volume":1929256.904576,"llc":1.0399937132018924}},"LDO":{"USDC":{"volume":2958179.656199,"llc":1.039970315295355}},"SNX":{"USDC":{"volume":138182.480328,"llc":1.039654349573646}},"wstETH":{"USDC":{"volume":75338375.053044,"llc":1.0390703939413979}},"3Crv":{"USDC":{"volume":189005718.471304,"llc":1.0391669034679123}},"steCRV":{"USDC":{"volume":124546366.42089574,"llc":1.039995434276248}},"FRAX3CRV-f":{"USDC":{"volume":528653319.1198764,"llc":1.0391669034679123}},"LUSD3CRV-f":{"USDC":{"volume":60506552.75957692,"llc":1.039597217423712}},"crvPlain3andSUSD":{"USDC":{"volume":109767101.8967732,"llc":1.0399896747381605}},"gusd3CRV":{"USDC":{"volume":71123918.60857645,"llc":1.0399495582896123}},"crvFRAX":{"USDC":{"volume":388663379.38704,"llc":1.0397213055295267}},"cvxsteCRV":{"USDC":{"volume":124546366.42089574,"llc":1.039995434276248}},"stkcvxsteCRV":{"USDC":{"volume":124546366.42089574,"llc":1.039995434276248}},"cvx3Crv":{"USDC":{"volume":189005718.471304,"llc":1.0391669034679123}},"stkcvx3Crv":{"USDC":{"volume":189005718.471304,"llc":1.0391669034679123}},"cvxFRAX3CRV-f":{"USDC":{"volume":528653319.1198764,"llc":1.0391669034679123}},"stkcvxFRAX3CRV-f":{"USDC":{"volume":528653319.1198764,"llc":1.0391669034679123}},"cvxLUSD3CRV-f":{"USDC":{"volume":60506552.75957692,"llc":1.039597217423712}},"stkcvxLUSD3CRV-f":{"USDC":{"volume":60506552.75957692,"llc":1.039597217423712}},"cvxcrvPlain3andSUSD":{"USDC":{"volume":109767101.8967732,"llc":1.0399896747381605}},"stkcvxcrvPlain3andSUSD":{"USDC":{"volume":109767101.8967732,"llc":1.0399896747381605}},"cvxgusd3CRV":{"USDC":{"volume":71123918.60857645,"llc":1.0399495582896123}},"stkcvxgusd3CRV":{"USDC":{"volume":71123918.60857645,"llc":1.0399495582896123}},"yvDAI":{"USDC":{"volume":2471485890.885467,"llc":1.0382275633688465}},"yvUSDC":{"USDC":{"volume":999999999999,"llc":1}},"yvWETH":{"USDC":{"volume":81080619.877757,"llc":1.0399983793215792}},"yvWBTC":{"USDC":{"volume":35929576.239472,"llc":1.0399918468724276}},"yvCurve-stETH":{"USDC":{"volume":124546366.42089574,"llc":1.039995434276248}},"yvCurve-FRAX":{"USDC":{"volume":528653319.1198764,"llc":1.0391669034679123}},"cvxcrvFRAX":{"USDC":{"volume":388663379.38704,"llc":1.0397213055295267}},"stkcvxcrvFRAX":{"USDC":{"volume":388663379.38704,"llc":1.0397213055295267}}}