{"json_time":1676468158,"DAI":{"USDC":{"volume":2509869242.818449,"llc":1.0353359839932095}},"WETH":{"USDC":{"volume":83114582.724117,"llc":1.0399881735864889}},"stETH":{"USDC":{"volume":63207399.015319,"llc":1.0399467664050133}},"WBTC":{"USDC":{"volume":32493002.173514,"llc":1.0399805475916821}},"USDT":{"USDC":{"volume":393684324.176857,"llc":1.0398017268031232}},"sUSD":{"USDC":{"volume":26265575.631335,"llc":1.0398132409201617}},"FRAX":{"USDC":{"volume":390594702.925616,"llc":1.0395831603345997}},"GUSD":{"USDC":{"volume":35936441.361485,"llc":1.0397109328158014}},"LUSD":{"USDC":{"volume":42942742.239206,"llc":1.0397711301736856}},"CVX":{"USDC":{"volume":1502006.161864,"llc":1.0399767708453171}},"FXS":{"USDC":{"volume":1685460.81011,"llc":1.0399823549726626}},"LQTY":{"USDC":{"volume":68212.456069,"llc":1.0399872245623563}},"CRV":{"USDC":{"volume":3764047.192525,"llc":1.0399886204557531}},"LDO":{"USDC":{"volume":2687899.98684,"llc":1.0386093676667905}},"SNX":{"USDC":{"volume":162556.128415,"llc":1.039851564969266}},"wstETH":{"USDC":{"volume":78696279.355367,"llc":1.03997546361567}},"3Crv":{"USDC":{"volume":209135389.346841,"llc":1.03987621392563}},"steCRV":{"USDC":{"volume":125212680.48168123,"llc":1.0399467664050133}},"FRAX3CRV-f":{"USDC":{"volume":583941881.9120325,"llc":1.03987621392563}},"LUSD3CRV-f":{"USDC":{"volume":201136907.31684375,"llc":1.0397711301736856}},"crvPlain3andSUSD":{"USDC":{"volume":99597577.0789993,"llc":1.0398132409201617}},"gusd3CRV":{"USDC":{"volume":78038946.69877335,"llc":1.0397109328158014}},"crvFRAX":{"USDC":{"volume":390594702.925616,"llc":1.0395831603345997}},"cvxsteCRV":{"USDC":{"volume":125212680.48168123,"llc":1.0399467664050133}},"stkcvxsteCRV":{"USDC":{"volume":125212680.48168123,"llc":1.0399467664050133}},"cvx3Crv":{"USDC":{"volume":209135389.346841,"llc":1.03987621392563}},"stkcvx3Crv":{"USDC":{"volume":209135389.346841,"llc":1.03987621392563}},"cvxFRAX3CRV-f":{"USDC":{"volume":583941881.9120325,"llc":1.03987621392563}},"stkcvxFRAX3CRV-f":{"USDC":{"volume":583941881.9120325,"llc":1.03987621392563}},"cvxLUSD3CRV-f":{"USDC":{"volume":201136907.31684375,"llc":1.0397711301736856}},"stkcvxLUSD3CRV-f":{"USDC":{"volume":201136907.31684375,"llc":1.0397711301736856}},"cvxcrvPlain3andSUSD":{"USDC":{"volume":99597577.0789993,"llc":1.0398132409201617}},"stkcvxcrvPlain3andSUSD":{"USDC":{"volume":99597577.0789993,"llc":1.0398132409201617}},"cvxgusd3CRV":{"USDC":{"volume":78038946.69877335,"llc":1.0397109328158014}},"stkcvxgusd3CRV":{"USDC":{"volume":78038946.69877335,"llc":1.0397109328158014}},"yvDAI":{"USDC":{"volume":2509869242.818449,"llc":1.0353359839932095}},"yvUSDC":{"USDC":{"volume":999999999999,"llc":1}},"yvWETH":{"USDC":{"volume":83114582.724117,"llc":1.0399881735864889}},"yvWBTC":{"USDC":{"volume":32493002.173514,"llc":1.0399805475916821}},"yvCurve-stETH":{"USDC":{"volume":125212680.48168123,"llc":1.0399467664050133}},"yvCurve-FRAX":{"USDC":{"volume":583941881.9120325,"llc":1.03987621392563}},"cvxcrvFRAX":{"USDC":{"volume":390594702.925616,"llc":1.0395831603345997}},"stkcvxcrvFRAX":{"USDC":{"volume":390594702.925616,"llc":1.0395831603345997}}}