{"json_time":1675517596,"DAI":{"USDC":{"volume":2606474435.193002,"llc":1.0348834490552759}},"WETH":{"USDC":{"volume":85359042.364847,"llc":1.0399623327929344}},"stETH":{"USDC":{"volume":68061779.675637,"llc":1.0398273483720215}},"WBTC":{"USDC":{"volume":39128355.64071,"llc":1.039912075410844}},"USDT":{"USDC":{"volume":331754007.74292,"llc":1.0196490760298689}},"sUSD":{"USDC":{"volume":21670848.195823,"llc":1.039629150571995}},"FRAX":{"USDC":{"volume":382394572.040284,"llc":1.0396012226561946}},"GUSD":{"USDC":{"volume":28074063.933147,"llc":1.0321406796212051}},"LUSD":{"USDC":{"volume":37122951.858621,"llc":1.039727730139776}},"CVX":{"USDC":{"volume":1108310.888227,"llc":1.0398162034175846}},"FXS":{"USDC":{"volume":1738750.115712,"llc":1.0399896284928372}},"LQTY":{"USDC":{"volume":2175665.529561,"llc":1.0312505697269425}},"CRV":{"USDC":{"volume":3087791.80131,"llc":1.0397459202101893}},"LDO":{"USDC":{"volume":2251032.018985,"llc":1.03980840453214}},"SNX":{"USDC":{"volume":318906.24344,"llc":1.0398704237584608}},"wstETH":{"USDC":{"volume":90139414.859544,"llc":1.039961194231358}},"3Crv":{"USDC":{"volume":204475511.687477,"llc":1.0395195235527548}},"steCRV":{"USDC":{"volume":127972525.92724109,"llc":1.0398273483720215}},"FRAX3CRV-f":{"USDC":{"volume":562504155.7442566,"llc":1.0395195235527548}},"LUSD3CRV-f":{"USDC":{"volume":111588657.50823463,"llc":1.039727730139776}},"crvPlain3andSUSD":{"USDC":{"volume":64691846.251929745,"llc":1.039629150571995}},"gusd3CRV":{"USDC":{"volume":66731964.67363393,"llc":1.0321406796212051}},"crvFRAX":{"USDC":{"volume":382394572.040284,"llc":1.0396012226561946}},"cvxsteCRV":{"USDC":{"volume":127972525.92724109,"llc":1.0398273483720215}},"stkcvxsteCRV":{"USDC":{"volume":127972525.92724109,"llc":1.0398273483720215}},"cvx3Crv":{"USDC":{"volume":204475511.687477,"llc":1.0395195235527548}},"stkcvx3Crv":{"USDC":{"volume":204475511.687477,"llc":1.0395195235527548}},"cvxFRAX3CRV-f":{"USDC":{"volume":562504155.7442566,"llc":1.0395195235527548}},"stkcvxFRAX3CRV-f":{"USDC":{"volume":562504155.7442566,"llc":1.0395195235527548}},"cvxLUSD3CRV-f":{"USDC":{"volume":111588657.50823463,"llc":1.039727730139776}},"stkcvxLUSD3CRV-f":{"USDC":{"volume":111588657.50823463,"llc":1.039727730139776}},"cvxcrvPlain3andSUSD":{"USDC":{"volume":64691846.251929745,"llc":1.039629150571995}},"stkcvxcrvPlain3andSUSD":{"USDC":{"volume":64691846.251929745,"llc":1.039629150571995}},"cvxgusd3CRV":{"USDC":{"volume":66731964.67363393,"llc":1.0321406796212051}},"stkcvxgusd3CRV":{"USDC":{"volume":66731964.67363393,"llc":1.0321406796212051}},"yvDAI":{"USDC":{"volume":2606474435.193002,"llc":1.0348834490552759}},"yvUSDC":{"USDC":{"volume":999999999999,"llc":1}},"yvWETH":{"USDC":{"volume":85359042.364847,"llc":1.0399623327929344}},"yvWBTC":{"USDC":{"volume":39128355.64071,"llc":1.039912075410844}},"yvCurve-stETH":{"USDC":{"volume":127972525.92724109,"llc":1.0398273483720215}},"yvCurve-FRAX":{"USDC":{"volume":562504155.7442566,"llc":1.0395195235527548}},"cvxcrvFRAX":{"USDC":{"volume":382394572.040284,"llc":1.0396012226561946}},"stkcvxcrvFRAX":{"USDC":{"volume":382394572.040284,"llc":1.0396012226561946}}}