{"json_time":1676381731,"DAI":{"USDC":{"volume":2518079853.30436,"llc":1.0329968986372906}},"WETH":{"USDC":{"volume":75732002.995724,"llc":1.0399993641183622}},"stETH":{"USDC":{"volume":62945930.964581,"llc":1.039964704334825}},"WBTC":{"USDC":{"volume":37812928.810432,"llc":1.0399741058947154}},"USDT":{"USDC":{"volume":416084615.917684,"llc":1.039762774745481}},"sUSD":{"USDC":{"volume":27324566.827589,"llc":1.0398620304209212}},"FRAX":{"USDC":{"volume":383770376.696424,"llc":1.0395779482547192}},"GUSD":{"USDC":{"volume":32747338.571339,"llc":1.039733560601917}},"LUSD":{"USDC":{"volume":44011907.372719,"llc":1.0399490160824563}},"CVX":{"USDC":{"volume":1510539.151015,"llc":1.0399763025000806}},"FXS":{"USDC":{"volume":1587598.688448,"llc":1.0399765978990332}},"LQTY":{"USDC":{"volume":49779.657348,"llc":1.0399790333399812}},"CRV":{"USDC":{"volume":3591377.2036289996,"llc":1.0399283681839409}},"LDO":{"USDC":{"volume":2831641.37556,"llc":1.0399855310806274}},"SNX":{"USDC":{"volume":222940.20854400002,"llc":1.0398958660371642}},"wstETH":{"USDC":{"volume":75312653.176057,"llc":1.0394961632168835}},"3Crv":{"USDC":{"volume":221084747.814882,"llc":1.03944099364922}},"steCRV":{"USDC":{"volume":124154510.85566327,"llc":1.039964704334825}},"FRAX3CRV-f":{"USDC":{"volume":597052872.7600449,"llc":1.0395779482547192}},"LUSD3CRV-f":{"USDC":{"volume":210726093.96917504,"llc":1.0399490160824563}},"crvPlain3andSUSD":{"USDC":{"volume":99265117.7992636,"llc":1.0398620304209212}},"gusd3CRV":{"USDC":{"volume":72325298.99328904,"llc":1.039733560601917}},"crvFRAX":{"USDC":{"volume":383770376.696424,"llc":1.0395779482547192}},"cvxsteCRV":{"USDC":{"volume":124154510.85566327,"llc":1.039964704334825}},"stkcvxsteCRV":{"USDC":{"volume":124154510.85566327,"llc":1.039964704334825}},"cvx3Crv":{"USDC":{"volume":221084747.814882,"llc":1.03944099364922}},"stkcvx3Crv":{"USDC":{"volume":221084747.814882,"llc":1.03944099364922}},"cvxFRAX3CRV-f":{"USDC":{"volume":597052872.7600449,"llc":1.0395779482547192}},"stkcvxFRAX3CRV-f":{"USDC":{"volume":597052872.7600449,"llc":1.0395779482547192}},"cvxLUSD3CRV-f":{"USDC":{"volume":210726093.96917504,"llc":1.0399490160824563}},"stkcvxLUSD3CRV-f":{"USDC":{"volume":210726093.96917504,"llc":1.0399490160824563}},"cvxcrvPlain3andSUSD":{"USDC":{"volume":99265117.7992636,"llc":1.0398620304209212}},"stkcvxcrvPlain3andSUSD":{"USDC":{"volume":99265117.7992636,"llc":1.0398620304209212}},"cvxgusd3CRV":{"USDC":{"volume":72325298.99328904,"llc":1.039733560601917}},"stkcvxgusd3CRV":{"USDC":{"volume":72325298.99328904,"llc":1.039733560601917}},"yvDAI":{"USDC":{"volume":2518079853.30436,"llc":1.0329968986372906}},"yvUSDC":{"USDC":{"volume":999999999999,"llc":1}},"yvWETH":{"USDC":{"volume":75732002.995724,"llc":1.0399993641183622}},"yvWBTC":{"USDC":{"volume":37812928.810432,"llc":1.0399741058947154}},"yvCurve-stETH":{"USDC":{"volume":124154510.85566327,"llc":1.039964704334825}},"yvCurve-FRAX":{"USDC":{"volume":597052872.7600449,"llc":1.0395779482547192}},"cvxcrvFRAX":{"USDC":{"volume":383770376.696424,"llc":1.0395779482547192}},"stkcvxcrvFRAX":{"USDC":{"volume":383770376.696424,"llc":1.0395779482547192}}}