{"json_time":1672053796,"DAI":{"USDC":{"volume":2744493006.222281,"llc":1.037055783750913}},"WETH":{"USDC":{"volume":69801050.699296,"llc":1.0397242540285392}},"stETH":{"USDC":{"volume":49777482.382331,"llc":1.0399792804828702}},"WBTC":{"USDC":{"volume":28719274.394068,"llc":1.0399972098306018}},"USDT":{"USDC":{"volume":326621372.612467,"llc":1.03040937656134}},"sUSD":{"USDC":{"volume":25452051.98786,"llc":1.0395283191748235}},"FRAX":{"USDC":{"volume":380932301.17045,"llc":1.0393783473937632}},"GUSD":{"USDC":{"volume":14859648.004455,"llc":1.0399746107753263}},"LUSD":{"USDC":{"volume":59192167.009327,"llc":1.0399124894635552}},"CVX":{"USDC":{"volume":970795.790227,"llc":1.0399871130013874}},"FXS":{"USDC":{"volume":922161.645691,"llc":1.039976172941623}},"LQTY":{"USDC":{"volume":1357735.854952,"llc":1.0170064406746104}},"CRV":{"USDC":{"volume":611927.674177,"llc":1.0399826627739412}},"LDO":{"USDC":{"volume":1348060.990243,"llc":1.039972694132109}},"SNX":{"USDC":{"volume":61041.037699,"llc":1.0399820153128894}},"wstETH":{"USDC":{"volume":62810690.925078,"llc":1.0399849698528425}},"3Crv":{"USDC":{"volume":204897683.702434,"llc":1.0398446738869938}},"steCRV":{"USDC":{"volume":81282256.5711136,"llc":1.0399792804828702}},"FRAX3CRV-f":{"USDC":{"volume":566147589.1489801,"llc":1.0398446738869938}},"LUSD3CRV-f":{"USDC":{"volume":227935191.15419126,"llc":1.0398446738869938}},"crvPlain3andSUSD":{"USDC":{"volume":104869596.14891675,"llc":1.0395283191748235}},"gusd3CRV":{"USDC":{"volume":35805950.000806436,"llc":1.0399746107753263}},"crvFRAX":{"USDC":{"volume":380932301.17045,"llc":1.0393783473937632}},"cvxsteCRV":{"USDC":{"volume":81282256.5711136,"llc":1.0399792804828702}},"stkcvxsteCRV":{"USDC":{"volume":81282256.5711136,"llc":1.0399792804828702}},"cvx3Crv":{"USDC":{"volume":204897683.702434,"llc":1.0398446738869938}},"stkcvx3Crv":{"USDC":{"volume":204897683.702434,"llc":1.0398446738869938}},"cvxFRAX3CRV-f":{"USDC":{"volume":566147589.1489801,"llc":1.0398446738869938}},"stkcvxFRAX3CRV-f":{"USDC":{"volume":566147589.1489801,"llc":1.0398446738869938}},"cvxLUSD3CRV-f":{"USDC":{"volume":227935191.15419126,"llc":1.0398446738869938}},"stkcvxLUSD3CRV-f":{"USDC":{"volume":227935191.15419126,"llc":1.0398446738869938}},"cvxcrvPlain3andSUSD":{"USDC":{"volume":104869596.14891675,"llc":1.0395283191748235}},"stkcvxcrvPlain3andSUSD":{"USDC":{"volume":104869596.14891675,"llc":1.0395283191748235}},"cvxgusd3CRV":{"USDC":{"volume":35805950.000806436,"llc":1.0399746107753263}},"stkcvxgusd3CRV":{"USDC":{"volume":35805950.000806436,"llc":1.0399746107753263}},"yvDAI":{"USDC":{"volume":2744493006.222281,"llc":1.037055783750913}},"yvUSDC":{"USDC":{"volume":999999999999,"llc":1}},"yvWETH":{"USDC":{"volume":69801050.699296,"llc":1.0397242540285392}},"yvWBTC":{"USDC":{"volume":28719274.394068,"llc":1.0399972098306018}},"yvCurve-stETH":{"USDC":{"volume":81282256.5711136,"llc":1.0399792804828702}},"yvCurve-FRAX":{"USDC":{"volume":566147589.1489801,"llc":1.0398446738869938}},"cvxcrvFRAX":{"USDC":{"volume":380932301.17045,"llc":1.0393783473937632}},"stkcvxcrvFRAX":{"USDC":{"volume":380932301.17045,"llc":1.0393783473937632}}}