{"json_time":1670930419,"DAI":{"USDC":{"volume":2778370313.063529,"llc":1.0399565510284985}},"WETH":{"USDC":{"volume":75292358.02905,"llc":1.0399784020643748}},"stETH":{"USDC":{"volume":52642431.70859499,"llc":1.0399777418441927}},"WBTC":{"USDC":{"volume":30207300.017785,"llc":1.0399709739759868}},"USDT":{"USDC":{"volume":390785136.494739,"llc":1.0266018492565956}},"sUSD":{"USDC":{"volume":24778805.520085,"llc":1.0396138670007762}},"FRAX":{"USDC":{"volume":398955857.798358,"llc":1.039836803825601}},"GUSD":{"USDC":{"volume":6321718.279861,"llc":1.0395128880702846}},"LUSD":{"USDC":{"volume":47150843.855547,"llc":1.0397377737722064}},"CVX":{"USDC":{"volume":585325.003389,"llc":1.039996604086522}},"FXS":{"USDC":{"volume":985795.7068049998,"llc":1.0399744891592793}},"LQTY":{"USDC":{"volume":1623649.085358,"llc":1.0148916229260303}},"CRV":{"USDC":{"volume":877654.2121999998,"llc":1.0399842936785566}},"LDO":{"USDC":{"volume":946741.156715,"llc":1.0399749433602075}},"SNX":{"USDC":{"volume":93901.764506,"llc":1.0399741466010315}},"wstETH":{"USDC":{"volume":66415991.000982,"llc":1.0399636396293421}},"3Crv":{"USDC":{"volume":240160284.269662,"llc":1.0394114187017318}},"steCRV":{"USDC":{"volume":86335715.9347612,"llc":1.0399777418441927}},"FRAX3CRV-f":{"USDC":{"volume":612965752.5597898,"llc":1.0394114187017318}},"LUSD3CRV-f":{"USDC":{"volume":265024606.31723112,"llc":1.0394114187017318}},"crvPlain3andSUSD":{"USDC":{"volume":167457486.01822016,"llc":1.0396138670007762}},"gusd3CRV":{"USDC":{"volume":14809598.713510415,"llc":1.0395128880702846}},"crvFRAX":{"USDC":{"volume":398955857.798358,"llc":1.039836803825601}},"cvxsteCRV":{"USDC":{"volume":86335715.9347612,"llc":1.0399777418441927}},"stkcvxsteCRV":{"USDC":{"volume":86335715.9347612,"llc":1.0399777418441927}},"cvx3Crv":{"USDC":{"volume":240160284.269662,"llc":1.0394114187017318}},"stkcvx3Crv":{"USDC":{"volume":240160284.269662,"llc":1.0394114187017318}},"cvxFRAX3CRV-f":{"USDC":{"volume":612965752.5597898,"llc":1.0394114187017318}},"stkcvxFRAX3CRV-f":{"USDC":{"volume":612965752.5597898,"llc":1.0394114187017318}},"cvxLUSD3CRV-f":{"USDC":{"volume":265024606.31723112,"llc":1.0394114187017318}},"stkcvxLUSD3CRV-f":{"USDC":{"volume":265024606.31723112,"llc":1.0394114187017318}},"cvxcrvPlain3andSUSD":{"USDC":{"volume":167457486.01822016,"llc":1.0396138670007762}},"stkcvxcrvPlain3andSUSD":{"USDC":{"volume":167457486.01822016,"llc":1.0396138670007762}},"cvxgusd3CRV":{"USDC":{"volume":14809598.713510415,"llc":1.0395128880702846}},"stkcvxgusd3CRV":{"USDC":{"volume":14809598.713510415,"llc":1.0395128880702846}},"yvDAI":{"USDC":{"volume":2778370313.063529,"llc":1.0399565510284985}},"yvUSDC":{"USDC":{"volume":999999999999,"llc":1}},"yvWETH":{"USDC":{"volume":75292358.02905,"llc":1.0399784020643748}},"yvWBTC":{"USDC":{"volume":30207300.017785,"llc":1.0399709739759868}},"yvCurve-stETH":{"USDC":{"volume":86335715.9347612,"llc":1.0399777418441927}},"yvCurve-FRAX":{"USDC":{"volume":612965752.5597898,"llc":1.0394114187017318}},"cvxcrvFRAX":{"USDC":{"volume":398955857.798358,"llc":1.039836803825601}},"stkcvxcrvFRAX":{"USDC":{"volume":398955857.798358,"llc":1.039836803825601}}}