{"json_time":1675949676,"DAI":{"USDC":{"volume":2533820932.252364,"llc":1.039982961545376}},"WETH":{"USDC":{"volume":82251395.037183,"llc":1.0399942817634567}},"stETH":{"USDC":{"volume":63656800.514878,"llc":1.039981120721098}},"WBTC":{"USDC":{"volume":38108318.417707,"llc":1.0399848550111928}},"USDT":{"USDC":{"volume":321174530.529574,"llc":1.0398820358042493}},"sUSD":{"USDC":{"volume":20623763.028489,"llc":1.039792120204357}},"FRAX":{"USDC":{"volume":382502325.196581,"llc":1.0393985270487986}},"GUSD":{"USDC":{"volume":29192367.313528,"llc":1.0310215843938995}},"LUSD":{"USDC":{"volume":31545417.777633,"llc":1.0397772775586205}},"CVX":{"USDC":{"volume":1213583.724521,"llc":1.0399798372453346}},"FXS":{"USDC":{"volume":1448980.674858,"llc":1.0399870107279165}},"LQTY":{"USDC":{"volume":2095923.024683,"llc":1.0302286688391338}},"CRV":{"USDC":{"volume":1915978.679856,"llc":1.036600948601746}},"LDO":{"USDC":{"volume":2473122.14195,"llc":1.0399730871418202}},"SNX":{"USDC":{"volume":226672.6684,"llc":1.039585925231695}},"wstETH":{"USDC":{"volume":74876705.159804,"llc":1.0399961598177467}},"3Crv":{"USDC":{"volume":193630960.07325,"llc":1.0393914897889602}},"steCRV":{"USDC":{"volume":121687433.44833095,"llc":1.039981120721098}},"FRAX3CRV-f":{"USDC":{"volume":532616017.28010315,"llc":1.0393914897889602}},"LUSD3CRV-f":{"USDC":{"volume":74990490.30259304,"llc":1.0397772775586205}},"crvPlain3andSUSD":{"USDC":{"volume":59317035.852523506,"llc":1.039792120204357}},"gusd3CRV":{"USDC":{"volume":66501352.69017748,"llc":1.0310215843938995}},"crvFRAX":{"USDC":{"volume":382502325.196581,"llc":1.0393985270487986}},"cvxsteCRV":{"USDC":{"volume":121687433.44833095,"llc":1.039981120721098}},"stkcvxsteCRV":{"USDC":{"volume":121687433.44833095,"llc":1.039981120721098}},"cvx3Crv":{"USDC":{"volume":193630960.07325,"llc":1.0393914897889602}},"stkcvx3Crv":{"USDC":{"volume":193630960.07325,"llc":1.0393914897889602}},"cvxFRAX3CRV-f":{"USDC":{"volume":532616017.28010315,"llc":1.0393914897889602}},"stkcvxFRAX3CRV-f":{"USDC":{"volume":532616017.28010315,"llc":1.0393914897889602}},"cvxLUSD3CRV-f":{"USDC":{"volume":74990490.30259304,"llc":1.0397772775586205}},"stkcvxLUSD3CRV-f":{"USDC":{"volume":74990490.30259304,"llc":1.0397772775586205}},"cvxcrvPlain3andSUSD":{"USDC":{"volume":59317035.852523506,"llc":1.039792120204357}},"stkcvxcrvPlain3andSUSD":{"USDC":{"volume":59317035.852523506,"llc":1.039792120204357}},"cvxgusd3CRV":{"USDC":{"volume":66501352.69017748,"llc":1.0310215843938995}},"stkcvxgusd3CRV":{"USDC":{"volume":66501352.69017748,"llc":1.0310215843938995}},"yvDAI":{"USDC":{"volume":2533820932.252364,"llc":1.039982961545376}},"yvUSDC":{"USDC":{"volume":999999999999,"llc":1}},"yvWETH":{"USDC":{"volume":82251395.037183,"llc":1.0399942817634567}},"yvWBTC":{"USDC":{"volume":38108318.417707,"llc":1.0399848550111928}},"yvCurve-stETH":{"USDC":{"volume":121687433.44833095,"llc":1.039981120721098}},"yvCurve-FRAX":{"USDC":{"volume":532616017.28010315,"llc":1.0393914897889602}},"cvxcrvFRAX":{"USDC":{"volume":382502325.196581,"llc":1.0393985270487986}},"stkcvxcrvFRAX":{"USDC":{"volume":382502325.196581,"llc":1.0393985270487986}}}