{"json_time":1674826248,"DAI":{"USDC":{"volume":2689937971.744998,"llc":1.0315561279539849}},"WETH":{"USDC":{"volume":68382030.654677,"llc":1.0399953702916167}},"stETH":{"USDC":{"volume":53617687.169973,"llc":1.039987191591535}},"WBTC":{"USDC":{"volume":35511522.536455,"llc":1.0399917510991183}},"USDT":{"USDC":{"volume":385229371.061252,"llc":1.0398504283917807}},"sUSD":{"USDC":{"volume":24226100.964834,"llc":1.039708535700316}},"FRAX":{"USDC":{"volume":384267072.675937,"llc":1.0395716379621}},"GUSD":{"USDC":{"volume":25871114.668802,"llc":1.0398523707769645}},"LUSD":{"USDC":{"volume":49768193.460352,"llc":1.0396121439730375}},"CVX":{"USDC":{"volume":1306265.291324,"llc":1.0399871988151639}},"FXS":{"USDC":{"volume":1626975.062733,"llc":1.039979050840599}},"LQTY":{"USDC":{"volume":2108395.712316,"llc":1.0279166099002324}},"CRV":{"USDC":{"volume":1621306.234364,"llc":1.0399832932589415}},"LDO":{"USDC":{"volume":1483461.677437,"llc":1.0399870285743824}},"SNX":{"USDC":{"volume":257449.369369,"llc":1.0398764898456125}},"wstETH":{"USDC":{"volume":65799052.084714,"llc":1.0399946687533446}},"3Crv":{"USDC":{"volume":223145219.070341,"llc":1.0399107767618916}},"steCRV":{"USDC":{"volume":103283329.16440451,"llc":1.039987191591535}},"FRAX3CRV-f":{"USDC":{"volume":604966475.4471648,"llc":1.0395716379621}},"LUSD3CRV-f":{"USDC":{"volume":265423220.2659525,"llc":1.0399107767618916}},"crvPlain3andSUSD":{"USDC":{"volume":73562889.11558892,"llc":1.039708535700316}},"gusd3CRV":{"USDC":{"volume":63172376.03725689,"llc":1.0398523707769645}},"crvFRAX":{"USDC":{"volume":384267072.675937,"llc":1.0395716379621}},"cvxsteCRV":{"USDC":{"volume":103283329.16440451,"llc":1.039987191591535}},"stkcvxsteCRV":{"USDC":{"volume":103283329.16440451,"llc":1.039987191591535}},"cvx3Crv":{"USDC":{"volume":223145219.070341,"llc":1.0399107767618916}},"stkcvx3Crv":{"USDC":{"volume":223145219.070341,"llc":1.0399107767618916}},"cvxFRAX3CRV-f":{"USDC":{"volume":604966475.4471648,"llc":1.0395716379621}},"stkcvxFRAX3CRV-f":{"USDC":{"volume":604966475.4471648,"llc":1.0395716379621}},"cvxLUSD3CRV-f":{"USDC":{"volume":265423220.2659525,"llc":1.0399107767618916}},"stkcvxLUSD3CRV-f":{"USDC":{"volume":265423220.2659525,"llc":1.0399107767618916}},"cvxcrvPlain3andSUSD":{"USDC":{"volume":73562889.11558892,"llc":1.039708535700316}},"stkcvxcrvPlain3andSUSD":{"USDC":{"volume":73562889.11558892,"llc":1.039708535700316}},"cvxgusd3CRV":{"USDC":{"volume":63172376.03725689,"llc":1.0398523707769645}},"stkcvxgusd3CRV":{"USDC":{"volume":63172376.03725689,"llc":1.0398523707769645}},"yvDAI":{"USDC":{"volume":2689937971.744998,"llc":1.0315561279539849}},"yvUSDC":{"USDC":{"volume":999999999999,"llc":1}},"yvWETH":{"USDC":{"volume":68382030.654677,"llc":1.0399953702916167}},"yvWBTC":{"USDC":{"volume":35511522.536455,"llc":1.0399917510991183}},"yvCurve-stETH":{"USDC":{"volume":103283329.16440451,"llc":1.039987191591535}},"yvCurve-FRAX":{"USDC":{"volume":604966475.4471648,"llc":1.0395716379621}},"cvxcrvFRAX":{"USDC":{"volume":384267072.675937,"llc":1.0395716379621}},"stkcvxcrvFRAX":{"USDC":{"volume":384267072.675937,"llc":1.0395716379621}}}