{"json_time":1674653424,"DAI":{"USDC":{"volume":2733583491.913158,"llc":1.0326774960798017}},"WETH":{"USDC":{"volume":76230250.091644,"llc":1.0399847930600237}},"stETH":{"USDC":{"volume":60631965.893406,"llc":1.039983067239972}},"WBTC":{"USDC":{"volume":37739413.721272,"llc":1.0399817928300528}},"USDT":{"USDC":{"volume":356278913.03242,"llc":1.0399255181616396}},"sUSD":{"USDC":{"volume":25917013.087869,"llc":1.0397617497522953}},"FRAX":{"USDC":{"volume":387252265.909031,"llc":1.0397805418462756}},"GUSD":{"USDC":{"volume":26441622.26317,"llc":1.0311755543886676}},"LUSD":{"USDC":{"volume":51262190.837683,"llc":1.0388129039914822}},"CVX":{"USDC":{"volume":927060.75785,"llc":1.0399822331048996}},"FXS":{"USDC":{"volume":1605038.480944,"llc":1.0398593810970314}},"LQTY":{"USDC":{"volume":28740.15722,"llc":1.039986030213985}},"CRV":{"USDC":{"volume":2550515.311135,"llc":1.0399900120552004}},"LDO":{"USDC":{"volume":1546033.0031679997,"llc":1.0399602265473158}},"SNX":{"USDC":{"volume":254914.865696,"llc":1.039971486942012}},"wstETH":{"USDC":{"volume":72425002.494972,"llc":1.0399960708054419}},"3Crv":{"USDC":{"volume":217055781.602068,"llc":1.039632889604773}},"steCRV":{"USDC":{"volume":116022672.19608796,"llc":1.039983067239972}},"FRAX3CRV-f":{"USDC":{"volume":595045130.5373449,"llc":1.039632889604773}},"LUSD3CRV-f":{"USDC":{"volume":249082475.97947955,"llc":1.039632889604773}},"crvPlain3andSUSD":{"USDC":{"volume":84190429.5579158,"llc":1.0397617497522953}},"gusd3CRV":{"USDC":{"volume":69725526.14360905,"llc":1.0311755543886676}},"crvFRAX":{"USDC":{"volume":387252265.909031,"llc":1.0397805418462756}},"cvxsteCRV":{"USDC":{"volume":116022672.19608796,"llc":1.039983067239972}},"stkcvxsteCRV":{"USDC":{"volume":116022672.19608796,"llc":1.039983067239972}},"cvx3Crv":{"USDC":{"volume":217055781.602068,"llc":1.039632889604773}},"stkcvx3Crv":{"USDC":{"volume":217055781.602068,"llc":1.039632889604773}},"cvxFRAX3CRV-f":{"USDC":{"volume":595045130.5373449,"llc":1.039632889604773}},"stkcvxFRAX3CRV-f":{"USDC":{"volume":595045130.5373449,"llc":1.039632889604773}},"cvxLUSD3CRV-f":{"USDC":{"volume":249082475.97947955,"llc":1.039632889604773}},"stkcvxLUSD3CRV-f":{"USDC":{"volume":249082475.97947955,"llc":1.039632889604773}},"cvxcrvPlain3andSUSD":{"USDC":{"volume":84190429.5579158,"llc":1.0397617497522953}},"stkcvxcrvPlain3andSUSD":{"USDC":{"volume":84190429.5579158,"llc":1.0397617497522953}},"cvxgusd3CRV":{"USDC":{"volume":69725526.14360905,"llc":1.0311755543886676}},"stkcvxgusd3CRV":{"USDC":{"volume":69725526.14360905,"llc":1.0311755543886676}},"yvDAI":{"USDC":{"volume":2733583491.913158,"llc":1.0326774960798017}},"yvUSDC":{"USDC":{"volume":999999999999,"llc":1}},"yvWETH":{"USDC":{"volume":76230250.091644,"llc":1.0399847930600237}},"yvWBTC":{"USDC":{"volume":37739413.721272,"llc":1.0399817928300528}},"yvCurve-stETH":{"USDC":{"volume":116022672.19608796,"llc":1.039983067239972}},"yvCurve-FRAX":{"USDC":{"volume":595045130.5373449,"llc":1.039632889604773}},"cvxcrvFRAX":{"USDC":{"volume":387252265.909031,"llc":1.0397805418462756}},"stkcvxcrvFRAX":{"USDC":{"volume":387252265.909031,"llc":1.0397805418462756}}}