{"json_time":1671708143,"DAI":{"USDC":{"volume":2791332985.695347,"llc":1.0332882464354323}},"WETH":{"USDC":{"volume":67020727.93178,"llc":1.0399833029478578}},"stETH":{"USDC":{"volume":47656137.951374,"llc":1.0399825218496992}},"WBTC":{"USDC":{"volume":28574209.631149,"llc":1.0392743516204814}},"USDT":{"USDC":{"volume":357098108.574361,"llc":1.0263121736649021}},"sUSD":{"USDC":{"volume":26065072.416679,"llc":1.0398787798432343}},"FRAX":{"USDC":{"volume":388420864.405161,"llc":1.039840126755188}},"GUSD":{"USDC":{"volume":13958986.898507,"llc":1.0399471140122838}},"LUSD":{"USDC":{"volume":56426281.377977,"llc":1.0396320071394975}},"CVX":{"USDC":{"volume":800794.916917,"llc":1.0384509992405062}},"FXS":{"USDC":{"volume":902681.632678,"llc":1.039975581460892}},"LQTY":{"USDC":{"volume":1450059.341039,"llc":1.019570310185582}},"CRV":{"USDC":{"volume":661751.891139,"llc":1.0399265537008806}},"LDO":{"USDC":{"volume":703130.150246,"llc":1.0399854016404697}},"SNX":{"USDC":{"volume":63164.427914,"llc":1.0399889752804161}},"wstETH":{"USDC":{"volume":59541989.191056,"llc":1.0399968982371766}},"3Crv":{"USDC":{"volume":218629901.44411,"llc":1.0394095205623555}},"steCRV":{"USDC":{"volume":77029780.86456023,"llc":1.0399825218496992}},"FRAX3CRV-f":{"USDC":{"volume":600566812.8686116,"llc":1.0394095205623555}},"LUSD3CRV-f":{"USDC":{"volume":246013539.51731148,"llc":1.0394095205623555}},"crvPlain3andSUSD":{"USDC":{"volume":95972787.1142989,"llc":1.0398787798432343}},"gusd3CRV":{"USDC":{"volume":31236121.03185204,"llc":1.0399471140122838}},"crvFRAX":{"USDC":{"volume":388420864.405161,"llc":1.039840126755188}},"cvxsteCRV":{"USDC":{"volume":77029780.86456023,"llc":1.0399825218496992}},"stkcvxsteCRV":{"USDC":{"volume":77029780.86456023,"llc":1.0399825218496992}},"cvx3Crv":{"USDC":{"volume":218629901.44411,"llc":1.0394095205623555}},"stkcvx3Crv":{"USDC":{"volume":218629901.44411,"llc":1.0394095205623555}},"cvxFRAX3CRV-f":{"USDC":{"volume":600566812.8686116,"llc":1.0394095205623555}},"stkcvxFRAX3CRV-f":{"USDC":{"volume":600566812.8686116,"llc":1.0394095205623555}},"cvxLUSD3CRV-f":{"USDC":{"volume":246013539.51731148,"llc":1.0394095205623555}},"stkcvxLUSD3CRV-f":{"USDC":{"volume":246013539.51731148,"llc":1.0394095205623555}},"cvxcrvPlain3andSUSD":{"USDC":{"volume":95972787.1142989,"llc":1.0398787798432343}},"stkcvxcrvPlain3andSUSD":{"USDC":{"volume":95972787.1142989,"llc":1.0398787798432343}},"cvxgusd3CRV":{"USDC":{"volume":31236121.03185204,"llc":1.0399471140122838}},"stkcvxgusd3CRV":{"USDC":{"volume":31236121.03185204,"llc":1.0399471140122838}},"yvDAI":{"USDC":{"volume":2791332985.695347,"llc":1.0332882464354323}},"yvUSDC":{"USDC":{"volume":999999999999,"llc":1}},"yvWETH":{"USDC":{"volume":67020727.93178,"llc":1.0399833029478578}},"yvWBTC":{"USDC":{"volume":28574209.631149,"llc":1.0392743516204814}},"yvCurve-stETH":{"USDC":{"volume":77029780.86456023,"llc":1.0399825218496992}},"yvCurve-FRAX":{"USDC":{"volume":600566812.8686116,"llc":1.0394095205623555}},"cvxcrvFRAX":{"USDC":{"volume":388420864.405161,"llc":1.039840126755188}},"stkcvxcrvFRAX":{"USDC":{"volume":388420864.405161,"llc":1.039840126755188}}}