{"json_time":1677762530,"DAI":{"USDC":{"volume":2348174384.97513,"llc":1.0399159232523325}},"WETH":{"USDC":{"volume":86923090.658851,"llc":1.0399968830840307}},"stETH":{"USDC":{"volume":68333335.978012,"llc":1.0399815006061575}},"WBTC":{"USDC":{"volume":39996299.86487,"llc":1.0399978419568425}},"USDT":{"USDC":{"volume":353819626.310825,"llc":1.0398470933982815}},"sUSD":{"USDC":{"volume":26092798.900444,"llc":1.0398882894952024}},"FRAX":{"USDC":{"volume":400905756.978593,"llc":1.039918939893298}},"GUSD":{"USDC":{"volume":32423025.341958,"llc":1.0292762825408277}},"LUSD":{"USDC":{"volume":26838029.64406,"llc":1.0394667476800201}},"CVX":{"USDC":{"volume":1084515.560921,"llc":1.0399724215190504}},"FXS":{"USDC":{"volume":2079496.662364,"llc":1.0399707851432631}},"LQTY":{"USDC":{"volume":87293.219767,"llc":1.0399825637699953}},"CRV":{"USDC":{"volume":1650155.96419,"llc":1.037691879174012}},"LDO":{"USDC":{"volume":2067520.6176390003,"llc":1.0399822823802731}},"SNX":{"USDC":{"volume":161967.922781,"llc":1.0399809694798652}},"wstETH":{"USDC":{"volume":81094063.086963,"llc":1.0399952341413063}},"3Crv":{"USDC":{"volume":192650580.507819,"llc":1.0399212336443366}},"steCRV":{"USDC":{"volume":135869608.30393028,"llc":1.0399815006061575}},"FRAX3CRV-f":{"USDC":{"volume":516994030.5766816,"llc":1.0399212336443366}},"LUSD3CRV-f":{"USDC":{"volume":87964354.74516743,"llc":1.0394667476800201}},"crvPlain3andSUSD":{"USDC":{"volume":100353643.66247167,"llc":1.0398882894952024}},"gusd3CRV":{"USDC":{"volume":56774938.060161024,"llc":1.0292762825408277}},"crvFRAX":{"USDC":{"volume":400905756.978593,"llc":1.039918939893298}},"cvxsteCRV":{"USDC":{"volume":135869608.30393028,"llc":1.0399815006061575}},"stkcvxsteCRV":{"USDC":{"volume":135869608.30393028,"llc":1.0399815006061575}},"cvx3Crv":{"USDC":{"volume":192650580.507819,"llc":1.0399212336443366}},"stkcvx3Crv":{"USDC":{"volume":192650580.507819,"llc":1.0399212336443366}},"cvxFRAX3CRV-f":{"USDC":{"volume":516994030.5766816,"llc":1.0399212336443366}},"stkcvxFRAX3CRV-f":{"USDC":{"volume":516994030.5766816,"llc":1.0399212336443366}},"cvxLUSD3CRV-f":{"USDC":{"volume":87964354.74516743,"llc":1.0394667476800201}},"stkcvxLUSD3CRV-f":{"USDC":{"volume":87964354.74516743,"llc":1.0394667476800201}},"cvxcrvPlain3andSUSD":{"USDC":{"volume":100353643.66247167,"llc":1.0398882894952024}},"stkcvxcrvPlain3andSUSD":{"USDC":{"volume":100353643.66247167,"llc":1.0398882894952024}},"cvxgusd3CRV":{"USDC":{"volume":56774938.060161024,"llc":1.0292762825408277}},"stkcvxgusd3CRV":{"USDC":{"volume":56774938.060161024,"llc":1.0292762825408277}},"yvDAI":{"USDC":{"volume":2348174384.97513,"llc":1.0399159232523325}},"yvUSDC":{"USDC":{"volume":999999999999,"llc":1}},"yvWETH":{"USDC":{"volume":86923090.658851,"llc":1.0399968830840307}},"yvWBTC":{"USDC":{"volume":39996299.86487,"llc":1.0399978419568425}},"yvCurve-stETH":{"USDC":{"volume":135869608.30393028,"llc":1.0399815006061575}},"yvCurve-FRAX":{"USDC":{"volume":516994030.5766816,"llc":1.0399212336443366}},"cvxcrvFRAX":{"USDC":{"volume":400905756.978593,"llc":1.039918939893298}},"stkcvxcrvFRAX":{"USDC":{"volume":400905756.978593,"llc":1.039918939893298}}}