{"json_time":1673616465,"DAI":{"USDC":{"volume":2633664882.05747,"llc":1.031121667243812}},"WETH":{"USDC":{"volume":77697729.837516,"llc":1.0399840768562025}},"stETH":{"USDC":{"volume":60327973.72984,"llc":1.0399741873890416}},"WBTC":{"USDC":{"volume":31797831.543951,"llc":1.039987504922224}},"USDT":{"USDC":{"volume":359508180.83824,"llc":1.0394952035126677}},"sUSD":{"USDC":{"volume":29476550.647492,"llc":1.0397340433415292}},"FRAX":{"USDC":{"volume":380560767.156269,"llc":1.0399974301467023}},"GUSD":{"USDC":{"volume":27206479.987118,"llc":1.0398414546794208}},"LUSD":{"USDC":{"volume":51965520.222014,"llc":1.0395334758536472}},"CVX":{"USDC":{"volume":924846.177561,"llc":1.0399311334603556}},"FXS":{"USDC":{"volume":1000681.0592220001,"llc":1.0399898457795094}},"LQTY":{"USDC":{"volume":22182.685137,"llc":1.0399770558068555}},"CRV":{"USDC":{"volume":2300429.034756,"llc":1.039795306292897}},"LDO":{"USDC":{"volume":1294683.340853,"llc":1.039996605799157}},"SNX":{"USDC":{"volume":164544.993007,"llc":1.0391158311688815}},"wstETH":{"USDC":{"volume":74397933.78272,"llc":1.0399871272476635}},"3Crv":{"USDC":{"volume":210481879.254409,"llc":1.0391850280513433}},"steCRV":{"USDC":{"volume":103841423.76282488,"llc":1.0399741873890416}},"FRAX3CRV-f":{"USDC":{"volume":549630315.6190223,"llc":1.0391850280513433}},"LUSD3CRV-f":{"USDC":{"volume":238660034.4756622,"llc":1.0391850280513433}},"crvPlain3andSUSD":{"USDC":{"volume":109003521.64571561,"llc":1.0397340433415292}},"gusd3CRV":{"USDC":{"volume":79045580.5287999,"llc":1.0398414546794208}},"crvFRAX":{"USDC":{"volume":380560767.156269,"llc":1.0399974301467023}},"cvxsteCRV":{"USDC":{"volume":103841423.76282488,"llc":1.0399741873890416}},"stkcvxsteCRV":{"USDC":{"volume":103841423.76282488,"llc":1.0399741873890416}},"cvx3Crv":{"USDC":{"volume":210481879.254409,"llc":1.0391850280513433}},"stkcvx3Crv":{"USDC":{"volume":210481879.254409,"llc":1.0391850280513433}},"cvxFRAX3CRV-f":{"USDC":{"volume":549630315.6190223,"llc":1.0391850280513433}},"stkcvxFRAX3CRV-f":{"USDC":{"volume":549630315.6190223,"llc":1.0391850280513433}},"cvxLUSD3CRV-f":{"USDC":{"volume":238660034.4756622,"llc":1.0391850280513433}},"stkcvxLUSD3CRV-f":{"USDC":{"volume":238660034.4756622,"llc":1.0391850280513433}},"cvxcrvPlain3andSUSD":{"USDC":{"volume":109003521.64571561,"llc":1.0397340433415292}},"stkcvxcrvPlain3andSUSD":{"USDC":{"volume":109003521.64571561,"llc":1.0397340433415292}},"cvxgusd3CRV":{"USDC":{"volume":79045580.5287999,"llc":1.0398414546794208}},"stkcvxgusd3CRV":{"USDC":{"volume":79045580.5287999,"llc":1.0398414546794208}},"yvDAI":{"USDC":{"volume":2633664882.05747,"llc":1.031121667243812}},"yvUSDC":{"USDC":{"volume":999999999999,"llc":1}},"yvWETH":{"USDC":{"volume":77697729.837516,"llc":1.0399840768562025}},"yvWBTC":{"USDC":{"volume":31797831.543951,"llc":1.039987504922224}},"yvCurve-stETH":{"USDC":{"volume":103841423.76282488,"llc":1.0399741873890416}},"yvCurve-FRAX":{"USDC":{"volume":549630315.6190223,"llc":1.0391850280513433}},"cvxcrvFRAX":{"USDC":{"volume":380560767.156269,"llc":1.0399974301467023}},"stkcvxcrvFRAX":{"USDC":{"volume":380560767.156269,"llc":1.0399974301467023}}}