{
  "json_time": 1668939120,
  "WBTC": {
    "USDC": {
      "volume": 24727044.966163,
      "llc": 1.0399892760985328
    }
  },
  "USDT": {
    "USDC": {
      "volume": 171647374.377736,
      "llc": 1.0278810980582465
    }
  },
  "WETH": {
    "USDC": {
      "volume": 54215463.55905199,
      "llc": 1.0399805140809737
    }
  },
  "sUSD": {
    "USDC": {
      "volume": 19896162.163373,
      "llc": 1.0398054971250748
    }
  },
  "GUSD": {
    "USDC": {
      "volume": 13832726.85078,
      "llc": 1.039623746571725
    }
  },
  "LUSD": {
    "USDC": {
      "volume": 59067962.038971,
      "llc": 1.0399917237431295
    }
  },
  "FRAX": {
    "USDC": {
      "volume": 272871731.93196,
      "llc": 1.0399648402347044
    }
  },
  "DAI": {
    "USDC": {
      "volume": 2765312583.318772,
      "llc": 1.0368211036745631
    }
  },
  "SNX": {
    "USDC": {
      "volume": 49424.069748,
      "llc": 1.039726635132969
    }
  },
  "LDO": {
    "USDC": {
      "volume": 1345716.3317250002,
      "llc": 1.0399801005528073
    }
  },
  "FXS": {
    "USDC": {
      "volume": 869347.525315,
      "llc": 1.0399834076117023
    }
  },
  "CVX": {
    "USDC": {
      "volume": 796209.06604,
      "llc": 1.0399947207062885
    }
  },
  "CRV": {
    "USDC": {
      "volume": 660680.644809,
      "llc": 1.0399645518881568
    }
  },
  "stETH": {
    "USDC": {
      "volume": 35374536.379241,
      "llc": 1.0399865713938703
    }
  },
  "3Crv": {
    "USDC": {
      "volume": 115499957.844088,
      "llc": 1.039814969208697
    }
  },
  "wstETH": {
    "USDC": {
      "volume": 46685713.265763,
      "llc": 1.0399979922052816
    }
  },
  "LQTY": {
    "USDC": {
      "volume": 21074.405855,
      "llc": 1.0393433228490028
    }
  },
  "yvUSDC": {
    "USDC": {
      "volume": 999999999999,
      "llc": 1
    }
  },
  "yvDAI": {
    "USDC": {
      "volume": 2765312583.318772,
      "llc": 1.0368211036745631
    }
  },
  "yvWETH": {
    "USDC": {
      "volume": 54215463.55905199,
      "llc": 1.0399805140809737
    }
  },
  "yvWBTC": {
    "USDC": {
      "volume": 24727044.966163,
      "llc": 1.0399892760985328
    }
  },
  "stkcvx3Crv": {
    "USDC": {
      "volume": 115499957.844088,
      "llc": 1.039814969208697
    }
  },
  "cvx3Crv": {
    "USDC": {
      "volume": 115499957.844088,
      "llc": 1.039814969208697
    }
  },
  "steCRV": {
    "USDC": {
      "volume": 56321625.10777038,
      "llc": 1.0399865713938703
    }
  },
  "cvxsteCRV": {
    "USDC": {
      "volume": 56321625.10777038,
      "llc": 1.0399865713938703
    }
  },
  "stkcvxsteCRV": {
    "USDC": {
      "volume": 56321625.10777038,
      "llc": 1.0399865713938703
    }
  },
  "yvCurve-stETH": {
    "USDC": {
      "volume": 56321625.10777038,
      "llc": 1.0399865713938703
    }
  },
  "FRAX3CRV-f": {
    "USDC": {
      "volume": 278324790.8682086,
      "llc": 1.039814969208697
    }
  },
  "cvxFRAX3CRV-f": {
    "USDC": {
      "volume": 278324790.8682086,
      "llc": 1.039814969208697
    }
  },
  "stkcvxFRAX3CRV-f": {
    "USDC": {
      "volume": 278324790.8682086,
      "llc": 1.039814969208697
    }
  },
  "yvCurve-FRAX": {
    "USDC": {
      "volume": 278324790.8682086,
      "llc": 1.039814969208697
    }
  },
  "LUSD3CRV-f": {
    "USDC": {
      "volume": 125620052.58749035,
      "llc": 1.039814969208697
    }
  },
  "cvxLUSD3CRV-f": {
    "USDC": {
      "volume": 125620052.58749035,
      "llc": 1.039814969208697
    }
  },
  "stkcvxLUSD3CRV-f": {
    "USDC": {
      "volume": 125620052.58749035,
      "llc": 1.039814969208697
    }
  },
  "crvPlain3andSUSD": {
    "USDC": {
      "volume": 106195512.65303206,
      "llc": 1.0398054971250748
    }
  },
  "cvxcrvPlain3andSUSD": {
    "USDC": {
      "volume": 106195512.65303206,
      "llc": 1.0398054971250748
    }
  },
  "stkcvxcrvPlain3andSUSD": {
    "USDC": {
      "volume": 106195512.65303206,
      "llc": 1.0398054971250748
    }
  },
  "gusd3CRV": {
    "USDC": {
      "volume": 31000640.01736784,
      "llc": 1.039623746571725
    }
  },
  "cvxgusd3CRV": {
    "USDC": {
      "volume": 31000640.01736784,
      "llc": 1.039623746571725
    }
  },
  "stkcvxgusd3CRV": {
    "USDC": {
      "volume": 31000640.01736784,
      "llc": 1.039623746571725
    }
  },
  "crvFRAX": {
    "USDC": {
      "volume": 370942754.5121077,
      "llc": 1.0399648402347044
    }
  },
  "cvxcrvFRAX": {
    "USDC": {
      "volume": 370942754.5121077,
      "llc": 1.0399648402347044
    }
  },
  "stkcvxcrvFRAX": {
    "USDC": {
      "volume": 370942754.5121077,
      "llc": 1.0399648402347044
    }
  }
}