{"json_time":1678112815,"DAI":{"USDC":{"volume":2374057003.152286,"llc":1.0267102907705172}},"WETH":{"USDC":{"volume":81449297.062724,"llc":1.0399921525463975}},"stETH":{"USDC":{"volume":63913304.638427,"llc":1.0399578374772354}},"WBTC":{"USDC":{"volume":40158341.604053,"llc":1.0399914380651507}},"USDT":{"USDC":{"volume":323939757.338101,"llc":1.0399931393323547}},"sUSD":{"USDC":{"volume":26308300.479518,"llc":1.0396038213270924}},"FRAX":{"USDC":{"volume":392275632.901274,"llc":1.0394589764944313}},"GUSD":{"USDC":{"volume":37679095.165746,"llc":1.0273911407380059}},"LUSD":{"USDC":{"volume":30546366.487801,"llc":1.0398904677366656}},"CVX":{"USDC":{"volume":1838004.135946,"llc":1.0399342285435282}},"FXS":{"USDC":{"volume":1714810.518761,"llc":1.0399831471311183}},"LQTY":{"USDC":{"volume":118854.733158,"llc":1.0399430608072608}},"CRV":{"USDC":{"volume":4776827.418045,"llc":1.038132815794326}},"LDO":{"USDC":{"volume":4060297.2511190004,"llc":1.0399298413583884}},"SNX":{"USDC":{"volume":168707.464041,"llc":1.0398721055915114}},"wstETH":{"USDC":{"volume":76040785.1476,"llc":1.039978094483088}},"3Crv":{"USDC":{"volume":203780170.510062,"llc":1.0397131100235777}},"steCRV":{"USDC":{"volume":127019730.66902655,"llc":1.0399578374772354}},"FRAX3CRV-f":{"USDC":{"volume":538501098.9225285,"llc":1.0397131100235777}},"LUSD3CRV-f":{"USDC":{"volume":139568412.755726,"llc":1.0398904677366656}},"crvPlain3andSUSD":{"USDC":{"volume":107165460.04792292,"llc":1.0396038213270924}},"gusd3CRV":{"USDC":{"volume":64465704.41535122,"llc":1.0273911407380059}},"crvFRAX":{"USDC":{"volume":392275632.901274,"llc":1.0394589764944313}},"cvxsteCRV":{"USDC":{"volume":127019730.66902655,"llc":1.0399578374772354}},"stkcvxsteCRV":{"USDC":{"volume":127019730.66902655,"llc":1.0399578374772354}},"cvx3Crv":{"USDC":{"volume":203780170.510062,"llc":1.0397131100235777}},"stkcvx3Crv":{"USDC":{"volume":203780170.510062,"llc":1.0397131100235777}},"cvxFRAX3CRV-f":{"USDC":{"volume":538501098.9225285,"llc":1.0397131100235777}},"stkcvxFRAX3CRV-f":{"USDC":{"volume":538501098.9225285,"llc":1.0397131100235777}},"cvxLUSD3CRV-f":{"USDC":{"volume":139568412.755726,"llc":1.0398904677366656}},"stkcvxLUSD3CRV-f":{"USDC":{"volume":139568412.755726,"llc":1.0398904677366656}},"cvxcrvPlain3andSUSD":{"USDC":{"volume":107165460.04792292,"llc":1.0396038213270924}},"stkcvxcrvPlain3andSUSD":{"USDC":{"volume":107165460.04792292,"llc":1.0396038213270924}},"cvxgusd3CRV":{"USDC":{"volume":64465704.41535122,"llc":1.0273911407380059}},"stkcvxgusd3CRV":{"USDC":{"volume":64465704.41535122,"llc":1.0273911407380059}},"yvDAI":{"USDC":{"volume":2374057003.152286,"llc":1.0267102907705172}},"yvUSDC":{"USDC":{"volume":999999999999,"llc":1}},"yvWETH":{"USDC":{"volume":81449297.062724,"llc":1.0399921525463975}},"yvWBTC":{"USDC":{"volume":40158341.604053,"llc":1.0399914380651507}},"yvCurve-stETH":{"USDC":{"volume":127019730.66902655,"llc":1.0399578374772354}},"yvCurve-FRAX":{"USDC":{"volume":538501098.9225285,"llc":1.0397131100235777}},"cvxcrvFRAX":{"USDC":{"volume":392275632.901274,"llc":1.0394589764944313}},"stkcvxcrvFRAX":{"USDC":{"volume":392275632.901274,"llc":1.0394589764944313}}}