{"json_time": 1693034947, "glp_data": {"liquidTreasury": 321693829.99288625, "treasuryUtilization": 0.17705402917535823, "liquidStableTreasury": 140927676.74091762, "stableTreasuryUtilization": 0.055645514614466, "liquidSolidAssetTreasury": 155392316.57626683, "solidTreasuryUtilization": 0.2761180668826689}}