{"json_time": 1693034947, "VST": {"oracle": 1.000772195111377, "cex_price": 1, "dex_price": 1}, "ETH": {"oracle": 1652.440488, "cex_price": 1653.3850000000002, "dex_price": 1652.1487864268465}, "gOHM": {"oracle": 2875.1127779078824, "cex_price": "NaN", "dex_price": 2917.843989864122}, "GMX": {"oracle": 36.98078802039894, "cex_price": "NaN", "dex_price": 37.34687172836914}, "DPX": {"oracle": 73.49440934, "cex_price": "NaN", "dex_price": 73.65802305706097}, "sGLP": {"oracle": 0.9422294604697153, "cex_price": "NaN", "dex_price": "NaN"}}