{"json_time": 1693034947, "stabilityPoolVstBalance": {"ETH": 48043.95397908678, "gOHM": 70439.6763744276, "GMX": 81755.68262755126, "DPX": 0.0, "sGLP": 375.6025782116712}, "stabilityPoolGemBalance": {"ETH": 17257.43811974681, "gOHM": 11261.033025824325, "GMX": 13501.492731557973, "DPX": 7509.897428868814, "sGLP": 0.0}, "bprotocolBalance": {"ETH": 4882.200763229708, "gOHM": 41738.03097788836, "DPX": 0.0, "GMX": 74529.59741330822, "sGLP": 0.0}, "bprotocolGemBalance": {"ETH": 0.015563441164030752, "gOHM": 0.0, "DPX": 0.11910192561432548, "GMX": 5.3140182006197065, "sGLP": 0.0}}