{"json_time": 1693034947, "ETH": {"VST": {"volume": 60444340.893268585, "llc": 1.1}}, "gOHM": {"VST": {"volume": 204609.26294326782, "llc": 1.15}}, "GMX": {"VST": {"volume": 5168479.115962982, "llc": 1.15}}, "DPX": {"VST": {"volume": 258968.64461898804, "llc": 1.15}}, "sGLP": {"VST": {"volume": 59115873.898983, "llc": 1.1}}}