{"auUSDC": {"auETH": {"volume": 20550.30393600464, "llc": 1.1}, "auWBTC": {"volume": 11967.243671417236, "llc": 1.1}, "auUSDT": {"volume": 2354189.022541046, "llc": 1.1}, "auWNEAR": {"volume": 79678.05242538452, "llc": 1.1}, "auSTNEAR": {"volume": 64130.02035094, "llc": 1.1}}, "auETH": {"auUSDC": {"volume": 20550.30393600464, "llc": 1.1}, "auWBTC": {"volume": 11967.243671417236, "llc": 1.1}, "auUSDT": {"volume": 19596.630573272705, "llc": 1.1}, "auWNEAR": {"volume": 33901.73101425171, "llc": 1.1}, "auSTNEAR": {"volume": 33901.73101425171, "llc": 1.1}}, "auWBTC": {"auUSDC": {"volume": 11967.243671417236, "llc": 1.1}, "auETH": {"volume": 11967.243671417236, "llc": 1.1}, "auUSDT": {"volume": 11013.570308685303, "llc": 1.1}, "auWNEAR": {"volume": 14828.263759613037, "llc": 1.1}, "auSTNEAR": {"volume": 14828.263759613037, "llc": 1.1}}, "auUSDT": {"auUSDC": {"volume": 2337976.5753746033, "llc": 1.1}, "auETH": {"volume": 18642.95721054077, "llc": 1.1}, "auWBTC": {"volume": 10059.89694595337, "llc": 1.1}, "auWNEAR": {"volume": 79678.05242538452, "llc": 1.1}, "auSTNEAR": {"volume": 64130.02035094, "llc": 1.1}}, "auWNEAR": {"auUSDC": {"volume": 80631.72578811646, "llc": 1.1}, "auETH": {"volume": 33901.73101425171, "llc": 1.1}, "auWBTC": {"volume": 14828.263759613037, "llc": 1.1}, "auUSDT": {"volume": 80631.72578811646, "llc": 1.1}, "auSTNEAR": {"volume": 64130.02035094, "llc": 1.1}}, "auSTNEAR": {"auUSDC": {"volume": 63465.60525894165, "llc": 1.1}, "auETH": {"volume": 43438.464641571045, "llc": 1.1}, "auWBTC": {"volume": 18642.95721054077, "llc": 1.1}, "auUSDT": {"volume": 63465.60525894165, "llc": 1.1}, "auWNEAR": {"volume": 79678.05242538452, "llc": 1.1}}, "json_time": 1671290114}