{"json_time": 1681317255, "stabilityPoolVstBalance": {"ETH": 220217.61614439695, "gOHM": 92137.64705382576, "GMX": 38463.64077051057, "DPX": 28328.280939520242, "sGLP": 58.388008774955914}, "stabilityPoolGemBalance": {"ETH": 25119.067088267966, "gOHM": 12074.134397189304, "GMX": 6259.19175103231, "DPX": 6549.788803578091, "sGLP": 0.0}, "bprotocolBalance": {"ETH": 107600.52876608004, "gOHM": 23259.53402026072, "DPX": 5521.679473045907, "GMX": 230.1401755584187, "sGLP": 0.0}, "bprotocolGemBalance": {"ETH": 0.011601251790207033, "gOHM": 0.0, "DPX": 0.5649622077053011, "GMX": 0.0974478373161398, "sGLP": 0.0}}