{"json_time":1672572288,"DAI":{"USDC":{"volume":2578717627.366086,"llc":1.0325675580059086}},"WETH":{"USDC":{"volume":67179874.543456,"llc":1.0399720788584346}},"stETH":{"USDC":{"volume":48226465.98379,"llc":1.0399565797296737}},"WBTC":{"USDC":{"volume":27075930.257321,"llc":1.0399729278571685}},"USDT":{"USDC":{"volume":244342429.142054,"llc":1.026338564290444}},"sUSD":{"USDC":{"volume":24582605.820083,"llc":1.0398003489956822}},"FRAX":{"USDC":{"volume":346226518.565167,"llc":1.0395924347234073}},"GUSD":{"USDC":{"volume":15159629.652813,"llc":1.039339361109461}},"LUSD":{"USDC":{"volume":56094858.441934,"llc":1.0397820511887037}},"CVX":{"USDC":{"volume":3207186.308575,"llc":1.039990779949333}},"FXS":{"USDC":{"volume":779029.519096,"llc":1.0399824075227952}},"LQTY":{"USDC":{"volume":1256201.06457,"llc":1.014480068860617}},"CRV":{"USDC":{"volume":1190644.375774,"llc":1.0399835208352988}},"LDO":{"USDC":{"volume":929321.515788,"llc":1.039990293650347}},"SNX":{"USDC":{"volume":104264.339647,"llc":1.0399798895280035}},"wstETH":{"USDC":{"volume":60509343.783855,"llc":1.039987319413155}},"3Crv":{"USDC":{"volume":147962378.544458,"llc":1.0397511252352345}},"steCRV":{"USDC":{"volume":75740317.71961366,"llc":1.0399565797296737}},"FRAX3CRV-f":{"USDC":{"volume":412728266.0658587,"llc":1.0397511252352345}},"LUSD3CRV-f":{"USDC":{"volume":165025737.4132972,"llc":1.0397511252352345}},"crvPlain3andSUSD":{"USDC":{"volume":98866800.11754754,"llc":1.0398003489956822}},"gusd3CRV":{"USDC":{"volume":41767407.91889796,"llc":1.039339361109461}},"crvFRAX":{"USDC":{"volume":346226518.565167,"llc":1.0395924347234073}},"cvxsteCRV":{"USDC":{"volume":75740317.71961366,"llc":1.0399565797296737}},"stkcvxsteCRV":{"USDC":{"volume":75740317.71961366,"llc":1.0399565797296737}},"cvx3Crv":{"USDC":{"volume":147962378.544458,"llc":1.0397511252352345}},"stkcvx3Crv":{"USDC":{"volume":147962378.544458,"llc":1.0397511252352345}},"cvxFRAX3CRV-f":{"USDC":{"volume":412728266.0658587,"llc":1.0397511252352345}},"stkcvxFRAX3CRV-f":{"USDC":{"volume":412728266.0658587,"llc":1.0397511252352345}},"cvxLUSD3CRV-f":{"USDC":{"volume":165025737.4132972,"llc":1.0397511252352345}},"stkcvxLUSD3CRV-f":{"USDC":{"volume":165025737.4132972,"llc":1.0397511252352345}},"cvxcrvPlain3andSUSD":{"USDC":{"volume":98866800.11754754,"llc":1.0398003489956822}},"stkcvxcrvPlain3andSUSD":{"USDC":{"volume":98866800.11754754,"llc":1.0398003489956822}},"cvxgusd3CRV":{"USDC":{"volume":41767407.91889796,"llc":1.039339361109461}},"stkcvxgusd3CRV":{"USDC":{"volume":41767407.91889796,"llc":1.039339361109461}},"yvDAI":{"USDC":{"volume":2578717627.366086,"llc":1.0325675580059086}},"yvUSDC":{"USDC":{"volume":999999999999,"llc":1}},"yvWETH":{"USDC":{"volume":67179874.543456,"llc":1.0399720788584346}},"yvWBTC":{"USDC":{"volume":27075930.257321,"llc":1.0399729278571685}},"yvCurve-stETH":{"USDC":{"volume":75740317.71961366,"llc":1.0399565797296737}},"yvCurve-FRAX":{"USDC":{"volume":412728266.0658587,"llc":1.0397511252352345}},"cvxcrvFRAX":{"USDC":{"volume":346226518.565167,"llc":1.0395924347234073}},"stkcvxcrvFRAX":{"USDC":{"volume":346226518.565167,"llc":1.0395924347234073}}}