{"USDC": {"WXDAI": {"volume": 3688378.0570030212, "llc": 1.05}, "LINK": {"volume": 2430.5100440979004, "llc": 1.05}, "GNO": {"volume": 24364.997386932373, "llc": 1.05}, "WBTC": {"volume": 16735.610485076904, "llc": 1.05}, "WETH": {"volume": 120702.9447271877, "llc": 1.05}, "FOX": {"volume": 3384.183406829834, "llc": 1.05}, "USDT": {"volume": 2849145.4977989197, "llc": 1.05}, "EURe": {"volume": 1572176.8651008606, "llc": 1.05}, "wstETH": {"volume": 103519.88649368286, "llc": 1.05}, "sDAI": {"volume": 3688378.0570030212, "llc": 1.05}}, "WXDAI": {"USDC": {"volume": 3342194.6263313293, "llc": 1.05}, "LINK": {"volume": 2430.5100440979004, "llc": 1.05}, "GNO": {"volume": 103519.88649368286, "llc": 1.05}, "WBTC": {"volume": 16735.610485076904, "llc": 1.05}, "WETH": {"volume": 128515.625, "llc": 1.05}, "FOX": {"volume": 3384.183406829834, "llc": 1.05}, "USDT": {"volume": 2569719.202518463, "llc": 1.05}, "EURe": {"volume": 1378581.172466278, "llc": 1.05}, "wstETH": {"volume": 103519.88649368286, "llc": 1.05}, "sDAI": {"volume": 100000000, "llc": 1}}, "LINK": {"USDC": {"volume": 5291.530132293701, "llc": 1.2}, "WXDAI": {"volume": 5291.530132293701, "llc": 1.2}, "GNO": {"volume": 5291.530132293701, "llc": 1.2}, "WBTC": {"volume": 4337.856769561768, "llc": 1.2}, "WETH": {"volume": 4337.856769561768, "llc": 1.2}, "FOX": {"volume": 4337.856769561768, "llc": 1.2}, "USDT": {"volume": 5291.530132293701, "llc": 1.2}, "EURe": {"volume": 5291.530132293701, "llc": 1.2}, "wstETH": {"volume": 4337.856769561768, "llc": 1.2}, "sDAI": {"volume": 5291.530132293701, "llc": 1.2}}, "GNO": {"USDC": {"volume": 49160.50481796265, "llc": 1.1}, "WXDAI": {"volume": 207470.28303146362, "llc": 1.1}, "LINK": {"volume": 2430.5100440979004, "llc": 1.1}, "WBTC": {"volume": 18642.95721054077, "llc": 1.1}, "WETH": {"volume": 191257.83586502075, "llc": 1.1}, "FOX": {"volume": 5291.530132293701, "llc": 1.1}, "USDT": {"volume": 49160.50481796265, "llc": 1.1}, "EURe": {"volume": 45345.81136703491, "llc": 1.1}, "wstETH": {"volume": 1025722.0282554626, "llc": 1.1}, "sDAI": {"volume": 207470.28303146362, "llc": 1.1}}, "WBTC": {"USDC": {"volume": 31040.71092605591, "llc": 1.1}, "WXDAI": {"volume": 32948.057651519775, "llc": 1.1}, "LINK": {"volume": 2430.5100440979004, "llc": 1.1}, "GNO": {"volume": 34855.40437698364, "llc": 1.1}, "WETH": {"volume": 43438.464641571045, "llc": 1.1}, "FOX": {"volume": 5291.530132293701, "llc": 1.1}, "USDT": {"volume": 25318.670749664307, "llc": 1.1}, "EURe": {"volume": 25318.670749664307, "llc": 1.1}, "wstETH": {"volume": 43438.464641571045, "llc": 1.1}, "sDAI": {"volume": 32948.057651519775, "llc": 1.1}}, "WETH": {"USDC": {"volume": 114808.1781253219, "llc": 1.05}, "WXDAI": {"volume": 114024.50455450059, "llc": 1.05}, "LINK": {"volume": 1476.8366813659668, "llc": 1.05}, "GNO": {"volume": 95890.49959182739, "llc": 1.05}, "WBTC": {"volume": 21503.977298736572, "llc": 1.05}, "FOX": {"volume": 3384.183406829834, "llc": 1.05}, "USDT": {"volume": 114808.1781253219, "llc": 1.05}, "EURe": {"volume": 12920.91703414917, "llc": 1.05}, "wstETH": {"volume": 5069297.086238861, "llc": 1.05}, "sDAI": {"volume": 114024.50455450059, "llc": 1.05}}, "FOX": {"USDC": {"volume": 6245.203495025635, "llc": 1.1}, "WXDAI": {"volume": 6245.203495025635, "llc": 1.1}, "LINK": {"volume": 2430.5100440979004, "llc": 1.1}, "GNO": {"volume": 5291.530132293701, "llc": 1.1}, "WBTC": {"volume": 5291.530132293701, "llc": 1.1}, "WETH": {"volume": 5291.530132293701, "llc": 1.1}, "USDT": {"volume": 6245.203495025635, "llc": 1.1}, "EURe": {"volume": 5291.530132293701, "llc": 1.1}, "wstETH": {"volume": 3384.183406829834, "llc": 1.1}, "sDAI": {"volume": 6245.203495025635, "llc": 1.1}}, "USDT": {"USDC": {"volume": 3669304.5897483826, "llc": 1.05}, "WXDAI": {"volume": 3627342.9617881775, "llc": 1.05}, "LINK": {"volume": 2430.5100440979004, "llc": 1.05}, "GNO": {"volume": 24364.997386932373, "llc": 1.05}, "WBTC": {"volume": 16735.610485076904, "llc": 1.05}, "WETH": {"volume": 120702.90408129538, "llc": 1.05}, "FOX": {"volume": 3384.183406829834, "llc": 1.05}, "EURe": {"volume": 1574084.2118263245, "llc": 1.05}, "wstETH": {"volume": 103519.88649368286, "llc": 1.05}, "sDAI": {"volume": 3627342.9617881775, "llc": 1.05}}, "EURe": {"USDC": {"volume": 1577898.9052772522, "llc": 1.15}, "WXDAI": {"volume": 1859232.5472831726, "llc": 1.15}, "LINK": {"volume": 3384.183406829834, "llc": 1.15}, "GNO": {"volume": 67280.29870986938, "llc": 1.15}, "WBTC": {"volume": 37716.42446517944, "llc": 1.15}, "WETH": {"volume": 35809.077739715576, "llc": 1.15}, "FOX": {"volume": 7198.876857757568, "llc": 1.15}, "USDT": {"volume": 1301333.6300849915, "llc": 1.15}, "wstETH": {"volume": 265644.3581581116, "llc": 1.15}, "sDAI": {"volume": 1859232.5472831726, "llc": 1.15}}, "wstETH": {"USDC": {"volume": 207470.28303146362, "llc": 1.1}, "WXDAI": {"volume": 217007.01665878296, "llc": 1.1}, "LINK": {"volume": 2430.5100440979004, "llc": 1.1}, "GNO": {"volume": 1019999.988079071, "llc": 1.1}, "WBTC": {"volume": 43438.464641571045, "llc": 1.1}, "WETH": {"volume": 5198013.799880052, "llc": 1.1}, "FOX": {"volume": 5291.530132293701, "llc": 1.1}, "USDT": {"volume": 207470.28303146362, "llc": 1.1}, "EURe": {"volume": 205562.93630599976, "llc": 1.1}, "sDAI": {"volume": 217007.01665878296, "llc": 1.1}}, "json_time": 1698594340, "sDAI": {"WXDAI": {"volume": 100000000, "llc": 1}, "USDC": {"volume": 3342194.6263313293, "llc": 1.05}, "LINK": {"volume": 2430.5100440979004, "llc": 1.05}, "GNO": {"volume": 103519.88649368286, "llc": 1.05}, "WBTC": {"volume": 16735.610485076904, "llc": 1.05}, "WETH": {"volume": 128515.625, "llc": 1.05}, "FOX": {"volume": 3384.183406829834, "llc": 1.05}, "USDT": {"volume": 2569719.202518463, "llc": 1.05}, "EURe": {"volume": 1378581.172466278, "llc": 1.05}, "wstETH": {"volume": 103519.88649368286, "llc": 1.05}}}