{"USDC": {"WXDAI": {"volume": 3111405.6725502014, "llc": 1.05}, "LINK": {"volume": 1476.8366813659668, "llc": 1.05}, "GNO": {"volume": 23411.32402420044, "llc": 1.05}, "WBTC": {"volume": 14828.263759613037, "llc": 1.05}, "WETH": {"volume": 109766.08371531763, "llc": 1.05}, "FOX": {"volume": 3384.183406829834, "llc": 1.05}, "USDT": {"volume": 2312227.394580841, "llc": 1.05}, "EURe": {"volume": 1931711.7228507996, "llc": 1.05}, "wstETH": {"volume": 97797.84631729126, "llc": 1.05}, "sDAI": {"volume": 3111405.6725502014, "llc": 1.05}}, "WXDAI": {"USDC": {"volume": 3041787.5170707703, "llc": 1.05}, "LINK": {"volume": 1476.8366813659668, "llc": 1.05}, "GNO": {"volume": 89214.78605270386, "llc": 1.05}, "WBTC": {"volume": 15781.93712234497, "llc": 1.05}, "WETH": {"volume": 116796.875, "llc": 1.05}, "FOX": {"volume": 3384.183406829834, "llc": 1.05}, "USDT": {"volume": 2312227.394580841, "llc": 1.05}, "EURe": {"volume": 1931711.7228507996, "llc": 1.05}, "wstETH": {"volume": 97797.84631729126, "llc": 1.05}, "sDAI": {"volume": 100000000, "llc": 1}}, "LINK": {"USDC": {"volume": 4337.856769561768, "llc": 1.2}, "WXDAI": {"volume": 4337.856769561768, "llc": 1.2}, "GNO": {"volume": 4337.856769561768, "llc": 1.2}, "WBTC": {"volume": 4337.856769561768, "llc": 1.2}, "WETH": {"volume": 4337.856769561768, "llc": 1.2}, "FOX": {"volume": 3384.183406829834, "llc": 1.2}, "USDT": {"volume": 4337.856769561768, "llc": 1.2}, "EURe": {"volume": 3384.183406829834, "llc": 1.2}, "wstETH": {"volume": 4337.856769561768, "llc": 1.2}, "sDAI": {"volume": 4337.856769561768, "llc": 1.2}}, "GNO": {"USDC": {"volume": 46299.484729766846, "llc": 1.1}, "WXDAI": {"volume": 54882.54499435425, "llc": 1.1}, "LINK": {"volume": 2430.5100440979004, "llc": 1.1}, "WBTC": {"volume": 48206.83145523071, "llc": 1.1}, "WETH": {"volume": 177906.40878677368, "llc": 1.1}, "FOX": {"volume": 5291.530132293701, "llc": 1.1}, "USDT": {"volume": 43438.464641571045, "llc": 1.1}, "EURe": {"volume": 43438.464641571045, "llc": 1.1}, "wstETH": {"volume": 503109.02547836304, "llc": 1.1}, "sDAI": {"volume": 54882.54499435425, "llc": 1.1}}, "WBTC": {"USDC": {"volume": 27226.017475128174, "llc": 1.1}, "WXDAI": {"volume": 31040.71092605591, "llc": 1.1}, "LINK": {"volume": 2430.5100440979004, "llc": 1.1}, "GNO": {"volume": 56789.891719818115, "llc": 1.1}, "WETH": {"volume": 82539.07251358032, "llc": 1.1}, "FOX": {"volume": 4337.856769561768, "llc": 1.1}, "USDT": {"volume": 20550.30393600464, "llc": 1.1}, "EURe": {"volume": 19596.630573272705, "llc": 1.1}, "wstETH": {"volume": 82539.07251358032, "llc": 1.1}, "sDAI": {"volume": 31040.71092605591, "llc": 1.1}}, "WETH": {"USDC": {"volume": 107531.14461286875, "llc": 1.05}, "WXDAI": {"volume": 106749.09992477516, "llc": 1.05}, "LINK": {"volume": 1476.8366813659668, "llc": 1.05}, "GNO": {"volume": 90168.45941543579, "llc": 1.05}, "WBTC": {"volume": 41531.11791610718, "llc": 1.05}, "FOX": {"volume": 2430.5100440979004, "llc": 1.05}, "USDT": {"volume": 106749.09992477516, "llc": 1.05}, "EURe": {"volume": 11967.243671417236, "llc": 1.05}, "wstETH": {"volume": 4654449.17345047, "llc": 1.05}, "sDAI": {"volume": 106749.09992477516, "llc": 1.05}}, "FOX": {"USDC": {"volume": 5291.530132293701, "llc": 1.1}, "WXDAI": {"volume": 5291.530132293701, "llc": 1.1}, "LINK": {"volume": 2430.5100440979004, "llc": 1.1}, "GNO": {"volume": 5291.530132293701, "llc": 1.1}, "WBTC": {"volume": 4337.856769561768, "llc": 1.1}, "WETH": {"volume": 4337.856769561768, "llc": 1.1}, "USDT": {"volume": 5291.530132293701, "llc": 1.1}, "EURe": {"volume": 5291.530132293701, "llc": 1.1}, "wstETH": {"volume": 5291.530132293701, "llc": 1.1}, "sDAI": {"volume": 5291.530132293701, "llc": 1.1}}, "USDT": {"USDC": {"volume": 2982659.7685813904, "llc": 1.05}, "WXDAI": {"volume": 3051324.2506980896, "llc": 1.05}, "LINK": {"volume": 1476.8366813659668, "llc": 1.05}, "GNO": {"volume": 23411.32402420044, "llc": 1.05}, "WBTC": {"volume": 14828.263759613037, "llc": 1.05}, "WETH": {"volume": 110546.414273529, "llc": 1.05}, "FOX": {"volume": 3384.183406829834, "llc": 1.05}, "EURe": {"volume": 1929804.3761253357, "llc": 1.05}, "wstETH": {"volume": 97797.84631729126, "llc": 1.05}, "sDAI": {"volume": 3051324.2506980896, "llc": 1.05}}, "EURe": {"USDC": {"volume": 2222582.0984840393, "llc": 1.15}, "WXDAI": {"volume": 2221628.4251213074, "llc": 1.15}, "LINK": {"volume": 3384.183406829834, "llc": 1.15}, "GNO": {"volume": 53928.871631622314, "llc": 1.15}, "WBTC": {"volume": 43438.464641571045, "llc": 1.15}, "WETH": {"volume": 48206.83145523071, "llc": 1.15}, "FOX": {"volume": 7198.876857757568, "llc": 1.15}, "USDT": {"volume": 2215906.384944916, "llc": 1.15}, "wstETH": {"volume": 271366.3983345032, "llc": 1.15}, "sDAI": {"volume": 2221628.4251213074, "llc": 1.15}}, "wstETH": {"USDC": {"volume": 195072.5293159485, "llc": 1.1}, "WXDAI": {"volume": 200794.5694923401, "llc": 1.1}, "LINK": {"volume": 2430.5100440979004, "llc": 1.1}, "GNO": {"volume": 492618.61848831177, "llc": 1.1}, "WBTC": {"volume": 81585.39915084839, "llc": 1.1}, "WETH": {"volume": 5120793.439820474, "llc": 1.1}, "FOX": {"volume": 5291.530132293701, "llc": 1.1}, "USDT": {"volume": 195072.5293159485, "llc": 1.1}, "EURe": {"volume": 194118.85595321655, "llc": 1.1}, "sDAI": {"volume": 200794.5694923401, "llc": 1.1}}, "json_time": 1697533550, "sDAI": {"WXDAI": {"volume": 100000000, "llc": 1}, "USDC": {"volume": 3041787.5170707703, "llc": 1.05}, "LINK": {"volume": 1476.8366813659668, "llc": 1.05}, "GNO": {"volume": 89214.78605270386, "llc": 1.05}, "WBTC": {"volume": 15781.93712234497, "llc": 1.05}, "WETH": {"volume": 116796.875, "llc": 1.05}, "FOX": {"volume": 3384.183406829834, "llc": 1.05}, "USDT": {"volume": 2312227.394580841, "llc": 1.05}, "EURe": {"volume": 1931711.7228507996, "llc": 1.05}, "wstETH": {"volume": 97797.84631729126, "llc": 1.05}}}