{"json_time": 1665573321, "VST": {"total_collateral": "0.0", "median_collateral": "nan", "top_1_collateral": "0.0", "top_10_collateral": "0.0", "total_debt": "0.0", "median_debt": "nan", "top_1_debt": "nan", "top_10_debt": "0.0", "graph_data": {"ETH": {"4.9": 0, "4.800000000000001": 0, "4.7": 0, "4.6000000000000005": 0, "4.5": 0, "4.4": 0, "4.3": 0, "4.2": 0, "4.1000000000000005": 0, "4.0": 0, "3.9000000000000004": 0, "3.8000000000000003": 0, "3.7": 0, "3.6": 0, "3.5": 0, "3.4000000000000004": 0, "3.3000000000000003": 0, "3.2": 0, "3.1": 0, "3.0": 0, "2.9000000000000004": 0, "2.8000000000000003": 0, "2.7": 0, "2.6": 0, "2.5": 0, "2.4000000000000004": 0, "2.3000000000000003": 0, "2.2": 0, "2.1": 0, "2.0": 0, "1.9000000000000001": 0, "1.8": 0, "1.7000000000000002": 0, "1.6": 0, "1.5": 0, "1.4000000000000001": 0, "1.3": 0, "1.2000000000000002": 0, "1.1": 0}, "gOHM": {"4.9": 0, "4.800000000000001": 0, "4.7": 0, "4.6000000000000005": 0, "4.5": 0, "4.4": 0, "4.3": 0, "4.2": 0, "4.1000000000000005": 0, "4.0": 0, "3.9000000000000004": 0, "3.8000000000000003": 0, "3.7": 0, "3.6": 0, "3.5": 0, "3.4000000000000004": 0, "3.3000000000000003": 0, "3.2": 0, "3.1": 0, "3.0": 0, "2.9000000000000004": 0, "2.8000000000000003": 0, "2.7": 0, "2.6": 0, "2.5": 0, "2.4000000000000004": 0, "2.3000000000000003": 0, "2.2": 0, "2.1": 0, "2.0": 0, "1.9000000000000001": 0, "1.8": 0, "1.7000000000000002": 0, "1.6": 0, "1.5": 0}, "renBTC": {"4.9": 0, "4.800000000000001": 0, "4.7": 0, "4.6000000000000005": 0, "4.5": 0, "4.4": 0, "4.3": 0, "4.2": 0, "4.1000000000000005": 0, "4.0": 0, "3.9000000000000004": 0, "3.8000000000000003": 0, "3.7": 0, "3.6": 0, "3.5": 0, "3.4000000000000004": 0, "3.3000000000000003": 0, "3.2": 0, "3.1": 0, "3.0": 0, "2.9000000000000004": 0, "2.8000000000000003": 0, "2.7": 0, "2.6": 0, "2.5": 0, "2.4000000000000004": 0, "2.3000000000000003": 0, "2.2": 0, "2.1": 0, "2.0": 0, "1.9000000000000001": 0, "1.8": 0}, "GMX": {"4.9": 0, "4.800000000000001": 0, "4.7": 0, "4.6000000000000005": 0, "4.5": 0, "4.4": 0, "4.3": 0, "4.2": 0, "4.1000000000000005": 0, "4.0": 0, "3.9000000000000004": 0, "3.8000000000000003": 0, "3.7": 0, "3.6": 0, "3.5": 0, "3.4000000000000004": 0, "3.3000000000000003": 0, "3.2": 0, "3.1": 0, "3.0": 0, "2.9000000000000004": 0, "2.8000000000000003": 0, "2.7": 0, "2.6": 0, "2.5": 0, "2.4000000000000004": 0, "2.3000000000000003": 0, "2.2": 0, "2.1": 0, "2.0": 0, "1.9000000000000001": 0, "1.8": 0, "1.7000000000000002": 0, "1.6": 0, "1.5": 0, "1.4000000000000001": 0, "1.3": 0}, "sGLP": {"4.9": 0, "4.800000000000001": 0, "4.7": 0, "4.6000000000000005": 0, "4.5": 0, "4.4": 0, "4.3": 0, "4.2": 0, "4.1000000000000005": 0, "4.0": 0, "3.9000000000000004": 0, "3.8000000000000003": 0, "3.7": 0, "3.6": 0, "3.5": 0, "3.4000000000000004": 0, "3.3000000000000003": 0, "3.2": 0, "3.1": 0, "3.0": 0, "2.9000000000000004": 0, "2.8000000000000003": 0, "2.7": 0, "2.6": 0, "2.5": 0, "2.4000000000000004": 0, "2.3000000000000003": 0, "2.2": 0, "2.1": 0, "2.0": 0, "1.9000000000000001": 0, "1.8": 0, "1.7000000000000002": 0, "1.6": 0, "1.5": 0, "1.4000000000000001": 0, "1.3": 0, "1.2000000000000002": 0, "1.1": 0}}}, "ETH": {"total_collateral": "1082166.6637405127", "median_collateral": "2666.9486823411467", "top_1_collateral": "78020.87858820001", "top_10_collateral": "510776.685157416", "total_debt": "495945.02679247677", "median_debt": "1211.319925", "top_1_debt": "37200.0", "top_10_debt": "217425.09387601961", "graph_data": {"VST": {"1170.313178823": 1431, "1040.278381176": 9059, "910.2435835290001": 104005, "780.2087858820001": 188450, "650.173988235": 352733, "520.139190588": 409090, "390.10439294100007": 441546, "260.069595294": 495360, "130.034797647": 495360, "0.0": 495910}}}, "gOHM": {"total_collateral": "15723230.431650126", "median_collateral": "23152.957946178605", "top_1_collateral": "2301407.1723367223", "top_10_collateral": "10524500.444914116", "total_debt": "4956869.816114739", "median_debt": "7468.378761520399", "top_1_debt": "893937.3367146007", "top_10_debt": "3412182.1609742157", "graph_data": {"VST": {"1632.4047347163503": 89630, "1360.3372789302916": 3330553, "1088.2698231442334": 4122109, "816.2023673581751": 4446171, "544.1349115721167": 4943640, "272.06745578605836": 4955820, "0.0": 4956820}}}, "renBTC": {"total_collateral": "168015.5474433366", "median_collateral": "6971.38667531485", "top_1_collateral": "50381.9624378344", "top_10_collateral": "168015.54744333663", "total_debt": "41189.80155598392", "median_debt": "1671.9554609979493", "top_1_debt": "12894.515930352325", "top_10_debt": "41189.80155598392", "graph_data": {"VST": {"9575.245": 1002, "7660.196000000001": 1002, "5745.147000000002": 1002, "3830.0980000000004": 40854, "1915.0490000000002": 41185, "0.0": 41185}}}, "GMX": {"total_collateral": "603792.4678680652", "median_collateral": "7427.97443391975", "top_1_collateral": "410534.8868278633", "top_10_collateral": "588811.3344136996", "total_debt": "177880.05022562473", "median_debt": "2592.45", "top_1_debt": "100030.0", "top_10_debt": "172390.91", "graph_data": {"VST": {"27.74308919792605": 4330, "23.77979074107947": 48666, "19.81649228423289": 74567, "15.853193827386313": 75347, "11.889895370539735": 177477, "7.926596913693157": 177877, "3.9632984568465783": 177877, "0.0": 177877}}}, "DPX": {"total_collateral": "1557174.5435908367", "median_collateral": "312149.1410063095", "top_1_collateral": "914611.1535053102", "top_10_collateral": "1557174.5435908367", "total_debt": "135062.09086686582", "median_debt": "27787.722689561808", "top_1_debt": "78289.82029802178", "top_10_debt": "135062.09086686582", "graph_data": {"VST": {"23.338589009000003": 133863, "0.0": 135059}}}, "sGLP": {"total_collateral": "6642168.069779001", "median_collateral": "5156.562422865109", "top_1_collateral": "1336601.8203932808", "top_10_collateral": "5095622.067988625", "total_debt": "4803567.307862533", "median_debt": "3365.0", "top_1_debt": "1000000.0", "top_10_debt": "3777498.0", "graph_data": {"VST": {"0.7760913795831954": 1510611, "0.6898590040739515": 4304045, "0.6036266285647076": 4659129, "0.5173942530554636": 4755790, "0.43116187754621965": 4787180, "0.34492950203697575": 4802835, "0.2586971265277318": 4803553, "0.17246475101848788": 4803553, "0.08623237550924394": 4803553, "0.0": 4803553}}}}