{"json_time": 1665573321, "stabilityPoolVstBalance": {"ETH": 551930.6992939729, "gOHM": 267296.34760384803, "renBTC": 35364.39427917378, "GMX": 47193.20138956344, "DPX": 78047.1985527856, "sGLP": 49043.654}, "stabilityPoolGemBalance": {"ETH": 23108.93707110842, "gOHM": 18554.422909931385, "renBTC": 496.1081893273, "GMX": 258.8504536349509, "DPX": 194.60033884410493, "sGLP": 0.0}, "bprotocolBalance": {"ETH": 287536.63005615317, "gOHM": 152362.5751621556, "DPX": 3.6379731815896235, "GMX": 5125.655616872433, "renBTC": 34268.18790350504, "sGLP": 0.0}, "bprotocolGemBalance": {"ETH": 0.027731638526547905, "gOHM": 0.0, "DPX": 7.5720702787398e-05, "GMX": 0.00029870707723556, "renBTC": 0.0, "sGLP": 0.0}}