{"json_time": 1665573321, "ETH": {"VST": {"volume": 20938421.842098236, "llc": 1.1}}, "gOHM": {"VST": {"volume": 443027.6036262512, "llc": 1.15}}, "renBTC": {"VST": {"volume": 5035918.518543243, "llc": 1.1}}, "GMX": {"VST": {"volume": 1970812.3307228088, "llc": 1.15}}, "DPX": {"VST": {"volume": 685260.6377601624, "llc": 1.15}}, "sGLP": {"VST": {"volume": 5035918.518543243, "llc": 1.1}}}