{"json_time": 1679904791, "ETH": {"oracle": 1754.893066125, "cex_price": 1751.7649999999999, "dex_price": 1743.1834291904652}, "BNB|bsc": {"oracle": 326.810175, "cex_price": 326.45, "dex_price": 310.9277291661752}, "WBTC|eth": {"oracle": 27850.953294, "cex_price": 27790.395, "dex_price": 27878.751391304806}, "pCKB": {"oracle": 0.00494005, "cex_price": 0.004935, "dex_price": 0.004955445893244298}, "USDC": {"oracle": 0.999674525, "cex_price": 1, "dex_price": 1}, "USDT": {"oracle": 1.000999999, "cex_price": 1, "dex_price": 0.9983821899009077}}