{"json_time": 1667581273, "glp_data": {"liquidTreasury": 376316823.4226849, "treasuryUtilization": 0.13926748366239075, "liquidStableTreasury": 171044167.05663797, "stableTreasuryUtilization": 0.13526409217358717, "liquidSolidAssetTreasury": 190414948.5006844, "solidTreasuryUtilization": 0.1397332458456888}}