{"json_time": 1667581273, "VST": {"oracle": 0.9893804928225782, "cex_price": 1, "dex_price": 1}, "ETH": {"oracle": 1622.57, "cex_price": 1625.5949999999998, "dex_price": 1626.8396280047086}, "gOHM": {"oracle": 2627.91931548245, "cex_price": "NaN", "dex_price": 2639.4374307131093}, "renBTC": {"oracle": 20790.09, "cex_price": 20795.41, "dex_price": 20868.70143461888}, "GMX": {"oracle": 42.16480433718658, "cex_price": "NaN", "dex_price": 42.64255497813928}, "DPX": {"oracle": 319.00085003, "cex_price": "NaN", "dex_price": 319.73465371754594}, "sGLP": {"oracle": 0.9514181961993471, "cex_price": "NaN", "dex_price": "NaN"}}