{"json_time": 1667581273, "ETH": {"VST": {"volume": 20149733.971118927, "llc": 1.1}}, "gOHM": {"VST": {"volume": 567005.1407814026, "llc": 1.15}}, "renBTC": {"VST": {"volume": 4343551.65719986, "llc": 1.1}}, "GMX": {"VST": {"volume": 3316445.445537567, "llc": 1.15}}, "DPX": {"VST": {"volume": 821635.9286308289, "llc": 1.15}}, "sGLP": {"VST": {"volume": 4343551.65719986, "llc": 1.1}}}