{"json_time": 1687527010, "glp_data": {"liquidTreasury": 408047450.31057155, "treasuryUtilization": 0.2385854567062191, "liquidStableTreasury": 202286593.89195123, "stableTreasuryUtilization": 0.16448902566951973, "liquidSolidAssetTreasury": 195050508.0769501, "solidTreasuryUtilization": 0.3058252155366695}}