{"json_time": 1679227830, "glp_data": {"liquidTreasury": 386109370.349524, "treasuryUtilization": 0.22273298725291613, "liquidStableTreasury": 229824855.0890946, "stableTreasuryUtilization": 0.0698168033129112, "liquidSolidAssetTreasury": 151134835.88122678, "solidTreasuryUtilization": 0.37612690530066206}}