{"json_time": 1687798565, "USDC": {"oracle": 0.99987841, "cex_price": 1, "dex_price": 1}, "WXDAI": {"oracle": 1.0, "cex_price": 1, "dex_price": 1.000143401249669}, "LINK": {"oracle": 6.08182, "cex_price": 6.0895, "dex_price": 6.546003260880838}, "GNO": {"oracle": 115.26, "cex_price": 114.6, "dex_price": 115.73239216628443}, "WBTC": {"oracle": 30112.08562236, "cex_price": 30062.305, "dex_price": 30201.81760578715}, "WETH": {"oracle": 1854.64, "cex_price": 1848.165, "dex_price": 1876.690805225296}, "FOX": {"oracle": 0.02098014, "cex_price": 0.021150000000000002, "dex_price": 0.021029019188003824}, "USDT": {"oracle": 1.00024, "cex_price": 1, "dex_price": 1.0002105433191582}, "EURe": {"oracle": 1.09191, "cex_price": 1.0879500000000002, "dex_price": 1.084771000802713}, "wstETH": {"oracle": 2095.17667147, "cex_price": "NaN", "dex_price": 2095.17667147}}