{"json_time": 1669027227, "data": [{"account": "0x2661a4786EA12B7EDFD3F5c08fF617702360A993", "user_collateral_wo_looping": 0.15164412559538046, "user_debt_wo_looping": 0.20041883807781002}]}