{"ETH": {"BNB|bsc": {"volume": 13874.590396881104, "llc": 1.1}, "WBTC|eth": {"volume": 7198.876857757568, "llc": 1.1}, "pCKB": {"volume": 19596.630573272705, "llc": 1.1}, "USDC": {"volume": 16735.610485076904, "llc": 1.1}}, "BNB|bsc": {"ETH": {"volume": 13874.590396881104, "llc": 1.1}, "WBTC|eth": {"volume": 8152.550220489502, "llc": 1.1}, "pCKB": {"volume": 38670.09782791138, "llc": 1.1}, "USDC": {"volume": 29133.36420059204, "llc": 1.1}}, "WBTC|eth": {"ETH": {"volume": 7198.876857757568, "llc": 1.1}, "BNB|bsc": {"volume": 8152.550220489502, "llc": 1.1}, "pCKB": {"volume": 9106.223583221436, "llc": 1.1}, "USDC": {"volume": 9106.223583221436, "llc": 1.1}}, "pCKB": {"ETH": {"volume": 19596.630573272705, "llc": 1.1}, "BNB|bsc": {"volume": 38670.09782791138, "llc": 1.1}, "WBTC|eth": {"volume": 9106.223583221436, "llc": 1.1}, "USDC": {"volume": 111149.27339553833, "llc": 1.1}}, "USDC": {"ETH": {"volume": 16735.610485076904, "llc": 1.1}, "BNB|bsc": {"volume": 29133.36420059204, "llc": 1.1}, "WBTC|eth": {"volume": 9106.223583221436, "llc": 1.1}, "pCKB": {"volume": 111149.27339553833, "llc": 1.1}}, "json_time": 1669027227}