{"USDC": {"WXDAI": {"volume": 3462357.470035553, "llc": 1.05}, "LINK": {"volume": 1476.8366813659668, "llc": 1.05}, "GNO": {"volume": 70141.31879806519, "llc": 1.05}, "WBTC": {"volume": 13874.590396881104, "llc": 1.05}, "WETH": {"volume": 75863.35897445679, "llc": 1.05}, "FOX": {"volume": 3384.183406829834, "llc": 1.05}, "USDT": {"volume": 2715631.227016449, "llc": 1.05}}, "WXDAI": {"USDC": {"volume": 3513855.8316230774, "llc": 1.05}, "LINK": {"volume": 1476.8366813659668, "llc": 1.05}, "GNO": {"volume": 92075.80614089966, "llc": 1.05}, "WBTC": {"volume": 13874.590396881104, "llc": 1.05}, "WETH": {"volume": 75863.35897445679, "llc": 1.05}, "FOX": {"volume": 4337.856769561768, "llc": 1.05}, "USDT": {"volume": 2723260.6139183044, "llc": 1.05}}, "LINK": {"USDC": {"volume": 5291.530132293701, "llc": 1.2}, "WXDAI": {"volume": 5291.530132293701, "llc": 1.2}, "GNO": {"volume": 5291.530132293701, "llc": 1.2}, "WBTC": {"volume": 4337.856769561768, "llc": 1.2}, "WETH": {"volume": 5291.530132293701, "llc": 1.2}, "FOX": {"volume": 4337.856769561768, "llc": 1.2}, "USDT": {"volume": 5291.530132293701, "llc": 1.2}}, "GNO": {"USDC": {"volume": 148342.53454208374, "llc": 1.1}, "WXDAI": {"volume": 196026.20267868042, "llc": 1.1}, "LINK": {"volume": 2430.5100440979004, "llc": 1.1}, "WBTC": {"volume": 28179.690837860107, "llc": 1.1}, "WETH": {"volume": 305698.6393928528, "llc": 1.1}, "FOX": {"volume": 7198.876857757568, "llc": 1.1}, "USDT": {"volume": 104473.5598564148, "llc": 1.1}}, "WBTC": {"USDC": {"volume": 26272.34411239624, "llc": 1.1}, "WXDAI": {"volume": 26272.34411239624, "llc": 1.1}, "LINK": {"volume": 2430.5100440979004, "llc": 1.1}, "GNO": {"volume": 28179.690837860107, "llc": 1.1}, "WETH": {"volume": 31994.38428878784, "llc": 1.1}, "FOX": {"volume": 6245.203495025635, "llc": 1.1}, "USDT": {"volume": 26272.34411239624, "llc": 1.1}}, "WETH": {"USDC": {"volume": 75863.35897445679, "llc": 1.05}, "WXDAI": {"volume": 75863.35897445679, "llc": 1.05}, "LINK": {"volume": 1476.8366813659668, "llc": 1.05}, "GNO": {"volume": 146435.18781661987, "llc": 1.05}, "WBTC": {"volume": 16735.610485076904, "llc": 1.05}, "FOX": {"volume": 4337.856769561768, "llc": 1.05}, "USDT": {"volume": 75863.35897445679, "llc": 1.05}}, "FOX": {"USDC": {"volume": 7198.876857757568, "llc": 1.1}, "WXDAI": {"volume": 11013.570308685303, "llc": 1.1}, "LINK": {"volume": 2430.5100440979004, "llc": 1.1}, "GNO": {"volume": 9106.223583221436, "llc": 1.1}, "WBTC": {"volume": 6245.203495025635, "llc": 1.1}, "WETH": {"volume": 10059.89694595337, "llc": 1.1}, "USDT": {"volume": 7198.876857757568, "llc": 1.1}}, "USDT": {"USDC": {"volume": 3308816.0586357117, "llc": 1.05}, "WXDAI": {"volume": 3271622.7974891663, "llc": 1.05}, "LINK": {"volume": 1476.8366813659668, "llc": 1.05}, "GNO": {"volume": 53928.871631622314, "llc": 1.05}, "WBTC": {"volume": 13874.590396881104, "llc": 1.05}, "WETH": {"volume": 75863.35897445679, "llc": 1.05}, "FOX": {"volume": 4337.856769561768, "llc": 1.05}}, "json_time": 1673986005}