{"json_time": 1689949428, "stabilityPoolVstBalance": {"ETH": 51146.15453154067, "gOHM": 69761.14717021973, "GMX": 54322.741191657624, "DPX": 723.0830290526617, "sGLP": 646.1246939472145}, "stabilityPoolGemBalance": {"ETH": 20582.583059276414, "gOHM": 11145.367704439654, "GMX": 14156.844025709563, "DPX": 11896.088481931853, "sGLP": 0.0}, "bprotocolBalance": {"ETH": 4834.483905791842, "gOHM": 41320.24163637303, "DPX": 6.480077771219467, "GMX": 41991.447677521865, "sGLP": 0.0}, "bprotocolGemBalance": {"ETH": 0.015567632995832883, "gOHM": 0.0, "DPX": 0.01969001542327342, "GMX": 0.048821971499560156, "sGLP": 0.0}}