{"json_time": 1670170072, "ETH": {"oracle": 1260.8980465, "cex_price": 1260.1550000000002, "dex_price": 1271.36790231016}, "BNB|bsc": {"oracle": 290.325994648, "cex_price": 289.45, "dex_price": 292.10819005737034}, "WBTC|eth": {"oracle": 17045.20435, "cex_price": 17022.515, "dex_price": 17276.41028091849}, "pCKB": {"oracle": 0.00256976, "cex_price": 0.002555, "dex_price": 0.0025584703578056113}, "USDC": {"oracle": 1.000064356, "cex_price": 1, "dex_price": 1}, "USDT": {"oracle": 1.0001, "cex_price": 1, "dex_price": 24862.941679059502}}