{"json_time": 1687799085, "glp_data": {"liquidTreasury": 414948309.0268303, "treasuryUtilization": 0.24582791727265096, "liquidStableTreasury": 222933916.1601898, "stableTreasuryUtilization": 0.14153008474528697, "liquidSolidAssetTreasury": 182772266.78850305, "solidTreasuryUtilization": 0.34391255292077544}}