{"json_time": 1687799085, "ETH-VST": {"series_std_ratio": 1.0, "volume_for_slippage_10_percentss": [12600.736282169819], "trade_every": 1800, "collaterals": [779, 3878, 6977, 10076, 13175, 16274, 19373, 22472, 25571, 28670, 31769, 34868, 37967, 41066, 44165, 47264, 50363, 53462, 56561, 59660, 62759, 65858, 68957, 72056, 75155, 78254, 81353, 84452, 87551, 90650, 18750.0], "liquidation_incentives": [0.10000000000000009], "stability_pool_initial_balances": [0.05032160896037103, 0.025160804480185515, 0.10064321792074206], "share_institutionals": [0.07718065518421562, 0.03859032759210781, 0.15436131036843123, 1], "recovery_halflife_retails": [3.3333333333333335], "price_recovery_times": [0], "l_factors": [0.25, 0.5, 1, 1.5, 2], "json_time": 1687800072.3310432, "current_debt": 779.8940322937561}, "gOHM-VST": {"series_std_ratio": 0.5718399563684763, "volume_for_slippage_10_percentss": [235.76508849859238], "trade_every": 1800, "collaterals": [2267, 2660, 3053, 3446, 3840, 4233, 4626, 5019, 5412, 5805, 6199, 6592, 6985, 7378, 7771, 8164, 8558, 8951, 9344, 9737, 10130, 10523, 10917, 11310, 11703, 12096, 12489, 12882, 13276, 13669, 2812.5], "liquidation_incentives": [0.1499999999999999], "stability_pool_initial_balances": [0.022035607649328406, 0.011017803824664203, 0.04407121529865681], "share_institutionals": [0.5374296575524937, 0.26871482877624686, 1, 1], "recovery_halflife_retails": [3.3333333333333335], "price_recovery_times": [0], "l_factors": [0.25, 0.5, 1, 1.5, 2], "json_time": 1687800072.3310432, "current_debt": 2267.39564490221}, "DPX-VST": {"series_std_ratio": 2.2756095294666916, "volume_for_slippage_10_percentss": [291.7933985590935], "trade_every": 1800, "collaterals": [393, 484, 575, 666, 757, 848, 939, 1030, 1121, 1212, 1303, 1394, 1485, 1576, 1668, 1759, 1850, 1941, 2032, 2123, 2214, 2305, 2396, 2487, 2578, 2669, 2760, 2851, 2942, 3033, 625.0], "liquidation_incentives": [0.1499999999999999], "stability_pool_initial_balances": [0.0011468112239472038, 0.0005734056119736019, 0.0022936224478944077], "share_institutionals": [0.009035884447354437, 0.004517942223677219, 0.018071768894708875, 1], "recovery_halflife_retails": [3.3333333333333335], "price_recovery_times": [2], "l_factors": [0.25, 0.5, 1, 1.5, 2], "json_time": 1687800072.3310432, "current_debt": 393.12935459577074}, "GMX-VST": {"series_std_ratio": 2.0308729755116706, "volume_for_slippage_10_percentss": [3603.424150645733], "trade_every": 1800, "collaterals": [164, 263, 361, 460, 559, 657, 756, 855, 953, 1052, 1151, 1249, 1348, 1447, 1546, 1644, 1743, 1842, 1940, 2039, 2138, 2236, 2335, 2434, 2532, 2631, 2730, 2828, 2927, 3026, 625.0], "liquidation_incentives": [0.1499999999999999], "stability_pool_initial_balances": [0.23241957073050842, 0.11620978536525421, 0.46483914146101685], "share_institutionals": [0.6890015590332464, 0.3445007795166232, 1, 1], "recovery_halflife_retails": [3.3333333333333335], "price_recovery_times": [0], "l_factors": [0.25, 0.5, 1, 1.5, 2], "json_time": 1687800072.3310432, "current_debt": 164.38859733815093}, "sGLP-VST": {"series_std_ratio": 0.6132330529291525, "volume_for_slippage_10_percentss": [6214.104981124401], "trade_every": 1800, "collaterals": [324, 365, 406, 447, 489, 530, 571, 612, 654, 695, 736, 778, 819, 860, 901, 943, 984, 1025, 1067, 1108, 1149, 1190, 1232, 1273, 1314, 1356, 1397, 1438, 1479, 1521, 312.5], "liquidation_incentives": [0.10000000000000009], "stability_pool_initial_balances": [0.0008628667677662587, 0.00043143338388312933, 0.0017257335355325173], "share_institutionals": [0.0, 0.0, 0.0, 1], "recovery_halflife_retails": [3.3333333333333335], "price_recovery_times": [0], "l_factors": [0.25, 0.5, 1, 1.5, 2], "json_time": 1687800072.3310432, "current_debt": 324.0187533872348}}