{"json_time": 1666814782, "auUSDC": {"oracle": 1.0, "cex_price": 1, "dex_price": 1}, "auETH": {"oracle": 1554.49, "cex_price": 1546.475, "dex_price": 1569.1374036540633}, "auWBTC": {"oracle": 20756.96892974, "cex_price": 20703.385000000002, "dex_price": 20931.247967052543}, "auUSDT": {"oracle": 1.00016413, "cex_price": 1, "dex_price": 1.0001164075491402}, "auWNEAR": {"oracle": 3.04733851, "cex_price": 3.0595, "dex_price": 3.0798587139979365}, "auSTNEAR": {"oracle": 3.45178862, "cex_price": "NaN", "dex_price": 3.526175946416065}}