{"json_time": 1665838036, "glp_data": {"liquidTreasury": 318709022.03332293, "treasuryUtilization": 0.19184366325080332, "liquidStableTreasury": 148796861.00178072, "stableTreasuryUtilization": 0.24985451270140632, "liquidSolidAssetTreasury": 158724440.02967042, "solidTreasuryUtilization": 0.1242976307254644}}