{"json_time": 1665838036, "stabilityPoolVstBalance": {"ETH": 522244.47167703323, "gOHM": 267021.880603848, "renBTC": 35370.180679173776, "GMX": 57539.59058956344, "DPX": 78085.1075527856, "sGLP": 57310.671}, "stabilityPoolGemBalance": {"ETH": 22875.33737727415, "gOHM": 17992.54517852362, "renBTC": 497.0375104975407, "GMX": 243.3118294066293, "DPX": 191.13567530947714, "sGLP": 0.0}, "bprotocolBalance": {"ETH": 256743.76068121134, "gOHM": 152363.5751621556, "DPX": 3.6379731815896235, "GMX": 24661.330816872432, "renBTC": 34268.19130350503, "sGLP": 0.0}, "bprotocolGemBalance": {"ETH": 0.02476048171223322, "gOHM": 0.0, "DPX": 7.5720702787398e-05, "GMX": 0.00029870707723556, "renBTC": 0.0, "sGLP": 0.0}}