{"json_time": 1671443198, "ETH": {"oracle": 1183.22, "cex_price": 1186.585, "dex_price": 1186.2680282493711}, "BNB|bsc": {"oracle": 247.145747601, "cex_price": 248.14999999999998, "dex_price": 249.21112518064805}, "WBTC|eth": {"oracle": 16750.56, "cex_price": 16767.025, "dex_price": 16928.389676496692}, "pCKB": {"oracle": 0.002186616, "cex_price": 0.0021850000000000003, "dex_price": 0.0022130851327670192}, "USDC": {"oracle": 1.0, "cex_price": 1, "dex_price": 1}, "USDT": {"oracle": 1.000119999, "cex_price": 1, "dex_price": 24862.816690033094}}