{"ETH": {"BNB|bsc": {"volume": 10059.89694595337, "llc": 1.1}, "WBTC|eth": {"volume": 3384.183406829834, "llc": 1.1}, "pCKB": {"volume": 29133.36420059204, "llc": 1.1}, "USDC": {"volume": 21503.977298736572, "llc": 1.1}, "USDT": {"volume": 21503.977298736572, "llc": 1.1}}, "BNB|bsc": {"ETH": {"volume": 10059.89694595337, "llc": 1.1}, "WBTC|eth": {"volume": 3384.183406829834, "llc": 1.1}, "pCKB": {"volume": 14828.263759613037, "llc": 1.1}, "USDC": {"volume": 12920.91703414917, "llc": 1.1}, "USDT": {"volume": 12920.91703414917, "llc": 1.1}}, "WBTC|eth": {"ETH": {"volume": 3384.183406829834, "llc": 1.1}, "BNB|bsc": {"volume": 3384.183406829834, "llc": 1.1}, "pCKB": {"volume": 3384.183406829834, "llc": 1.1}, "USDC": {"volume": 3384.183406829834, "llc": 1.1}, "USDT": {"volume": 3384.183406829834, "llc": 1.1}}, "pCKB": {"ETH": {"volume": 28179.690837860107, "llc": 1.1}, "BNB|bsc": {"volume": 14828.263759613037, "llc": 1.1}, "WBTC|eth": {"volume": 3384.183406829834, "llc": 1.1}, "USDC": {"volume": 79678.05242538452, "llc": 1.1}, "USDT": {"volume": 75863.35897445679, "llc": 1.1}}, "USDC": {"ETH": {"volume": 21503.977298736572, "llc": 1.1}, "BNB|bsc": {"volume": 12920.91703414917, "llc": 1.1}, "WBTC|eth": {"volume": 3384.183406829834, "llc": 1.1}, "pCKB": {"volume": 79678.05242538452, "llc": 1.1}, "USDT": {"volume": 136898.45418930054, "llc": 1.1}}, "USDT": {"ETH": {"volume": 20550.30393600464, "llc": 1.1}, "BNB|bsc": {"volume": 12920.91703414917, "llc": 1.1}, "WBTC|eth": {"volume": 3384.183406829834, "llc": 1.1}, "pCKB": {"volume": 46299.484729766846, "llc": 1.1}, "USDC": {"volume": 52021.52490615845, "llc": 1.1}}, "json_time": 1680522782}