{"ETH": {"BNB|bsc": {"volume": 15781.93712234497, "llc": 1.1}, "WBTC|eth": {"volume": 3384.183406829834, "llc": 1.1}, "pCKB": {"volume": 27226.017475128174, "llc": 1.1}, "USDC": {"volume": 23411.32402420044, "llc": 1.1}, "USDT": {"volume": 23411.32402420044, "llc": 1.1}}, "BNB|bsc": {"ETH": {"volume": 15781.93712234497, "llc": 1.1}, "WBTC|eth": {"volume": 3384.183406829834, "llc": 1.1}, "pCKB": {"volume": 32948.057651519775, "llc": 1.1}, "USDC": {"volume": 27226.017475128174, "llc": 1.1}, "USDT": {"volume": 27226.017475128174, "llc": 1.1}}, "WBTC|eth": {"ETH": {"volume": 3384.183406829834, "llc": 1.1}, "BNB|bsc": {"volume": 3384.183406829834, "llc": 1.1}, "pCKB": {"volume": 3384.183406829834, "llc": 1.1}, "USDC": {"volume": 3384.183406829834, "llc": 1.1}, "USDT": {"volume": 3384.183406829834, "llc": 1.1}}, "pCKB": {"ETH": {"volume": 27226.017475128174, "llc": 1.1}, "BNB|bsc": {"volume": 32948.057651519775, "llc": 1.1}, "WBTC|eth": {"volume": 3384.183406829834, "llc": 1.1}, "USDC": {"volume": 140713.14764022827, "llc": 1.1}, "USDT": {"volume": 138805.8009147644, "llc": 1.1}}, "USDC": {"ETH": {"volume": 23411.32402420044, "llc": 1.1}, "BNB|bsc": {"volume": 26272.34411239624, "llc": 1.1}, "WBTC|eth": {"volume": 3384.183406829834, "llc": 1.1}, "pCKB": {"volume": 140713.14764022827, "llc": 1.1}, "USDT": {"volume": 443027.6036262512, "llc": 1.1}}, "USDT": {"ETH": {"volume": 23411.32402420044, "llc": 1.1}, "BNB|bsc": {"volume": 26272.34411239624, "llc": 1.1}, "WBTC|eth": {"volume": 3384.183406829834, "llc": 1.1}, "pCKB": {"volume": 138805.8009147644, "llc": 1.1}, "USDC": {"volume": 520275.14600753784, "llc": 1.1}}, "json_time": 1676468511}