{"auUSDC": {"auETH": {"volume": 53928.871631622314, "llc": 1.1}, "auWBTC": {"volume": 59650.911808013916, "llc": 1.1}, "auUSDT": {"volume": 7537403.748989105, "llc": 1.1}, "auWNEAR": {"volume": 233219.46382522583, "llc": 1.1}, "auSTNEAR": {"volume": 22457.650661468506, "llc": 1.1}}, "auETH": {"auUSDC": {"volume": 53928.871631622314, "llc": 1.1}, "auWBTC": {"volume": 56789.891719818115, "llc": 1.1}, "auUSDT": {"volume": 53928.871631622314, "llc": 1.1}, "auWNEAR": {"volume": 96844.17295455933, "llc": 1.1}, "auSTNEAR": {"volume": 21503.977298736572, "llc": 1.1}}, "auWBTC": {"auUSDC": {"volume": 58697.23844528198, "llc": 1.1}, "auETH": {"volume": 56789.891719818115, "llc": 1.1}, "auUSDT": {"volume": 60604.58517074585, "llc": 1.1}, "auWNEAR": {"volume": 115917.640209198, "llc": 1.1}, "auSTNEAR": {"volume": 22457.650661468506, "llc": 1.1}}, "auUSDT": {"auUSDC": {"volume": 7236996.639728546, "llc": 1.1}, "auETH": {"volume": 56789.891719818115, "llc": 1.1}, "auWBTC": {"volume": 60604.58517074585, "llc": 1.1}, "auWNEAR": {"volume": 233219.46382522583, "llc": 1.1}, "auSTNEAR": {"volume": 22457.650661468506, "llc": 1.1}}, "auWNEAR": {"auUSDC": {"volume": 234173.13718795776, "llc": 1.1}, "auETH": {"volume": 96844.17295455933, "llc": 1.1}, "auWBTC": {"volume": 115917.640209198, "llc": 1.1}, "auUSDT": {"volume": 234173.13718795776, "llc": 1.1}, "auSTNEAR": {"volume": 27226.017475128174, "llc": 1.1}}, "auSTNEAR": {"auUSDC": {"volume": 80631.72578811646, "llc": 1.1}, "auETH": {"volume": 67280.29870986938, "llc": 1.1}, "auWBTC": {"volume": 71094.99216079712, "llc": 1.1}, "auUSDT": {"volume": 80631.72578811646, "llc": 1.1}, "auWNEAR": {"volume": 93983.15286636353, "llc": 1.1}}, "json_time": 1664626774.1664197}