{"json_time": 1678366760, "USDC": {"oracle": 1.0001749305953611, "cex_price": 1, "dex_price": 1}, "WXDAI": {"oracle": 1.0, "cex_price": 1, "dex_price": 1.0001764700177345}, "LINK": {"oracle": 6.605343164519475, "cex_price": 6.637499999999999, "dex_price": 7.078210986410814}, "GNO": {"oracle": 102.19123448691177, "cex_price": 102.1, "dex_price": 103.28403489087543}, "WBTC": {"oracle": 21601.215026498136, "cex_price": 21679.705, "dex_price": 21846.023979943602}, "WETH": {"oracle": 1528.8907891290187, "cex_price": 1537.6750000000002, "dex_price": 1548.8455583798561}, "FOX": {"oracle": 0.0346047123641925, "cex_price": 0.03495, "dex_price": 0.03691717275456707}, "USDT": {"oracle": 1.0001573275165827, "cex_price": 1, "dex_price": 1.0004776420329935}}