{"json_time": 1671359075, "data": [{"account": "0x5ce561e048d2cd64523D6316228F97bd2537F92f", "user_collateral_wo_looping": 1.1002155688765, "user_debt_wo_looping": 1.5431598780585365}, {"account": "0x9A4B0dA9E8e5c7135cd7188Bd2e84DAc513C594b", "user_collateral_wo_looping": 0.0010553848512502308, "user_debt_wo_looping": 0.001380933275935689}]}