{"json_time": 1693223269, "VST": {"oracle": 1.0003728940194982, "cex_price": 1, "dex_price": 1}, "ETH": {"oracle": 1637.34962276, "cex_price": 1639.9050000000002, "dex_price": 1638.8239237487112}, "gOHM": {"oracle": 2875.1127779078824, "cex_price": "NaN", "dex_price": 2888.3714818731983}, "GMX": {"oracle": 36.50773997384377, "cex_price": "NaN", "dex_price": 36.526143528149866}, "DPX": {"oracle": 73.19234104, "cex_price": "NaN", "dex_price": 73.63334146045517}, "sGLP": {"oracle": 0.9396540814104437, "cex_price": "NaN", "dex_price": "NaN"}}