{"json_time": 1693223269, "ETH-VST": {"series_std_ratio": 1.0, "volume_for_slippage_10_percentss": [37322.33402758837], "trade_every": 1800, "collaterals": [808, 1094, 1380, 1665, 1951, 2236, 2522, 2807, 3093, 3378, 3664, 3949, 4235, 4520, 4806, 5091, 5377, 5663, 5948, 6234, 6519, 6805, 7090, 7376, 7661, 7947, 8232, 8518, 8803, 9089, 1875.0], "liquidation_incentives": [0.10000000000000009], "stability_pool_initial_balances": [0.037134684834415815, 0.018567342417207908, 0.07426936966883163], "share_institutionals": [0.10162624027681418, 0.05081312013840709, 0.20325248055362835, 1], "recovery_halflife_retails": [3.3333333333333335], "price_recovery_times": [0], "l_factors": [0.25, 0.5, 1, 1.5, 2], "json_time": 1693224086.8474104, "current_debt": 808.9718183979916}, "gOHM-VST": {"series_std_ratio": 0.5718399563684763, "volume_for_slippage_10_percentss": [127.88078933954239], "trade_every": 1800, "collaterals": [1961, 2364, 2768, 3171, 3575, 3978, 4381, 4785, 5188, 5591, 5995, 6398, 6801, 7205, 7608, 8012, 8415, 8818, 9222, 9625, 10028, 10432, 10835, 11238, 11642, 12045, 12449, 12852, 13255, 13659, 2812.5], "liquidation_incentives": [0.1499999999999999], "stability_pool_initial_balances": [0.02245386697090851, 0.011226933485454255, 0.04490773394181702], "share_institutionals": [0.5925499925266502, 0.2962749962633251, 1, 1], "recovery_halflife_retails": [3.3333333333333335], "price_recovery_times": [0], "l_factors": [0.25, 0.5, 1, 1.5, 2], "json_time": 1693224086.8474104, "current_debt": 1961.633143423862}, "DPX-VST": {"series_std_ratio": 2.2756095294666916, "volume_for_slippage_10_percentss": [161.25935703516006], "trade_every": 1800, "collaterals": [104, 208, 312, 417, 521, 625, 729, 833, 937, 1041, 1146, 1250, 1354, 1458, 1562, 1666, 1771, 1875, 1979, 2083, 2187, 2291, 2395, 2500, 2604, 2708, 2812, 2916, 3020, 625.0], "liquidation_incentives": [0.1499999999999999], "stability_pool_initial_balances": [0.0, 0.0, 0.0], "share_institutionals": [0, 0.0, 0, 1], "recovery_halflife_retails": [3.3333333333333335], "price_recovery_times": [2], "l_factors": [0.25, 0.5, 1, 1.5, 2], "json_time": 1693224086.8474104, "current_debt": 0.43909306954871047}, "GMX-VST": {"series_std_ratio": 2.0308729755116706, "volume_for_slippage_10_percentss": [3179.0395042300224], "trade_every": 1800, "collaterals": [171, 269, 367, 466, 564, 663, 761, 860, 958, 1057, 1155, 1254, 1352, 1451, 1549, 1648, 1746, 1844, 1943, 2041, 2140, 2238, 2337, 2435, 2534, 2632, 2731, 2829, 2928, 3026, 625.0], "liquidation_incentives": [0.1499999999999999], "stability_pool_initial_balances": [0.2989052997358567, 0.14945264986792836, 0.5978105994717134], "share_institutionals": [0.9116786298008897, 0.4558393149004448, 1, 1], "recovery_halflife_retails": [3.3333333333333335], "price_recovery_times": [0], "l_factors": [0.25, 0.5, 1, 1.5, 2], "json_time": 1693224086.8474104, "current_debt": 171.035518920992}, "sGLP-VST": {"series_std_ratio": 0.6132330529291525, "volume_for_slippage_10_percentss": [37327.698440253735], "trade_every": 1800, "collaterals": [314, 356, 397, 439, 481, 522, 564, 605, 647, 689, 730, 772, 813, 855, 897, 938, 980, 1021, 1063, 1104, 1146, 1188, 1229, 1271, 1312, 1354, 1396, 1437, 1479, 1520, 312.5], "liquidation_incentives": [0.10000000000000009], "stability_pool_initial_balances": [0.0007461847782113644, 0.0003730923891056822, 0.0014923695564227288], "share_institutionals": [0.0, 0.0, 0.0, 1], "recovery_halflife_retails": [3.3333333333333335], "price_recovery_times": [0], "l_factors": [0.25, 0.5, 1, 1.5, 2], "json_time": 1693224086.8474104, "current_debt": 314.7633473691684}}