{"json_time": 1679673126, "ETH": {"oracle": 1764.94173, "cex_price": 1763.185, "dex_price": 1738.2850641078821}, "BNB|bsc": {"oracle": 320.94, "cex_price": 320.85, "dex_price": 321.09110541849685}, "WBTC|eth": {"oracle": 27969.942, "cex_price": 27899.425, "dex_price": 29132.64765413063}, "pCKB": {"oracle": 0.00560302, "cex_price": 0.005555, "dex_price": 0.005631253409488731}, "USDC": {"oracle": 0.99969935, "cex_price": 1, "dex_price": 1}, "USDT": {"oracle": 1.001139999, "cex_price": 1, "dex_price": 0.9988102685959803}}