{"json_time": 1674042884, "glp_data": {"liquidTreasury": 242593540.3582869, "treasuryUtilization": 0.40710322522643394, "liquidStableTreasury": 139990968.19555128, "stableTreasuryUtilization": 0.15772836984892835, "liquidSolidAssetTreasury": 91422298.89566192, "solidTreasuryUtilization": 0.6009953340495373}}