{"json_time": 1674042884, "VST": {"oracle": 0.9858808037782693, "cex_price": 1, "dex_price": 1}, "ETH": {"oracle": 1576.362, "cex_price": 1576.685, "dex_price": 1577.3655112387298}, "gOHM": {"oracle": 2565.2976584936096, "cex_price": "NaN", "dex_price": 2555.485299685172}, "GMX": {"oracle": 48.30085236713686, "cex_price": "NaN", "dex_price": 47.99105781996715}, "DPX": {"oracle": 313.62518304, "cex_price": "NaN", "dex_price": 313.00747150809696}, "sGLP": {"oracle": 0.9199279043974408, "cex_price": "NaN", "dex_price": "NaN"}}