{"json_time": 1674042884, "stabilityPoolVstBalance": {"ETH": 764499.6586993531, "gOHM": 1000185.4152353215, "GMX": 35913.331000250655, "DPX": 61931.501393526196, "sGLP": 2436843.112111707}, "stabilityPoolGemBalance": {"ETH": 20099.062439893227, "gOHM": 10034.28374114535, "GMX": 1435.9919398787645, "DPX": 162.8859363707631, "sGLP": 0.0}, "bprotocolBalance": {"ETH": 131920.80943492163, "gOHM": 5397.339782034979, "DPX": 2110.078685901682, "GMX": 473.4978804992495, "sGLP": 0.0}, "bprotocolGemBalance": {"ETH": 0.021905116005554785, "gOHM": 0.0, "DPX": 0.01928983039848691, "GMX": 2.674176377756853, "sGLP": 0.0}}