{"json_time": 1674042884, "ETH": {"VST": {"volume": 35570632.24649429, "llc": 1.1}}, "gOHM": {"VST": {"volume": 364826.38788223267, "llc": 1.15}}, "GMX": {"VST": {"volume": 2653642.4584388733, "llc": 1.15}}, "DPX": {"VST": {"volume": 777766.9539451599, "llc": 1.15}}, "sGLP": {"VST": {"volume": 45066357.919216156, "llc": 1.1}}}