{"json_time": 1670852730, "USDC": {"oracle": 1.000646533960188, "cex_price": 1, "dex_price": 1}, "WXDAI": {"oracle": 1.0, "cex_price": 1, "dex_price": 1.0004241851298867}, "LINK": {"oracle": 6.589976993097929, "cex_price": 6.6274999999999995, "dex_price": 7.067717985834775}, "GNO": {"oracle": 87.99037136140842, "cex_price": 87.95, "dex_price": 89.28656660017255}, "WBTC": {"oracle": 16939.461838551564, "cex_price": 17016.36, "dex_price": 17020.685579598598}, "WETH": {"oracle": 1246.2038611583475, "cex_price": 1252.6750000000002, "dex_price": 1254.575656440563}, "FOX": {"oracle": 0.03110933279983995, "cex_price": 0.03115, "dex_price": 0.03212685361852325}, "USDT": {"oracle": 1.0003200960288086, "cex_price": 1, "dex_price": 1.0000223444992655}}