{"USDC": {"WXDAI": {"volume": 3478569.917201996, "llc": 1.05}, "LINK": {"volume": 1476.8366813659668, "llc": 1.05}, "GNO": {"volume": 69187.64543533325, "llc": 1.05}, "WBTC": {"volume": 18642.95721054077, "llc": 1.05}, "WETH": {"volume": 68233.97207260132, "llc": 1.05}, "FOX": {"volume": 3384.183406829834, "llc": 1.05}, "USDT": {"volume": 4901450.574398041, "llc": 1.05}}, "WXDAI": {"USDC": {"volume": 3548188.072681427, "llc": 1.05}, "LINK": {"volume": 1476.8366813659668, "llc": 1.05}, "GNO": {"volume": 88261.11268997192, "llc": 1.05}, "WBTC": {"volume": 18642.95721054077, "llc": 1.05}, "WETH": {"volume": 68233.97207260132, "llc": 1.05}, "FOX": {"volume": 3384.183406829834, "llc": 1.05}, "USDT": {"volume": 4919570.3682899475, "llc": 1.05}}, "LINK": {"USDC": {"volume": 3384.183406829834, "llc": 1.1}, "WXDAI": {"volume": 3384.183406829834, "llc": 1.1}, "GNO": {"volume": 2430.5100440979004, "llc": 1.1}, "WBTC": {"volume": 2430.5100440979004, "llc": 1.1}, "WETH": {"volume": 2430.5100440979004, "llc": 1.1}, "FOX": {"volume": 2430.5100440979004, "llc": 1.1}, "USDT": {"volume": 3384.183406829834, "llc": 1.1}}, "GNO": {"USDC": {"volume": 141666.8210029602, "llc": 1.1}, "WXDAI": {"volume": 182674.77560043335, "llc": 1.1}, "LINK": {"volume": 2430.5100440979004, "llc": 1.1}, "WBTC": {"volume": 41531.11791610718, "llc": 1.1}, "WETH": {"volume": 279949.4585990906, "llc": 1.1}, "FOX": {"volume": 5291.530132293701, "llc": 1.1}, "USDT": {"volume": 99705.19304275513, "llc": 1.1}}, "WBTC": {"USDC": {"volume": 36762.75110244751, "llc": 1.1}, "WXDAI": {"volume": 36762.75110244751, "llc": 1.1}, "LINK": {"volume": 2430.5100440979004, "llc": 1.1}, "GNO": {"volume": 40577.444553375244, "llc": 1.1}, "WETH": {"volume": 50114.17818069458, "llc": 1.1}, "FOX": {"volume": 5291.530132293701, "llc": 1.1}, "USDT": {"volume": 36762.75110244751, "llc": 1.1}}, "WETH": {"USDC": {"volume": 68233.97207260132, "llc": 1.05}, "WXDAI": {"volume": 69187.64543533325, "llc": 1.05}, "LINK": {"volume": 1476.8366813659668, "llc": 1.05}, "GNO": {"volume": 132130.08737564087, "llc": 1.05}, "WBTC": {"volume": 25318.670749664307, "llc": 1.05}, "FOX": {"volume": 3384.183406829834, "llc": 1.05}, "USDT": {"volume": 68233.97207260132, "llc": 1.05}}, "FOX": {"USDC": {"volume": 6245.203495025635, "llc": 1.1}, "WXDAI": {"volume": 7198.876857757568, "llc": 1.1}, "LINK": {"volume": 2430.5100440979004, "llc": 1.1}, "GNO": {"volume": 6245.203495025635, "llc": 1.1}, "WBTC": {"volume": 5291.530132293701, "llc": 1.1}, "WETH": {"volume": 7198.876857757568, "llc": 1.1}, "USDT": {"volume": 6245.203495025635, "llc": 1.1}}, "USDT": {"USDC": {"volume": 3342194.6263313293, "llc": 1.05}, "WXDAI": {"volume": 3285927.8979301453, "llc": 1.05}, "LINK": {"volume": 1476.8366813659668, "llc": 1.05}, "GNO": {"volume": 50114.17818069458, "llc": 1.05}, "WBTC": {"volume": 18642.95721054077, "llc": 1.05}, "WETH": {"volume": 68233.97207260132, "llc": 1.05}, "FOX": {"volume": 3384.183406829834, "llc": 1.05}}, "json_time": 1670852730}