{"json_time": 1670421706, "auETH-auUSDC": {"series_std_ratio": 1.0, "volume_for_slippage_10_percentss": [14.632077515125275], "trade_every": 1800, "collaterals": [1250, 2500, 3125, 4375, 5000, 6250, 7500, 8125, 625.0, 625.0], "liquidation_incentives": [0.10000000000000009], "stability_pool_initial_balances": [0], "share_institutionals": [0], "recovery_halflife_retails": [0], "price_recovery_times": [0], "l_factors": [0.25, 0.5, 1, 1.5, 2], "json_time": 1670423287.7520666, "current_debt": 90.66671053970725}, "auETH-auWBTC": {"series_std_ratio": 0.4395117777819672, "volume_for_slippage_10_percentss": [8.075573146343231], "trade_every": 1800, "collaterals": [1250, 625, 2500, 1875, 3125, 4375, 5000, 6250, 7500, 8125, 625.0, 625.0], "liquidation_incentives": [0.10000000000000009], "stability_pool_initial_balances": [0], "share_institutionals": [0], "recovery_halflife_retails": [0], "price_recovery_times": [0], "l_factors": [0.25, 0.5, 1, 1.5, 2], "json_time": 1670423287.7520666, "current_debt": 90.66671053970725}, "auETH-auUSDT": {"series_std_ratio": 1.0, "volume_for_slippage_10_percentss": [13.439985811710358], "trade_every": 1800, "collaterals": [1250, 2500, 3125, 4375, 5000, 6250, 5625, 7500, 8125, 625.0, 625.0], "liquidation_incentives": [0.10000000000000009], "stability_pool_initial_balances": [0], "share_institutionals": [0], "recovery_halflife_retails": [0], "price_recovery_times": [0], "l_factors": [0.25, 0.5, 1, 1.5, 2], "json_time": 1670423287.7520666, "current_debt": 90.66671053970725}, "auETH-auWNEAR": {"series_std_ratio": 1.184118683887115, "volume_for_slippage_10_percentss": [23.572765290737152], "trade_every": 1800, "collaterals": [1250, 625, 2500, 1875, 3125, 4375, 5000, 6250, 7500, 8125, 625.0, 625.0], "liquidation_incentives": [0.10000000000000009], "stability_pool_initial_balances": [0], "share_institutionals": [0], "recovery_halflife_retails": [0], "price_recovery_times": [0], "l_factors": [0.25, 0.5, 1, 1.5, 2], "json_time": 1670423287.7520666, "current_debt": 90.66671053970725}, "auETH-auSTNEAR": {"series_std_ratio": 1.184118683887115, "volume_for_slippage_10_percentss": [23.572765290737152], "trade_every": 1800, "collaterals": [1250, 625, 2500, 1875, 3125, 4375, 5000, 6250, 7500, 8125, 625.0, 625.0], "liquidation_incentives": [0.10000000000000009], "stability_pool_initial_balances": [0], "share_institutionals": [0], "recovery_halflife_retails": [0], "price_recovery_times": [0], "l_factors": [0.25, 0.5, 1, 1.5, 2], "json_time": 1670423287.7520666, "current_debt": 90.66671053970725}, "auWBTC-auUSDC": {"series_std_ratio": 0.760706293780634, "volume_for_slippage_10_percentss": [8.075573146343231], "trade_every": 1800, "collaterals": [625, 1250, 1875, 2500, 3125, 625.0, 625.0], "liquidation_incentives": [0.10000000000000009], "stability_pool_initial_balances": [0], "share_institutionals": [0], "recovery_halflife_retails": [0], "price_recovery_times": [0], "l_factors": [0.25, 0.5, 1, 1.5, 2], "json_time": 1670423287.7520666, "current_debt": 49.15439596220001}, "auWBTC-auETH": {"series_std_ratio": 0.4396477338745114, "volume_for_slippage_10_percentss": [8.075573146343231], "trade_every": 1800, "collaterals": [625, 1250, 1875, 2500, 3125, 625.0, 625.0], "liquidation_incentives": [0.10000000000000009], "stability_pool_initial_balances": [0], "share_institutionals": [0], "recovery_halflife_retails": [0], "price_recovery_times": [0], "l_factors": [0.25, 0.5, 1, 1.5, 2], "json_time": 1670423287.7520666, "current_debt": 49.15439596220001}, "auWBTC-auUSDT": {"series_std_ratio": 0.760706293780634, "volume_for_slippage_10_percentss": [6.883481442928314], "trade_every": 1800, "collaterals": [625, 1250, 1875, 2500, 3125, 625.0, 625.0], "liquidation_incentives": [0.10000000000000009], "stability_pool_initial_balances": [0], "share_institutionals": [0], "recovery_halflife_retails": [0], "price_recovery_times": [0], "l_factors": [0.25, 0.5, 1, 1.5, 2], "json_time": 1670423287.7520666, "current_debt": 49.15439596220001}, "auWBTC-auWNEAR": {"series_std_ratio": 1.2792098103887029, "volume_for_slippage_10_percentss": [9.267664849758148], "trade_every": 1800, "collaterals": [625, 1250, 1875, 2500, 3125, 625.0, 625.0], "liquidation_incentives": [0.10000000000000009], "stability_pool_initial_balances": [0], "share_institutionals": [0], "recovery_halflife_retails": [0], "price_recovery_times": [0], "l_factors": [0.25, 0.5, 1, 1.5, 2], "json_time": 1670423287.7520666, "current_debt": 49.15439596220001}, "auWBTC-auSTNEAR": {"series_std_ratio": 1.2792098103887029, "volume_for_slippage_10_percentss": [9.267664849758148], "trade_every": 1800, "collaterals": [625, 1250, 1875, 2500, 3125, 625.0, 625.0], "liquidation_incentives": [0.10000000000000009], "stability_pool_initial_balances": [0], "share_institutionals": [0], "recovery_halflife_retails": [0], "price_recovery_times": [0], "l_factors": [0.25, 0.5, 1, 1.5, 2], "json_time": 1670423287.7520666, "current_debt": 49.15439596220001}, "auWNEAR-auUSDC": {"series_std_ratio": 1.7465911126462959, "volume_for_slippage_10_percentss": [55.75924128293991], "trade_every": 1800, "collaterals": [625, 1250, 1875, 2500, 3125, 3750, 4375, 625.0, 625.0], "liquidation_incentives": [0.10000000000000009], "stability_pool_initial_balances": [0], "share_institutionals": [0], "recovery_halflife_retails": [0], "price_recovery_times": [0], "l_factors": [0.25, 0.5, 1, 1.5, 2], "json_time": 1670423287.7520666, "current_debt": 88.36451404161882}, "auWNEAR-auETH": {"series_std_ratio": 1.1824518260272128, "volume_for_slippage_10_percentss": [24.16881114244461], "trade_every": 1800, "collaterals": [625, 1250, 1875, 2500, 3125, 3750, 4375, 625.0, 625.0], "liquidation_incentives": [0.10000000000000009], "stability_pool_initial_balances": [0], "share_institutionals": [0], "recovery_halflife_retails": [0], "price_recovery_times": [0], "l_factors": [0.25, 0.5, 1, 1.5, 2], "json_time": 1670423287.7520666, "current_debt": 88.36451404161882}, "auWNEAR-auWBTC": {"series_std_ratio": 1.27690118691834, "volume_for_slippage_10_percentss": [9.267664849758148], "trade_every": 1800, "collaterals": [625, 1250, 1875, 2500, 3125, 3750, 4375, 625.0, 625.0], "liquidation_incentives": [0.10000000000000009], "stability_pool_initial_balances": [0], "share_institutionals": [0], "recovery_halflife_retails": [0], "price_recovery_times": [0], "l_factors": [0.25, 0.5, 1, 1.5, 2], "json_time": 1670423287.7520666, "current_debt": 88.36451404161882}, "auWNEAR-auUSDT": {"series_std_ratio": 1.7465911126462959, "volume_for_slippage_10_percentss": [55.75924128293991], "trade_every": 1800, "collaterals": [625, 1250, 1875, 2500, 3125, 3750, 4375, 625.0, 625.0], "liquidation_incentives": [0.10000000000000009], "stability_pool_initial_balances": [0], "share_institutionals": [0], "recovery_halflife_retails": [0], "price_recovery_times": [0], "l_factors": [0.25, 0.5, 1, 1.5, 2], "json_time": 1670423287.7520666, "current_debt": 88.36451404161882}, "auSTNEAR-auUSDC": {"series_std_ratio": 1.7465911126462959, "volume_for_slippage_10_percentss": [46.81855350732803], "trade_every": 1800, "collaterals": [625, 1250, 1875, 2500, 3125, 625.0, 625.0], "liquidation_incentives": [0.10000000000000009], "stability_pool_initial_balances": [0], "share_institutionals": [0], "recovery_halflife_retails": [0], "price_recovery_times": [0], "l_factors": [0.25, 0.5, 1, 1.5, 2], "json_time": 1670423287.7520666, "current_debt": 0.0018753979540671393}, "auSTNEAR-auETH": {"series_std_ratio": 1.1824518260272128, "volume_for_slippage_10_percentss": [31.321361362934113], "trade_every": 1800, "collaterals": [625, 1250, 1875, 2500, 3125, 625.0, 625.0], "liquidation_incentives": [0.10000000000000009], "stability_pool_initial_balances": [0], "share_institutionals": [0], "recovery_halflife_retails": [0], "price_recovery_times": [0], "l_factors": [0.25, 0.5, 1, 1.5, 2], "json_time": 1670423287.7520666, "current_debt": 0.0018753979540671393}, "auSTNEAR-auWBTC": {"series_std_ratio": 1.27690118691834,