{"json_time": 1672413300, "USDC": {"oracle": 1.000200114336191, "cex_price": 1, "dex_price": 1}, "WXDAI": {"oracle": 1.0, "cex_price": 1, "dex_price": 1.0003558211453443}, "LINK": {"oracle": 5.485309237553778, "cex_price": 5.4855, "dex_price": 5.902960661928905}, "GNO": {"oracle": 83.89634258398272, "cex_price": 84.05000000000001, "dex_price": 84.73644953017856}, "WBTC": {"oracle": 16500.045358939515, "cex_price": 16542.02, "dex_price": 16609.364359625957}, "WETH": {"oracle": 1193.8740715284844, "cex_price": 1194.3249999999998, "dex_price": 1197.1356933731977}, "FOX": {"oracle": 0.023720029302899258, "cex_price": 0.0234, "dex_price": 0.02368760637995627}, "USDT": {"oracle": 0.9996916179075069, "cex_price": 1, "dex_price": 1.0002555462872211}}