{"json_time": 1676844260, "ETH": {"oracle": 1686.284999999, "cex_price": 1688.085, "dex_price": 1681.3249699073149}, "BNB|bsc": {"oracle": 313.43447, "cex_price": 313.35, "dex_price": 312.34089730001796}, "WBTC|eth": {"oracle": 24536.48, "cex_price": 24528.934999999998, "dex_price": 26898.986746234783}, "pCKB": {"oracle": 0.004577075, "cex_price": 0.004595, "dex_price": 0.004571995753732665}, "USDC": {"oracle": 0.999952, "cex_price": 1, "dex_price": 1}, "USDT": {"oracle": 1.00022, "cex_price": 1, "dex_price": 1.000533580137595}}