{"json_time":1675085483,"DAI":{"USDC":{"volume":2629433032.083123,"llc":1.0377904777754283}},"WETH":{"USDC":{"volume":60864729.231845,"llc":1.039997160280906}},"stETH":{"USDC":{"volume":48167913.782431,"llc":1.0386739355318269}},"WBTC":{"USDC":{"volume":27627736.161314,"llc":1.0399848658270243}},"USDT":{"USDC":{"volume":307207227.926592,"llc":1.0399972129242565}},"sUSD":{"USDC":{"volume":24541100.149874,"llc":1.039528496679115}},"FRAX":{"USDC":{"volume":384373969.584917,"llc":1.0398495765777427}},"GUSD":{"USDC":{"volume":27121793.609099,"llc":1.0399537256051083}},"LUSD":{"USDC":{"volume":44693797.556351,"llc":1.0397111442009799}},"CVX":{"USDC":{"volume":972394.263655,"llc":1.039948821201825}},"FXS":{"USDC":{"volume":1451370.0213829998,"llc":1.0399972054249909}},"LQTY":{"USDC":{"volume":2225399.306137,"llc":1.025316984822802}},"CRV":{"USDC":{"volume":1968645.995504,"llc":1.0399727873583784}},"LDO":{"USDC":{"volume":1170544.8611319999,"llc":1.039992806155453}},"SNX":{"USDC":{"volume":255873.41611699996,"llc":1.0397925976846265}},"wstETH":{"USDC":{"volume":61872868.190461,"llc":1.039891280039815}},"3Crv":{"USDC":{"volume":207526580.840815,"llc":1.0396090767044586}},"steCRV":{"USDC":{"volume":93490360.59909257,"llc":1.0386739355318269}},"FRAX3CRV-f":{"USDC":{"volume":569945825.6231947,"llc":1.0396090767044586}},"LUSD3CRV-f":{"USDC":{"volume":211553606.643253,"llc":1.0397111442009799}},"crvPlain3andSUSD":{"USDC":{"volume":80284766.34447,"llc":1.039528496679115}},"gusd3CRV":{"USDC":{"volume":68732584.2012949,"llc":1.0399537256051083}},"crvFRAX":{"USDC":{"volume":384373969.584917,"llc":1.0398495765777427}},"cvxsteCRV":{"USDC":{"volume":93490360.59909257,"llc":1.0386739355318269}},"stkcvxsteCRV":{"USDC":{"volume":93490360.59909257,"llc":1.0386739355318269}},"cvx3Crv":{"USDC":{"volume":207526580.840815,"llc":1.0396090767044586}},"stkcvx3Crv":{"USDC":{"volume":207526580.840815,"llc":1.0396090767044586}},"cvxFRAX3CRV-f":{"USDC":{"volume":569945825.6231947,"llc":1.0396090767044586}},"stkcvxFRAX3CRV-f":{"USDC":{"volume":569945825.6231947,"llc":1.0396090767044586}},"cvxLUSD3CRV-f":{"USDC":{"volume":211553606.643253,"llc":1.0397111442009799}},"stkcvxLUSD3CRV-f":{"USDC":{"volume":211553606.643253,"llc":1.0397111442009799}},"cvxcrvPlain3andSUSD":{"USDC":{"volume":80284766.34447,"llc":1.039528496679115}},"stkcvxcrvPlain3andSUSD":{"USDC":{"volume":80284766.34447,"llc":1.039528496679115}},"cvxgusd3CRV":{"USDC":{"volume":68732584.2012949,"llc":1.0399537256051083}},"stkcvxgusd3CRV":{"USDC":{"volume":68732584.2012949,"llc":1.0399537256051083}},"yvDAI":{"USDC":{"volume":2629433032.083123,"llc":1.0377904777754283}},"yvUSDC":{"USDC":{"volume":999999999999,"llc":1}},"yvWETH":{"USDC":{"volume":60864729.231845,"llc":1.039997160280906}},"yvWBTC":{"USDC":{"volume":27627736.161314,"llc":1.0399848658270243}},"yvCurve-stETH":{"USDC":{"volume":93490360.59909257,"llc":1.0386739355318269}},"yvCurve-FRAX":{"USDC":{"volume":569945825.6231947,"llc":1.0396090767044586}},"cvxcrvFRAX":{"USDC":{"volume":384373969.584917,"llc":1.0398495765777427}},"stkcvxcrvFRAX":{"USDC":{"volume":384373969.584917,"llc":1.0398495765777427}}}