{"USDC": {"WXDAI": {"volume": 9496248.836040497, "llc": 1.05}, "LINK": {"volume": 1476.8366813659668, "llc": 1.05}, "GNO": {"volume": 54882.54499435425, "llc": 1.05}, "WBTC": {"volume": 20550.30393600464, "llc": 1.05}, "WETH": {"volume": 0.4999664007482553, "llc": 1.05}, "FOX": {"volume": 3384.183406829834, "llc": 1.05}, "USDT": {"volume": 6148855.33285141, "llc": 1.05}, "EURe": {"volume": 489757.59840011597, "llc": 1.05}}, "WXDAI": {"USDC": {"volume": 8399524.468898773, "llc": 1.05}, "LINK": {"volume": 1476.8366813659668, "llc": 1.05}, "GNO": {"volume": 55836.21835708618, "llc": 1.05}, "WBTC": {"volume": 21503.977298736572, "llc": 1.05}, "WETH": {"volume": 0.5, "llc": 1.05}, "FOX": {"volume": 3384.183406829834, "llc": 1.05}, "USDT": {"volume": 6145040.639400482, "llc": 1.05}, "EURe": {"volume": 489757.59840011597, "llc": 1.05}}, "LINK": {"USDC": {"volume": 4337.856769561768, "llc": 1.2}, "WXDAI": {"volume": 4337.856769561768, "llc": 1.2}, "GNO": {"volume": 4337.856769561768, "llc": 1.2}, "WBTC": {"volume": 4337.856769561768, "llc": 1.2}, "WETH": {"volume": 4337.856769561768, "llc": 1.2}, "FOX": {"volume": 3384.183406829834, "llc": 1.2}, "USDT": {"volume": 4337.856769561768, "llc": 1.2}, "EURe": {"volume": 4337.856769561768, "llc": 1.2}}, "GNO": {"USDC": {"volume": 111149.27339553833, "llc": 1.1}, "WXDAI": {"volume": 112102.94675827026, "llc": 1.1}, "LINK": {"volume": 2430.5100440979004, "llc": 1.1}, "WBTC": {"volume": 56789.891719818115, "llc": 1.1}, "WETH": {"volume": 372455.77478408813, "llc": 1.1}, "FOX": {"volume": 5291.530132293701, "llc": 1.1}, "USDT": {"volume": 112102.94675827026, "llc": 1.1}, "EURe": {"volume": 112102.94675827026, "llc": 1.1}}, "WBTC": {"USDC": {"volume": 41531.11791610718, "llc": 1.1}, "WXDAI": {"volume": 42484.79127883911, "llc": 1.1}, "LINK": {"volume": 2430.5100440979004, "llc": 1.1}, "GNO": {"volume": 66326.62534713745, "llc": 1.1}, "WETH": {"volume": 111149.27339553833, "llc": 1.1}, "FOX": {"volume": 5291.530132293701, "llc": 1.1}, "USDT": {"volume": 37716.42446517944, "llc": 1.1}, "EURe": {"volume": 38670.09782791138, "llc": 1.1}}, "WETH": {"USDC": {"volume": 473.44584142111154, "llc": 1.05}, "WXDAI": {"volume": 473.44584142111154, "llc": 1.05}, "LINK": {"volume": 1476.8366813659668, "llc": 1.05}, "GNO": {"volume": 185535.79568862915, "llc": 1.05}, "WBTC": {"volume": 52975.19826889038, "llc": 1.05}, "FOX": {"volume": 3384.183406829834, "llc": 1.05}, "USDT": {"volume": 473.44584142111154, "llc": 1.05}, "EURe": {"volume": 20550.30393600464, "llc": 1.05}}, "FOX": {"USDC": {"volume": 6245.203495025635, "llc": 1.1}, "WXDAI": {"volume": 6245.203495025635, "llc": 1.1}, "LINK": {"volume": 2430.5100440979004, "llc": 1.1}, "GNO": {"volume": 5291.530132293701, "llc": 1.1}, "WBTC": {"volume": 5291.530132293701, "llc": 1.1}, "WETH": {"volume": 5291.530132293701, "llc": 1.1}, "USDT": {"volume": 6245.203495025635, "llc": 1.1}, "EURe": {"volume": 5291.530132293701, "llc": 1.1}}, "USDT": {"USDC": {"volume": 8269824.89156723, "llc": 1.05}, "WXDAI": {"volume": 9336985.384464264, "llc": 1.05}, "LINK": {"volume": 1476.8366813659668, "llc": 1.05}, "GNO": {"volume": 54882.54499435425, "llc": 1.05}, "WBTC": {"volume": 20550.30393600464, "llc": 1.05}, "WETH": {"volume": 0.5000809281977291, "llc": 1.05}, "FOX": {"volume": 3384.183406829834, "llc": 1.05}, "EURe": {"volume": 475452.49795913696, "llc": 1.05}}, "EURe": {"USDC": {"volume": 636594.23828125, "llc": 1.15}, "WXDAI": {"volume": 637569.82421875, "llc": 1.15}, "LINK": {"volume": 3438.96484375, "llc": 1.15}, "GNO": {"volume": 153679.19921875, "llc": 1.15}, "WBTC": {"volume": 56120.60546875, "llc": 1.15}, "WETH": {"volume": 92217.28515625, "llc": 1.15}, "FOX": {"volume": 6365.72265625, "llc": 1.15}, "USDT": {"volume": 636594.23828125, "llc": 1.15}}, "json_time": 1682499565}