{"json_time": 1668402951, "ETH": {"oracle": 1186.2596, "cex_price": 1180.225, "dex_price": 1179.4911796993865}, "BNB|bsc": {"oracle": 269.852899999, "cex_price": 268.45, "dex_price": 268.3864251817826}, "WBTC|eth": {"oracle": 15980.958744549, "cex_price": 15897.355, "dex_price": 16079.827484175345}, "pCKB": {"oracle": 0.002475336, "cex_price": 0.0024149999999999996, "dex_price": 0.002532840046601658}, "USDC": {"oracle": 1.000539993, "cex_price": 1, "dex_price": 1}}