{"json_time": 1695021760, "USDC": {"oracle": 1.000018728520447, "cex_price": 1, "dex_price": 1}, "WXDAI": {"oracle": 1.0, "cex_price": 1, "dex_price": 0.9999638270010445}, "LINK": {"oracle": 6.567181192685778, "cex_price": 6.5715, "dex_price": 7.064169936708648}, "GNO": {"oracle": 100.55918330451894, "cex_price": 100.65, "dex_price": 101.14394722823673}, "WBTC": {"oracle": 26713.11055426621, "cex_price": 26720.555, "dex_price": 26934.771793799242}, "WETH": {"oracle": 1633.818742429348, "cex_price": 1633.2649999999999, "dex_price": 1644.2019840756836}, "FOX": {"oracle": 0.021401029318683824, "cex_price": 0.0213, "dex_price": 0.021670017889194912}, "USDT": {"oracle": 1.0002209825423791, "cex_price": 1, "dex_price": 1.0000674335469766}, "EURe": {"oracle": 1.0660107851479732, "cex_price": 1.06575, "dex_price": 1.067139035805093}, "wstETH": {"oracle": 1862.391246241547, "cex_price": "NaN", "dex_price": 1862.391246241547}}