{"json_time": 1681382815, "USDC": {"oracle": 0.9997859935798074, "cex_price": 1, "dex_price": 1}, "WXDAI": {"oracle": 1.0, "cex_price": 1, "dex_price": 1.0000214905824734}, "LINK": {"oracle": 7.379370381111434, "cex_price": 7.3614999999999995, "dex_price": 7.8459820662626285}, "GNO": {"oracle": 115.25919311579348, "cex_price": 114.9, "dex_price": 115.73343576296786}, "WBTC": {"oracle": 30372.221416822504, "cex_price": 30185.645, "dex_price": 30454.564834723078}, "WETH": {"oracle": 1986.2571877156315, "cex_price": 1987.4650000000001, "dex_price": 1998.394216836424}, "FOX": {"oracle": 0.03423664709941298, "cex_price": 0.0338, "dex_price": 0.03527594379663774}, "USDT": {"oracle": 1.0010000300009, "cex_price": 1, "dex_price": 1.0007134846974657}, "EURe": {"oracle": 1.1010730321909656, "cex_price": 1.0959500000000002, "dex_price": 1.0974660420895939}}