{"json_time": 1669903684, "ETH": {"VST": {"volume": 29863850.843906403, "llc": 1.1}}, "gOHM": {"VST": {"volume": 442073.9302635193, "llc": 1.15}}, "renBTC": {"VST": {"volume": 432537.19663619995, "llc": 1.1}}, "GMX": {"VST": {"volume": 2419038.8112068176, "llc": 1.15}}, "DPX": {"VST": {"volume": 630901.2560844421, "llc": 1.15}}, "sGLP": {"VST": {"volume": 432537.19663619995, "llc": 1.1}}}