{"json_time": 1674660969, "stabilityPoolVstBalance": {"ETH": 765511.2289590713, "gOHM": 1010231.2898993618, "GMX": 34885.535538851684, "DPX": 59178.85637866592, "sGLP": 2469890.994594099}, "stabilityPoolGemBalance": {"ETH": 19605.91323383704, "gOHM": 10064.91269106047, "GMX": 1486.224086661821, "DPX": 142.06793022014463, "sGLP": 0.0}, "bprotocolBalance": {"ETH": 127529.2899467872, "gOHM": 2670.884066044705, "DPX": 2136.3053028254585, "GMX": 781.5498854985921, "sGLP": 0.0}, "bprotocolGemBalance": {"ETH": 0.020915946576409234, "gOHM": 0.0, "DPX": 0.01928983039848691, "GMX": 2.674176377756853, "sGLP": 0.0}}