{"json_time": 1684215705, "data": [{"account": "0x5ce561e048d2cd64523D6316228F97bd2537F92f", "user_collateral_wo_looping": 0.948709300105226, "user_debt_wo_looping": 1.549119}, {"account": "0x7e1a061ca70838e1E79BCcBee306a56746f9e2F8", "user_collateral_wo_looping": 0.004158383908539123, "user_debt_wo_looping": 0.005261589477841196}]}