{"json_time": 1682611237, "ETH-VST": {"series_std_ratio": 1.0, "volume_for_slippage_10_percentss": [8755.048446953297], "trade_every": 1800, "collaterals": [439, 3549, 6660, 9770, 12880, 15991, 19101, 22212, 25322, 28432, 31543, 34653, 37763, 40874, 43984, 47094, 50205, 53315, 56425, 59536, 62646, 65756, 68867, 71977, 75087, 78198, 81308, 84418, 87529, 90639, 18750.0], "liquidation_incentives": [0.10000000000000009], "stability_pool_initial_balances": [0.22371560810103058, 0.11185780405051529, 0.44743121620206117], "share_institutionals": [0.30185773957421924, 0.15092886978710962, 0.6037154791484385, 1], "recovery_halflife_retails": [3.3333333333333335], "price_recovery_times": [0], "l_factors": [0.25, 0.5, 1, 1.5, 2], "json_time": 1682613605.176307, "current_debt": 439.5717855166513}, "gOHM-VST": {"series_std_ratio": 0.5718399563684763, "volume_for_slippage_10_percentss": [297.75385707616806], "trade_every": 1800, "collaterals": [2804, 3179, 3554, 3929, 4305, 4680, 5055, 5431, 5806, 6181, 6556, 6932, 7307, 7682, 8057, 8433, 8808, 9183, 9559, 9934, 10309, 10684, 11060, 11435, 11810, 12186, 12561, 12936, 13311, 13687, 2812.5], "liquidation_incentives": [0.1499999999999999], "stability_pool_initial_balances": [0.025044244366967526, 0.012522122183483763, 0.05008848873393505], "share_institutionals": [0.38496136787522217, 0.19248068393761109, 0.7699227357504443, 1], "recovery_halflife_retails": [3.3333333333333335], "price_recovery_times": [0], "l_factors": [0.25, 0.5, 1, 1.5, 2], "json_time": 1682613605.176307, "current_debt": 2804.0612116950115}, "DPX-VST": {"series_std_ratio": 2.2756095294666916, "volume_for_slippage_10_percentss": [418.1551191210747], "trade_every": 1800, "collaterals": [485, 573, 661, 749, 837, 925, 1013, 1101, 1189, 1277, 1365, 1453, 1541, 1629, 1717, 1805, 1893, 1981, 2069, 2157, 2245, 2333, 2421, 2509, 2597, 2685, 2773, 2861, 2949, 3037, 625.0], "liquidation_incentives": [0.1499999999999999], "stability_pool_initial_balances": [0.0894832381310418, 0.0447416190655209, 0.1789664762620836], "share_institutionals": [0.20884407690367737, 0.10442203845183869, 0.41768815380735475, 1], "recovery_halflife_retails": [3.3333333333333335], "price_recovery_times": [2], "l_factors": [0.25, 0.5, 1, 1.5, 2], "json_time": 1682613605.176307, "current_debt": 485.6695671890962}, "GMX-VST": {"series_std_ratio": 2.0308729755116706, "volume_for_slippage_10_percentss": [6527.625099122524], "trade_every": 1800, "collaterals": [100, 514, 927, 1340, 1753, 2167, 2580, 2993, 3407, 3820, 4233, 4647, 5060, 5473, 5887, 6300, 6713, 7126, 7540, 7953, 8366, 8780, 9193, 9606, 10020, 10433, 10846, 11260, 11673, 12086, 2500.0], "liquidation_incentives": [0.1499999999999999], "stability_pool_initial_balances": [0.3410509212720599, 0.17052546063602994, 0.6821018425441198], "share_institutionals": [0.3853918353081298, 0.1926959176540649, 0.7707836706162596, 1], "recovery_halflife_retails": [3.3333333333333335], "price_recovery_times": [0], "l_factors": [0.25, 0.5, 1, 1.5, 2], "json_time": 1682613605.176307, "current_debt": 100.76369381695719}, "sGLP-VST": {"series_std_ratio": 0.6132330529291525, "volume_for_slippage_10_percentss": [5816.542398035526], "trade_every": 1800, "collaterals": [323, 364, 406, 447, 488, 530, 571, 612, 653, 695, 736, 777, 819, 860, 901, 943, 984, 1025, 1066, 1108, 1149, 1190, 1232, 1273, 1314, 1356, 1397, 1438, 1479, 1521, 312.5], "liquidation_incentives": [0.10000000000000009], "stability_pool_initial_balances": [0.00013518828603593044, 6.759414301796522e-05, 0.00027037657207186087], "share_institutionals": [0.0, 0.0, 0.0, 1], "recovery_halflife_retails": [3.3333333333333335], "price_recovery_times": [0], "l_factors": [0.25, 0.5, 1, 1.5, 2], "json_time": 1682613605.176307, "current_debt": 323.54419775498513}}