{"json_time": 1682611237, "ETH": {"VST": {"volume": 14008077.515125275, "llc": 1.1}}, "gOHM": {"VST": {"volume": 476406.1713218689, "llc": 1.15}}, "GMX": {"VST": {"volume": 10444200.158596039, "llc": 1.15}}, "DPX": {"VST": {"volume": 669048.1905937195, "llc": 1.15}}, "sGLP": {"VST": {"volume": 9306467.836856842, "llc": 1.1}}}