{"json_time": 1665552840, "ETH": {"oracle": 1290.2, "cex_price": 1298.2649999999999, "dex_price": 1298.8600174073777}, "BNB|bsc": {"oracle": 272.0946, "cex_price": 272.55, "dex_price": 272.65232449407966}, "WBTC|eth": {"oracle": 19088.2191, "cex_price": 19160.67, "dex_price": 19175.127040969084}, "pCKB": {"oracle": 0.003728313, "cex_price": 0.0037549999999999997, "dex_price": 0.003743193429488295}, "USDC": {"oracle": 0.999945, "cex_price": 1, "dex_price": 1}}