{"json_time": 1679596988, "ETH-VST": {"series_std_ratio": 1.0, "volume_for_slippage_10_percentss": [16604.376268088818], "trade_every": 1800, "collaterals": [448, 3558, 6669, 9779, 12889, 15999, 19109, 22219, 25329, 28439, 31549, 34659, 37769, 40879, 43989, 47099, 50209, 53319, 56429, 59539, 62649, 65759, 68869, 71979, 75089, 78199, 81309, 84419, 87529, 90639, 18750.0], "liquidation_incentives": [0.10000000000000009], "stability_pool_initial_balances": [0.3104331195473077, 0.15521655977365384, 0.6208662390946154], "share_institutionals": [0.48355461584508763, 0.24177730792254382, 0.9671092316901753, 1], "recovery_halflife_retails": [3.3333333333333335], "price_recovery_times": [0], "l_factors": [0.25, 0.5, 1, 1.5, 2], "json_time": 1679600677.27296, "current_debt": 448.940088858223}, "gOHM-VST": {"series_std_ratio": 0.5718399563684763, "volume_for_slippage_10_percentss": [234.57299679517746], "trade_every": 1800, "collaterals": [2747, 3124, 3501, 3878, 4255, 4632, 5010, 5387, 5764, 6141, 6518, 6896, 7273, 7650, 8027, 8404, 8781, 9159, 9536, 9913, 10290, 10667, 11045, 11422, 11799, 12176, 12553, 12930, 13308, 13685, 2812.5], "liquidation_incentives": [0.1499999999999999], "stability_pool_initial_balances": [0.013795655697643768, 0.006897827848821884, 0.027591311395287536], "share_institutionals": [0.38300078188636283, 0.19150039094318141, 0.7660015637727257, 1], "recovery_halflife_retails": [3.3333333333333335], "price_recovery_times": [0], "l_factors": [0.25, 0.5, 1, 1.5, 2], "json_time": 1679600677.27296, "current_debt": 2747.0615784786514}, "DPX-VST": {"series_std_ratio": 2.2756095294666916, "volume_for_slippage_10_percentss": [735.84755808115], "trade_every": 1800, "collaterals": [503, 799, 1095, 1390, 1686, 1982, 2278, 2573, 2869, 3165, 3460, 3756, 4052, 4348, 4643, 4939, 5235, 5530, 5826, 6122, 6417, 6713, 7009, 7305, 7600, 7896, 8192, 8487, 8783, 9079, 1875.0], "liquidation_incentives": [0.1499999999999999], "stability_pool_initial_balances": [0.034689052717686755, 0.017344526358843378, 0.06937810543537351], "share_institutionals": [0.03958400313880237, 0.019792001569401186, 0.07916800627760474, 1], "recovery_halflife_retails": [3.3333333333333335], "price_recovery_times": [2], "l_factors": [0.25, 0.5, 1, 1.5, 2], "json_time": 1679600677.27296, "current_debt": 503.8787311573854}, "GMX-VST": {"series_std_ratio": 2.0308729755116706, "volume_for_slippage_10_percentss": [8717.497558295727], "trade_every": 1800, "collaterals": [55, 469, 884, 1299, 1714, 2129, 2544, 2958, 3373, 3788, 4203, 4618, 5033, 5447, 5862, 6277, 6692, 7107, 7522, 7936, 8351, 8766, 9181, 9596, 10011, 10425, 10840, 11255, 11670, 12085, 2500.0], "liquidation_incentives": [0.1499999999999999], "stability_pool_initial_balances": [0.35949404094639353, 0.17974702047319677, 0.7189880818927871], "share_institutionals": [0.005659060415337828, 0.002829530207668914, 0.011318120830675656, 1], "recovery_halflife_retails": [3.3333333333333335], "price_recovery_times": [0], "l_factors": [0.25, 0.5, 1, 1.5, 2], "json_time": 1679600677.27296, "current_debt": 55.104422806324685}, "sGLP-VST": {"series_std_ratio": 0.6132330529291525, "volume_for_slippage_10_percentss": [10373.908980190754], "trade_every": 1800, "collaterals": [312, 353, 395, 437, 478, 520, 562, 603, 645, 687, 728, 770, 812, 853, 895, 937, 978, 1020, 1062, 1104, 1145, 1187, 1229, 1270, 1312, 1354, 1395, 1437, 1479, 1520, 312.5], "liquidation_incentives": [0.10000000000000009], "stability_pool_initial_balances": [0.004319638872206435, 0.0021598194361032177, 0.00863927774441287], "share_institutionals": [0.0, 0.0, 0.0, 1], "recovery_halflife_retails": [3.3333333333333335], "price_recovery_times": [0], "l_factors": [0.25, 0.5, 1, 1.5, 2], "json_time": 1679600677.27296, "current_debt": 312.0505859992717}}