{"json_time": 1679596988, "ETH": {"VST": {"volume": 26567002.02894211, "llc": 1.1}}, "gOHM": {"VST": {"volume": 375316.79487228394, "llc": 1.15}}, "GMX": {"VST": {"volume": 13947996.093273163, "llc": 1.15}}, "DPX": {"VST": {"volume": 1177356.09292984, "llc": 1.15}}, "sGLP": {"VST": {"volume": 16598254.368305206, "llc": 1.1}}}