{"json_time": 1670079380, "USDC": {"oracle": 1.0000335404366965, "cex_price": 1, "dex_price": 1}, "WXDAI": {"oracle": 1.0, "cex_price": 1, "dex_price": 1.000464877968928}, "LINK": {"oracle": 7.415280656954153, "cex_price": 7.436, "dex_price": 7.918675043662206}, "GNO": {"oracle": 92.31877560045832, "cex_price": 92.25, "dex_price": 92.24266740352061}, "WBTC": {"oracle": 16996.17453308242, "cex_price": 16965.415, "dex_price": 17071.63719902917}, "WETH": {"oracle": 1266.9897276362537, "cex_price": 1273.9050000000002, "dex_price": 1275.8736296930513}, "FOX": {"oracle": 0.033118641204708484, "cex_price": 0.0332, "dex_price": 0.03338975555122798}}