{"USDC": {"WXDAI": {"volume": 3744644.7854042053, "llc": 1.05}, "LINK": {"volume": 1476.8366813659668, "llc": 1.05}, "GNO": {"volume": 71094.99216079712, "llc": 1.05}, "WBTC": {"volume": 18642.95721054077, "llc": 1.05}, "WETH": {"volume": 68233.97207260132, "llc": 1.05}, "FOX": {"volume": 3384.183406829834, "llc": 1.05}}, "WXDAI": {"USDC": {"volume": 3943962.5182151794, "llc": 1.05}, "LINK": {"volume": 2430.5100440979004, "llc": 1.05}, "GNO": {"volume": 92075.80614089966, "llc": 1.05}, "WBTC": {"volume": 18642.95721054077, "llc": 1.05}, "WETH": {"volume": 68233.97207260132, "llc": 1.05}, "FOX": {"volume": 3384.183406829834, "llc": 1.05}}, "LINK": {"USDC": {"volume": 3384.183406829834, "llc": 1.1}, "WXDAI": {"volume": 3384.183406829834, "llc": 1.1}, "GNO": {"volume": 3384.183406829834, "llc": 1.1}, "WBTC": {"volume": 3384.183406829834, "llc": 1.1}, "WETH": {"volume": 3384.183406829834, "llc": 1.1}, "FOX": {"volume": 2430.5100440979004, "llc": 1.1}}, "GNO": {"USDC": {"volume": 141666.8210029602, "llc": 1.1}, "WXDAI": {"volume": 188396.81577682495, "llc": 1.1}, "LINK": {"volume": 2430.5100440979004, "llc": 1.1}, "WBTC": {"volume": 40577.444553375244, "llc": 1.1}, "WETH": {"volume": 302837.619304657, "llc": 1.1}, "FOX": {"volume": 5291.530132293701, "llc": 1.1}}, "WBTC": {"USDC": {"volume": 36762.75110244751, "llc": 1.1}, "WXDAI": {"volume": 36762.75110244751, "llc": 1.1}, "LINK": {"volume": 2430.5100440979004, "llc": 1.1}, "GNO": {"volume": 41531.11791610718, "llc": 1.1}, "WETH": {"volume": 49160.50481796265, "llc": 1.1}, "FOX": {"volume": 5291.530132293701, "llc": 1.1}}, "WETH": {"USDC": {"volume": 68233.97207260132, "llc": 1.05}, "WXDAI": {"volume": 69187.64543533325, "llc": 1.05}, "LINK": {"volume": 1476.8366813659668, "llc": 1.05}, "GNO": {"volume": 143574.16772842407, "llc": 1.05}, "WBTC": {"volume": 25318.670749664307, "llc": 1.05}, "FOX": {"volume": 3384.183406829834, "llc": 1.05}}, "FOX": {"USDC": {"volume": 6245.203495025635, "llc": 1.1}, "WXDAI": {"volume": 8152.550220489502, "llc": 1.1}, "LINK": {"volume": 2430.5100440979004, "llc": 1.1}, "GNO": {"volume": 7198.876857757568, "llc": 1.1}, "WBTC": {"volume": 5291.530132293701, "llc": 1.1}, "WETH": {"volume": 7198.876857757568, "llc": 1.1}}, "json_time": 1670079380}