{"json_time": 1680958043, "stabilityPoolVstBalance": {"ETH": 226001.76335744318, "gOHM": 94485.83586143718, "GMX": 32177.39919241577, "DPX": 23907.623462216656, "sGLP": 56.53984133660894}, "stabilityPoolGemBalance": {"ETH": 24775.328955717996, "gOHM": 12021.106325833574, "GMX": 6377.813757755652, "DPX": 9196.752760942747, "sGLP": 0.0}, "bprotocolBalance": {"ETH": 107835.8760433019, "gOHM": 23310.62745972138, "DPX": 1019.1291174776147, "GMX": 230.4303163929468, "sGLP": 0.0}, "bprotocolGemBalance": {"ETH": 0.011601251790207033, "gOHM": 0.0, "DPX": 0.5649622077053011, "GMX": 0.0974478373161398, "sGLP": 0.0}}