{"json_time": 1667831520, "VST": {"total_collateral": "0.0", "median_collateral": "nan", "top_1_collateral": "0.0", "top_10_collateral": "0.0", "total_debt": "0.0", "median_debt": "nan", "top_1_debt": "nan", "top_10_debt": "0.0", "graph_data": {"ETH": {"4.9": 0, "4.800000000000001": 0, "4.7": 0, "4.6000000000000005": 0, "4.5": 0, "4.4": 0, "4.3": 0, "4.2": 0, "4.1000000000000005": 0, "4.0": 0, "3.9000000000000004": 0, "3.8000000000000003": 0, "3.7": 0, "3.6": 0, "3.5": 0, "3.4000000000000004": 0, "3.3000000000000003": 0, "3.2": 0, "3.1": 0, "3.0": 0, "2.9000000000000004": 0, "2.8000000000000003": 0, "2.7": 0, "2.6": 0, "2.5": 0, "2.4000000000000004": 0, "2.3000000000000003": 0, "2.2": 0, "2.1": 0, "2.0": 0, "1.9000000000000001": 0, "1.8": 0, "1.7000000000000002": 0, "1.6": 0, "1.5": 0, "1.4000000000000001": 0, "1.3": 0, "1.2000000000000002": 0}, "gOHM": {"4.9": 0, "4.800000000000001": 0, "4.7": 0, "4.6000000000000005": 0, "4.5": 0, "4.4": 0, "4.3": 0, "4.2": 0, "4.1000000000000005": 0, "4.0": 0, "3.9000000000000004": 0, "3.8000000000000003": 0, "3.7": 0, "3.6": 0, "3.5": 0, "3.4000000000000004": 0, "3.3000000000000003": 0, "3.2": 0, "3.1": 0, "3.0": 0, "2.9000000000000004": 0, "2.8000000000000003": 0, "2.7": 0, "2.6": 0, "2.5": 0, "2.4000000000000004": 0, "2.3000000000000003": 0, "2.2": 0, "2.1": 0, "2.0": 0, "1.9000000000000001": 0, "1.8": 0, "1.7000000000000002": 0, "1.6": 0, "1.5": 0, "1.4000000000000001": 0, "1.3": 0}, "renBTC": {"4.9": 0, "4.800000000000001": 0, "4.7": 0, "4.6000000000000005": 0, "4.5": 0, "4.4": 0, "4.3": 0, "4.2": 0, "4.1000000000000005": 0, "4.0": 0, "3.9000000000000004": 0, "3.8000000000000003": 0, "3.7": 0, "3.6": 0, "3.5": 0, "3.4000000000000004": 0, "3.3000000000000003": 0, "3.2": 0, "3.1": 0, "3.0": 0, "2.9000000000000004": 0}, "GMX": {"4.9": 0, "4.800000000000001": 0, "4.7": 0, "4.6000000000000005": 0, "4.5": 0, "4.4": 0, "4.3": 0, "4.2": 0, "4.1000000000000005": 0, "4.0": 0, "3.9000000000000004": 0, "3.8000000000000003": 0, "3.7": 0, "3.6": 0, "3.5": 0, "3.4000000000000004": 0, "3.3000000000000003": 0, "3.2": 0, "3.1": 0, "3.0": 0, "2.9000000000000004": 0, "2.8000000000000003": 0, "2.7": 0, "2.6": 0, "2.5": 0, "2.4000000000000004": 0, "2.3000000000000003": 0, "2.2": 0, "2.1": 0, "2.0": 0, "1.9000000000000001": 0, "1.8": 0, "1.7000000000000002": 0, "1.6": 0, "1.5": 0, "1.4000000000000001": 0, "1.3": 0, "1.2000000000000002": 0, "1.1": 0, "1.0": 0}, "DPX": {"4.9": 0, "4.800000000000001": 0, "4.7": 0, "4.6000000000000005": 0, "4.5": 0, "4.4": 0, "4.3": 0, "4.2": 0, "4.1000000000000005": 0, "4.0": 0, "3.9000000000000004": 0, "3.8000000000000003": 0, "3.7": 0, "3.6": 0, "3.5": 0, "3.4000000000000004": 0, "3.3000000000000003": 0, "3.2": 0, "3.1": 0, "3.0": 0, "2.9000000000000004": 0, "2.8000000000000003": 0, "2.7": 0, "2.6": 0, "2.5": 0, "2.4000000000000004": 0}, "sGLP": {"4.9": 0, "4.800000000000001": 0, "4.7": 0, "4.6000000000000005": 0, "4.5": 0, "4.4": 0, "4.3": 0, "4.2": 0, "4.1000000000000005": 0, "4.0": 0, "3.9000000000000004": 0, "3.8000000000000003": 0, "3.7": 0, "3.6": 0, "3.5": 0, "3.4000000000000004": 0, "3.3000000000000003": 0, "3.2": 0, "3.1": 0, "3.0": 0, "2.9000000000000004": 0, "2.8000000000000003": 0, "2.7": 0, "2.6": 0, "2.5": 0, "2.4000000000000004": 0, "2.3000000000000003": 0, "2.2": 0, "2.1": 0, "2.0": 0, "1.9000000000000001": 0, "1.8": 0, "1.7000000000000002": 0, "1.6": 0, "1.5": 0, "1.4000000000000001": 0, "1.3": 0, "1.2000000000000002": 0, "1.1": 0}}}, "ETH": {"total_collateral": "1132840.1987787064", "median_collateral": "3325.941988709404", "top_1_collateral": "94941.0149496", "top_10_collateral": "563237.571188502", "total_debt": "454224.15672113677", "median_debt": "1236.0", "top_1_debt": "37200.0", "top_10_debt": "218828.874293875", "graph_data": {"VST": {"7753.516220884": 330, "7595.281195968001": 330, "7437.046171052": 330, "7278.811146136": 330, "7120.57612122": 330, "6962.3410963040005": 330, "6804.106071388": 330, "6645.871046472": 330, "6487.636021556001": 330, "6329.40099664": 330, "6171.165971724001": 330, "6012.930946808": 330, "5854.695921892": 330, "5696.460896976": 330, "5538.22587206": 330, "5379.990847144": 330, "5221.755822228": 330, "5063.5207973120005": 330, "4905.285772396": 330, "4747.05074748": 330, "4588.815722564001": 330, "4430.580697648001": 330, "4272.345672732": 330, "4114.110647816": 330, "3955.8756229": 330, "3797.6405979840006": 330, "3639.405573068": 330, "3481.1705481520003": 330, "3322.935523236": 330, "3164.70049832": 330, "3006.465473404": 330, "2848.230448488": 330, "2689.995423572": 330, "2531.7603986560002": 330, "2373.52537374": 330, "2215.2903488240004": 330, "2057.055323908": 330, "1898.8202989920003": 330, "1740.5852740760001": 330, "1582.35024916": 330, "1424.115224244": 330, "1265.8801993280001": 12958, "1107.6451744120002": 41726, "949.4101494960001": 79544, "791.17512458": 202090, "632.9400996640001": 360877, "474.7050747480001": 397527, "316.47004983200003": 451741, "158.23502491600001": 453977, "0.0": 454527}, "GMX": {"7753.516220884": 0, "7595.281195968001": 0, "7437.046171052": 0, "7278.811146136": 0, "7120.57612122": 0, "6962.3410963040005": 0, "6804.106071388": 0, "6645.871046472": 0, "6487.636021556001": 0, "6329.40099664": 0, "6171.165971724001": 0, "6012.930946808": 0, "5854.695921892": 0, "5696.460896976": 0, "5538.22587206": 0, "5379.990847144": 0, "5221.755822228": 0, "5063.5207973120005": 0, "4905.285772396": 0, "4747.05074748": 0, "4588.815722564001": 0, "4430.580697648001": 0, "4272.345672732": 0, "4114.110647816": 0, "3955.8756229": 0, "3797.6405979840006": 0, "3639.405573068": 0, "3481.1705481520003": 0, "3322.935523236": 0, "3164.70049832": 0, "3006.465473404": 0, "2848.230448488": 0, "2689.995423572": 0, "2531.7603986560002": 0, "2373.52537374": 0, "2215.2903488240004": 0, "2057.055323908": 0, "1898.8202989920003": 0, "1740.5852740760001": 0, "1582.35024916": 0, "1424.115224244": 0, "1265.8801993280001": 0, "1107.6451744120002": 0, "949.4101494960001": 0, "791.17512458": 0, "632.9400996640001": 0, "474.7050747480001": 0, "316.47004983200003": 0, "158.23502491600001": 0, "0.0": 0}}}, "gOHM": {"total_collateral": "15830533.078179276", "median_collateral": "25108.12240263328", "top_1_collateral": "2181466.7091133664", "top_10_collateral": "10350503.647002265", "total_debt": "5693817.083786561", "median_debt": "8916.8036287319", "top_1_debt": "870626.3382400485", "top_10_debt": "3876133.822622235", "graph_data": {"VST": {"12767.21762697995": 330, "12506.66216520485": 330, "12246.106703429748": 330, "11985.551241654648": 330, "11724.995779879546": 330, "11464.440318104445": 330, "11203.884856329343": 330, "10943.329394554243": 330, "10682.773932779142": 330, "10422.21847100404": 330, "10161.66300922894": 330, "9901.10754745384": 330, "9640.552085678737": 330, "9379.996623903637": 330, "9119.441162128534": 330, "8858.885700353436": 330, "8598.330238578334": 330, "8337.774776803233": 330, "8077.219315028131": 330, "7816.6638532530305": 330, "7556.10839147793": 330, "7295.552929702829": 330, "7034.9974679277275": 330, "6774.442006152626": 330, "6513.886544377525": 330, "6253.331082602425": 330, "5992.775620827324": 330, "5732.220159052223": 330, "5471.664697277121": 330, "5211.10923550202": 330, "4950.55377372692": 330, "4689.998311951818": 330, "4429.442850176718": 330, "4168.887388401617": 330, "3908.3319266265153": 330, "3647.7764648514144": 330, "3387.221003076313": 330, "3126.6655413012127": 330, "2866.1100795261113": 330, "2605.55461775101": 330, "2344.999155975909": 330, "2084.4436942008083": 330, "1823.8882324257072": 1293571, "1563.3327706506063": 2107531, "1302.777308875505": 4126799, "1042.2218471004041": 5147134, "781.6663853253032": 5319190, "521.1109235502021": 5680923, "260.55546177510104": 5693103, "0.0": 5694103}, "GMX": {"12767.21762697995": 0, "12506.66216520485": 0, "12246.106703429748": 0, "11985.551241654648": 0, "11724.995779879546": 0, "11464.440318104445": 0, "11203.884856329343": 0, "10943.329394554243": 0,