{"json_time": 1681901650, "USDC": {"oracle": 0.9998330677829912, "cex_price": 1, "dex_price": 1}, "WXDAI": {"oracle": 1.0, "cex_price": 1, "dex_price": 1.000030125401262}, "LINK": {"oracle": 8.043504430004589, "cex_price": 8.087499999999999, "dex_price": 8.537656561356231}, "GNO": {"oracle": 113.16958925063336, "cex_price": 112.95, "dex_price": 114.7714111929774}, "WBTC": {"oracle": 29201.76116131296, "cex_price": 29308.155, "dex_price": 29415.640649120825}, "WETH": {"oracle": 1976.8731020411506, "cex_price": 1983.505, "dex_price": 1997.0261594134038}, "FOX": {"oracle": 0.033634326392499574, "cex_price": 0.034, "dex_price": 0.0336343581681478}, "USDT": {"oracle": 1.0005531636205462, "cex_price": 1, "dex_price": 1.000700506365664}, "EURe": {"oracle": 1.0936355419542787, "cex_price": 1.08805, "dex_price": 1.0952370137520802}}