{"json_time": 1692625731, "ETH": {"VST": {"volume": 47776697.61610031, "llc": 1.1}}, "gOHM": {"VST": {"volume": 204609.26294326782, "llc": 1.15}}, "GMX": {"VST": {"volume": 4921477.715015411, "llc": 1.15}}, "DPX": {"VST": {"volume": 288532.518863678, "llc": 1.15}}, "sGLP": {"VST": {"volume": 46297550.23050308, "llc": 1.1}}}