{"json_time": 1673629515, "VST": {"oracle": 0.9770242591357315, "cex_price": 1, "dex_price": 1}, "ETH": {"oracle": 1418.88, "cex_price": 1421.475, "dex_price": 1421.5542014354126}, "gOHM": {"oracle": 2520.093400251196, "cex_price": "NaN", "dex_price": 2564.5933438628476}, "GMX": {"oracle": 46.60901118947313, "cex_price": "NaN", "dex_price": 46.85648119653145}, "DPX": {"oracle": 259.15945871, "cex_price": "NaN", "dex_price": 260.1848835136155}, "sGLP": {"oracle": 0.8905599430419912, "cex_price": "NaN", "dex_price": "NaN"}}