{"json_time": 1673629515, "ETH-VST": {"series_std_ratio": 1.0, "volume_for_slippage_10_percentss": [23911.30236417055], "trade_every": 1800, "collaterals": [242, 3358, 6475, 9592, 12709, 15826, 18943, 22060, 25177, 28294, 31411, 34528, 37645, 40762, 43879, 46996, 50112, 53229, 56346, 59463, 62580, 65697, 68814, 71931, 75048, 78165, 81282, 84399, 87516, 90633, 18750.0], "liquidation_incentives": [0.10000000000000009], "stability_pool_initial_balances": [1.9294661754234268, 0.9647330877117134, 3.8589323508468536], "share_institutionals": [0.17480408181303111, 0.08740204090651556, 0.34960816362606223, 1], "recovery_halflife_retails": [3.3333333333333335], "price_recovery_times": [0], "l_factors": [0.25, 0.5, 1, 1.5, 2], "json_time": 1673633104.22458, "current_debt": 242.03972522839769}, "gOHM-VST": {"series_std_ratio": 0.5718399563684763, "volume_for_slippage_10_percentss": [212.5193002820015], "trade_every": 1800, "collaterals": [3177, 3696, 4215, 4734, 5253, 5772, 6291, 6810, 7330, 7849, 8368, 8887, 9406, 9925, 10444, 10963, 11482, 12001, 12520, 13040, 13559, 14078, 14597, 15116, 15635, 16154, 16673, 17192, 17711, 18230, 3750.0], "liquidation_incentives": [0.1499999999999999], "stability_pool_initial_balances": [0.1947981125512287, 0.09739905627561435, 0.3895962251024574], "share_institutionals": [0.005396364751269522, 0.002698182375634761, 0.010792729502539044, 1], "recovery_halflife_retails": [3.3333333333333335], "price_recovery_times": [0], "l_factors": [0.25, 0.5, 1, 1.5, 2], "json_time": 1673633104.22458, "current_debt": 3177.3519004751347}, "DPX-VST": {"series_std_ratio": 2.2756095294666916, "volume_for_slippage_10_percentss": [433.05626541376114], "trade_every": 1800, "collaterals": [211, 621, 1030, 1440, 1850, 2259, 2669, 3078, 3488, 3898, 4307, 4717, 5127, 5536, 5946, 6355, 6765, 7175, 7584, 7994, 8403, 8813, 9223, 9632, 10042, 10451, 10861, 11271, 11680, 12090, 2500.0], "liquidation_incentives": [0.1499999999999999], "stability_pool_initial_balances": [0.1298967810302821, 0.06494839051514105, 0.2597935620605642], "share_institutionals": [0.04747705816701769, 0.023738529083508843, 0.09495411633403537, 1], "recovery_halflife_retails": [3.3333333333333335], "price_recovery_times": [2], "l_factors": [0.25, 0.5, 1, 1.5, 2], "json_time": 1673633104.22458, "current_debt": 211.7347154194323}, "GMX-VST": {"series_std_ratio": 2.0308729755116706, "volume_for_slippage_10_percentss": [1391.4979949593544], "trade_every": 1800, "collaterals": [51, 466, 881, 1296, 1711, 2126, 2540, 2955, 3370, 3785, 4200, 4615, 5030, 5445, 5860, 6275, 6690, 7105, 7520, 7935, 8350, 8765, 9180, 9595, 10010, 10425, 10840, 11255, 11670, 12085, 2500.0], "liquidation_incentives": [0.1499999999999999], "stability_pool_initial_balances": [0.7282141562672813, 0.3641070781336406, 1.4564283125345625], "share_institutionals": [0.007897379026585305, 0.003948689513292652, 0.01579475805317061, 1], "recovery_halflife_retails": [3.3333333333333335], "price_recovery_times": [0], "l_factors": [0.25, 0.5, 1, 1.5, 2], "json_time": 1673633104.22458, "current_debt": 51.24101473425354}, "sGLP-VST": {"series_std_ratio": 0.6132330529291525, "volume_for_slippage_10_percentss": [26738.943884670734], "trade_every": 1800, "collaterals": [2186, 2842, 3499, 4155, 4811, 5468, 6124, 6780, 7436, 8093, 8749, 9405, 10062, 10718, 11374, 12030, 12687, 13343, 13999, 14655, 15312, 15968, 16624, 17281, 17937, 18593, 19249, 19906, 20562, 21218, 4375.0], "liquidation_incentives": [0.10000000000000009], "stability_pool_initial_balances": [0.6896311810736473, 0.34481559053682365, 1.3792623621472946], "share_institutionals": [0.0, 0.0, 0.0, 1], "recovery_halflife_retails": [3.3333333333333335], "price_recovery_times": [0], "l_factors": [0.25, 0.5, 1, 1.5, 2], "json_time": 1673633104.22458, "current_debt": 2186.670155325279}}