{"json_time": 1686333610, "data": [{"account": "0x5ce561e048d2cd64523D6316228F97bd2537F92f", "user_collateral_wo_looping": 0.840127488326011, "user_debt_wo_looping": 1.5498939893989399}, {"account": "0x7e1a061ca70838e1E79BCcBee306a56746f9e2F8", "user_collateral_wo_looping": 0.004158524582348925, "user_debt_wo_looping": 0.00534988704445629}, {"account": "0x4F1fdB46D6B90b33896c79D390cC348Ec8B73B39", "user_collateral_wo_looping": 0.00802805779726438, "user_debt_wo_looping": 0.008491715033678222}]}