{"json_time": 1686729340, "data": [{"account": "0x5ce561e048d2cd64523D6316228F97bd2537F92f", "user_collateral_wo_looping": 0.7539041596678557, "user_debt_wo_looping": 1.54998499849985}, {"account": "0x7e1a061ca70838e1E79BCcBee306a56746f9e2F8", "user_collateral_wo_looping": 0.004158544716243317, "user_debt_wo_looping": 0.005055851868746631}, {"account": "0x9A4B0dA9E8e5c7135cd7188Bd2e84DAc513C594b", "user_collateral_wo_looping": 0.0013543928694414436, "user_debt_wo_looping": 0.0013865316716123852}, {"account": "0xc43e5C94f0fCf442Db226aB78F4985607d366052", "user_collateral_wo_looping": 4.7038942615385085e-05, "user_debt_wo_looping": 5.000500050005001e-05}]}