{"json_time": 1671721455, "data": [{"account": "0x5ce561e048d2cd64523D6316228F97bd2537F92f", "user_collateral_wo_looping": 1.0846498068551775, "user_debt_wo_looping": 1.5439707914057024}, {"account": "0x9A4B0dA9E8e5c7135cd7188Bd2e84DAc513C594b", "user_collateral_wo_looping": 0.001070167974533057, "user_debt_wo_looping": 0.0013813508081189536}]}