{"ETH": {"BNB|bsc": {"volume": 10059.89694595337, "llc": 1.1}, "WBTC|eth": {"volume": 3384.183406829834, "llc": 1.1}, "pCKB": {"volume": 28179.690837860107, "llc": 1.1}, "USDC": {"volume": 21503.977298736572, "llc": 1.1}, "USDT": {"volume": 21503.977298736572, "llc": 1.1}}, "BNB|bsc": {"ETH": {"volume": 10059.89694595337, "llc": 1.1}, "WBTC|eth": {"volume": 3384.183406829834, "llc": 1.1}, "pCKB": {"volume": 14828.263759613037, "llc": 1.1}, "USDC": {"volume": 12920.91703414917, "llc": 1.1}, "USDT": {"volume": 12920.91703414917, "llc": 1.1}}, "WBTC|eth": {"ETH": {"volume": 3384.183406829834, "llc": 1.1}, "BNB|bsc": {"volume": 3384.183406829834, "llc": 1.1}, "pCKB": {"volume": 3384.183406829834, "llc": 1.1}, "USDC": {"volume": 3384.183406829834, "llc": 1.1}, "USDT": {"volume": 3384.183406829834, "llc": 1.1}}, "pCKB": {"ETH": {"volume": 28179.690837860107, "llc": 1.1}, "BNB|bsc": {"volume": 14828.263759613037, "llc": 1.1}, "WBTC|eth": {"volume": 3384.183406829834, "llc": 1.1}, "USDC": {"volume": 77770.70569992065, "llc": 1.1}, "USDT": {"volume": 74909.68561172485, "llc": 1.1}}, "USDC": {"ETH": {"volume": 21503.977298736572, "llc": 1.1}, "BNB|bsc": {"volume": 12920.91703414917, "llc": 1.1}, "WBTC|eth": {"volume": 3384.183406829834, "llc": 1.1}, "pCKB": {"volume": 77770.70569992065, "llc": 1.1}, "USDT": {"volume": 143574.16772842407, "llc": 1.1}}, "USDT": {"ETH": {"volume": 20550.30393600464, "llc": 1.1}, "BNB|bsc": {"volume": 11967.243671417236, "llc": 1.1}, "WBTC|eth": {"volume": 3384.183406829834, "llc": 1.1}, "pCKB": {"volume": 51067.851543426514, "llc": 1.1}, "USDC": {"volume": 59650.911808013916, "llc": 1.1}}, "json_time": 1680804628}