{"json_time": 1675617137, "stabilityPoolVstBalance": {"ETH": 739035.7625967559, "gOHM": 991285.2913589773, "GMX": 43579.73073702333, "DPX": 70083.70028981403, "sGLP": 2418986.422153351}, "stabilityPoolGemBalance": {"ETH": 19714.172387608174, "gOHM": 10318.822976419942, "GMX": 1948.9554538207904, "DPX": 171.23228242562433, "sGLP": 0.0}, "bprotocolBalance": {"ETH": 124709.73608326569, "gOHM": 2611.8333060931936, "DPX": 2089.0735816047386, "GMX": 586.1853312350362, "sGLP": 0.0}, "bprotocolGemBalance": {"ETH": 0.020915946576409234, "gOHM": 0.0, "DPX": 0.01928983039848691, "GMX": 0.6967424692066706, "sGLP": 0.0}}