{"USDC": {"WXDAI": {"volume": 3425164.2088890076, "llc": 1.05}, "LINK": {"volume": 1476.8366813659668, "llc": 1.05}, "GNO": {"volume": 68233.97207260132, "llc": 1.05}, "WBTC": {"volume": 25318.670749664307, "llc": 1.05}, "WETH": {"volume": 68233.97207260132, "llc": 1.05}, "FOX": {"volume": 3384.183406829834, "llc": 1.05}}, "WXDAI": {"USDC": {"volume": 3962082.312107086, "llc": 1.05}, "LINK": {"volume": 2430.5100440979004, "llc": 1.05}, "GNO": {"volume": 87307.43932723999, "llc": 1.05}, "WBTC": {"volume": 25318.670749664307, "llc": 1.05}, "WETH": {"volume": 68233.97207260132, "llc": 1.05}, "FOX": {"volume": 3384.183406829834, "llc": 1.05}}, "LINK": {"USDC": {"volume": 3384.183406829834, "llc": 1.1}, "WXDAI": {"volume": 3384.183406829834, "llc": 1.1}, "GNO": {"volume": 3384.183406829834, "llc": 1.1}, "WBTC": {"volume": 3384.183406829834, "llc": 1.1}, "WETH": {"volume": 3384.183406829834, "llc": 1.1}, "FOX": {"volume": 2430.5100440979004, "llc": 1.1}}, "GNO": {"USDC": {"volume": 141666.8210029602, "llc": 1.1}, "WXDAI": {"volume": 186489.46905136108, "llc": 1.1}, "LINK": {"volume": 3384.183406829834, "llc": 1.1}, "WBTC": {"volume": 60604.58517074585, "llc": 1.1}, "WETH": {"volume": 295208.2324028015, "llc": 1.1}, "FOX": {"volume": 6245.203495025635, "llc": 1.1}}, "WBTC": {"USDC": {"volume": 51067.851543426514, "llc": 1.1}, "WXDAI": {"volume": 51067.851543426514, "llc": 1.1}, "LINK": {"volume": 2430.5100440979004, "llc": 1.1}, "GNO": {"volume": 60604.58517074585, "llc": 1.1}, "WETH": {"volume": 81585.39915084839, "llc": 1.1}, "FOX": {"volume": 5291.530132293701, "llc": 1.1}}, "WETH": {"USDC": {"volume": 68233.97207260132, "llc": 1.05}, "WXDAI": {"volume": 68233.97207260132, "llc": 1.05}, "LINK": {"volume": 1476.8366813659668, "llc": 1.05}, "GNO": {"volume": 141666.8210029602, "llc": 1.05}, "WBTC": {"volume": 40577.444553375244, "llc": 1.05}, "FOX": {"volume": 3384.183406829834, "llc": 1.05}}, "FOX": {"USDC": {"volume": 6245.203495025635, "llc": 1.1}, "WXDAI": {"volume": 6245.203495025635, "llc": 1.1}, "LINK": {"volume": 2430.5100440979004, "llc": 1.1}, "GNO": {"volume": 5291.530132293701, "llc": 1.1}, "WBTC": {"volume": 5291.530132293701, "llc": 1.1}, "WETH": {"volume": 5291.530132293701, "llc": 1.1}}, "json_time": 1669823335}