{"json_time": 1688287113, "stabilityPoolVstBalance": {"ETH": 62673.37861762487, "gOHM": 79977.55506490477, "GMX": 61633.89907809138, "DPX": 722.5817403475223, "sGLP": 448.09847344142804}, "stabilityPoolGemBalance": {"ETH": 20984.525131014434, "gOHM": 10987.31750811995, "GMX": 16064.65041515299, "DPX": 14168.199834102248, "sGLP": 0.0}, "bprotocolBalance": {"ETH": 4854.846212524463, "gOHM": 43036.16288971332, "DPX": 6.5094415339860365, "GMX": 42191.37316533121, "sGLP": 0.0}, "bprotocolGemBalance": {"ETH": 0.015567632995832883, "gOHM": 0.0, "DPX": 0.01969001542327342, "GMX": 0.04883313578840406, "sGLP": 0.0}}