{"USDC": {"WXDAI": {"volume": 3711266.2177085876, "llc": 1.05}, "LINK": {"volume": 1476.8366813659668, "llc": 1.05}, "GNO": {"volume": 24364.997386932373, "llc": 1.05}, "WBTC": {"volume": 7198.876857757568, "llc": 1.05}, "WETH": {"volume": 8152.550220489502, "llc": 1.05}, "FOX": {"volume": 3384.183406829834, "llc": 1.05}, "USDT": {"volume": 4601043.465137482, "llc": 1.05}, "EURe": {"volume": 2067133.3403587341, "llc": 1.05}, "wstETH": {"volume": 8152.550220489502, "llc": 1.05}}, "WXDAI": {"USDC": {"volume": 2852006.5178871155, "llc": 1.05}, "LINK": {"volume": 1476.8366813659668, "llc": 1.05}, "GNO": {"volume": 24364.997386932373, "llc": 1.05}, "WBTC": {"volume": 9106.223583221436, "llc": 1.05}, "WETH": {"volume": 11013.570308685303, "llc": 1.05}, "FOX": {"volume": 3384.183406829834, "llc": 1.05}, "USDT": {"volume": 4597228.771686554, "llc": 1.05}, "EURe": {"volume": 2068087.013721466, "llc": 1.05}, "wstETH": {"volume": 11013.570308685303, "llc": 1.05}}, "LINK": {"USDC": {"volume": 4337.856769561768, "llc": 1.2}, "WXDAI": {"volume": 4337.856769561768, "llc": 1.2}, "GNO": {"volume": 4337.856769561768, "llc": 1.2}, "WBTC": {"volume": 4337.856769561768, "llc": 1.2}, "WETH": {"volume": 4337.856769561768, "llc": 1.2}, "FOX": {"volume": 3384.183406829834, "llc": 1.2}, "USDT": {"volume": 4337.856769561768, "llc": 1.2}, "EURe": {"volume": 3384.183406829834, "llc": 1.2}, "wstETH": {"volume": 4337.856769561768, "llc": 1.2}}, "GNO": {"USDC": {"volume": 48206.83145523071, "llc": 1.1}, "WXDAI": {"volume": 48206.83145523071, "llc": 1.1}, "LINK": {"volume": 2430.5100440979004, "llc": 1.1}, "WBTC": {"volume": 47253.15809249878, "llc": 1.1}, "WETH": {"volume": 178860.08214950562, "llc": 1.1}, "FOX": {"volume": 5291.530132293701, "llc": 1.1}, "USDT": {"volume": 48206.83145523071, "llc": 1.1}, "EURe": {"volume": 44392.13800430298, "llc": 1.1}, "wstETH": {"volume": 178860.08214950562, "llc": 1.1}}, "WBTC": {"USDC": {"volume": 13874.590396881104, "llc": 1.1}, "WXDAI": {"volume": 13874.590396881104, "llc": 1.1}, "LINK": {"volume": 2430.5100440979004, "llc": 1.1}, "GNO": {"volume": 49160.50481796265, "llc": 1.1}, "WETH": {"volume": 66326.62534713745, "llc": 1.1}, "FOX": {"volume": 4337.856769561768, "llc": 1.1}, "USDT": {"volume": 13874.590396881104, "llc": 1.1}, "EURe": {"volume": 12920.91703414917, "llc": 1.1}, "wstETH": {"volume": 66326.62534713745, "llc": 1.1}}, "WETH": {"USDC": {"volume": 12920.91703414917, "llc": 1.05}, "WXDAI": {"volume": 11013.570308685303, "llc": 1.05}, "LINK": {"volume": 1476.8366813659668, "llc": 1.05}, "GNO": {"volume": 90168.45941543579, "llc": 1.05}, "WBTC": {"volume": 33901.73101425171, "llc": 1.05}, "FOX": {"volume": 3384.183406829834, "llc": 1.05}, "USDT": {"volume": 11013.570308685303, "llc": 1.05}, "EURe": {"volume": 11013.570308685303, "llc": 1.05}, "wstETH": {"volume": 2918763.653278351, "llc": 1.05}}, "FOX": {"USDC": {"volume": 6245.203495025635, "llc": 1.1}, "WXDAI": {"volume": 6245.203495025635, "llc": 1.1}, "LINK": {"volume": 2430.5100440979004, "llc": 1.1}, "GNO": {"volume": 5291.530132293701, "llc": 1.1}, "WBTC": {"volume": 5291.530132293701, "llc": 1.1}, "WETH": {"volume": 5291.530132293701, "llc": 1.1}, "USDT": {"volume": 6245.203495025635, "llc": 1.1}, "EURe": {"volume": 5291.530132293701, "llc": 1.1}, "wstETH": {"volume": 5291.530132293701, "llc": 1.1}}, "USDT": {"USDC": {"volume": 2781434.6890449524, "llc": 1.05}, "WXDAI": {"volume": 3625435.6150627136, "llc": 1.05}, "LINK": {"volume": 1476.8366813659668, "llc": 1.05}, "GNO": {"volume": 24364.997386932373, "llc": 1.05}, "WBTC": {"volume": 7198.876857757568, "llc": 1.05}, "WETH": {"volume": 8152.550220489502, "llc": 1.05}, "FOX": {"volume": 3384.183406829834, "llc": 1.05}, "EURe": {"volume": 2068087.013721466, "llc": 1.05}, "wstETH": {"volume": 8152.550220489502, "llc": 1.05}}, "EURe": {"USDC": {"volume": 1475855.8554649353, "llc": 1.15}, "WXDAI": {"volume": 1478716.875553131, "llc": 1.15}, "LINK": {"volume": 3384.183406829834, "llc": 1.15}, "GNO": {"volume": 56789.891719818115, "llc": 1.15}, "WBTC": {"volume": 17689.283847808838, "llc": 1.15}, "WETH": {"volume": 21503.977298736572, "llc": 1.15}, "FOX": {"volume": 8152.550220489502, "llc": 1.15}, "USDT": {"volume": 1479670.548915863, "llc": 1.15}, "wstETH": {"volume": 21503.977298736572, "llc": 1.15}}, "wstETH": {"USDC": {"volume": 12920.91703414917, "llc": 1.05}, "WXDAI": {"volume": 11013.570308685303, "llc": 1.05}, "LINK": {"volume": 1476.8366813659668, "llc": 1.05}, "GNO": {"volume": 90168.45941543579, "llc": 1.05}, "WBTC": {"volume": 33901.73101425171, "llc": 1.05}, "WETH": {"volume": 3262798.328433757, "llc": 1.1}, "FOX": {"volume": 3384.183406829834, "llc": 1.05}, "USDT": {"volume": 11013.570308685303, "llc": 1.05}, "EURe": {"volume": 11013.570308685303, "llc": 1.05}}, "json_time": 1693847010}