{"json_time": 1669143068, "auUSDC": {"oracle": 0.99996018, "cex_price": 1, "dex_price": 1}, "auETH": {"oracle": 1126.11392922, "cex_price": 1128.5949999999998, "dex_price": 1134.4111087773863}, "auWBTC": {"oracle": 16131.61, "cex_price": 16142.735, "dex_price": 16396.294503027493}, "auUSDT": {"oracle": 0.999, "cex_price": 1, "dex_price": 0.9981816544038021}, "auWNEAR": {"oracle": 1.61838, "cex_price": 1.6125, "dex_price": 1.618767270997782}, "auSTNEAR": {"oracle": 1.84649117, "cex_price": "NaN", "dex_price": 1.8691373485201581}}