{"auUSDC": {"auETH": {"volume": 22457.650661468506, "llc": 1.1}, "auWBTC": {"volume": 11967.243671417236, "llc": 1.1}, "auUSDT": {"volume": 2720399.5938301086, "llc": 1.1}, "auWNEAR": {"volume": 85400.09260177612, "llc": 1.1}, "auSTNEAR": {"volume": 84445.58067760999, "llc": 1.1}}, "auETH": {"auUSDC": {"volume": 22457.650661468506, "llc": 1.1}, "auWBTC": {"volume": 11013.570308685303, "llc": 1.1}, "auUSDT": {"volume": 20550.30393600464, "llc": 1.1}, "auWNEAR": {"volume": 36762.75110244751, "llc": 1.1}, "auSTNEAR": {"volume": 36762.75110244751, "llc": 1.1}}, "auWBTC": {"auUSDC": {"volume": 11967.243671417236, "llc": 1.1}, "auETH": {"volume": 11013.570308685303, "llc": 1.1}, "auUSDT": {"volume": 10059.89694595337, "llc": 1.1}, "auWNEAR": {"volume": 13874.590396881104, "llc": 1.1}, "auSTNEAR": {"volume": 13874.590396881104, "llc": 1.1}}, "auUSDT": {"auUSDC": {"volume": 1214549.3540763855, "llc": 1.1}, "auETH": {"volume": 20550.30393600464, "llc": 1.1}, "auWBTC": {"volume": 10059.89694595337, "llc": 1.1}, "auWNEAR": {"volume": 85400.09260177612, "llc": 1.1}, "auSTNEAR": {"volume": 84445.58067760999, "llc": 1.1}}, "auWNEAR": {"auUSDC": {"volume": 85400.09260177612, "llc": 1.1}, "auETH": {"volume": 36762.75110244751, "llc": 1.1}, "auWBTC": {"volume": 13874.590396881104, "llc": 1.1}, "auUSDT": {"volume": 86353.76596450806, "llc": 1.1}, "auSTNEAR": {"volume": 84445.58067760999, "llc": 1.1}}, "auSTNEAR": {"auUSDC": {"volume": 62511.93189620972, "llc": 1.1}, "auETH": {"volume": 46299.484729766846, "llc": 1.1}, "auWBTC": {"volume": 16735.610485076904, "llc": 1.1}, "auUSDT": {"volume": 62511.93189620972, "llc": 1.1}, "auWNEAR": {"volume": 76817.03233718872, "llc": 1.1}}, "json_time": 1669143068}