{"json_time": 1665153626.8767195, "ETH-VST": {"series_std_ratio": 1.0, "volume_for_slippage_10_percentss": [14537.885300219059], "trade_every": 1800, "collaterals": [317, 3432, 6546, 9661, 12775, 15889, 19004, 22118, 25233, 28347, 31461, 34576, 37690, 40805, 43919, 47033, 50148, 53262, 56377, 59491, 62605, 65720, 68834, 71949, 75063, 78177, 81292, 84406, 87521, 90635, 18750.0], "liquidation_incentives": [0.10000000000000009], "stability_pool_initial_balances": [0.8705752015920223, 0.43528760079601114, 1.7411504031840446], "share_institutionals": [0.42538651903034264, 0.21269325951517132, 0.8507730380606853, 1], "recovery_halflife_retails": [3.3333333333333335], "price_recovery_times": [0], "l_factors": [0.25, 0.5, 1, 1.5, 2], "json_time": 1665153626.87672, "current_debt": 317.99263245095705}, "renBTC-VST": {"series_std_ratio": 0.760706293780634, "volume_for_slippage_10_percentss": [3154.005578458309], "trade_every": 1800, "collaterals": [29, 236, 443, 651, 858, 1066, 1273, 1480, 1688, 1895, 2102, 2310, 2517, 2724, 2932, 3139, 3346, 3554, 3761, 3969, 4176, 4383, 4591, 4798, 5005, 5213, 5420, 5627, 5835, 6042, 1250.0], "liquidation_incentives": [0.10000000000000009], "stability_pool_initial_balances": [0.9565817379180601, 0.47829086895903006, 1.9131634758361202], "share_institutionals": [0.9763065287670436, 0.4881532643835218, 1, 1], "recovery_halflife_retails": [3.3333333333333335], "price_recovery_times": [0], "l_factors": [0.25, 0.5, 1, 1.5, 2], "json_time": 1665153626.87672, "current_debt": 29.27571326568902}, "gOHM-VST": {"series_std_ratio": 1.416911372280521, "volume_for_slippage_10_percentss": [273.31597715616226], "trade_every": 1800, "collaterals": [3073, 3596, 4118, 4641, 5163, 5686, 6208, 6731, 7254, 7776, 8299, 8821, 9344, 9866, 10389, 10911, 11434, 11956, 12479, 13002, 13524, 14047, 14569, 15092, 15614, 16137, 16659, 17182, 17704, 18227, 3750.0], "liquidation_incentives": [0.1499999999999999], "stability_pool_initial_balances": [0.05478446498017124, 0.02739223249008562, 0.10956892996034248], "share_institutionals": [0.5655151638051799, 0.2827575819025899, 1, 1], "recovery_halflife_retails": [3.3333333333333335], "price_recovery_times": [0], "l_factors": [0.25, 0.5, 1, 1.5, 2], "json_time": 1665153626.87672, "current_debt": 3073.655491262792}, "DPX-VST": {"series_std_ratio": 1.974078240475897, "volume_for_slippage_10_percentss": [445.57322829961777], "trade_every": 1800, "collaterals": [87, 501, 915, 1328, 1742, 2156, 2570, 2983, 3397, 3811, 4225, 4638, 5052, 5466, 5880, 6293, 6707, 7121, 7535, 7948, 8362, 8776, 9190, 9603, 10017, 10431, 10845, 11258, 11672, 12086, 2500.0], "liquidation_incentives": [0.1499999999999999], "stability_pool_initial_balances": [0.5653645143196435, 0.28268225715982176, 1.130729028639287], "share_institutionals": [4.592466462829265e-05, 2.2962332314146325e-05, 9.18493292565853e-05, 1], "recovery_halflife_retails": [3.3333333333333335], "price_recovery_times": [2], "l_factors": [0.25, 0.5, 1, 1.5, 2], "json_time": 1665153626.87672, "current_debt": 87.57376275211112}, "GMX-VST": {"series_std_ratio": 2.081064798518858, "volume_for_slippage_10_percentss": [1173.941259086132], "trade_every": 1800, "collaterals": [47, 462, 877, 1293, 1708, 2123, 2538, 2953, 3368, 3783, 4198, 4613, 5028, 5443, 5858, 6273, 6688, 7104, 7519, 7934, 8349, 8764, 9179, 9594, 10009, 10424, 10839, 11254, 11669, 12084, 2500.0], "liquidation_incentives": [0.1499999999999999], "stability_pool_initial_balances": [0.6614446224421747, 0.33072231122108736, 1.3228892448843494], "share_institutionals": [0.10116712201195181, 0.050583561005975906, 0.20233424402390363, 1], "recovery_halflife_retails": [3.3333333333333335], "price_recovery_times": [0], "l_factors": [0.25, 0.5, 1, 1.5, 2], "json_time": 1665153626.87672, "current_debt": 47.80915014101547}, "sGLP-VST": {"series_std_ratio": 0.4707294016934606, "volume_for_slippage_10_percentss": [3154.005578458309], "trade_every": 1800, "collaterals": [3007, 3427, 3848, 4268, 4689, 5110, 5530, 5951, 6371, 6792, 7213, 7633, 8054, 8474, 8895, 9316, 9736, 10157, 10577, 10998, 11419, 11839, 12260, 12680, 13101, 13522, 13942, 14363, 14783, 15204, 3125.0], "liquidation_incentives": [0.10000000000000009], "stability_pool_initial_balances": [0.010541709355342623, 0.005270854677671312, 0.021083418710685246], "share_institutionals": [0.0, 0.0, 0.0, 1], "recovery_halflife_retails": [3.3333333333333335], "price_recovery_times": [0], "l_factors": [0.25, 0.5, 1, 1.5, 2], "json_time": 1665153626.87672, "current_debt": 3007.1218937500003}}