{"json_time": 1665153488.2676086, "stabilityPoolVstBalance": {"ETH": 442938.40016123164, "gOHM": 269421.7145955159, "renBTC": 44807.380279173776, "GMX": 50596.968422888356, "DPX": 79217.75655278559, "sGLP": 50720.328}, "stabilityPoolGemBalance": {"ETH": 24883.999597229824, "gOHM": 23128.58055942255, "renBTC": 508.81522857, "GMX": 283.6982047879116, "DPX": 205.35162357949108, "sGLP": 0.0}, "bprotocolBalance": {"ETH": 188419.9964493719, "gOHM": 152362.0650621556, "DPX": 3.6379731815896235, "GMX": 5118.743650197352, "renBTC": 43745.73790350503, "sGLP": 0.0}, "bprotocolGemBalance": {"ETH": 0.027740083388213457, "gOHM": 0.0, "DPX": 7.5720702787398e-05, "GMX": 0.006027675867295072, "renBTC": 0.0, "sGLP": 0.0}}