{"json_time": 1671522398, "ETH": {"oracle": 1210.7825, "cex_price": 1207.225, "dex_price": 1205.787255615347}, "BNB|bsc": {"oracle": 248.982783795, "cex_price": 247.45, "dex_price": 247.93894038513358}, "WBTC|eth": {"oracle": 16822.45, "cex_price": 16786.195, "dex_price": 16994.002268712477}, "pCKB": {"oracle": 0.002164773, "cex_price": 0.0021650000000000003, "dex_price": 0.0021641896415350776}, "USDC": {"oracle": 0.999982372, "cex_price": 1, "dex_price": 1}, "USDT": {"oracle": 1.0001, "cex_price": 1, "dex_price": 24862.798995588164}}