{"json_time": 1670077470, "data": [{"account": "0x2661a4786EA12B7EDFD3F5c08fF617702360A993", "user_collateral_wo_looping": 0.15423880892224642, "user_debt_wo_looping": 0.200566007773736}]}