{"json_time": 1676663515, "stabilityPoolVstBalance": {"ETH": 251110.38257044388, "gOHM": 24595.034938771183, "GMX": 49362.46275775267, "DPX": 33392.03050494392, "sGLP": 13659.549825161646}, "stabilityPoolGemBalance": {"ETH": 19468.87170411551, "gOHM": 11017.421096295626, "GMX": 4124.549200813331, "DPX": 177.25579237357036, "sGLP": 0.0}, "bprotocolBalance": {"ETH": 127679.8067882837, "gOHM": 3588.2002127376145, "DPX": 165.80429310512667, "GMX": 706.9202815668824, "sGLP": 0.0}, "bprotocolGemBalance": {"ETH": 0.020909926228998572, "gOHM": 0.0, "DPX": 0.001492251000255862, "GMX": 0.9653226968882413, "sGLP": 0.0}}