{"json_time": 1676663515, "ETH": {"VST": {"volume": 3876251.709461212, "llc": 1.1}}, "gOHM": {"VST": {"volume": 370548.42805862427, "llc": 1.15}}, "GMX": {"VST": {"volume": 3809494.574069977, "llc": 1.15}}, "DPX": {"VST": {"volume": 822589.6019935608, "llc": 1.15}}, "sGLP": {"VST": {"volume": 3859085.5889320374, "llc": 1.1}}}