{"USDC": {"WXDAI": {"volume": 2439065.951824188, "llc": 1.05}, "LINK": {"volume": 1476.8366813659668, "llc": 1.05}, "GNO": {"volume": 65372.95198440552, "llc": 1.05}, "WBTC": {"volume": 18642.95721054077, "llc": 1.05}, "WETH": {"volume": 66326.62534713745, "llc": 1.05}, "FOX": {"volume": 3384.183406829834, "llc": 1.05}, "USDT": {"volume": 2358957.389354706, "llc": 1.05}}, "WXDAI": {"USDC": {"volume": 2896829.1659355164, "llc": 1.05}, "LINK": {"volume": 1476.8366813659668, "llc": 1.05}, "GNO": {"volume": 82539.07251358032, "llc": 1.05}, "WBTC": {"volume": 18642.95721054077, "llc": 1.05}, "WETH": {"volume": 66326.62534713745, "llc": 1.05}, "FOX": {"volume": 3384.183406829834, "llc": 1.05}, "USDT": {"volume": 2378984.5299720764, "llc": 1.05}}, "LINK": {"USDC": {"volume": 2430.5100440979004, "llc": 1.1}, "WXDAI": {"volume": 2430.5100440979004, "llc": 1.1}, "GNO": {"volume": 2430.5100440979004, "llc": 1.1}, "WBTC": {"volume": 2430.5100440979004, "llc": 1.1}, "WETH": {"volume": 2430.5100440979004, "llc": 1.1}, "FOX": {"volume": 2430.5100440979004, "llc": 1.1}, "USDT": {"volume": 2430.5100440979004, "llc": 1.1}}, "GNO": {"USDC": {"volume": 134037.43410110474, "llc": 1.1}, "WXDAI": {"volume": 175045.38869857788, "llc": 1.1}, "LINK": {"volume": 2430.5100440979004, "llc": 1.1}, "WBTC": {"volume": 38670.09782791138, "llc": 1.1}, "WETH": {"volume": 256107.62453079224, "llc": 1.1}, "FOX": {"volume": 6245.203495025635, "llc": 1.1}, "USDT": {"volume": 93983.15286636353, "llc": 1.1}}, "WBTC": {"USDC": {"volume": 35809.077739715576, "llc": 1.1}, "WXDAI": {"volume": 35809.077739715576, "llc": 1.1}, "LINK": {"volume": 2430.5100440979004, "llc": 1.1}, "GNO": {"volume": 38670.09782791138, "llc": 1.1}, "WETH": {"volume": 48206.83145523071, "llc": 1.1}, "FOX": {"volume": 5291.530132293701, "llc": 1.1}, "USDT": {"volume": 35809.077739715576, "llc": 1.1}}, "WETH": {"USDC": {"volume": 66326.62534713745, "llc": 1.05}, "WXDAI": {"volume": 67280.29870986938, "llc": 1.05}, "LINK": {"volume": 1476.8366813659668, "llc": 1.05}, "GNO": {"volume": 126408.04719924927, "llc": 1.05}, "WBTC": {"volume": 24364.997386932373, "llc": 1.05}, "FOX": {"volume": 3384.183406829834, "llc": 1.05}, "USDT": {"volume": 66326.62534713745, "llc": 1.05}}, "FOX": {"USDC": {"volume": 6245.203495025635, "llc": 1.1}, "WXDAI": {"volume": 8152.550220489502, "llc": 1.1}, "LINK": {"volume": 2430.5100440979004, "llc": 1.1}, "GNO": {"volume": 6245.203495025635, "llc": 1.1}, "WBTC": {"volume": 5291.530132293701, "llc": 1.1}, "WETH": {"volume": 7198.876857757568, "llc": 1.1}, "USDT": {"volume": 6245.203495025635, "llc": 1.1}}, "USDT": {"USDC": {"volume": 2696557.7597618103, "llc": 1.05}, "WXDAI": {"volume": 2273126.786708832, "llc": 1.05}, "LINK": {"volume": 1476.8366813659668, "llc": 1.05}, "GNO": {"volume": 49160.50481796265, "llc": 1.05}, "WBTC": {"volume": 18642.95721054077, "llc": 1.05}, "WETH": {"volume": 66326.62534713745, "llc": 1.05}, "FOX": {"volume": 3384.183406829834, "llc": 1.05}}, "json_time": 1671207745}