{"json_time": 1687204695, "ETH-VST": {"series_std_ratio": 1.0, "volume_for_slippage_10_percentss": [26627.48331040144], "trade_every": 1800, "collaterals": [524, 3631, 6739, 9846, 12954, 16061, 19169, 22277, 25384, 28492, 31599, 34707, 37814, 40922, 44029, 47137, 50244, 53352, 56459, 59567, 62674, 65782, 68889, 71997, 75104, 78212, 81319, 84427, 87534, 90642, 18750.0], "liquidation_incentives": [0.10000000000000009], "stability_pool_initial_balances": [0.07495171025894798, 0.03747585512947399, 0.14990342051789596], "share_institutionals": [0.07865774530073484, 0.03932887265036742, 0.15731549060146968, 1], "recovery_halflife_retails": [3.3333333333333335], "price_recovery_times": [0], "l_factors": [0.25, 0.5, 1, 1.5, 2], "json_time": 1687206978.8958242, "current_debt": 524.3854465630901}, "gOHM-VST": {"series_std_ratio": 0.5718399563684763, "volume_for_slippage_10_percentss": [223.24812561273575], "trade_every": 1800, "collaterals": [2627, 3008, 3389, 3770, 4152, 4533, 4914, 5295, 5676, 6057, 6439, 6820, 7201, 7582, 7963, 8344, 8726, 9107, 9488, 9869, 10250, 10631, 11013, 11394, 11775, 12156, 12537, 12918, 13300, 13681, 2812.5], "liquidation_incentives": [0.1499999999999999], "stability_pool_initial_balances": [0.019026573083655327, 0.009513286541827664, 0.038053146167310654], "share_institutionals": [0.5377172457248806, 0.2688586228624403, 1, 1], "recovery_halflife_retails": [3.3333333333333335], "price_recovery_times": [0], "l_factors": [0.25, 0.5, 1, 1.5, 2], "json_time": 1687206978.8958242, "current_debt": 2627.364605684604}, "DPX-VST": {"series_std_ratio": 2.2756095294666916, "volume_for_slippage_10_percentss": [275.7001605629921], "trade_every": 1800, "collaterals": [392, 483, 574, 665, 756, 847, 938, 1030, 1121, 1212, 1303, 1394, 1485, 1576, 1667, 1758, 1849, 1940, 2031, 2123, 2214, 2305, 2396, 2487, 2578, 2669, 2760, 2851, 2942, 3033, 625.0], "liquidation_incentives": [0.1499999999999999], "stability_pool_initial_balances": [0.001371075227838815, 0.0006855376139194075, 0.00274215045567763], "share_institutionals": [0.17098244423711365, 0.08549122211855682, 0.3419648884742273, 1], "recovery_halflife_retails": [3.3333333333333335], "price_recovery_times": [2], "l_factors": [0.25, 0.5, 1, 1.5, 2], "json_time": 1687206978.8958242, "current_debt": 392.4700637052219}, "GMX-VST": {"series_std_ratio": 2.0308729755116706, "volume_for_slippage_10_percentss": [3162.3502203822136], "trade_every": 1800, "collaterals": [145, 557, 969, 1381, 1792, 2204, 2616, 3028, 3440, 3851, 4263, 4675, 5087, 5499, 5910, 6322, 6734, 7146, 7558, 7970, 8381, 8793, 9205, 9617, 10029, 10440, 10852, 11264, 11676, 12088, 2500.0], "liquidation_incentives": [0.1499999999999999], "stability_pool_initial_balances": [0.3369712954210322, 0.1684856477105161, 0.6739425908420644], "share_institutionals": [0.5373050234837531, 0.26865251174187654, 1, 1], "recovery_halflife_retails": [3.3333333333333335], "price_recovery_times": [0], "l_factors": [0.25, 0.5, 1, 1.5, 2], "json_time": 1687206978.8958242, "current_debt": 145.57162540529526}, "sGLP-VST": {"series_std_ratio": 0.6132330529291525, "volume_for_slippage_10_percentss": [33541.61519020796], "trade_every": 1800, "collaterals": [323, 364, 406, 447, 488, 529, 571, 612, 653, 695, 736, 777, 819, 860, 901, 942, 984, 1025, 1066, 1108, 1149, 1190, 1232, 1273, 1314, 1355, 1397, 1438, 1479, 1521, 312.5], "liquidation_incentives": [0.10000000000000009], "stability_pool_initial_balances": [0.0008643840941064748, 0.0004321920470532374, 0.0017287681882129497], "share_institutionals": [0.0, 0.0, 0.0, 1], "recovery_halflife_retails": [3.3333333333333335], "price_recovery_times": [0], "l_factors": [0.25, 0.5, 1, 1.5, 2], "json_time": 1687206978.8958242, "current_debt": 323.41905971697304}}