{"json_time": 1687204695, "stabilityPoolVstBalance": {"ETH": 62885.73768768925, "gOHM": 79983.59149994781, "GMX": 78485.53470298815, "DPX": 860.9695712232822, "sGLP": 447.2932655203578}, "stabilityPoolGemBalance": {"ETH": 18983.526886870826, "gOHM": 11193.542187762947, "GMX": 14443.375687367241, "DPX": 13948.493592559691, "sGLP": 0.0}, "bprotocolBalance": {"ETH": 4946.4344380639795, "gOHM": 43008.5565245359, "DPX": 146.76593912423928, "GMX": 42170.62316973948, "sGLP": 0.0}, "bprotocolGemBalance": {"ETH": 0.015900023103095618, "gOHM": 0.0, "DPX": 0.44474257729719846, "GMX": 0.04889698447933579, "sGLP": 0.0}}