{"json_time": 1676902098, "ETH": {"oracle": 1705.76, "cex_price": 1707.5149999999999, "dex_price": 1698.3881127913046}, "BNB|bsc": {"oracle": 317.74, "cex_price": 317.25, "dex_price": 316.17134502187747}, "WBTC|eth": {"oracle": 24870.94, "cex_price": 24940.5, "dex_price": 26280.957307259454}, "pCKB": {"oracle": 0.005379, "cex_price": 0.00527, "dex_price": 0.005298582258175759}, "USDC": {"oracle": 0.999921654, "cex_price": 1, "dex_price": 1}, "USDT": {"oracle": 1.0001, "cex_price": 1, "dex_price": 1.000533580137595}}