{"json_time": 1690807120, "USDC": {"oracle": 1.0001576010744158, "cex_price": 1, "dex_price": 1}, "WXDAI": {"oracle": 1.0, "cex_price": 1, "dex_price": 0.9998256156565647}, "LINK": {"oracle": 7.573675741920209, "cex_price": 7.5845, "dex_price": 7.999820142913651}, "GNO": {"oracle": 114.65333144348062, "cex_price": 114.65, "dex_price": 114.54084403464465}, "WBTC": {"oracle": 29211.746050681897, "cex_price": 29205.184999999998, "dex_price": 29430.62627489794}, "WETH": {"oracle": 1864.03462571015, "cex_price": 1859.085, "dex_price": 1873.4294167175942}, "FOX": {"oracle": 0.01922950136892305, "cex_price": 0.01915, "dex_price": 0.019109866500249057}, "USDT": {"oracle": 1.0001337378834299, "cex_price": 1, "dex_price": 0.9998784327803857}, "EURe": {"oracle": 1.1009372173247007, "cex_price": 1.09565, "dex_price": 1.102502564825085}, "wstETH": {"oracle": 2113.8223445139083, "cex_price": "NaN", "dex_price": 2113.8223445139083}}