{"USDC": {"WXDAI": {"volume": 2829118.357181549, "llc": 1.05}, "LINK": {"volume": 1476.8366813659668, "llc": 1.05}, "GNO": {"volume": 63465.60525894165, "llc": 1.05}, "WBTC": {"volume": 33901.73101425171, "llc": 1.05}, "WETH": {"volume": 3.0004728032232473, "llc": 1.05}, "FOX": {"volume": 3384.183406829834, "llc": 1.05}, "USDT": {"volume": 3395600.3346443176, "llc": 1.05}, "EURe": {"volume": 1511141.7698860168, "llc": 1.05}, "wstETH": {"volume": 3.0004728032232473, "llc": 1.05}}, "WXDAI": {"USDC": {"volume": 3037019.1502571106, "llc": 1.05}, "LINK": {"volume": 1476.8366813659668, "llc": 1.05}, "GNO": {"volume": 63465.60525894165, "llc": 1.05}, "WBTC": {"volume": 33901.73101425171, "llc": 1.05}, "WETH": {"volume": 60672, "llc": 1.05}, "FOX": {"volume": 3384.183406829834, "llc": 1.05}, "USDT": {"volume": 3395600.3346443176, "llc": 1.05}, "EURe": {"volume": 1513049.1166114807, "llc": 1.05}, "wstETH": {"volume": 60672, "llc": 1.05}}, "LINK": {"USDC": {"volume": 4337.856769561768, "llc": 1.2}, "WXDAI": {"volume": 4337.856769561768, "llc": 1.2}, "GNO": {"volume": 4337.856769561768, "llc": 1.2}, "WBTC": {"volume": 4337.856769561768, "llc": 1.2}, "WETH": {"volume": 4337.856769561768, "llc": 1.2}, "FOX": {"volume": 3384.183406829834, "llc": 1.2}, "USDT": {"volume": 4337.856769561768, "llc": 1.2}, "EURe": {"volume": 4337.856769561768, "llc": 1.2}, "wstETH": {"volume": 4337.856769561768, "llc": 1.2}}, "GNO": {"USDC": {"volume": 125454.37383651733, "llc": 1.1}, "WXDAI": {"volume": 125454.37383651733, "llc": 1.1}, "LINK": {"volume": 2430.5100440979004, "llc": 1.1}, "WBTC": {"volume": 58697.23844528198, "llc": 1.1}, "WETH": {"volume": 387714.5485877991, "llc": 1.1}, "FOX": {"volume": 4337.856769561768, "llc": 1.1}, "USDT": {"volume": 125454.37383651733, "llc": 1.1}, "EURe": {"volume": 125454.37383651733, "llc": 1.1}, "wstETH": {"volume": 387714.5485877991, "llc": 1.1}}, "WBTC": {"USDC": {"volume": 64419.278621673584, "llc": 1.1}, "WXDAI": {"volume": 68233.97207260132, "llc": 1.1}, "LINK": {"volume": 2430.5100440979004, "llc": 1.1}, "GNO": {"volume": 75863.35897445679, "llc": 1.1}, "WETH": {"volume": 126408.04719924927, "llc": 1.1}, "FOX": {"volume": 4337.856769561768, "llc": 1.1}, "USDT": {"volume": 55836.21835708618, "llc": 1.1}, "EURe": {"volume": 55836.21835708618, "llc": 1.1}, "wstETH": {"volume": 126408.04719924927, "llc": 1.1}}, "WETH": {"USDC": {"volume": 61047.13399200742, "llc": 1.05}, "WXDAI": {"volume": 61047.13399200742, "llc": 1.05}, "LINK": {"volume": 1476.8366813659668, "llc": 1.05}, "GNO": {"volume": 191257.83586502075, "llc": 1.05}, "WBTC": {"volume": 63465.60525894165, "llc": 1.05}, "FOX": {"volume": 2430.5100440979004, "llc": 1.05}, "USDT": {"volume": 61047.13399200742, "llc": 1.05}, "EURe": {"volume": 35809.077739715576, "llc": 1.05}, "wstETH": {"volume": 2453535.576090985, "llc": 1.05}}, "FOX": {"USDC": {"volume": 5291.530132293701, "llc": 1.1}, "WXDAI": {"volume": 5291.530132293701, "llc": 1.1}, "LINK": {"volume": 2430.5100440979004, "llc": 1.1}, "GNO": {"volume": 5291.530132293701, "llc": 1.1}, "WBTC": {"volume": 4337.856769561768, "llc": 1.1}, "WETH": {"volume": 4337.856769561768, "llc": 1.1}, "USDT": {"volume": 5291.530132293701, "llc": 1.1}, "EURe": {"volume": 5291.530132293701, "llc": 1.1}, "wstETH": {"volume": 4337.856769561768, "llc": 1.1}}, "USDT": {"USDC": {"volume": 2947373.854160309, "llc": 1.05}, "WXDAI": {"volume": 2749963.4680747986, "llc": 1.05}, "LINK": {"volume": 1476.8366813659668, "llc": 1.05}, "GNO": {"volume": 62511.93189620972, "llc": 1.05}, "WBTC": {"volume": 33901.73101425171, "llc": 1.05}, "WETH": {"volume": 3.0004012136502896, "llc": 1.05}, "FOX": {"volume": 3384.183406829834, "llc": 1.05}, "EURe": {"volume": 1513049.1166114807, "llc": 1.05}, "wstETH": {"volume": 3.0004012136502896, "llc": 1.05}}, "EURe": {"USDC": {"volume": 2021357.0189476013, "llc": 1.15}, "WXDAI": {"volume": 2019449.6722221375, "llc": 1.15}, "LINK": {"volume": 3384.183406829834, "llc": 1.15}, "GNO": {"volume": 186489.46905136108, "llc": 1.15}, "WBTC": {"volume": 70141.31879806519, "llc": 1.15}, "WETH": {"volume": 113056.6201210022, "llc": 1.15}, "FOX": {"volume": 6245.203495025635, "llc": 1.15}, "USDT": {"volume": 2023264.3656730652, "llc": 1.15}, "wstETH": {"volume": 113056.6201210022, "llc": 1.15}}, "wstETH": {"USDC": {"volume": 61047.13399200742, "llc": 1.05}, "WXDAI": {"volume": 61047.13399200742, "llc": 1.05}, "LINK": {"volume": 1476.8366813659668, "llc": 1.05}, "GNO": {"volume": 191257.83586502075, "llc": 1.05}, "WBTC": {"volume": 63465.60525894165, "llc": 1.05}, "WETH": {"volume": 2758273.931797586, "llc": 1.1}, "FOX": {"volume": 2430.5100440979004, "llc": 1.05}, "USDT": {"volume": 61047.13399200742, "llc": 1.05}, "EURe": {"volume": 35809.077739715576, "llc": 1.05}}, "json_time": 1690807120}