{"json_time": 1675792425, "data": [{"account": "0xaCCfAA3a39F3681E07F5D6ECC0A9cdd86c2eb775", "user_collateral_wo_looping": 0.0007569574191790569, "user_debt_wo_looping": 0.007523233133020003}, {"account": "0x5ce561e048d2cd64523D6316228F97bd2537F92f", "user_collateral_wo_looping": 1.4463901344807095, "user_debt_wo_looping": 1.5457066389920542}, {"account": "0x7e1a061ca70838e1E79BCcBee306a56746f9e2F8", "user_collateral_wo_looping": 0.0083648932207018, "user_debt_wo_looping": 0.009494809146746148}, {"account": "0x5dA68351bD082aBDA73E42Ac981dB51d9364fe69", "user_collateral_wo_looping": 0.33476312115962714, "user_debt_wo_looping": 0.37501303445978956}]}