{"json_time": 1683133740, "USDC": {"oracle": 1.0000847525425762, "cex_price": 1, "dex_price": 1}, "WXDAI": {"oracle": 1.0, "cex_price": 1, "dex_price": 0.9998405735556286}, "LINK": {"oracle": 6.9545086352590575, "cex_price": 6.961, "dex_price": 7.320314288710938}, "GNO": {"oracle": 110.58994916847506, "cex_price": 109.8, "dex_price": 108.79079063930432}, "WBTC": {"oracle": 28656.849525485766, "cex_price": 28548.725, "dex_price": 28629.6694990953}, "WETH": {"oracle": 1885.3965618968568, "cex_price": 1879.8649999999998, "dex_price": 1873.3024666242252}, "FOX": {"oracle": 0.02849765492964789, "cex_price": 0.028650000000000002, "dex_price": 0.030041472871137963}, "USDT": {"oracle": 1.000490014700441, "cex_price": 1, "dex_price": 1.0003291342937402}, "EURe": {"oracle": 1.1055331659949799, "cex_price": 1.10255, "dex_price": 1.1020304435936286}}