{"json_time": 1699969820, "USDC": {"oracle": 1.0000369617372016, "cex_price": 1, "dex_price": 1}, "WXDAI": {"oracle": 1.0, "cex_price": 1, "dex_price": 1.0000525651585188}, "LINK": {"oracle": 14.540609498646436, "cex_price": 14.465499999999999, "dex_price": 15.04624947845815}, "GNO": {"oracle": 175.4874503001641, "cex_price": 175.25, "dex_price": 174.08534358881616}, "WBTC": {"oracle": 36484.3550659681, "cex_price": 36546.095, "dex_price": 36973.49739706578}, "WETH": {"oracle": 2039.622462255726, "cex_price": 2044.3850000000002, "dex_price": 2070.2436397546153}, "FOX": {"oracle": 0.026105316949896644, "cex_price": 0.026250000000000002, "dex_price": 0.026229388833575656}, "USDT": {"oracle": 1.0002138100490723, "cex_price": 1, "dex_price": 1.0003821009453666}, "EURe": {"oracle": 1.0795007365346172, "cex_price": 1.0793499999999998, "dex_price": 1.0731593029689304}, "wstETH": {"oracle": 2338.3007326744355, "cex_price": "NaN", "dex_price": 2376.850516130866}, "sDAI": {"oracle": 1.0234494021218998, "cex_price": 1, "dex_price": 1.0235252115970148}}