{"json_time": 1677424130, "USDC": {"oracle": 1.0000699868111165, "cex_price": 1, "dex_price": 1}, "WXDAI": {"oracle": 1.0, "cex_price": 1, "dex_price": 1.0002336904077396}, "LINK": {"oracle": 7.394719654116739, "cex_price": 7.358499999999999, "dex_price": 7.862909958105502}, "GNO": {"oracle": 107.07481974145723, "cex_price": 107.1, "dex_price": 106.47312110498821}, "WBTC": {"oracle": 23240.311387104193, "cex_price": 23220.83, "dex_price": 23454.247798818844}, "WETH": {"oracle": 1603.8560872744135, "cex_price": 1602.605, "dex_price": 1613.6360321389388}, "FOX": {"oracle": 0.03957628156372178, "cex_price": 0.03945, "dex_price": 0.0404574959276924}, "USDT": {"oracle": 1.0001973392050514, "cex_price": 1, "dex_price": 1.0009561042621864}}