{"json_time": 1687882389, "stabilityPoolVstBalance": {"ETH": 62616.05928320188, "gOHM": 79915.09848360463, "GMX": 61508.70282529396, "DPX": 721.11396810555, "sGLP": 447.1882560026769}, "stabilityPoolGemBalance": {"ETH": 20595.637874645712, "gOHM": 11044.979766470398, "GMX": 15441.40781825768, "DPX": 14538.485490923873, "sGLP": 0.0}, "bprotocolBalance": {"ETH": 4844.775770439403, "gOHM": 42948.74401131745, "DPX": 6.496218977891925, "GMX": 42105.670298894285, "sGLP": 0.0}, "bprotocolGemBalance": {"ETH": 0.015567632995832883, "gOHM": 0.0, "DPX": 0.01969001542327342, "GMX": 0.04883313578840406, "sGLP": 0.0}}