{"json_time": 1682687223, "ETH-VST": {"series_std_ratio": 1.0, "volume_for_slippage_10_percentss": [9118.040370643139], "trade_every": 1800, "collaterals": [438, 3549, 6659, 9769, 12880, 15990, 19101, 22211, 25321, 28432, 31542, 34652, 37763, 40873, 43984, 47094, 50204, 53315, 56425, 59535, 62646, 65756, 68867, 71977, 75087, 78198, 81308, 84418, 87529, 90639, 18750.0], "liquidation_incentives": [0.10000000000000009], "stability_pool_initial_balances": [0.23410988909850813, 0.11705494454925407, 0.46821977819701627], "share_institutionals": [0.28898992167212273, 0.14449496083606136, 0.5779798433442455, 1], "recovery_halflife_retails": [3.3333333333333335], "price_recovery_times": [0], "l_factors": [0.25, 0.5, 1, 1.5, 2], "json_time": 1682690948.236831, "current_debt": 438.75470486932966}, "gOHM-VST": {"series_std_ratio": 0.5718399563684763, "volume_for_slippage_10_percentss": [291.7933985590935], "trade_every": 1800, "collaterals": [2793, 3169, 3544, 3920, 4296, 4671, 5047, 5422, 5798, 6174, 6549, 6925, 7301, 7676, 8052, 8428, 8803, 9179, 9554, 9930, 10306, 10681, 11057, 11433, 11808, 12184, 12559, 12935, 13311, 13686, 2812.5], "liquidation_incentives": [0.1499999999999999], "stability_pool_initial_balances": [0.025138397376759748, 0.012569198688379874, 0.050276794753519496], "share_institutionals": [0.38496136787522217, 0.19248068393761109, 0.7699227357504443, 1], "recovery_halflife_retails": [3.3333333333333335], "price_recovery_times": [0], "l_factors": [0.25, 0.5, 1, 1.5, 2], "json_time": 1682690948.236831, "current_debt": 2793.5321204703782}, "DPX-VST": {"series_std_ratio": 2.2756095294666916, "volume_for_slippage_10_percentss": [420.5393025279045], "trade_every": 1800, "collaterals": [485, 573, 661, 749, 837, 925, 1013, 1101, 1189, 1277, 1365, 1453, 1541, 1629, 1717, 1805, 1893, 1981, 2069, 2157, 2245, 2333, 2421, 2509, 2597, 2685, 2773, 2861, 2949, 3037, 625.0], "liquidation_incentives": [0.1499999999999999], "stability_pool_initial_balances": [0.08948323813104177, 0.044741619065520884, 0.17896647626208353], "share_institutionals": [0.2088440833402729, 0.10442204167013645, 0.4176881666805458, 1], "recovery_halflife_retails": [3.3333333333333335], "price_recovery_times": [2], "l_factors": [0.25, 0.5, 1, 1.5, 2], "json_time": 1682690948.236831, "current_debt": 485.66490814452646}, "GMX-VST": {"series_std_ratio": 2.0308729755116706, "volume_for_slippage_10_percentss": [6543.122291266918], "trade_every": 1800, "collaterals": [100, 514, 927, 1340, 1753, 2167, 2580, 2993, 3407, 3820, 4233, 4647, 5060, 5473, 5887, 6300, 6713, 7126, 7540, 7953, 8366, 8780, 9193, 9606, 10020, 10433, 10846, 11260, 11673, 12086, 2500.0], "liquidation_incentives": [0.1499999999999999], "stability_pool_initial_balances": [0.34165418602479103, 0.17082709301239551, 0.6833083720495821], "share_institutionals": [0.38471134224156395, 0.19235567112078197, 0.7694226844831279, 1], "recovery_halflife_retails": [3.3333333333333335], "price_recovery_times": [0], "l_factors": [0.25, 0.5, 1, 1.5, 2], "json_time": 1682690948.236831, "current_debt": 100.76272718743738}, "sGLP-VST": {"series_std_ratio": 0.6132330529291525, "volume_for_slippage_10_percentss": [5787.932197153568], "trade_every": 1800, "collaterals": [323, 365, 406, 447, 489, 530, 571, 612, 654, 695, 736, 778, 819, 860, 901, 943, 984, 1025, 1067, 1108, 1149, 1190, 1232, 1273, 1314, 1356, 1397, 1438, 1479, 1521, 312.5], "liquidation_incentives": [0.10000000000000009], "stability_pool_initial_balances": [0.0001352325540616601, 6.761627703083005e-05, 0.0002704651081233202], "share_institutionals": [0.0, 0.0, 0.0, 1], "recovery_halflife_retails": [3.3333333333333335], "price_recovery_times": [0], "l_factors": [0.25, 0.5, 1, 1.5, 2], "json_time": 1682690948.236831, "current_debt": 323.99003235574963}}