{"json_time": 1668955437, "ETH-VST": {"series_std_ratio": 1.0, "volume_for_slippage_10_percentss": [17502.617366611958], "trade_every": 1800, "collaterals": [267, 3383, 6499, 9615, 12731, 15847, 18963, 22079, 25196, 28312, 31428, 34544, 37660, 40776, 43892, 47008, 50124, 53240, 56356, 59473, 62589, 65705, 68821, 71937, 75053, 78169, 81285, 84401, 87517, 90633, 18750.0], "liquidation_incentives": [0.10000000000000009], "stability_pool_initial_balances": [2.081365009151309, 1.0406825045756545, 4.162730018302618], "share_institutionals": [0.15418916730737478, 0.07709458365368739, 0.30837833461474956, 1], "recovery_halflife_retails": [3.3333333333333335], "price_recovery_times": [0], "l_factors": [0.25, 0.5, 1, 1.5, 2], "json_time": 1668957352.9218297, "current_debt": 267.2732868329966}, "renBTC-VST": {"series_std_ratio": 0.760706293780634, "volume_for_slippage_10_percentss": [713.1978157162666], "trade_every": 1800, "collaterals": [6, 214, 422, 630, 838, 1046, 1255, 1463, 1671, 1879, 2087, 2295, 2503, 2711, 2920, 3128, 3336, 3544, 3752, 3960, 4168, 4376, 4585, 4793, 5001, 5209, 5417, 5625, 5833, 6041, 1250.0], "liquidation_incentives": [0.10000000000000009], "stability_pool_initial_balances": [1.017887285812375, 0.5089436429061875, 2.03577457162475], "share_institutionals": [0.10776986560210382, 0.05388493280105191, 0.21553973120420764, 1], "recovery_halflife_retails": [3.3333333333333335], "price_recovery_times": [0], "l_factors": [0.25, 0.5, 1, 1.5, 2], "json_time": 1668957352.9218297, "current_debt": 6.300414420762446}, "gOHM-VST": {"series_std_ratio": 1.416911372280521, "volume_for_slippage_10_percentss": [261.99110597372055], "trade_every": 1800, "collaterals": [3542, 4049, 4556, 5063, 5570, 6077, 6584, 7090, 7597, 8104, 8611, 9118, 9625, 10132, 10639, 11146, 11653, 12160, 12667, 13173, 13680, 14187, 14694, 15201, 15708, 16215, 16722, 17229, 17736, 18243, 3750.0], "liquidation_incentives": [0.1499999999999999], "stability_pool_initial_balances": [0.05203350194072887, 0.026016750970364436, 0.10406700388145775], "share_institutionals": [0.6119498604699434, 0.3059749302349717, 1, 1], "recovery_halflife_retails": [3.3333333333333335], "price_recovery_times": [0], "l_factors": [0.25, 0.5, 1, 1.5, 2], "json_time": 1668957352.9218297, "current_debt": 3542.5260474374913}, "DPX-VST": {"series_std_ratio": 1.974078240475897, "volume_for_slippage_10_percentss": [334.11265403032303], "trade_every": 1800, "collaterals": [193, 603, 1013, 1423, 1834, 2244, 2654, 3064, 3474, 3885, 4295, 4705, 5115, 5526, 5936, 6346, 6756, 7167, 7577, 7987, 8397, 8807, 9218, 9628, 10038, 10448, 10859, 11269, 11679, 12089, 2500.0], "liquidation_incentives": [0.1499999999999999], "stability_pool_initial_balances": [0.07676956539892, 0.03838478269946, 0.15353913079784], "share_institutionals": [0.00020989779089794806, 0.00010494889544897403, 0.0004197955817958961, 1], "recovery_halflife_retails": [3.3333333333333335], "price_recovery_times": [2], "l_factors": [0.25, 0.5, 1, 1.5, 2], "json_time": 1668957352.9218297, "current_debt": 193.08219447015202}, "GMX-VST": {"series_std_ratio": 2.081064798518858, "volume_for_slippage_10_percentss": [1346.1985102295876], "trade_every": 1800, "collaterals": [80, 494, 908, 1322, 1736, 2150, 2564, 2978, 3392, 3806, 4220, 4634, 5048, 5462, 5876, 6290, 6704, 7118, 7532, 7946, 8360, 8774, 9188, 9602, 10016, 10430, 10844, 11258, 11672, 12086, 2500.0], "liquidation_incentives": [0.1499999999999999], "stability_pool_initial_balances": [0.29471905255191627, 0.14735952627595814, 0.5894381051038325], "share_institutionals": [0.012506018967458956, 0.006253009483729478, 0.02501203793491791, 1], "recovery_halflife_retails": [3.3333333333333335], "price_recovery_times": [0], "l_factors": [0.25, 0.5, 1, 1.5, 2], "json_time": 1668957352.9218297, "current_debt": 80.14079359748307}, "sGLP-VST": {"series_std_ratio": 0.4707294016934606, "volume_for_slippage_10_percentss": [713.1978157162666], "trade_every": 1800, "collaterals": [3124, 3541, 3958, 4374, 4791, 5208, 5624, 6041, 6458, 6874, 7291, 7708, 8124, 8541, 8958, 9374, 9791, 10208, 10624, 11041, 11458, 11874, 12291, 12708, 13124, 13541, 13958, 14374, 14791, 15208, 3125.0], "liquidation_incentives": [0.10000000000000009], "stability_pool_initial_balances": [0.9012606077610982, 0.4506303038805491, 1.8025212155221964], "share_institutionals": [0.0, 0.0, 0.0, 1], "recovery_halflife_retails": [3.3333333333333335], "price_recovery_times": [0], "l_factors": [0.25, 0.5, 1, 1.5, 2], "json_time": 1668957352.9218297, "current_debt": 3124.9987454075654}}