{"json_time": 1690528660, "stabilityPoolVstBalance": {"ETH": 49924.98384393035, "gOHM": 69883.00392505745, "GMX": 69281.05897880663, "DPX": 724.3606960784173, "sGLP": 938.9789819427942}, "stabilityPoolGemBalance": {"ETH": 20171.983507476412, "gOHM": 11181.734686346585, "GMX": 31998.029950138756, "DPX": 11498.850401669815, "sGLP": 0.0}, "bprotocolBalance": {"ETH": 4843.17536927758, "gOHM": 41393.253321219534, "DPX": 6.491527883253578, "GMX": 42783.314583574356, "sGLP": 0.0}, "bprotocolGemBalance": {"ETH": 0.015567632995832883, "gOHM": 0.0, "DPX": 0.01969001542327342, "GMX": 15.6173822008897, "sGLP": 0.0}}