{"json_time": 1672501776, "glp_data": {"liquidTreasury": 267788244.16369608, "treasuryUtilization": 0.3417774718428803, "liquidStableTreasury": 107226489.15991719, "stableTreasuryUtilization": 0.4677835338556508, "liquidSolidAssetTreasury": 144807181.1307761, "solidTreasuryUtilization": 0.22831182689174412}}