{"json_time": 1672501776, "ETH": {"VST": {"volume": 25660058.66098404, "llc": 1.1}}, "gOHM": {"VST": {"volume": 317142.719745636, "llc": 1.15}}, "GMX": {"VST": {"volume": 2679391.6392326355, "llc": 1.15}}, "DPX": {"VST": {"volume": 606105.7486534119, "llc": 1.15}}, "sGLP": {"VST": {"volume": 25660058.66098404, "llc": 1.1}}}