{"json_time": 1693375387, "VST": {"oracle": 1.0011025665655338, "cex_price": 1, "dex_price": 1}, "ETH": {"oracle": 1720.03302933, "cex_price": 1718.9250000000002, "dex_price": 1719.3527329723856}, "gOHM": {"oracle": 2875.1127779078824, "cex_price": "NaN", "dex_price": 2909.3795480667072}, "GMX": {"oracle": 38.52428070079216, "cex_price": "NaN", "dex_price": 38.36979858956521}, "DPX": {"oracle": 79.48078013, "cex_price": "NaN", "dex_price": 79.6391840142315}, "sGLP": {"oracle": 0.9615533456504847, "cex_price": "NaN", "dex_price": "NaN"}}