{"json_time": 1681854430, "USDC": {"oracle": 0.9998330677829912, "cex_price": 1, "dex_price": 1}, "WXDAI": {"oracle": 1.0, "cex_price": 1, "dex_price": 1.0000165083652615}, "LINK": {"oracle": 8.593643728043766, "cex_price": 8.618500000000001, "dex_price": 9.071652930900578}, "GNO": {"oracle": 119.0771488677428, "cex_price": 119.35, "dex_price": 120.62907251748418}, "WBTC": {"oracle": 30437.464942329174, "cex_price": 30398.725, "dex_price": 30219.92550788362}, "WETH": {"oracle": 2093.6388121895143, "cex_price": 2093.8450000000003, "dex_price": 2097.6495039937417}, "FOX": {"oracle": 0.035288746579282236, "cex_price": 0.0358, "dex_price": 0.034309723487647624}, "USDT": {"oracle": 1.0007175855034547, "cex_price": 1, "dex_price": 1.000707406069595}, "EURe": {"oracle": 1.096005867420895, "cex_price": 1.0938500000000002, "dex_price": 1.095032022756292}}