{"json_time": 1671635256, "VST": {"oracle": 0.9847061625629354, "cex_price": 1, "dex_price": 1}, "ETH": {"oracle": 1214.9148, "cex_price": 1215.005, "dex_price": 1215.544541029552}, "gOHM": {"oracle": 2502.537933618252, "cex_price": "NaN", "dex_price": 2501.125329006119}, "GMX": {"oracle": 46.89410403503419, "cex_price": "NaN", "dex_price": 47.407935591551315}, "DPX": {"oracle": 259.88594753, "cex_price": "NaN", "dex_price": 261.3460574541645}, "sGLP": {"oracle": 0.8302201973398825, "cex_price": "NaN", "dex_price": "NaN"}}