{"json_time": 1675436095, "ETH-VST": {"series_std_ratio": 1.0, "volume_for_slippage_10_percentss": [11087.97191053629], "trade_every": 1800, "collaterals": [285, 3401, 6516, 9632, 12747, 15863, 18978, 22093, 25209, 28324, 31440, 34555, 37671, 40786, 43902, 47017, 50133, 53248, 56364, 59479, 62595, 65710, 68826, 71941, 75057, 78172, 81288, 84403, 87519, 90634, 18750.0], "liquidation_incentives": [0.10000000000000009], "stability_pool_initial_balances": [1.6317347486922147, 0.8158673743461073, 3.2634694973844294], "share_institutionals": [0.16872205381547, 0.084361026907735, 0.33744410763094, 1], "recovery_halflife_retails": [3.3333333333333335], "price_recovery_times": [0], "l_factors": [0.25, 0.5, 1, 1.5, 2], "json_time": 1675437003.6557689, "current_debt": 285.6160082617077}, "gOHM-VST": {"series_std_ratio": 0.5718399563684763, "volume_for_slippage_10_percentss": [233.97695094347], "trade_every": 1800, "collaterals": [3407, 3919, 4430, 4942, 5453, 5964, 6476, 6987, 7499, 8010, 8521, 9033, 9544, 10056, 10567, 11078, 11590, 12101, 12613, 13124, 13635, 14147, 14658, 15170, 15681, 16192, 16704, 17215, 17727, 18238, 3750.0], "liquidation_incentives": [0.1499999999999999], "stability_pool_initial_balances": [0.1829893746940871, 0.09149468734704355, 0.3659787493881742], "share_institutionals": [0.0026407501275889193, 0.0013203750637944597, 0.005281500255177839, 1], "recovery_halflife_retails": [3.3333333333333335], "price_recovery_times": [0], "l_factors": [0.25, 0.5, 1, 1.5, 2], "json_time": 1675437003.6557689, "current_debt": 3407.9703018458495}, "DPX-VST": {"series_std_ratio": 2.2756095294666916, "volume_for_slippage_10_percentss": [496.23712569475174], "trade_every": 1800, "collaterals": [402, 805, 1208, 1612, 2015, 2418, 2821, 3225, 3628, 4031, 4434, 4838, 5241, 5644, 6047, 6451, 6854, 7257, 7660, 8064, 8467, 8870, 9273, 9677, 10080, 10483, 10886, 11290, 11693, 12096, 2500.0], "liquidation_incentives": [0.1499999999999999], "stability_pool_initial_balances": [0.08505484737538867, 0.042527423687694334, 0.17010969475077733], "share_institutionals": [0.03848859139112894, 0.01924429569556447, 0.07697718278225787, 1], "recovery_halflife_retails": [3.3333333333333335], "price_recovery_times": [2], "l_factors": [0.25, 0.5, 1, 1.5, 2], "json_time": 1675437003.6557689, "current_debt": 402.37422545880986}, "GMX-VST": {"series_std_ratio": 2.0308729755116706, "volume_for_slippage_10_percentss": [2417.888951599598], "trade_every": 1800, "collaterals": [76, 490, 904, 1318, 1732, 2147, 2561, 2975, 3389, 3803, 4217, 4631, 5045, 5460, 5874, 6288, 6702, 7116, 7530, 7944, 8358, 8772, 9187, 9601, 10015, 10429, 10843, 11257, 11671, 12085, 2500.0], "liquidation_incentives": [0.1499999999999999], "stability_pool_initial_balances": [0.3045560283149765, 0.15227801415748826, 0.609112056629953], "share_institutionals": [0.020908297051906943, 0.010454148525953472, 0.04181659410381389, 1], "recovery_halflife_retails": [3.3333333333333335], "price_recovery_times": [0], "l_factors": [0.25, 0.5, 1, 1.5, 2], "json_time": 1675437003.6557689, "current_debt": 76.51181876139357}, "sGLP-VST": {"series_std_ratio": 0.6132330529291525, "volume_for_slippage_10_percentss": [11087.375864684582], "trade_every": 1800, "collaterals": [1403, 2085, 2767, 3450, 4132, 4815, 5497, 6179, 6862, 7544, 8227, 8909, 9591, 10274, 10956, 11639, 12321, 13003, 13686, 14368, 15051, 15733, 16415, 17098, 17780, 18463, 19145, 19827, 20510, 21192, 4375.0], "liquidation_incentives": [0.10000000000000009], "stability_pool_initial_balances": [1.0893627237287555, 0.5446813618643778, 2.178725447457511], "share_institutionals": [0.0, 0.0, 0.0, 1], "recovery_halflife_retails": [3.3333333333333335], "price_recovery_times": [0], "l_factors": [0.25, 0.5, 1, 1.5, 2], "json_time": 1675437003.6557689, "current_debt": 1403.203357549937}}