{"json_time": 1686596266, "ETH-VST": {"series_std_ratio": 1.0, "volume_for_slippage_10_percentss": [30627.547021210194], "trade_every": 1800, "collaterals": [496, 3604, 6713, 9821, 12930, 16038, 19147, 22255, 25363, 28472, 31580, 34689, 37797, 40906, 44014, 47123, 50231, 53340, 56448, 59556, 62665, 65773, 68882, 71990, 75099, 78207, 81316, 84424, 87533, 90641, 18750.0], "liquidation_incentives": [0.10000000000000009], "stability_pool_initial_balances": [0.17255366697044688, 0.08627683348522344, 0.34510733394089377], "share_institutionals": [0.34574367782360876, 0.17287183891180438, 0.6914873556472175, 1], "recovery_halflife_retails": [3.3333333333333335], "price_recovery_times": [0], "l_factors": [0.25, 0.5, 1, 1.5, 2], "json_time": 1686598651.26229, "current_debt": 496.2759206973123}, "gOHM-VST": {"series_std_ratio": 0.5718399563684763, "volume_for_slippage_10_percentss": [229.8046299815178], "trade_every": 1800, "collaterals": [2669, 3049, 3429, 3808, 4188, 4568, 4948, 5327, 5707, 6087, 6467, 6847, 7226, 7606, 7986, 8366, 8745, 9125, 9505, 9885, 10264, 10644, 11024, 11404, 11783, 12163, 12543, 12923, 13302, 13682, 2812.5], "liquidation_incentives": [0.1499999999999999], "stability_pool_initial_balances": [0.020359919629993364, 0.010179959814996682, 0.04071983925998673], "share_institutionals": [0.49601737824577136, 0.24800868912288568, 0.9920347564915427, 1], "recovery_halflife_retails": [3.3333333333333335], "price_recovery_times": [0], "l_factors": [0.25, 0.5, 1, 1.5, 2], "json_time": 1686598651.26229, "current_debt": 2669.6650973800897}, "DPX-VST": {"series_std_ratio": 2.2756095294666916, "volume_for_slippage_10_percentss": [273.9120230078697], "trade_every": 1800, "collaterals": [381, 473, 564, 656, 747, 838, 930, 1021, 1113, 1204, 1296, 1387, 1479, 1570, 1661, 1753, 1844, 1936, 2027, 2119, 2210, 2302, 2393, 2484, 2576, 2667, 2759, 2850, 2942, 3033, 625.0], "liquidation_incentives": [0.1499999999999999], "stability_pool_initial_balances": [0.014580601620117425, 0.007290300810058712, 0.02916120324023485], "share_institutionals": [0.907577997179681, 0.4537889985898405, 1, 1], "recovery_halflife_retails": [3.3333333333333335], "price_recovery_times": [2], "l_factors": [0.25, 0.5, 1, 1.5, 2], "json_time": 1686598651.26229, "current_debt": 381.7069121131954}, "GMX-VST": {"series_std_ratio": 2.0308729755116706, "volume_for_slippage_10_percentss": [2850.0221940875053], "trade_every": 1800, "collaterals": [130, 543, 955, 1367, 1780, 2192, 2604, 3017, 3429, 3841, 4253, 4666, 5078, 5490, 5903, 6315, 6727, 7140, 7552, 7964, 8376, 8789, 9201, 9613, 10026, 10438, 10850, 11263, 11675, 12087, 2500.0], "liquidation_incentives": [0.1499999999999999], "stability_pool_initial_balances": [0.3219770546539429, 0.16098852732697144, 0.6439541093078858], "share_institutionals": [0.17221540586807924, 0.08610770293403962, 0.34443081173615847, 1], "recovery_halflife_retails": [3.3333333333333335], "price_recovery_times": [0], "l_factors": [0.25, 0.5, 1, 1.5, 2], "json_time": 1686598651.26229, "current_debt": 130.90564211810047}, "sGLP-VST": {"series_std_ratio": 0.6132330529291525, "volume_for_slippage_10_percentss": [35788.70805114508], "trade_every": 1800, "collaterals": [324, 365, 406, 447, 489, 530, 571, 613, 654, 695, 736, 778, 819, 860, 902, 943, 984, 1025, 1067, 1108, 1149, 1190, 1232, 1273, 1314, 1356, 1397, 1438, 1479, 1521, 312.5], "liquidation_incentives": [0.10000000000000009], "stability_pool_initial_balances": [0.0008553787322338384, 0.0004276893661169192, 0.0017107574644676768], "share_institutionals": [0.0, 0.0, 0.0, 1], "recovery_halflife_retails": [3.3333333333333335], "price_recovery_times": [0], "l_factors": [0.25, 0.5, 1, 1.5, 2], "json_time": 1686598651.26229, "current_debt": 324.1587257627573}}