{"json_time": 1686596266, "ETH": {"VST": {"volume": 49004075.23393631, "llc": 1.1}}, "gOHM": {"VST": {"volume": 367687.40797042847, "llc": 1.15}}, "GMX": {"VST": {"volume": 4560035.510540009, "llc": 1.15}}, "DPX": {"VST": {"volume": 438259.23681259155, "llc": 1.15}}, "sGLP": {"VST": {"volume": 57261932.88183212, "llc": 1.1}}}