{"json_time": 1667058252, "VST": {"total_collateral": "0.0", "median_collateral": "nan", "top_1_collateral": "0.0", "top_10_collateral": "0.0", "total_debt": "0.0", "median_debt": "nan", "top_1_debt": "nan", "top_10_debt": "0.0", "graph_data": {"ETH": {"4.9": 0, "4.800000000000001": 0, "4.7": 0, "4.6000000000000005": 0, "4.5": 0, "4.4": 0, "4.3": 0, "4.2": 0, "4.1000000000000005": 0, "4.0": 0, "3.9000000000000004": 0, "3.8000000000000003": 0, "3.7": 0, "3.6": 0, "3.5": 0, "3.4000000000000004": 0, "3.3000000000000003": 0, "3.2": 0, "3.1": 0, "3.0": 0, "2.9000000000000004": 0, "2.8000000000000003": 0, "2.7": 0, "2.6": 0, "2.5": 0, "2.4000000000000004": 0, "2.3000000000000003": 0, "2.2": 0, "2.1": 0, "2.0": 0, "1.9000000000000001": 0, "1.8": 0, "1.7000000000000002": 0, "1.6": 0, "1.5": 0, "1.4000000000000001": 0, "1.3": 0}, "gOHM": {"4.9": 0, "4.800000000000001": 0, "4.7": 0, "4.6000000000000005": 0, "4.5": 0, "4.4": 0, "4.3": 0, "4.2": 0, "4.1000000000000005": 0, "4.0": 0, "3.9000000000000004": 0, "3.8000000000000003": 0, "3.7": 0, "3.6": 0, "3.5": 0, "3.4000000000000004": 0, "3.3000000000000003": 0, "3.2": 0, "3.1": 0, "3.0": 0, "2.9000000000000004": 0, "2.8000000000000003": 0, "2.7": 0, "2.6": 0, "2.5": 0, "2.4000000000000004": 0, "2.3000000000000003": 0, "2.2": 0, "2.1": 0, "2.0": 0, "1.9000000000000001": 0, "1.8": 0}, "renBTC": {"4.9": 0, "4.800000000000001": 0, "4.7": 0, "4.6000000000000005": 0, "4.5": 0, "4.4": 0, "4.3": 0, "4.2": 0, "4.1000000000000005": 0, "4.0": 0, "3.9000000000000004": 0, "3.8000000000000003": 0, "3.7": 0, "3.6": 0, "3.5": 0, "3.4000000000000004": 0, "3.3000000000000003": 0, "3.2": 0, "3.1": 0, "3.0": 0, "2.9000000000000004": 0, "2.8000000000000003": 0, "2.7": 0, "2.6": 0, "2.5": 0, "2.4000000000000004": 0, "2.3000000000000003": 0}, "GMX": {"4.9": 0, "4.800000000000001": 0, "4.7": 0, "4.6000000000000005": 0, "4.5": 0, "4.4": 0, "4.3": 0, "4.2": 0, "4.1000000000000005": 0, "4.0": 0, "3.9000000000000004": 0, "3.8000000000000003": 0, "3.7": 0, "3.6": 0, "3.5": 0, "3.4000000000000004": 0, "3.3000000000000003": 0, "3.2": 0, "3.1": 0, "3.0": 0, "2.9000000000000004": 0, "2.8000000000000003": 0, "2.7": 0, "2.6": 0, "2.5": 0, "2.4000000000000004": 0, "2.3000000000000003": 0, "2.2": 0, "2.1": 0, "2.0": 0, "1.9000000000000001": 0, "1.8": 0, "1.7000000000000002": 0, "1.6": 0}, "sGLP": {"4.9": 0, "4.800000000000001": 0, "4.7": 0, "4.6000000000000005": 0, "4.5": 0, "4.4": 0, "4.3": 0, "4.2": 0, "4.1000000000000005": 0, "4.0": 0, "3.9000000000000004": 0, "3.8000000000000003": 0, "3.7": 0, "3.6": 0, "3.5": 0, "3.4000000000000004": 0, "3.3000000000000003": 0, "3.2": 0, "3.1": 0, "3.0": 0, "2.9000000000000004": 0, "2.8000000000000003": 0, "2.7": 0, "2.6": 0, "2.5": 0, "2.4000000000000004": 0, "2.3000000000000003": 0, "2.2": 0, "2.1": 0, "2.0": 0, "1.9000000000000001": 0, "1.8": 0, "1.7000000000000002": 0, "1.6": 0, "1.5": 0, "1.4000000000000001": 0, "1.3": 0, "1.2000000000000002": 0, "1.1": 0}}}, "ETH": {"total_collateral": "1289529.8006328668", "median_collateral": "3767.5373225249996", "top_1_collateral": "97774.2", "top_10_collateral": "640909.881", "total_debt": "476741.1407125287", "median_debt": "1278.497004792034", "top_1_debt": "37200.0", "top_10_debt": "218363.9589008785", "graph_data": {"VST": {"1140.699": 5367, "977.7420000000001": 63662, "814.785": 190276, "651.828": 360213, "488.87100000000004": 398712, "325.914": 473926, "162.957": 476162, "0.0": 476712}}}, "gOHM": {"total_collateral": "15560245.909603676", "median_collateral": "24040.904202732963", "top_1_collateral": "2236437.145045367", "top_10_collateral": "10348125.634756558", "total_debt": "5081334.088736085", "median_debt": "8583.308256100545", "top_1_debt": "870626.3382400485", "top_10_debt": "3498467.4076322713", "graph_data": {"VST": {"1335.60578904072": 3523766, "1068.484631232576": 4478520, "801.3634734244322": 4706377, "534.242315616288": 5068110, "267.121157808144": 5080290, "0.0": 5081290}}}, "renBTC": {"total_collateral": "130904.72761742843", "median_collateral": "9484.0827874177", "top_1_collateral": "40759.102117857896", "top_10_collateral": "130904.72761742845", "total_debt": "30131.89467428419", "median_debt": "2911.593876806136", "top_1_debt": "9057.597790678888", "top_10_debt": "30131.894674284187", "graph_data": {"VST": {"8348.606": 3755, "6261.454500000001": 3755, "4174.303": 29797, "2087.1515": 30128, "0.0": 30128}}}, "GMX": {"total_collateral": "209067.2413506691", "median_collateral": "11919.62120163451", "top_1_collateral": "44743.97378587794", "top_10_collateral": "205694.88098661188", "total_debt": "75418.1354266547", "median_debt": "4555.5", "top_1_debt": "17546.4904", "top_10_debt": "74522.40542665469", "graph_data": {"VST": {"26.28927082229059": 6999, "21.907725685242156": 63992, "17.526180548193725": 72135, "13.144635411145295": 72915, "8.763090274096863": 75415, "4.381545137048431": 75415, "0.0": 75415}}}, "DPX": {"total_collateral": "2244083.4708700045", "median_collateral": "489144.75787060254", "top_1_collateral": "1321468.9147219097", "top_10_collateral": "2244083.4708700045", "total_debt": "223837.15268323795", "median_debt": "27676.97101077914", "top_1_debt": "170891.30711611174", "top_10_debt": "223837.15268323795", "graph_data": {"VST": {"34.64324423": 170891, "0.0": 223835}}}, "sGLP": {"total_collateral": "7440575.940148515", "median_collateral": "5639.824262859709", "top_1_collateral": "1476099.1175900518", "top_10_collateral": "5473292.358508576", "total_debt": "4918033.374352552", "median_debt": "3215.145272617153", "top_1_debt": "1000000.0", "top_10_debt": "3729833.680083776", "graph_data": {"VST": {"0.8570898102135786": 151999, "0.7618576090787365": 3066033, "0.6666254079438945": 4655868, "0.5713932068090524": 4796298, "0.47616100567421027": 4895649, "0.3809288045393682": 4911629, "0.2856966034045262": 4913988, "0.1904644022696841": 4913988, "0.09523220113484206": 4918018, "0.0": 4918018}}}}