{"json_time": 1667058252, "VST": {"oracle": 0.9855437651192628, "cex_price": 1, "dex_price": 1}, "ETH": {"oracle": 1629.57, "cex_price": 1635.8850000000002, "dex_price": 1637.929081627026}, "gOHM": {"oracle": 2671.21157808144, "cex_price": "NaN", "dex_price": 2710.1381278977246}, "renBTC": {"oracle": 20871.515, "cex_price": 20870.725, "dex_price": 20976.16352681467}, "GMX": {"oracle": 43.81545137048431, "cex_price": "NaN", "dex_price": 45.11434749497147}, "DPX": {"oracle": 346.4324423, "cex_price": "NaN", "dex_price": 345.23757903209366}, "sGLP": {"oracle": 0.9523220113484205, "cex_price": "NaN", "dex_price": "NaN"}}