{"json_time": 1667058252, "stabilityPoolVstBalance": {"ETH": 529017.8605937748, "gOHM": 267753.360603848, "renBTC": 39586.24107478885, "GMX": 59358.204363474855, "DPX": 57799.545247418144, "sGLP": 42484.491}, "stabilityPoolGemBalance": {"ETH": 28943.923659934197, "gOHM": 18217.095888382253, "renBTC": 459.15913736979996, "GMX": 259.6048669462833, "DPX": 281.69352508608415, "sGLP": 0.0}, "bprotocolBalance": {"ETH": 256974.24485438707, "gOHM": 152064.1161621556, "DPX": 3.7479731815896233, "GMX": 24661.50624923469, "renBTC": 34268.20260350504, "sGLP": 0.0}, "bprotocolGemBalance": {"ETH": 0.12412220824898791, "gOHM": 0.0, "DPX": 7.5720702787398e-05, "GMX": 6.0027314812461e-05, "renBTC": 0.0, "sGLP": 0.0}}