{"json_time": 1669823864, "ETH-VST": {"series_std_ratio": 1.0, "volume_for_slippage_10_percentss": [21199.889784753323], "trade_every": 1800, "collaterals": [254, 3370, 6487, 9603, 12720, 15836, 18953, 22069, 25186, 28302, 31419, 34535, 37652, 40768, 43885, 47002, 50118, 53235, 56351, 59468, 62584, 65701, 68817, 71934, 75050, 78167, 81283, 84400, 87516, 90633, 18750.0], "liquidation_incentives": [0.10000000000000009], "stability_pool_initial_balances": [2.11741436261683, 1.058707181308415, 4.23482872523366], "share_institutionals": [0.15862599074727282, 0.07931299537363641, 0.31725198149454564, 1], "recovery_halflife_retails": [3.3333333333333335], "price_recovery_times": [0], "l_factors": [0.25, 0.5, 1, 1.5, 2], "json_time": 1669825582.2068644, "current_debt": 254.0145455852916}, "renBTC-VST": {"series_std_ratio": 0.760706293780634, "volume_for_slippage_10_percentss": [266.7594727873802], "trade_every": 1800, "collaterals": [208, 416, 625, 833, 1041, 1250, 1458, 1666, 1875, 2083, 2291, 2500, 2708, 2916, 3125, 3333, 3541, 3750, 3958, 4166, 4375, 4583, 4791, 5000, 5208, 5416, 5625, 5833, 6041, 1250.0], "liquidation_incentives": [0.10000000000000009], "stability_pool_initial_balances": [0], "share_institutionals": [0.1585170164366131, 0.07925850821830654, 0.3170340328732262, 1], "recovery_halflife_retails": [3.3333333333333335], "price_recovery_times": [0], "l_factors": [0.25, 0.5, 1, 1.5, 2], "json_time": 1669825582.2068644, "current_debt": 0.0}, "gOHM-VST": {"series_std_ratio": 1.416911372280521, "volume_for_slippage_10_percentss": [277.48829811811447], "trade_every": 1800, "collaterals": [3378, 3891, 4403, 4915, 5428, 5940, 6453, 6965, 7477, 7990, 8502, 9014, 9527, 10039, 10552, 11064, 11576, 12089, 12601, 13113, 13626, 14138, 14651, 15163, 15675, 16188, 16700, 17212, 17725, 18237, 3750.0], "liquidation_incentives": [0.1499999999999999], "stability_pool_initial_balances": [0.03604466934754883, 0.018022334673774416, 0.07208933869509766], "share_institutionals": [0.42097754684114286, 0.21048877342057143, 0.8419550936822857, 1], "recovery_halflife_retails": [3.3333333333333335], "price_recovery_times": [0], "l_factors": [0.25, 0.5, 1, 1.5, 2], "json_time": 1669825582.2068644, "current_debt": 3378.81681667451}, "DPX-VST": {"series_std_ratio": 1.974078240475897, "volume_for_slippage_10_percentss": [390.1409640908241], "trade_every": 1800, "collaterals": [193, 604, 1014, 1424, 1834, 2244, 2655, 3065, 3475, 3885, 4295, 4706, 5116, 5526, 5936, 6346, 6757, 7167, 7577, 7987, 8397, 8808, 9218, 9628, 10038, 10448, 10859, 11269, 11679, 12089, 2500.0], "liquidation_incentives": [0.1499999999999999], "stability_pool_initial_balances": [0.15590849942312945, 0.07795424971156473, 0.3118169988462589], "share_institutionals": [0.00012296294597842, 6.148147298921e-05, 0.00024592589195684, 1], "recovery_halflife_retails": [3.3333333333333335], "price_recovery_times": [2], "l_factors": [0.25, 0.5, 1, 1.5, 2], "json_time": 1669825582.2068644, "current_debt": 193.83055144303333}, "GMX-VST": {"series_std_ratio": 2.081064798518858, "volume_for_slippage_10_percentss": [1379.5770779252052], "trade_every": 1800, "collaterals": [72, 486, 900, 1315, 1729, 2143, 2557, 2972, 3386, 3800, 4214, 4629, 5043, 5457, 5871, 6286, 6700, 7114, 7528, 7943, 8357, 8771, 9185, 9600, 10014, 10428, 10842, 11257, 11671, 12085, 2500.0], "liquidation_incentives": [0.1499999999999999], "stability_pool_initial_balances": [0.3675893259643333, 0.18379466298216665, 0.7351786519286666], "share_institutionals": [0.01107866935906215, 0.005539334679531075, 0.0221573387181243, 1], "recovery_halflife_retails": [3.3333333333333335], "price_recovery_times": [0], "l_factors": [0.25, 0.5, 1, 1.5, 2], "json_time": 1669825582.2068644, "current_debt": 72.33765300551877}, "sGLP-VST": {"series_std_ratio": 0.4707294016934606, "volume_for_slippage_10_percentss": [266.7594727873802], "trade_every": 1800, "collaterals": [2797, 3224, 3652, 4080, 4507, 4935, 5362, 5790, 6217, 6645, 7073, 7500, 7928, 8355, 8783, 9211, 9638, 10066, 10493, 10921, 11349, 11776, 12204, 12631, 13059, 13487, 13914, 14342, 14769, 15197, 3125.0], "liquidation_incentives": [0.10000000000000009], "stability_pool_initial_balances": [1.0005972944872816, 0.5002986472436408, 2.0011945889745633], "share_institutionals": [0.0, 0.0, 0.0, 1], "recovery_halflife_retails": [3.3333333333333335], "price_recovery_times": [0], "l_factors": [0.25, 0.5, 1, 1.5, 2], "json_time": 1669825582.2068644, "current_debt": 2797.258669974334}}