{"json_time": 1669823864, "ETH": {"VST": {"volume": 33919823.655605316, "llc": 1.1}}, "gOHM": {"VST": {"volume": 443981.27698898315, "llc": 1.15}}, "renBTC": {"VST": {"volume": 426815.15645980835, "llc": 1.1}}, "GMX": {"VST": {"volume": 2207323.3246803284, "llc": 1.15}}, "DPX": {"VST": {"volume": 624225.5425453186, "llc": 1.15}}, "sGLP": {"VST": {"volume": 426815.15645980835, "llc": 1.1}}}