{"json_time": 1666545138, "glp_data": {"liquidTreasury": 301683239.80653906, "treasuryUtilization": 0.2212692422493407, "liquidStableTreasury": 142320808.23780325, "stableTreasuryUtilization": 0.2446001627242028, "liquidSolidAssetTreasury": 148249211.7908829, "solidTreasuryUtilization": 0.19603090976134394}}