{"json_time": 1666545138, "VST": {"oracle": 0.9820127631724802, "cex_price": 1, "dex_price": 1}, "ETH": {"oracle": 1314.25957103, "cex_price": 1315.415, "dex_price": 1315.7904775906354}, "gOHM": {"oracle": 2575.46214502577, "cex_price": "NaN", "dex_price": 2579.3280153549476}, "renBTC": {"oracle": 19187.8, "cex_price": 19206.42, "dex_price": 19259.27295474225}, "GMX": {"oracle": 35.07223879807827, "cex_price": "NaN", "dex_price": 35.36365172453271}, "DPX": {"oracle": 227.06988745, "cex_price": "NaN", "dex_price": 227.04792444771357}, "sGLP": {"oracle": 0.8715111824517521, "cex_price": "NaN", "dex_price": "NaN"}}