{"json_time": 1667582686, "auUSDC": {"oracle": 1.00000073, "cex_price": 1, "dex_price": 1}, "auETH": {"oracle": 1621.58435741, "cex_price": 1625.1350000000002, "dex_price": 1638.4969826231163}, "auWBTC": {"oracle": 20785.239, "cex_price": 20793.285, "dex_price": 20959.00439698953}, "auUSDT": {"oracle": 0.99998385, "cex_price": 1, "dex_price": 1.000030117907061}, "auWNEAR": {"oracle": 3.19252676, "cex_price": 3.2255000000000003, "dex_price": 3.229954965418267}, "auSTNEAR": {"oracle": 3.62429357, "cex_price": "NaN", "dex_price": 3.7196690916462987}}