{"ETH": {"BNB|bsc": {"volume": 1476.8366813659668, "llc": 1.1}, "WBTC|eth": {"volume": 3384.183406829834, "llc": 1.1}, "pCKB": {"volume": 2430.5100440979004, "llc": 1.1}, "USDC": {"volume": 2430.5100440979004, "llc": 1.1}, "USDT": {"volume": 2430.5100440979004, "llc": 1.1}}, "BNB|bsc": {"ETH": {"volume": 1476.8366813659668, "llc": 1.1}, "WBTC|eth": {"volume": 1476.8366813659668, "llc": 1.1}, "pCKB": {"volume": 1476.8366813659668, "llc": 1.1}, "USDC": {"volume": 1476.8366813659668, "llc": 1.1}, "USDT": {"volume": 1476.8366813659668, "llc": 1.1}}, "WBTC|eth": {"ETH": {"volume": 3384.183406829834, "llc": 1.1}, "BNB|bsc": {"volume": 1476.8366813659668, "llc": 1.1}, "pCKB": {"volume": 2430.5100440979004, "llc": 1.1}, "USDC": {"volume": 2430.5100440979004, "llc": 1.1}, "USDT": {"volume": 2430.5100440979004, "llc": 1.1}}, "pCKB": {"ETH": {"volume": 2430.5100440979004, "llc": 1.1}, "BNB|bsc": {"volume": 1476.8366813659668, "llc": 1.1}, "WBTC|eth": {"volume": 1476.8366813659668, "llc": 1.1}, "USDC": {"volume": 59650.911808013916, "llc": 1.1}, "USDT": {"volume": 59650.911808013916, "llc": 1.1}}, "USDC": {"ETH": {"volume": 2430.5100440979004, "llc": 1.1}, "BNB|bsc": {"volume": 1476.8366813659668, "llc": 1.1}, "WBTC|eth": {"volume": 1476.8366813659668, "llc": 1.1}, "pCKB": {"volume": 59650.911808013916, "llc": 1.1}, "USDT": {"volume": 249431.9109916687, "llc": 1.1}}, "USDT": {"ETH": {"volume": 2430.5100440979004, "llc": 1.1}, "BNB|bsc": {"volume": 1476.8366813659668, "llc": 1.1}, "WBTC|eth": {"volume": 1476.8366813659668, "llc": 1.1}, "pCKB": {"volume": 59650.911808013916, "llc": 1.1}, "USDC": {"volume": 471637.8045082092, "llc": 1.1}}, "json_time": 1687000442}