{"json_time": 1685349285, "data": [{"account": "0x5ce561e048d2cd64523D6316228F97bd2537F92f", "user_collateral_wo_looping": 0.9500105107781235, "user_debt_wo_looping": 1.5494659164438223}, {"account": "0x7e1a061ca70838e1E79BCcBee306a56746f9e2F8", "user_collateral_wo_looping": 0.004158461210722946, "user_debt_wo_looping": 0.005535853989312793}, {"account": "0x5420cFd7449ed4245936a71A761adF77Bd7D0071", "user_collateral_wo_looping": 0.007114996916962106, "user_debt_wo_looping": 0.007279026096069204}, {"account": "0x4F1fdB46D6B90b33896c79D390cC348Ec8B73B39", "user_collateral_wo_looping": 0.008027935457494455, "user_debt_wo_looping": 0.008523459272368441}]}