{"USDC": {"WXDAI": {"volume": 8192577.349185944, "llc": 1.05}, "LINK": {"volume": 1476.8366813659668, "llc": 1.05}, "GNO": {"volume": 64419.278621673584, "llc": 1.05}, "WBTC": {"volume": 24364.997386932373, "llc": 1.05}, "WETH": {"volume": 59645.49465873294, "llc": 1.05}, "FOX": {"volume": 3384.183406829834, "llc": 1.05}, "USDT": {"volume": 3270669.1241264343, "llc": 1.05}, "EURe": {"volume": 366733.73460769653, "llc": 1.05}}, "WXDAI": {"USDC": {"volume": 3655953.1626701355, "llc": 1.05}, "LINK": {"volume": 1476.8366813659668, "llc": 1.05}, "GNO": {"volume": 64419.278621673584, "llc": 1.05}, "WBTC": {"volume": 25318.670749664307, "llc": 1.05}, "WETH": {"volume": 66304, "llc": 1.05}, "FOX": {"volume": 3384.183406829834, "llc": 1.05}, "USDT": {"volume": 3259225.043773651, "llc": 1.05}, "EURe": {"volume": 366733.73460769653, "llc": 1.05}}, "LINK": {"USDC": {"volume": 4337.856769561768, "llc": 1.2}, "WXDAI": {"volume": 4337.856769561768, "llc": 1.2}, "GNO": {"volume": 4337.856769561768, "llc": 1.2}, "WBTC": {"volume": 4337.856769561768, "llc": 1.2}, "WETH": {"volume": 4337.856769561768, "llc": 1.2}, "FOX": {"volume": 3384.183406829834, "llc": 1.2}, "USDT": {"volume": 4337.856769561768, "llc": 1.2}, "EURe": {"volume": 3384.183406829834, "llc": 1.2}}, "GNO": {"USDC": {"volume": 127361.7205619812, "llc": 1.1}, "WXDAI": {"volume": 128315.39392471313, "llc": 1.1}, "LINK": {"volume": 2430.5100440979004, "llc": 1.1}, "WBTC": {"volume": 58697.23844528198, "llc": 1.1}, "WETH": {"volume": 401065.97566604614, "llc": 1.1}, "FOX": {"volume": 4337.856769561768, "llc": 1.1}, "USDT": {"volume": 127361.7205619812, "llc": 1.1}, "EURe": {"volume": 124500.7004737854, "llc": 1.1}}, "WBTC": {"USDC": {"volume": 47253.15809249878, "llc": 1.1}, "WXDAI": {"volume": 51067.851543426514, "llc": 1.1}, "LINK": {"volume": 2430.5100440979004, "llc": 1.1}, "GNO": {"volume": 68233.97207260132, "llc": 1.1}, "WETH": {"volume": 106380.90658187866, "llc": 1.1}, "FOX": {"volume": 4337.856769561768, "llc": 1.1}, "USDT": {"volume": 37716.42446517944, "llc": 1.1}, "EURe": {"volume": 37716.42446517944, "llc": 1.1}}, "WETH": {"USDC": {"volume": 39477.01040052003, "llc": 1.05}, "WXDAI": {"volume": 39477.01040052003, "llc": 1.05}, "LINK": {"volume": 1476.8366813659668, "llc": 1.05}, "GNO": {"volume": 197933.5494041443, "llc": 1.05}, "WBTC": {"volume": 53928.871631622314, "llc": 1.05}, "FOX": {"volume": 2430.5100440979004, "llc": 1.05}, "USDT": {"volume": 39477.01040052003, "llc": 1.05}, "EURe": {"volume": 27226.017475128174, "llc": 1.05}}, "FOX": {"USDC": {"volume": 5291.530132293701, "llc": 1.1}, "WXDAI": {"volume": 5291.530132293701, "llc": 1.1}, "LINK": {"volume": 2430.5100440979004, "llc": 1.1}, "GNO": {"volume": 4337.856769561768, "llc": 1.1}, "WBTC": {"volume": 4337.856769561768, "llc": 1.1}, "WETH": {"volume": 4337.856769561768, "llc": 1.1}, "USDT": {"volume": 5291.530132293701, "llc": 1.1}, "EURe": {"volume": 4337.856769561768, "llc": 1.1}}, "USDT": {"USDC": {"volume": 3593010.720729828, "llc": 1.05}, "WXDAI": {"volume": 8116283.480167389, "llc": 1.05}, "LINK": {"volume": 1476.8366813659668, "llc": 1.05}, "GNO": {"volume": 64419.278621673584, "llc": 1.05}, "WBTC": {"volume": 24364.997386932373, "llc": 1.05}, "WETH": {"volume": 59668.281334066705, "llc": 1.05}, "FOX": {"volume": 3384.183406829834, "llc": 1.05}, "EURe": {"volume": 366733.73460769653, "llc": 1.05}}, "EURe": {"USDC": {"volume": 845477.7626991272, "llc": 1.15}, "WXDAI": {"volume": 846431.4360618591, "llc": 1.15}, "LINK": {"volume": 3384.183406829834, "llc": 1.15}, "GNO": {"volume": 189350.48913955688, "llc": 1.15}, "WBTC": {"volume": 56789.891719818115, "llc": 1.15}, "WETH": {"volume": 114010.29348373413, "llc": 1.15}, "FOX": {"volume": 6245.203495025635, "llc": 1.15}, "USDT": {"volume": 845477.7626991272, "llc": 1.15}}, "json_time": 1685349285}