{"json_time": 1691140215, "stabilityPoolVstBalance": {"ETH": 49902.53696107419, "gOHM": 70143.53455164692, "GMX": 71158.48793381716, "DPX": 719.1211233448587, "sGLP": 593.3920705043711}, "stabilityPoolGemBalance": {"ETH": 19911.415806115365, "gOHM": 11088.571059125436, "GMX": 18090.268923539155, "DPX": 8917.515234733452, "sGLP": 0.0}, "bprotocolBalance": {"ETH": 4861.642697352257, "gOHM": 41551.08836349577, "DPX": 6.443857021700285, "GMX": 42946.45001566069, "sGLP": 0.0}, "bprotocolGemBalance": {"ETH": 0.015567632995832883, "gOHM": 0.0, "DPX": 0.02055619184015257, "GMX": 15.6173822008897, "sGLP": 0.0}}