{"json_time": 1691169189, "ETH-VST": {"series_std_ratio": 1.0, "volume_for_slippage_10_percentss": [38098.981772363186], "trade_every": 1800, "collaterals": [832, 1117, 1402, 1687, 1971, 2256, 2541, 2826, 3110, 3395, 3680, 3964, 4249, 4534, 4819, 5103, 5388, 5673, 5958, 6242, 6527, 6812, 7097, 7381, 7666, 7951, 8236, 8520, 8805, 9090, 1875.0], "liquidation_incentives": [0.10000000000000009], "stability_pool_initial_balances": [0.03743319328548753, 0.018716596642743766, 0.07486638657097507], "share_institutionals": [0.09746008371710296, 0.04873004185855148, 0.19492016743420593, 1], "recovery_halflife_retails": [3.3333333333333335], "price_recovery_times": [0], "l_factors": [0.25, 0.5, 1, 1.5, 2], "json_time": 1691171748.1624293, "current_debt": 832.8748580512511}, "gOHM-VST": {"series_std_ratio": 0.5718399563684763, "volume_for_slippage_10_percentss": [133.24520200490952], "trade_every": 1800, "collaterals": [1962, 2365, 2769, 3172, 3575, 3979, 4382, 4785, 5189, 5592, 5995, 6399, 6802, 7205, 7609, 8012, 8415, 8819, 9222, 9625, 10029, 10432, 10835, 11239, 11642, 12045, 12449, 12852, 13255, 13659, 2812.5], "liquidation_incentives": [0.1499999999999999], "stability_pool_initial_balances": [0.02233701255780685, 0.011168506278903425, 0.0446740251156137], "share_institutionals": [0.592372320971387, 0.2961861604856935, 1, 1], "recovery_halflife_retails": [3.3333333333333335], "price_recovery_times": [0], "l_factors": [0.25, 0.5, 1, 1.5, 2], "json_time": 1691171748.1624293, "current_debt": 1962.6440355518666}, "DPX-VST": {"series_std_ratio": 2.2756095294666916, "volume_for_slippage_10_percentss": [233.97695094347], "trade_every": 1800, "collaterals": [199, 296, 394, 491, 589, 686, 784, 881, 979, 1076, 1174, 1272, 1369, 1467, 1564, 1662, 1759, 1857, 1954, 2052, 2149, 2247, 2344, 2442, 2539, 2637, 2734, 2832, 2929, 3027, 625.0], "liquidation_incentives": [0.1499999999999999], "stability_pool_initial_balances": [0.002255314340544748, 0.001127657170272374, 0.004510628681089496], "share_institutionals": [0.00898932468084256, 0.00449466234042128, 0.01797864936168512, 1], "recovery_halflife_retails": [3.3333333333333335], "price_recovery_times": [2], "l_factors": [0.25, 0.5, 1, 1.5, 2], "json_time": 1691171748.1624293, "current_debt": 199.2846945407755}, "GMX-VST": {"series_std_ratio": 2.0308729755116706, "volume_for_slippage_10_percentss": [3863.300141990185], "trade_every": 1800, "collaterals": [229, 326, 422, 519, 615, 712, 808, 905, 1001, 1098, 1194, 1291, 1387, 1484, 1580, 1677, 1773, 1870, 1966, 2063, 2159, 2256, 2352, 2449, 2545, 2642, 2738, 2835, 2931, 3028, 625.0], "liquidation_incentives": [0.1499999999999999], "stability_pool_initial_balances": [0.19378444442331286, 0.09689222221165643, 0.3875688888466257], "share_institutionals": [0.603751831757464, 0.301875915878732, 1, 1], "recovery_halflife_retails": [3.3333333333333335], "price_recovery_times": [0], "l_factors": [0.25, 0.5, 1, 1.5, 2], "json_time": 1691171748.1624293, "current_debt": 229.50216128507537}, "sGLP-VST": {"series_std_ratio": 0.6132330529291525, "volume_for_slippage_10_percentss": [41138.815616071224], "trade_every": 1800, "collaterals": [322, 364, 405, 446, 488, 529, 570, 612, 653, 694, 736, 777, 818, 860, 901, 942, 984, 1025, 1066, 1107, 1149, 1190, 1231, 1273, 1314, 1355, 1397, 1438, 1479, 1521, 312.5], "liquidation_incentives": [0.10000000000000009], "stability_pool_initial_balances": [0.0011097604652465284, 0.0005548802326232642, 0.0022195209304930567], "share_institutionals": [0.0, 0.0, 0.0, 1], "recovery_halflife_retails": [3.3333333333333335], "price_recovery_times": [0], "l_factors": [0.25, 0.5, 1, 1.5, 2], "json_time": 1691171748.1624293, "current_debt": 322.95205870511336}}