{"json_time": 1669990740, "glp_data": {"liquidTreasury": 262365752.5218869, "treasuryUtilization": 0.3338672409526176, "liquidStableTreasury": 108462581.7821479, "stableTreasuryUtilization": 0.4184003862724627, "liquidSolidAssetTreasury": 139881372.3650347, "solidTreasuryUtilization": 0.260335709527219}}