{"auUSDC": {"auETH": {"volume": 25318.670749664307, "llc": 1.1}, "auWBTC": {"volume": 11967.243671417236, "llc": 1.1}, "auUSDT": {"volume": 2481027.5797843933, "llc": 1.1}, "auWNEAR": {"volume": 74909.68561172485, "llc": 1.1}, "auSTNEAR": {"volume": 61868.65261248, "llc": 1.1}}, "auETH": {"auUSDC": {"volume": 26272.34411239624, "llc": 1.1}, "auWBTC": {"volume": 11967.243671417236, "llc": 1.1}, "auUSDT": {"volume": 25318.670749664307, "llc": 1.1}, "auWNEAR": {"volume": 37716.42446517944, "llc": 1.1}, "auSTNEAR": {"volume": 37716.42446517944, "llc": 1.1}}, "auWBTC": {"auUSDC": {"volume": 11967.243671417236, "llc": 1.1}, "auETH": {"volume": 11967.243671417236, "llc": 1.1}, "auUSDT": {"volume": 11013.570308685303, "llc": 1.1}, "auWNEAR": {"volume": 13874.590396881104, "llc": 1.1}, "auSTNEAR": {"volume": 13874.590396881104, "llc": 1.1}}, "auUSDT": {"auUSDC": {"volume": 2162500.6766319275, "llc": 1.1}, "auETH": {"volume": 25318.670749664307, "llc": 1.1}, "auWBTC": {"volume": 11013.570308685303, "llc": 1.1}, "auWNEAR": {"volume": 81585.39915084839, "llc": 1.1}, "auSTNEAR": {"volume": 61868.65261248, "llc": 1.1}}, "auWNEAR": {"auUSDC": {"volume": 81585.39915084839, "llc": 1.1}, "auETH": {"volume": 37716.42446517944, "llc": 1.1}, "auWBTC": {"volume": 13874.590396881104, "llc": 1.1}, "auUSDT": {"volume": 81585.39915084839, "llc": 1.1}, "auSTNEAR": {"volume": 61868.65261248, "llc": 1.1}}, "auSTNEAR": {"auUSDC": {"volume": 63465.60525894165, "llc": 1.1}, "auETH": {"volume": 48206.83145523071, "llc": 1.1}, "auWBTC": {"volume": 18642.95721054077, "llc": 1.1}, "auUSDT": {"volume": 63465.60525894165, "llc": 1.1}, "auWNEAR": {"volume": 76817.03233718872, "llc": 1.1}}, "json_time": 1672693592}