{"json_time": 1682361415, "USDC": {"oracle": 1.0000448218547284, "cex_price": 1, "dex_price": 1}, "WXDAI": {"oracle": 1.0, "cex_price": 1, "dex_price": 1.0000402666472328}, "LINK": {"oracle": 7.15049783760052, "cex_price": 7.1075, "dex_price": 7.6096956096731825}, "GNO": {"oracle": 105.65237189514902, "cex_price": 105.35, "dex_price": 106.38218235871337}, "WBTC": {"oracle": 27455.296100152624, "cex_price": 27368.785, "dex_price": 27554.76785659176}, "WETH": {"oracle": 1843.2239261460638, "cex_price": 1833.645, "dex_price": 1845.8423440119072}, "FOX": {"oracle": 0.030550274170345167, "cex_price": 0.030699999999999998, "dex_price": 0.0324999009467186}, "USDT": {"oracle": 1.0000613825400095, "cex_price": 1, "dex_price": 1.000410427381527}, "EURe": {"oracle": 1.102459919791481, "cex_price": 1.1010499999999999, "dex_price": 1.101186086237778}}