{"json_time":1673270803,"DAI":{"USDC":{"volume":2652634587.999252,"llc":1.0335179440984756}},"WETH":{"USDC":{"volume":75477023.93559,"llc":1.0397188410683247}},"stETH":{"USDC":{"volume":58507744.804133005,"llc":1.039986494321992}},"WBTC":{"USDC":{"volume":28193876.106822,"llc":1.039482992805729}},"USDT":{"USDC":{"volume":323146325.842655,"llc":1.0398665369945197}},"sUSD":{"USDC":{"volume":28762796.839687,"llc":1.036850753308061}},"FRAX":{"USDC":{"volume":376640847.215952,"llc":1.0396941816461265}},"GUSD":{"USDC":{"volume":27454717.313477,"llc":1.039861276552951}},"LUSD":{"USDC":{"volume":55607388.293288,"llc":1.0397570985726123}},"CVX":{"USDC":{"volume":724913.367975,"llc":1.0399848778254999}},"FXS":{"USDC":{"volume":980899.988606,"llc":1.0399606443969418}},"LQTY":{"USDC":{"volume":23396.554383,"llc":1.0399855236903057}},"CRV":{"USDC":{"volume":1529384.6515169998,"llc":1.0399142277889715}},"LDO":{"USDC":{"volume":952348.965899,"llc":1.0366439384761672}},"SNX":{"USDC":{"volume":172115.496703,"llc":1.0396306463891076}},"wstETH":{"USDC":{"volume":70192743.11918,"llc":1.0399946116134244}},"3Crv":{"USDC":{"volume":206395064.664609,"llc":1.0395998059738247}},"steCRV":{"USDC":{"volume":98721514.76283142,"llc":1.039986494321992}},"FRAX3CRV-f":{"USDC":{"volume":536923984.6469638,"llc":1.0395998059738247}},"LUSD3CRV-f":{"USDC":{"volume":229069613.84293824,"llc":1.0395998059738247}},"crvPlain3andSUSD":{"USDC":{"volume":110925414.15700568,"llc":1.036850753308061}},"gusd3CRV":{"USDC":{"volume":92812701.79369941,"llc":1.039861276552951}},"crvFRAX":{"USDC":{"volume":376640847.215952,"llc":1.0396941816461265}},"cvxsteCRV":{"USDC":{"volume":98721514.76283142,"llc":1.039986494321992}},"stkcvxsteCRV":{"USDC":{"volume":98721514.76283142,"llc":1.039986494321992}},"cvx3Crv":{"USDC":{"volume":206395064.664609,"llc":1.0395998059738247}},"stkcvx3Crv":{"USDC":{"volume":206395064.664609,"llc":1.0395998059738247}},"cvxFRAX3CRV-f":{"USDC":{"volume":536923984.6469638,"llc":1.0395998059738247}},"stkcvxFRAX3CRV-f":{"USDC":{"volume":536923984.6469638,"llc":1.0395998059738247}},"cvxLUSD3CRV-f":{"USDC":{"volume":229069613.84293824,"llc":1.0395998059738247}},"stkcvxLUSD3CRV-f":{"USDC":{"volume":229069613.84293824,"llc":1.0395998059738247}},"cvxcrvPlain3andSUSD":{"USDC":{"volume":110925414.15700568,"llc":1.036850753308061}},"stkcvxcrvPlain3andSUSD":{"USDC":{"volume":110925414.15700568,"llc":1.036850753308061}},"cvxgusd3CRV":{"USDC":{"volume":92812701.79369941,"llc":1.039861276552951}},"stkcvxgusd3CRV":{"USDC":{"volume":92812701.79369941,"llc":1.039861276552951}},"yvDAI":{"USDC":{"volume":2652634587.999252,"llc":1.0335179440984756}},"yvUSDC":{"USDC":{"volume":999999999999,"llc":1}},"yvWETH":{"USDC":{"volume":75477023.93559,"llc":1.0397188410683247}},"yvWBTC":{"USDC":{"volume":28193876.106822,"llc":1.039482992805729}},"yvCurve-stETH":{"USDC":{"volume":98721514.76283142,"llc":1.039986494321992}},"yvCurve-FRAX":{"USDC":{"volume":536923984.6469638,"llc":1.0395998059738247}},"cvxcrvFRAX":{"USDC":{"volume":376640847.215952,"llc":1.0396941816461265}},"stkcvxcrvFRAX":{"USDC":{"volume":376640847.215952,"llc":1.0396941816461265}}}