{"json_time": 1666197766, "data": [{"account": "0xc207A5dC49771a71367bD3a97fe58AAf9c5dfdaE", "user_collateral_wo_looping": 1.7858013502328673, "user_debt_wo_looping": 3.131255}]}