{"json_time": 1692031067, "stabilityPoolVstBalance": {"ETH": 49626.66682061912, "gOHM": 70191.54118047611, "GMX": 99619.39222346678, "DPX": 718.9098732035552, "sGLP": 573.8786230000148}, "stabilityPoolGemBalance": {"ETH": 19354.39116698687, "gOHM": 11219.233155146276, "GMX": 16944.145598004718, "DPX": 8343.078763132942, "sGLP": 0.0}, "bprotocolBalance": {"ETH": 4864.047450803397, "gOHM": 41582.83795057429, "DPX": 6.448780834954999, "GMX": 72639.77167224728, "sGLP": 0.0}, "bprotocolGemBalance": {"ETH": 0.015563441164030752, "gOHM": 0.0, "DPX": 0.02055619184015257, "GMX": 28.74722918077984, "sGLP": 0.0}}