{"json_time": 1675669417.2068644, "EURO": {"GNO": 1.2160511815611608, "WBTC": 0.8830432458118217, "WETH": 1.1352969777237454}}