{"json_time": 1665328103, "auUSDC": {"oracle": 1.00002082, "cex_price": 1, "dex_price": 1}, "auETH": {"oracle": 1325.76, "cex_price": 1324.605, "dex_price": 1336.2451182269322}, "auWBTC": {"oracle": 19519.87367172, "cex_price": 19517.940000000002, "dex_price": 19688.24064700284}, "auUSDT": {"oracle": 1.00012129, "cex_price": 1, "dex_price": 0.9998489108313864}, "auWNEAR": {"oracle": 3.48434126, "cex_price": 3.5255, "dex_price": 3.539638161927612}, "auSTNEAR": {"oracle": 3.92822504, "cex_price": "NaN", "dex_price": 4.008364093209337}}