{"json_time": 1672824031, "ETH-VST": {"series_std_ratio": 1.0, "volume_for_slippage_10_percentss": [21013.923479020596], "trade_every": 1800, "collaterals": [0], "liquidation_incentives": [0.10000000000000009], "stability_pool_initial_balances": [1.9244932462122202], "share_institutionals": [0.17750704657392274], "recovery_halflife_retails": [3.3333333333333335], "price_recovery_times": [0], "l_factors": [0], "json_time": 1672824890.4149654, "current_debt": 245.05376822835885, "collateral_factor": 0.9090909090909091}, "gOHM-VST": {"series_std_ratio": 0.5716868167571741, "volume_for_slippage_10_percentss": [202.98256665468216], "trade_every": 1800, "collaterals": [0], "liquidation_incentives": [0.1499999999999999], "stability_pool_initial_balances": [0.18783572586013444], "share_institutionals": [0.00686423774516622], "recovery_halflife_retails": [3.3333333333333335], "price_recovery_times": [0], "l_factors": [0], "json_time": 1672824890.4149654, "current_debt": 3347.8311974679864, "collateral_factor": 0.6666666666666666}, "DPX-VST": {"series_std_ratio": 2.2750001177686507, "volume_for_slippage_10_percentss": [386.5646889805794], "trade_every": 1800, "collaterals": [0], "liquidation_incentives": [0.1499999999999999], "stability_pool_initial_balances": [0.19135687895075326], "share_institutionals": [0.09010962430655398], "recovery_halflife_retails": [3.3333333333333335], "price_recovery_times": [2], "l_factors": [0], "json_time": 1672824890.4149654, "current_debt": 220.05573095507208, "collateral_factor": 0.6666666666666666}, "GMX-VST": {"series_std_ratio": 2.0303291046355447, "volume_for_slippage_10_percentss": [1678.196049630642], "trade_every": 1800, "collaterals": [0], "liquidation_incentives": [0.1499999999999999], "stability_pool_initial_balances": [0.759663308612008], "share_institutionals": [0.007491057663118554], "recovery_halflife_retails": [3.3333333333333335], "price_recovery_times": [0], "l_factors": [0], "json_time": 1672824890.4149654, "current_debt": 51.769690967368575, "collateral_factor": 0.6666666666666666}, "sGLP-VST": {"series_std_ratio": 0.6130688281835444, "volume_for_slippage_10_percentss": [21013.923479020596], "trade_every": 1800, "collaterals": [0], "liquidation_incentives": [0.10000000000000009], "stability_pool_initial_balances": [0.750163354573136], "share_institutionals": [0.0], "recovery_halflife_retails": [3.3333333333333335], "price_recovery_times": [0], "l_factors": [0], "json_time": 1672824890.4149654, "current_debt": 2040.1446758465277, "collateral_factor": 0.8333333333333334}}