{"json_time": 0, "VST": {"oracle": 0.9931597231855003, "cex_price": 1, "dex_price": 1}, "ETH": {"oracle": 1199.95, "cex_price": 1201.435, "dex_price": 1200.8017391786964}, "gOHM": {"oracle": 2196.8658150451633, "cex_price": "NaN", "dex_price": 2225.0275314916403}, "renBTC": {"oracle": 16591.07, "cex_price": 16608.035, "dex_price": 16605.740205851398}, "GMX": {"oracle": 44.3664317376615, "cex_price": "NaN", "dex_price": 44.506190090686545}, "DPX": {"oracle": 202.65480767, "cex_price": "NaN", "dex_price": 202.74377797782276}, "sGLP": {"oracle": 0.820637464821348, "cex_price": "NaN", "dex_price": "NaN"}}