{"json_time": 1686893242, "ETH": {"VST": {"volume": 35830985.07452011, "llc": 1.1}}, "gOHM": {"VST": {"volume": 353382.30752944946, "llc": 1.15}}, "GMX": {"VST": {"volume": 4540008.369922638, "llc": 1.15}}, "DPX": {"VST": {"volume": 431583.523273468, "llc": 1.15}}, "sGLP": {"VST": {"volume": 45855045.790195465, "llc": 1.1}}}