{"json_time": 1669046090, "stabilityPoolVstBalance": {"ETH": 889575.824029585, "gOHM": 294923.2175430741, "renBTC": 10420.487774788853, "GMX": 37410.73901569422, "DPX": 23721.22784918932, "sGLP": 4506301.429661906}, "stabilityPoolGemBalance": {"ETH": 23962.901648260366, "gOHM": 9130.019355710576, "renBTC": 354.3190679812, "GMX": 1699.336174375856, "DPX": 61.43053079998005, "sGLP": 0.0}, "bprotocolBalance": {"ETH": 137244.17423131128, "gOHM": 180481.1836621556, "DPX": 4.977973181589624, "GMX": 471.0740515493398, "renBTC": 1106.9143035050345, "sGLP": 0.0}, "bprotocolGemBalance": {"ETH": 0.09800178341044442, "gOHM": 0.0, "DPX": 7.5720702787398e-05, "GMX": 2.833783015362389, "renBTC": 0.0, "sGLP": 0.0}}