{"json_time": 1692382347, "ETH": {"VST": 1.0}, "OHM": {"VST": 0.5718399563684763}, "DPX": {"VST": 2.2756095294666916}, "GMX": {"VST": 2.0308729755116706}, "GLP": {"VST": 0.6132330529291525}}