{"json_time": 1684315728, "VST": {"oracle": 1.0804988743361037, "cex_price": 1, "dex_price": 1}, "ETH": {"oracle": 1805.56888693, "cex_price": 1803.995, "dex_price": 1805.793037306299}, "gOHM": {"oracle": 2818.7149844296064, "cex_price": "NaN", "dex_price": 2803.862463987334}, "GMX": {"oracle": 61.904918954587664, "cex_price": "NaN", "dex_price": 61.85074933341524}, "DPX": {"oracle": 140.85498649, "cex_price": "NaN", "dex_price": 141.32647822504012}, "sGLP": {"oracle": 0.9613641910962898, "cex_price": "NaN", "dex_price": "NaN"}}