{"ETH": {"BNB|bsc": {"volume": 17689.283847808838, "llc": 1.1}, "WBTC|eth": {"volume": 9106.223583221436, "llc": 1.1}, "pCKB": {"volume": 26272.34411239624, "llc": 1.1}, "USDC": {"volume": 22457.650661468506, "llc": 1.1}}, "BNB|bsc": {"ETH": {"volume": 17689.283847808838, "llc": 1.1}, "WBTC|eth": {"volume": 10059.89694595337, "llc": 1.1}, "pCKB": {"volume": 48206.83145523071, "llc": 1.1}, "USDC": {"volume": 35809.077739715576, "llc": 1.1}}, "WBTC|eth": {"ETH": {"volume": 9106.223583221436, "llc": 1.1}, "BNB|bsc": {"volume": 10059.89694595337, "llc": 1.1}, "pCKB": {"volume": 11967.243671417236, "llc": 1.1}, "USDC": {"volume": 11013.570308685303, "llc": 1.1}}, "pCKB": {"ETH": {"volume": 26272.34411239624, "llc": 1.1}, "BNB|bsc": {"volume": 48206.83145523071, "llc": 1.1}, "WBTC|eth": {"volume": 11967.243671417236, "llc": 1.1}, "USDC": {"volume": 130222.740650177, "llc": 1.1}}, "USDC": {"ETH": {"volume": 22457.650661468506, "llc": 1.1}, "BNB|bsc": {"volume": 34855.40437698364, "llc": 1.1}, "WBTC|eth": {"volume": 11013.570308685303, "llc": 1.1}, "pCKB": {"volume": 130222.740650177, "llc": 1.1}}, "json_time": 1666959315}