{"json_time": 1696353325, "data": [{"account": "0x5420cFd7449ed4245936a71A761adF77Bd7D0071", "user_collateral_wo_looping": 0.007119790204953277, "user_debt_wo_looping": 0.007128531407182365}]}