{"json_time": 1675012258, "ETH-VST": {"series_std_ratio": 1.0, "volume_for_slippage_10_percentss": [15448.643361628056], "trade_every": 1800, "collaterals": [301, 3416, 6531, 9646, 12761, 15876, 18991, 22106, 25221, 28335, 31450, 34565, 37680, 40795, 43910, 47025, 50140, 53255, 56370, 59485, 62600, 65715, 68830, 71945, 75060, 78175, 81290, 84405, 87520, 90635, 18750.0], "liquidation_incentives": [0.10000000000000009], "stability_pool_initial_balances": [1.56618632941309, 0.783093164706545, 3.13237265882618], "share_institutionals": [0.166330440788578, 0.083165220394289, 0.332660881577156, 1], "recovery_halflife_retails": [3.3333333333333335], "price_recovery_times": [0], "l_factors": [0.25, 0.5, 1, 1.5, 2], "json_time": 1675015566.540373, "current_debt": 301.3855660195352}, "gOHM-VST": {"series_std_ratio": 0.5718399563684763, "volume_for_slippage_10_percentss": [229.20858412981033], "trade_every": 1800, "collaterals": [3349, 3862, 4375, 4889, 5402, 5915, 6429, 6942, 7455, 7969, 8482, 8996, 9509, 10022, 10536, 11049, 11562, 12076, 12589, 13102, 13616, 14129, 14643, 15156, 15669, 16183, 16696, 17209, 17723, 18236, 3750.0], "liquidation_incentives": [0.1499999999999999], "stability_pool_initial_balances": [0.1859610992402128, 0.0929805496201064, 0.3719221984804256], "share_institutionals": [0.0026402334643363516, 0.0013201167321681758, 0.005280466928672703, 1], "recovery_halflife_retails": [3.3333333333333335], "price_recovery_times": [0], "l_factors": [0.25, 0.5, 1, 1.5, 2], "json_time": 1675015566.540373, "current_debt": 3349.02356746622}, "DPX-VST": {"series_std_ratio": 2.2756095294666916, "volume_for_slippage_10_percentss": [475.97156673669815], "trade_every": 1800, "collaterals": [402, 806, 1209, 1612, 2015, 2419, 2822, 3225, 3628, 4032, 4435, 4838, 5241, 5645, 6048, 6451, 6854, 7257, 7661, 8064, 8467, 8870, 9274, 9677, 10080, 10483, 10887, 11290, 11693, 12096, 2500.0], "liquidation_incentives": [0.1499999999999999], "stability_pool_initial_balances": [0.06848384714168201, 0.03424192357084101, 0.13696769428336403], "share_institutionals": [0.04765593251986521, 0.023827966259932606, 0.09531186503973042, 1], "recovery_halflife_retails": [3.3333333333333335], "price_recovery_times": [2], "l_factors": [0.25, 0.5, 1, 1.5, 2], "json_time": 1675015566.540373, "current_debt": 402.9858348799025}, "GMX-VST": {"series_std_ratio": 2.0308729755116706, "volume_for_slippage_10_percentss": [2073.374449312687], "trade_every": 1800, "collaterals": [106, 519, 932, 1346, 1759, 2172, 2585, 2998, 3411, 3824, 4237, 4650, 5064, 5477, 5890, 6303, 6716, 7129, 7542, 7955, 8368, 8782, 9195, 9608, 10021, 10434, 10847, 11260, 11673, 12086, 2500.0], "liquidation_incentives": [0.1499999999999999], "stability_pool_initial_balances": [0.21260105379580263, 0.10630052689790132, 0.42520210759160526], "share_institutionals": [0.025402613607737143, 0.012701306803868571, 0.050805227215474286, 1], "recovery_halflife_retails": [3.3333333333333335], "price_recovery_times": [0], "l_factors": [0.25, 0.5, 1, 1.5, 2], "json_time": 1675015566.540373, "current_debt": 106.70619954721741}, "sGLP-VST": {"series_std_ratio": 0.6132330529291525, "volume_for_slippage_10_percentss": [15448.643361628056], "trade_every": 1800, "collaterals": [1584, 2261, 2937, 3613, 4290, 4966, 5642, 6319, 6995, 7671, 8348, 9024, 9700, 10377, 11053, 11729, 12406, 13082, 13758, 14435, 15111, 15787, 16464, 17140, 17816, 18493, 19169, 19845, 20522, 21198, 4375.0], "liquidation_incentives": [0.10000000000000009], "stability_pool_initial_balances": [0.9630181202678845, 0.48150906013394223, 1.926036240535769], "share_institutionals": [0.0, 0.0, 0.0, 1], "recovery_halflife_retails": [3.3333333333333335], "price_recovery_times": [0], "l_factors": [0.25, 0.5, 1, 1.5, 2], "json_time": 1675015566.540373, "current_debt": 1584.8322129046574}}