{"json_time": 1675012258, "ETH": {"VST": {"volume": 24717829.37860489, "llc": 1.1}}, "gOHM": {"VST": {"volume": 366733.73460769653, "llc": 1.15}}, "GMX": {"VST": {"volume": 3317399.118900299, "llc": 1.15}}, "DPX": {"VST": {"volume": 761554.506778717, "llc": 1.15}}, "sGLP": {"VST": {"volume": 24717829.37860489, "llc": 1.1}}}