{"json_time": 1668193355, "VST": {"total_collateral": "0.0", "median_collateral": "nan", "top_1_collateral": "0.0", "top_10_collateral": "0.0", "total_debt": "0.0", "median_debt": "nan", "top_1_debt": "nan", "top_10_debt": "0.0", "graph_data": {"ETH": {"4.9": 0, "4.800000000000001": 0, "4.7": 0, "4.6000000000000005": 0, "4.5": 0, "4.4": 0, "4.3": 0, "4.2": 0, "4.1000000000000005": 0, "4.0": 0, "3.9000000000000004": 0, "3.8000000000000003": 0, "3.7": 0, "3.6": 0, "3.5": 0, "3.4000000000000004": 0, "3.3000000000000003": 0, "3.2": 0, "3.1": 0, "3.0": 0, "2.9000000000000004": 0, "2.8000000000000003": 0, "2.7": 0, "2.6": 0, "2.5": 0, "2.4000000000000004": 0, "2.3000000000000003": 0, "2.2": 0, "2.1": 0, "2.0": 0, "1.9000000000000001": 0, "1.8": 0, "1.7000000000000002": 0, "1.6": 0, "1.5": 0, "1.4000000000000001": 0, "1.3": 0, "1.2000000000000002": 0}, "gOHM": {"4.9": 0, "4.800000000000001": 0, "4.7": 0, "4.6000000000000005": 0, "4.5": 0, "4.4": 0, "4.3": 0, "4.2": 0, "4.1000000000000005": 0, "4.0": 0, "3.9000000000000004": 0, "3.8000000000000003": 0, "3.7": 0, "3.6": 0, "3.5": 0, "3.4000000000000004": 0, "3.3000000000000003": 0, "3.2": 0, "3.1": 0, "3.0": 0, "2.9000000000000004": 0, "2.8000000000000003": 0, "2.7": 0, "2.6": 0, "2.5": 0, "2.4000000000000004": 0, "2.3000000000000003": 0, "2.2": 0, "2.1": 0, "2.0": 0, "1.9000000000000001": 0, "1.8": 0, "1.7000000000000002": 0, "1.6": 0, "1.5": 0, "1.4000000000000001": 0}, "renBTC": {"4.9": 0, "4.800000000000001": 0, "4.7": 0, "4.6000000000000005": 0, "4.5": 0, "4.4": 0, "4.3": 0, "4.2": 0, "4.1000000000000005": 0, "4.0": 0, "3.9000000000000004": 0, "3.8000000000000003": 0, "3.7": 0, "3.6": 0, "3.5": 0, "3.4000000000000004": 0, "3.3000000000000003": 0, "3.2": 0, "3.1": 0, "3.0": 0, "2.9000000000000004": 0}, "GMX": {"4.9": 0, "4.800000000000001": 0, "4.7": 0, "4.6000000000000005": 0, "4.5": 0, "4.4": 0, "4.3": 0, "4.2": 0, "4.1000000000000005": 0, "4.0": 0, "3.9000000000000004": 0, "3.8000000000000003": 0, "3.7": 0, "3.6": 0, "3.5": 0, "3.4000000000000004": 0, "3.3000000000000003": 0, "3.2": 0, "3.1": 0, "3.0": 0, "2.9000000000000004": 0, "2.8000000000000003": 0, "2.7": 0, "2.6": 0, "2.5": 0, "2.4000000000000004": 0, "2.3000000000000003": 0, "2.2": 0, "2.1": 0, "2.0": 0, "1.9000000000000001": 0, "1.8": 0, "1.7000000000000002": 0, "1.6": 0, "1.5": 0, "1.4000000000000001": 0, "1.3": 0}, "DPX": {"4.9": 0, "4.800000000000001": 0, "4.7": 0, "4.6000000000000005": 0, "4.5": 0, "4.4": 0, "4.3": 0, "4.2": 0, "4.1000000000000005": 0, "4.0": 0, "3.9000000000000004": 0, "3.8000000000000003": 0, "3.7": 0, "3.6": 0, "3.5": 0, "3.4000000000000004": 0, "3.3000000000000003": 0, "3.2": 0, "3.1": 0, "3.0": 0, "2.9000000000000004": 0, "2.8000000000000003": 0, "2.7": 0, "2.6": 0}, "sGLP": {"4.9": 0, "4.800000000000001": 0, "4.7": 0, "4.6000000000000005": 0, "4.5": 0, "4.4": 0, "4.3": 0, "4.2": 0, "4.1000000000000005": 0, "4.0": 0, "3.9000000000000004": 0, "3.8000000000000003": 0, "3.7": 0, "3.6": 0, "3.5": 0, "3.4000000000000004": 0, "3.3000000000000003": 0, "3.2": 0, "3.1": 0, "3.0": 0, "2.9000000000000004": 0, "2.8000000000000003": 0, "2.7": 0, "2.6": 0, "2.5": 0, "2.4000000000000004": 0, "2.3000000000000003": 0, "2.2": 0, "2.1": 0, "2.0": 0, "1.9000000000000001": 0, "1.8": 0, "1.7000000000000002": 0, "1.6": 0, "1.5": 0, "1.4000000000000001": 0, "1.3": 0, "1.2000000000000002": 0, "1.1": 0}}}, "ETH": {"total_collateral": "905839.3215528686", "median_collateral": "3517.027964656643", "top_1_collateral": "75313.7791782", "top_10_collateral": "455271.7951322191", "total_debt": "415957.86795115477", "median_debt": "1300.8744082499995", "top_1_debt": "37200.0", "top_10_debt": "211966.32389530205", "graph_data": {"VST": {"1004.183722376": 7060, "878.6607570790001": 72407, "753.1377917820001": 160579, "627.614826485": 316499, "502.091861188": 341514, "376.56889589100007": 389347, "251.045930594": 415044, "125.522965297": 415384, "0.0": 415934}}}, "gOHM": {"total_collateral": "14888844.086725745", "median_collateral": "23589.84608656816", "top_1_collateral": "2049554.4463953872", "top_10_collateral": "9891557.942897215", "total_debt": "5539962.030131405", "median_debt": "9003.073312506236", "top_1_debt": "870626.3382400485", "top_10_debt": "3776539.5556338793", "graph_data": {"VST": {"1713.5985714930603": 1074182, "1468.7987755654801": 3483036, "1223.9989796379": 4182512, "979.1991837103201": 5091705, "734.3993877827401": 5500560, "489.59959185516004": 5528138, "244.79979592758002": 5538917, "0.0": 5539917}}}, "renBTC": {"total_collateral": "79394.8817290392", "median_collateral": "6061.8558917886", "top_1_collateral": "32659.3214505396", "top_10_collateral": "79394.8817290392", "total_debt": "22071.9161386702", "median_debt": "1957.6723769019134", "top_1_debt": "9057.597790678888", "top_10_debt": "22071.9161386702", "graph_data": {"VST": {"5017.158000000001": 12290, "3344.7720000000004": 22070, "1672.3860000000002": 22070, "0.0": 22070}}}, "GMX": {"total_collateral": "245743.5771987932", "median_collateral": "5476.653805142143", "top_1_collateral": "80737.70599512906", "top_10_collateral": "238678.39581687088", "total_debt": "86826.27293061644", "median_debt": "2100.0", "top_1_debt": "25030.019575899154", "top_10_debt": "84153.5509427497", "graph_data": {"VST": {"22.99049901213886": 23100, "19.706142010404736": 40408, "16.42178500867061": 42343, "13.137428006936489": 79354, "9.853071005202368": 81454, "6.568714003468244": 86824, "3.284357001734122": 86824, "0.0": 86824}}}, "DPX": {"total_collateral": "1425987.8082673876", "median_collateral": "265289.3467365514", "top_1_collateral": "888998.724888045", "top_10_collateral": "1425987.8082673876", "total_debt": "326634.2868976195", "median_debt": "48275.24218681606", "top_1_debt": "228876.4523339485", "top_10_debt": "326634.28689761943", "graph_data": {"VST": {"56.002667184": 297749, "37.335111456": 298956, "18.667555728": 326632, "0.0": 326632}}}, "sGLP": {"total_collateral": "6948558.948059286", "median_collateral": "5210.742602818631", "top_1_collateral": "1306033.6398670587", "top_10_collateral": "5539717.432673927", "total_debt": "4999999.990305809", "median_debt": "3595.0000137782235", "top_1_debt": "1000000.0003820462", "top_10_debt": "4102511.880701786", "graph_data": {"VST": {"0.7578430145158295": 2997675, "0.6736382351251818": 4522617, "0.5894334557345341": 4795663, "0.5052286763438864": 4874380, "0.4210238969532386": 4987528, "0.3368191175625909": 4995154, "0.2526143381719432": 4999990, "0.16840955878129546": 4999990, "0.08420477939064773": 4999990, "0.0": 4999990}}}}