{"json_time": 1668193355, "ETH": {"VST": {"volume": 42175773.956775665, "llc": 1.1}}, "gOHM": {"VST": {"volume": 456379.0307044983, "llc": 1.15}}, "renBTC": {"VST": {"volume": 3027482.4166297913, "llc": 1.1}}, "GMX": {"VST": {"volume": 2141519.862651825, "llc": 1.15}}, "DPX": {"VST": {"volume": 539348.6132621765, "llc": 1.15}}, "sGLP": {"VST": {"volume": 3027482.4166297913, "llc": 1.1}}}