{"json_time": 1674140678, "ETH-VST": {"series_std_ratio": 1.0, "volume_for_slippage_10_percentss": [24314.8254057765], "trade_every": 1800, "collaterals": [246, 3363, 6480, 9597, 12713, 15830, 18947, 22064, 25181, 28297, 31414, 34531, 37648, 40764, 43881, 46998, 50115, 53231, 56348, 59465, 62582, 65699, 68815, 71932, 75049, 78166, 81282, 84399, 87516, 90633, 18750.0], "liquidation_incentives": [0.10000000000000009], "stability_pool_initial_balances": [1.9151011706339258, 0.9575505853169629, 3.8302023412678516], "share_institutionals": [0.16650933482076846, 0.08325466741038423, 0.3330186696415369, 1], "recovery_halflife_retails": [3.3333333333333335], "price_recovery_times": [0], "l_factors": [0.25, 0.5, 1, 1.5, 2], "json_time": 1674143049.797833, "current_debt": 246.8309757773806}, "gOHM-VST": {"series_std_ratio": 0.5718399563684763, "volume_for_slippage_10_percentss": [222.05603390932083], "trade_every": 1800, "collaterals": [3223, 3740, 4258, 4775, 5293, 5811, 6328, 6846, 7363, 7881, 8398, 8916, 9433, 9951, 10469, 10986, 11504, 12021, 12539, 13056, 13574, 14091, 14609, 15127, 15644, 16162, 16679, 17197, 17714, 18232, 3750.0], "liquidation_incentives": [0.1499999999999999], "stability_pool_initial_balances": [0.19333353409889617, 0.09666676704944809, 0.38666706819779234], "share_institutionals": [0.002644882555617962, 0.001322441277808981, 0.005289765111235924, 1], "recovery_halflife_retails": [3.3333333333333335], "price_recovery_times": [0], "l_factors": [0.25, 0.5, 1, 1.5, 2], "json_time": 1674143049.797833, "current_debt": 3223.2461772556376}, "DPX-VST": {"series_std_ratio": 2.2756095294666916, "volume_for_slippage_10_percentss": [468.81901651620865], "trade_every": 1800, "collaterals": [394, 798, 1201, 1605, 2008, 2412, 2815, 3219, 3622, 4026, 4429, 4833, 5236, 5640, 6043, 6447, 6850, 7254, 7657, 8061, 8464, 8868, 9271, 9675, 10078, 10482, 10885, 11289, 11692, 12096, 2500.0], "liquidation_incentives": [0.1499999999999999], "stability_pool_initial_balances": [0.09805952559373222, 0.04902976279686611, 0.19611905118746445], "share_institutionals": [0.03407115586306212, 0.01703557793153106, 0.06814231172612424, 1], "recovery_halflife_retails": [3.3333333333333335], "price_recovery_times": [2], "l_factors": [0.25, 0.5, 1, 1.5, 2], "json_time": 1674143049.797833, "current_debt": 394.5868939775904}, "GMX-VST": {"series_std_ratio": 2.0308729755116706, "volume_for_slippage_10_percentss": [1504.7467067837715], "trade_every": 1800, "collaterals": [77, 491, 905, 1319, 1733, 2147, 2561, 2976, 3390, 3804, 4218, 4632, 5046, 5460, 5874, 6288, 6702, 7116, 7530, 7945, 8359, 8773, 9187, 9601, 10015, 10429, 10843, 11257, 11671, 12085, 2500.0], "liquidation_incentives": [0.1499999999999999], "stability_pool_initial_balances": [0.28988011016061543, 0.14494005508030772, 0.5797602203212309], "share_institutionals": [0.01325891369142874, 0.00662945684571437, 0.02651782738285748, 1], "recovery_halflife_retails": [3.3333333333333335], "price_recovery_times": [0], "l_factors": [0.25, 0.5, 1, 1.5, 2], "json_time": 1674143049.797833, "current_debt": 77.40252909704517}, "sGLP-VST": {"series_std_ratio": 0.6132330529291525, "volume_for_slippage_10_percentss": [25049.749940931797], "trade_every": 1800, "collaterals": [1825, 2493, 3161, 3830, 4498, 5166, 5835, 6503, 7171, 7840, 8508, 9176, 9845, 10513, 11181, 11850, 12518, 13186, 13855, 14523, 15191, 15860, 16528, 17196, 17865, 18533, 19201, 19870, 20538, 21206, 4375.0], "liquidation_incentives": [0.10000000000000009], "stability_pool_initial_balances": [0.8344080455978379, 0.41720402279891894, 1.6688160911956758], "share_institutionals": [0.0, 0.0, 0.0, 1], "recovery_halflife_retails": [3.3333333333333335], "price_recovery_times": [0], "l_factors": [0.25, 0.5, 1, 1.5, 2], "json_time": 1674143049.797833, "current_debt": 1825.0701929236343}}