{"json_time":1676036061,"DAI":{"USDC":{"volume":2563950345.370161,"llc":1.0349255086715512}},"WETH":{"USDC":{"volume":64432886.685417004,"llc":1.039971719132987}},"stETH":{"USDC":{"volume":51898154.246427,"llc":1.0399684065996802}},"WBTC":{"USDC":{"volume":29356020.622932,"llc":1.0399830932050385}},"USDT":{"USDC":{"volume":400351574.991932,"llc":1.0397787265781058}},"sUSD":{"USDC":{"volume":23074876.003967,"llc":1.0399089834467894}},"FRAX":{"USDC":{"volume":380547545.445661,"llc":1.0399352674153945}},"GUSD":{"USDC":{"volume":29172739.935358,"llc":1.031673072918165}},"LUSD":{"USDC":{"volume":33884729.93952,"llc":1.0396120170352108}},"CVX":{"USDC":{"volume":1533482.97897,"llc":1.0399155776940723}},"FXS":{"USDC":{"volume":1748477.052535,"llc":1.0388261822035032}},"LQTY":{"USDC":{"volume":2018668.0839670002,"llc":1.0325320924438268}},"CRV":{"USDC":{"volume":1833644.753904,"llc":1.0392569348268905}},"LDO":{"USDC":{"volume":1831462.4750719997,"llc":1.039718567427417}},"SNX":{"USDC":{"volume":173392.93695900004,"llc":1.039877314536111}},"wstETH":{"USDC":{"volume":63879144.004457,"llc":1.0399859651095529}},"3Crv":{"USDC":{"volume":212104332.991337,"llc":1.0399575910868417}},"steCRV":{"USDC":{"volume":99572961.43766856,"llc":1.0399684065996802}},"FRAX3CRV-f":{"USDC":{"volume":584796736.1919854,"llc":1.0399575910868417}},"LUSD3CRV-f":{"USDC":{"volume":89718012.42649168,"llc":1.0396120170352108}},"crvPlain3andSUSD":{"USDC":{"volume":71538695.00170323,"llc":1.0399089834467894}},"gusd3CRV":{"USDC":{"volume":66259014.143792726,"llc":1.031673072918165}},"crvFRAX":{"USDC":{"volume":380547545.445661,"llc":1.0399352674153945}},"cvxsteCRV":{"USDC":{"volume":99572961.43766856,"llc":1.0399684065996802}},"stkcvxsteCRV":{"USDC":{"volume":99572961.43766856,"llc":1.0399684065996802}},"cvx3Crv":{"USDC":{"volume":212104332.991337,"llc":1.0399575910868417}},"stkcvx3Crv":{"USDC":{"volume":212104332.991337,"llc":1.0399575910868417}},"cvxFRAX3CRV-f":{"USDC":{"volume":584796736.1919854,"llc":1.0399575910868417}},"stkcvxFRAX3CRV-f":{"USDC":{"volume":584796736.1919854,"llc":1.0399575910868417}},"cvxLUSD3CRV-f":{"USDC":{"volume":89718012.42649168,"llc":1.0396120170352108}},"stkcvxLUSD3CRV-f":{"USDC":{"volume":89718012.42649168,"llc":1.0396120170352108}},"cvxcrvPlain3andSUSD":{"USDC":{"volume":71538695.00170323,"llc":1.0399089834467894}},"stkcvxcrvPlain3andSUSD":{"USDC":{"volume":71538695.00170323,"llc":1.0399089834467894}},"cvxgusd3CRV":{"USDC":{"volume":66259014.143792726,"llc":1.031673072918165}},"stkcvxgusd3CRV":{"USDC":{"volume":66259014.143792726,"llc":1.031673072918165}},"yvDAI":{"USDC":{"volume":2563950345.370161,"llc":1.0349255086715512}},"yvUSDC":{"USDC":{"volume":999999999999,"llc":1}},"yvWETH":{"USDC":{"volume":64432886.685417004,"llc":1.039971719132987}},"yvWBTC":{"USDC":{"volume":29356020.622932,"llc":1.0399830932050385}},"yvCurve-stETH":{"USDC":{"volume":99572961.43766856,"llc":1.0399684065996802}},"yvCurve-FRAX":{"USDC":{"volume":584796736.1919854,"llc":1.0399575910868417}},"cvxcrvFRAX":{"USDC":{"volume":380547545.445661,"llc":1.0399352674153945}},"stkcvxcrvFRAX":{"USDC":{"volume":380547545.445661,"llc":1.0399352674153945}}}