{"json_time": 1681756345, "USDC": {"oracle": 1.0, "cex_price": 1, "dex_price": 1}, "WXDAI": {"oracle": 1.0, "cex_price": 1, "dex_price": 1.0000230725899586}, "LINK": {"oracle": 8.138193558711743, "cex_price": 8.1385, "dex_price": 8.64467492095893}, "GNO": {"oracle": 120.86717343468693, "cex_price": 121.15, "dex_price": 121.16771701603943}, "WBTC": {"oracle": 29452.967193438686, "cex_price": 29543.895, "dex_price": 29563.15414021627}, "WETH": {"oracle": 2081.6101240148028, "cex_price": 2083.375, "dex_price": 2095.27654447868}, "FOX": {"oracle": 0.03466715343068614, "cex_price": 0.03455, "dex_price": 0.034760986168396436}, "USDT": {"oracle": 1.0009401880376074, "cex_price": 1, "dex_price": 1.0007149237508217}, "EURe": {"oracle": 1.0926685337067414, "cex_price": 1.08825, "dex_price": 1.0971628451525712}}