{"json_time": 1675616532, "ETH": {"oracle": 1638.52764, "cex_price": 1630.7350000000001, "dex_price": 1645.7488155795004}, "BNB|bsc": {"oracle": 326.34, "cex_price": 325.35, "dex_price": 325.656397121081}, "WBTC|eth": {"oracle": 23066.072292, "cex_price": 22961.864999999998, "dex_price": 22950.45524228173}, "pCKB": {"oracle": 0.00366285, "cex_price": 0.003645, "dex_price": 0.0036664192782950274}, "USDC": {"oracle": 0.99999998, "cex_price": 1, "dex_price": 1}, "USDT": {"oracle": 1.00023, "cex_price": 1, "dex_price": 1.0004992129295935}}