{"json_time": 1667152537, "ETH-VST": {"series_std_ratio": 1.0, "volume_for_slippage_10_percentss": [18310.259495675564], "trade_every": 1800, "collaterals": [309, 3424, 6539, 9653, 12768, 15883, 18997, 22112, 25227, 28341, 31456, 34571, 37685, 40800, 43915, 47029, 50144, 53259, 56373, 59488, 62603, 65717, 68832, 71947, 75061, 78176, 81291, 84405, 87520, 90635, 18750.0], "liquidation_incentives": [0.10000000000000009], "stability_pool_initial_balances": [1.0431176281526757, 0.5215588140763379, 2.0862352563053514], "share_institutionals": [0.47712371668579007, 0.23856185834289503, 0.9542474333715801, 1], "recovery_halflife_retails": [3.3333333333333335], "price_recovery_times": [0], "l_factors": [0.25, 0.5, 1, 1.5, 2], "json_time": 1667154844.8496594, "current_debt": 309.9015191089988}, "renBTC-VST": {"series_std_ratio": 0.760706293780634, "volume_for_slippage_10_percentss": [3612.3648384213448], "trade_every": 1800, "collaterals": [18, 226, 434, 641, 849, 1057, 1265, 1472, 1680, 1888, 2095, 2303, 2511, 2719, 2926, 3134, 3342, 3549, 3757, 3965, 4172, 4380, 4588, 4796, 5003, 5211, 5419, 5626, 5834, 6042, 1250.0], "liquidation_incentives": [0.10000000000000009], "stability_pool_initial_balances": [1.3620890614055596, 0.6810445307027798, 2.7241781228111193], "share_institutionals": [0.8349647319409178, 0.4174823659704589, 1, 1], "recovery_halflife_retails": [3.3333333333333335], "price_recovery_times": [0], "l_factors": [0.25, 0.5, 1, 1.5, 2], "json_time": 1667154844.8496594, "current_debt": 18.83205467142762}, "gOHM-VST": {"series_std_ratio": 1.416911372280521, "volume_for_slippage_10_percentss": [351.3979837298393], "trade_every": 1800, "collaterals": [3172, 3691, 4210, 4730, 5249, 5768, 6287, 6807, 7326, 7845, 8364, 8884, 9403, 9922, 10441, 10961, 11480, 11999, 12518, 13038, 13557, 14076, 14595, 15115, 15634, 16153, 16672, 17192, 17711, 18230, 3750.0], "liquidation_incentives": [0.1499999999999999], "stability_pool_initial_balances": [0.05275458497649898, 0.02637729248824949, 0.10550916995299796], "share_institutionals": [0.5678881542743325, 0.28394407713716624, 1, 1], "recovery_halflife_retails": [3.3333333333333335], "price_recovery_times": [0], "l_factors": [0.25, 0.5, 1, 1.5, 2], "json_time": 1667154844.8496594, "current_debt": 3172.3693035772903}, "DPX-VST": {"series_std_ratio": 1.974078240475897, "volume_for_slippage_10_percentss": [542.7287021279335], "trade_every": 1800, "collaterals": [144, 556, 968, 1379, 1791, 2203, 2615, 3027, 3439, 3851, 4262, 4674, 5086, 5498, 5910, 6322, 6734, 7145, 7557, 7969, 8381, 8793, 9205, 9617, 10028, 10440, 10852, 11264, 11676, 12088, 2500.0], "liquidation_incentives": [0.1499999999999999], "stability_pool_initial_balances": [0.27231551877453214, 0.13615775938726607, 0.5446310375490643], "share_institutionals": [5.958192297147837e-05, 2.9790961485739185e-05, 0.00011916384594295674, 1], "recovery_halflife_retails": [3.3333333333333335], "price_recovery_times": [2], "l_factors": [0.25, 0.5, 1, 1.5, 2], "json_time": 1667154844.8496594, "current_debt": 144.3771147585193}, "GMX-VST": {"series_std_ratio": 2.081064798518858, "volume_for_slippage_10_percentss": [1647.7977111935616], "trade_every": 1800, "collaterals": [45, 461, 876, 1291, 1706, 2121, 2536, 2951, 3367, 3782, 4197, 4612, 5027, 5442, 5857, 6272, 6688, 7103, 7518, 7933, 8348, 8763, 9178, 9594, 10009, 10424, 10839, 11254, 11669, 12084, 2500.0], "liquidation_incentives": [0.1499999999999999], "stability_pool_initial_balances": [0.5028044805856041, 0.25140224029280206, 1.0056089611712082], "share_institutionals": [0.014572702948883444, 0.007286351474441722, 0.029145405897766888, 1], "recovery_halflife_retails": [3.3333333333333335], "price_recovery_times": [0], "l_factors": [0.25, 0.5, 1, 1.5, 2], "json_time": 1667154844.8496594, "current_debt": 45.92813464165919}, "sGLP-VST": {"series_std_ratio": 0.4707294016934606, "volume_for_slippage_10_percentss": [3612.3648384213448], "trade_every": 1800, "collaterals": [3124, 3541, 3958, 4374, 4791, 5208, 5624, 6041, 6458, 6874, 7291, 7708, 8124, 8541, 8958, 9374, 9791, 10208, 10624, 11041, 11458, 11874, 12291, 12708, 13124, 13541, 13958, 14374, 14791, 15208, 3125.0], "liquidation_incentives": [0.10000000000000009], "stability_pool_initial_balances": [0.2072681959732254, 0.1036340979866127, 0.4145363919464508], "share_institutionals": [0.0, 0.0, 0.0, 1], "recovery_halflife_retails": [3.3333333333333335], "price_recovery_times": [0], "l_factors": [0.25, 0.5, 1, 1.5, 2], "json_time": 1667154844.8496594, "current_debt": 3124.9999189874293}}