{"json_time": 1684406181, "glp_data": {"liquidTreasury": 424242360.203902, "treasuryUtilization": 0.2741604239608316, "liquidStableTreasury": 261052359.634121, "stableTreasuryUtilization": 0.1265548735046325, "liquidSolidAssetTreasury": 154246387.17400172, "solidTreasuryUtilization": 0.4366854184993783}}