{"json_time": 1684406181, "VST": {"oracle": 1.0803305301564508, "cex_price": 1, "dex_price": 1}, "ETH": {"oracle": 1826.33, "cex_price": 1826.5149999999999, "dex_price": 1827.3487239947237}, "gOHM": {"oracle": 2833.2717783595945, "cex_price": "NaN", "dex_price": 2789.841405777567}, "GMX": {"oracle": 64.00308731850954, "cex_price": "NaN", "dex_price": 64.3650191543845}, "DPX": {"oracle": 151.36050847, "cex_price": "NaN", "dex_price": 152.90661304492872}, "sGLP": {"oracle": 0.9662425752192875, "cex_price": "NaN", "dex_price": "NaN"}}